call_id,paper_id,condition,repeat,factor,context,score
EP-01,Garret2020,Condition A (Full),1,LO-F01,LO,
EP-01,Garret2020,Condition A (Full),1,GO-F01,GO,
EP-01,Garret2020,Condition A (Full),1,LO-F02,LO,
EP-01,Garret2020,Condition A (Full),1,GO-F02,GO,
EP-01,Garret2020,Condition A (Full),1,LO-F03,LO,
EP-01,Garret2020,Condition A (Full),1,GO-F03,GO,
EP-01,Garret2020,Condition A (Full),1,LO-F04,LO,
EP-01,Garret2020,Condition A (Full),1,GO-F04,GO,
EP-01,Garret2020,Condition A (Full),1,LO-F05,LO,
EP-01,Garret2020,Condition A (Full),1,GO-F05,GO,
EP-01,Garret2020,Condition A (Full),1,LO-F06,LO,1.0
EP-01,Garret2020,Condition A (Full),1,GO-F06,GO,1.0
EP-01,Garret2020,Condition A (Full),1,LO-F07,LO,
EP-01,Garret2020,Condition A (Full),1,GO-F07,GO,
EP-01,Garret2020,Condition A (Full),1,LO-F08,LO,
EP-01,Garret2020,Condition A (Full),1,GO-F08,GO,
EP-01,Garret2020,Condition A (Full),1,LO-F09,LO,1.0
EP-01,Garret2020,Condition A (Full),1,GO-F09,GO,1.0
EP-01,Garret2020,Condition A (Full),1,LO-F10,LO,
EP-01,Garret2020,Condition A (Full),1,GO-F10,GO,
EP-01,Garret2020,Condition A (Full),1,LO-F11,LO,
EP-01,Garret2020,Condition A (Full),1,GO-F11,GO,
EP-01,Garret2020,Condition A (Full),1,LO-F12,LO,1.0
EP-01,Garret2020,Condition A (Full),1,GO-F12,GO,1.0
EP-01,Garret2020,Condition A (Full),1,LO-F13,LO,
EP-01,Garret2020,Condition A (Full),1,GO-F13,GO,
EP-01,Garret2020,Condition A (Full),1,LO-F14,LO,
EP-01,Garret2020,Condition A (Full),1,GO-F14,GO,
EP-01,Garret2020,Condition A (Full),1,LO-F15,LO,
EP-01,Garret2020,Condition A (Full),1,GO-F15,GO,
EP-01,Garret2020,Condition A (Full),1,LO-F16,LO,
EP-01,Garret2020,Condition A (Full),1,GO-F16,GO,
EP-01,Garret2020,Condition A (Full),1,LO-F17,LO,
EP-01,Garret2020,Condition A (Full),1,GO-F17,GO,
EP-01,Garret2020,Condition A (Full),1,LO-F18,LO,
EP-01,Garret2020,Condition A (Full),1,GO-F18,GO,
EP-01,Garret2020,Condition A (Full),1,LO-F19,LO,
EP-01,Garret2020,Condition A (Full),1,GO-F19,GO,
EP-01,Garret2020,Condition A (Full),1,LO-F20,LO,
EP-01,Garret2020,Condition A (Full),1,GO-F20,GO,
EP-01,Garret2020,Condition A (Full),1,LO-F21,LO,
EP-01,Garret2020,Condition A (Full),1,GO-F21,GO,
EP-01,Garret2020,Condition A (Full),1,LO-F22,LO,
EP-01,Garret2020,Condition A (Full),1,GO-F22,GO,
EP-01,Garret2020,Condition A (Full),1,LO-F23,LO,
EP-01,Garret2020,Condition A (Full),1,GO-F23,GO,
EP-01,Garret2020,Condition A (Full),1,LO-F24,LO,
EP-01,Garret2020,Condition A (Full),1,GO-F24,GO,
EP-01,Garret2020,Condition A (Full),1,LO-F25,LO,
EP-01,Garret2020,Condition A (Full),1,GO-F25,GO,
EP-01,Garret2020,Condition A (Full),1,LO-F26,LO,
EP-01,Garret2020,Condition A (Full),1,GO-F26,GO,
EP-01,Garret2020,Condition A (Full),1,LO-F27,LO,
EP-01,Garret2020,Condition A (Full),1,GO-F27,GO,
EP-01,Garret2020,Condition A (Full),1,LO-F28,LO,
EP-01,Garret2020,Condition A (Full),1,GO-F28,GO,
EP-01,Garret2020,Condition A (Full),1,LO-F29,LO,
EP-01,Garret2020,Condition A (Full),1,GO-F29,GO,
EP-01,Garret2020,Condition A (Full),1,LO-F30,LO,
EP-01,Garret2020,Condition A (Full),1,GO-F30,GO,
EP-01,Garret2020,Condition A (Full),1,LO-F31,LO,
EP-01,Garret2020,Condition A (Full),1,GO-F31,GO,
EP-01,Garret2020,Condition A (Full),1,LO-F32,LO,
EP-01,Garret2020,Condition A (Full),1,GO-F32,GO,
EP-01,Garret2020,Condition A (Full),1,LO-F33,LO,
EP-01,Garret2020,Condition A (Full),1,GO-F33,GO,
EP-01,Garret2020,Condition A (Full),1,LO-F34,LO,
EP-01,Garret2020,Condition A (Full),1,GO-F34,GO,
EP-01,Garret2020,Condition A (Full),1,LO-F35,LO,
EP-01,Garret2020,Condition A (Full),1,GO-F35,GO,
EP-01,Garret2020,Condition A (Full),1,LO-F36,LO,
EP-01,Garret2020,Condition A (Full),1,GO-F36,GO,
EP-02,Garret2020,Condition A (Full),2,LO-F01,LO,
EP-02,Garret2020,Condition A (Full),2,GO-F01,GO,
EP-02,Garret2020,Condition A (Full),2,LO-F02,LO,
EP-02,Garret2020,Condition A (Full),2,GO-F02,GO,
EP-02,Garret2020,Condition A (Full),2,LO-F03,LO,
EP-02,Garret2020,Condition A (Full),2,GO-F03,GO,
EP-02,Garret2020,Condition A (Full),2,LO-F04,LO,
EP-02,Garret2020,Condition A (Full),2,GO-F04,GO,
EP-02,Garret2020,Condition A (Full),2,LO-F05,LO,
EP-02,Garret2020,Condition A (Full),2,GO-F05,GO,
EP-02,Garret2020,Condition A (Full),2,LO-F06,LO,1.0
EP-02,Garret2020,Condition A (Full),2,GO-F06,GO,1.0
EP-02,Garret2020,Condition A (Full),2,LO-F07,LO,
EP-02,Garret2020,Condition A (Full),2,GO-F07,GO,
EP-02,Garret2020,Condition A (Full),2,LO-F08,LO,
EP-02,Garret2020,Condition A (Full),2,GO-F08,GO,
EP-02,Garret2020,Condition A (Full),2,LO-F09,LO,0.5
EP-02,Garret2020,Condition A (Full),2,GO-F09,GO,0.5
EP-02,Garret2020,Condition A (Full),2,LO-F10,LO,
EP-02,Garret2020,Condition A (Full),2,GO-F10,GO,
EP-02,Garret2020,Condition A (Full),2,LO-F11,LO,
EP-02,Garret2020,Condition A (Full),2,GO-F11,GO,
EP-02,Garret2020,Condition A (Full),2,LO-F12,LO,1.0
EP-02,Garret2020,Condition A (Full),2,GO-F12,GO,1.0
EP-02,Garret2020,Condition A (Full),2,LO-F13,LO,
EP-02,Garret2020,Condition A (Full),2,GO-F13,GO,
EP-02,Garret2020,Condition A (Full),2,LO-F14,LO,
EP-02,Garret2020,Condition A (Full),2,GO-F14,GO,
EP-02,Garret2020,Condition A (Full),2,LO-F15,LO,
EP-02,Garret2020,Condition A (Full),2,GO-F15,GO,
EP-02,Garret2020,Condition A (Full),2,LO-F16,LO,
EP-02,Garret2020,Condition A (Full),2,GO-F16,GO,
EP-02,Garret2020,Condition A (Full),2,LO-F17,LO,
EP-02,Garret2020,Condition A (Full),2,GO-F17,GO,
EP-02,Garret2020,Condition A (Full),2,LO-F18,LO,
EP-02,Garret2020,Condition A (Full),2,GO-F18,GO,
EP-02,Garret2020,Condition A (Full),2,LO-F19,LO,
EP-02,Garret2020,Condition A (Full),2,GO-F19,GO,
EP-02,Garret2020,Condition A (Full),2,LO-F20,LO,
EP-02,Garret2020,Condition A (Full),2,GO-F20,GO,
EP-02,Garret2020,Condition A (Full),2,LO-F21,LO,
EP-02,Garret2020,Condition A (Full),2,GO-F21,GO,
EP-02,Garret2020,Condition A (Full),2,LO-F22,LO,
EP-02,Garret2020,Condition A (Full),2,GO-F22,GO,
EP-02,Garret2020,Condition A (Full),2,LO-F23,LO,
EP-02,Garret2020,Condition A (Full),2,GO-F23,GO,
EP-02,Garret2020,Condition A (Full),2,LO-F24,LO,
EP-02,Garret2020,Condition A (Full),2,GO-F24,GO,
EP-02,Garret2020,Condition A (Full),2,LO-F25,LO,
EP-02,Garret2020,Condition A (Full),2,GO-F25,GO,
EP-02,Garret2020,Condition A (Full),2,LO-F26,LO,
EP-02,Garret2020,Condition A (Full),2,GO-F26,GO,
EP-02,Garret2020,Condition A (Full),2,LO-F27,LO,
EP-02,Garret2020,Condition A (Full),2,GO-F27,GO,
EP-02,Garret2020,Condition A (Full),2,LO-F28,LO,
EP-02,Garret2020,Condition A (Full),2,GO-F28,GO,
EP-02,Garret2020,Condition A (Full),2,LO-F29,LO,
EP-02,Garret2020,Condition A (Full),2,GO-F29,GO,
EP-02,Garret2020,Condition A (Full),2,LO-F30,LO,
EP-02,Garret2020,Condition A (Full),2,GO-F30,GO,
EP-02,Garret2020,Condition A (Full),2,LO-F31,LO,
EP-02,Garret2020,Condition A (Full),2,GO-F31,GO,
EP-02,Garret2020,Condition A (Full),2,LO-F32,LO,
EP-02,Garret2020,Condition A (Full),2,GO-F32,GO,
EP-02,Garret2020,Condition A (Full),2,LO-F33,LO,
EP-02,Garret2020,Condition A (Full),2,GO-F33,GO,
EP-02,Garret2020,Condition A (Full),2,LO-F34,LO,
EP-02,Garret2020,Condition A (Full),2,GO-F34,GO,
EP-02,Garret2020,Condition A (Full),2,LO-F35,LO,
EP-02,Garret2020,Condition A (Full),2,GO-F35,GO,
EP-02,Garret2020,Condition A (Full),2,LO-F36,LO,
EP-02,Garret2020,Condition A (Full),2,GO-F36,GO,
EP-03,Garret2020,Condition A (Full),3,LO-F01,LO,
EP-03,Garret2020,Condition A (Full),3,GO-F01,GO,
EP-03,Garret2020,Condition A (Full),3,LO-F02,LO,
EP-03,Garret2020,Condition A (Full),3,GO-F02,GO,
EP-03,Garret2020,Condition A (Full),3,LO-F03,LO,
EP-03,Garret2020,Condition A (Full),3,GO-F03,GO,
EP-03,Garret2020,Condition A (Full),3,LO-F04,LO,
EP-03,Garret2020,Condition A (Full),3,GO-F04,GO,
EP-03,Garret2020,Condition A (Full),3,LO-F05,LO,
EP-03,Garret2020,Condition A (Full),3,GO-F05,GO,
EP-03,Garret2020,Condition A (Full),3,LO-F06,LO,1.0
EP-03,Garret2020,Condition A (Full),3,GO-F06,GO,1.0
EP-03,Garret2020,Condition A (Full),3,LO-F07,LO,
EP-03,Garret2020,Condition A (Full),3,GO-F07,GO,
EP-03,Garret2020,Condition A (Full),3,LO-F08,LO,
EP-03,Garret2020,Condition A (Full),3,GO-F08,GO,
EP-03,Garret2020,Condition A (Full),3,LO-F09,LO,0.5
EP-03,Garret2020,Condition A (Full),3,GO-F09,GO,0.5
EP-03,Garret2020,Condition A (Full),3,LO-F10,LO,
EP-03,Garret2020,Condition A (Full),3,GO-F10,GO,
EP-03,Garret2020,Condition A (Full),3,LO-F11,LO,
EP-03,Garret2020,Condition A (Full),3,GO-F11,GO,
EP-03,Garret2020,Condition A (Full),3,LO-F12,LO,1.0
EP-03,Garret2020,Condition A (Full),3,GO-F12,GO,1.0
EP-03,Garret2020,Condition A (Full),3,LO-F13,LO,
EP-03,Garret2020,Condition A (Full),3,GO-F13,GO,
EP-03,Garret2020,Condition A (Full),3,LO-F14,LO,
EP-03,Garret2020,Condition A (Full),3,GO-F14,GO,
EP-03,Garret2020,Condition A (Full),3,LO-F15,LO,
EP-03,Garret2020,Condition A (Full),3,GO-F15,GO,
EP-03,Garret2020,Condition A (Full),3,LO-F16,LO,
EP-03,Garret2020,Condition A (Full),3,GO-F16,GO,
EP-03,Garret2020,Condition A (Full),3,LO-F17,LO,
EP-03,Garret2020,Condition A (Full),3,GO-F17,GO,
EP-03,Garret2020,Condition A (Full),3,LO-F18,LO,
EP-03,Garret2020,Condition A (Full),3,GO-F18,GO,
EP-03,Garret2020,Condition A (Full),3,LO-F19,LO,
EP-03,Garret2020,Condition A (Full),3,GO-F19,GO,
EP-03,Garret2020,Condition A (Full),3,LO-F20,LO,
EP-03,Garret2020,Condition A (Full),3,GO-F20,GO,
EP-03,Garret2020,Condition A (Full),3,LO-F21,LO,
EP-03,Garret2020,Condition A (Full),3,GO-F21,GO,
EP-03,Garret2020,Condition A (Full),3,LO-F22,LO,
EP-03,Garret2020,Condition A (Full),3,GO-F22,GO,
EP-03,Garret2020,Condition A (Full),3,LO-F23,LO,
EP-03,Garret2020,Condition A (Full),3,GO-F23,GO,
EP-03,Garret2020,Condition A (Full),3,LO-F24,LO,
EP-03,Garret2020,Condition A (Full),3,GO-F24,GO,
EP-03,Garret2020,Condition A (Full),3,LO-F25,LO,
EP-03,Garret2020,Condition A (Full),3,GO-F25,GO,
EP-03,Garret2020,Condition A (Full),3,LO-F26,LO,
EP-03,Garret2020,Condition A (Full),3,GO-F26,GO,
EP-03,Garret2020,Condition A (Full),3,LO-F27,LO,
EP-03,Garret2020,Condition A (Full),3,GO-F27,GO,
EP-03,Garret2020,Condition A (Full),3,LO-F28,LO,
EP-03,Garret2020,Condition A (Full),3,GO-F28,GO,
EP-03,Garret2020,Condition A (Full),3,LO-F29,LO,
EP-03,Garret2020,Condition A (Full),3,GO-F29,GO,
EP-03,Garret2020,Condition A (Full),3,LO-F30,LO,
EP-03,Garret2020,Condition A (Full),3,GO-F30,GO,
EP-03,Garret2020,Condition A (Full),3,LO-F31,LO,
EP-03,Garret2020,Condition A (Full),3,GO-F31,GO,
EP-03,Garret2020,Condition A (Full),3,LO-F32,LO,
EP-03,Garret2020,Condition A (Full),3,GO-F32,GO,
EP-03,Garret2020,Condition A (Full),3,LO-F33,LO,
EP-03,Garret2020,Condition A (Full),3,GO-F33,GO,
EP-03,Garret2020,Condition A (Full),3,LO-F34,LO,
EP-03,Garret2020,Condition A (Full),3,GO-F34,GO,
EP-03,Garret2020,Condition A (Full),3,LO-F35,LO,
EP-03,Garret2020,Condition A (Full),3,GO-F35,GO,
EP-03,Garret2020,Condition A (Full),3,LO-F36,LO,
EP-03,Garret2020,Condition A (Full),3,GO-F36,GO,
EP-04,Garret2020,Condition B (Abstract),1,LO-F01,LO,
EP-04,Garret2020,Condition B (Abstract),1,GO-F01,GO,
EP-04,Garret2020,Condition B (Abstract),1,LO-F02,LO,
EP-04,Garret2020,Condition B (Abstract),1,GO-F02,GO,
EP-04,Garret2020,Condition B (Abstract),1,LO-F03,LO,
EP-04,Garret2020,Condition B (Abstract),1,GO-F03,GO,
EP-04,Garret2020,Condition B (Abstract),1,LO-F04,LO,
EP-04,Garret2020,Condition B (Abstract),1,GO-F04,GO,
EP-04,Garret2020,Condition B (Abstract),1,LO-F05,LO,
EP-04,Garret2020,Condition B (Abstract),1,GO-F05,GO,
EP-04,Garret2020,Condition B (Abstract),1,LO-F06,LO,0.5
EP-04,Garret2020,Condition B (Abstract),1,GO-F06,GO,0.5
EP-04,Garret2020,Condition B (Abstract),1,LO-F07,LO,
EP-04,Garret2020,Condition B (Abstract),1,GO-F07,GO,
EP-04,Garret2020,Condition B (Abstract),1,LO-F08,LO,
EP-04,Garret2020,Condition B (Abstract),1,GO-F08,GO,
EP-04,Garret2020,Condition B (Abstract),1,LO-F09,LO,0.5
EP-04,Garret2020,Condition B (Abstract),1,GO-F09,GO,0.5
EP-04,Garret2020,Condition B (Abstract),1,LO-F10,LO,
EP-04,Garret2020,Condition B (Abstract),1,GO-F10,GO,
EP-04,Garret2020,Condition B (Abstract),1,LO-F11,LO,
EP-04,Garret2020,Condition B (Abstract),1,GO-F11,GO,
EP-04,Garret2020,Condition B (Abstract),1,LO-F12,LO,1.0
EP-04,Garret2020,Condition B (Abstract),1,GO-F12,GO,1.0
EP-04,Garret2020,Condition B (Abstract),1,LO-F13,LO,
EP-04,Garret2020,Condition B (Abstract),1,GO-F13,GO,
EP-04,Garret2020,Condition B (Abstract),1,LO-F14,LO,
EP-04,Garret2020,Condition B (Abstract),1,GO-F14,GO,
EP-04,Garret2020,Condition B (Abstract),1,LO-F15,LO,
EP-04,Garret2020,Condition B (Abstract),1,GO-F15,GO,
EP-04,Garret2020,Condition B (Abstract),1,LO-F16,LO,
EP-04,Garret2020,Condition B (Abstract),1,GO-F16,GO,
EP-04,Garret2020,Condition B (Abstract),1,LO-F17,LO,
EP-04,Garret2020,Condition B (Abstract),1,GO-F17,GO,
EP-04,Garret2020,Condition B (Abstract),1,LO-F18,LO,
EP-04,Garret2020,Condition B (Abstract),1,GO-F18,GO,
EP-04,Garret2020,Condition B (Abstract),1,LO-F19,LO,
EP-04,Garret2020,Condition B (Abstract),1,GO-F19,GO,
EP-04,Garret2020,Condition B (Abstract),1,LO-F20,LO,
EP-04,Garret2020,Condition B (Abstract),1,GO-F20,GO,
EP-04,Garret2020,Condition B (Abstract),1,LO-F21,LO,
EP-04,Garret2020,Condition B (Abstract),1,GO-F21,GO,
EP-04,Garret2020,Condition B (Abstract),1,LO-F22,LO,
EP-04,Garret2020,Condition B (Abstract),1,GO-F22,GO,
EP-04,Garret2020,Condition B (Abstract),1,LO-F23,LO,
EP-04,Garret2020,Condition B (Abstract),1,GO-F23,GO,
EP-04,Garret2020,Condition B (Abstract),1,LO-F24,LO,
EP-04,Garret2020,Condition B (Abstract),1,GO-F24,GO,
EP-04,Garret2020,Condition B (Abstract),1,LO-F25,LO,
EP-04,Garret2020,Condition B (Abstract),1,GO-F25,GO,
EP-04,Garret2020,Condition B (Abstract),1,LO-F26,LO,
EP-04,Garret2020,Condition B (Abstract),1,GO-F26,GO,
EP-04,Garret2020,Condition B (Abstract),1,LO-F27,LO,
EP-04,Garret2020,Condition B (Abstract),1,GO-F27,GO,
EP-04,Garret2020,Condition B (Abstract),1,LO-F28,LO,
EP-04,Garret2020,Condition B (Abstract),1,GO-F28,GO,
EP-04,Garret2020,Condition B (Abstract),1,LO-F29,LO,
EP-04,Garret2020,Condition B (Abstract),1,GO-F29,GO,
EP-04,Garret2020,Condition B (Abstract),1,LO-F30,LO,
EP-04,Garret2020,Condition B (Abstract),1,GO-F30,GO,
EP-04,Garret2020,Condition B (Abstract),1,LO-F31,LO,
EP-04,Garret2020,Condition B (Abstract),1,GO-F31,GO,
EP-04,Garret2020,Condition B (Abstract),1,LO-F32,LO,
EP-04,Garret2020,Condition B (Abstract),1,GO-F32,GO,
EP-04,Garret2020,Condition B (Abstract),1,LO-F33,LO,
EP-04,Garret2020,Condition B (Abstract),1,GO-F33,GO,
EP-04,Garret2020,Condition B (Abstract),1,LO-F34,LO,
EP-04,Garret2020,Condition B (Abstract),1,GO-F34,GO,
EP-04,Garret2020,Condition B (Abstract),1,LO-F35,LO,
EP-04,Garret2020,Condition B (Abstract),1,GO-F35,GO,
EP-04,Garret2020,Condition B (Abstract),1,LO-F36,LO,
EP-04,Garret2020,Condition B (Abstract),1,GO-F36,GO,
EP-05,Garret2020,Condition B (Abstract),2,LO-F01,LO,
EP-05,Garret2020,Condition B (Abstract),2,GO-F01,GO,
EP-05,Garret2020,Condition B (Abstract),2,LO-F02,LO,
EP-05,Garret2020,Condition B (Abstract),2,GO-F02,GO,
EP-05,Garret2020,Condition B (Abstract),2,LO-F03,LO,
EP-05,Garret2020,Condition B (Abstract),2,GO-F03,GO,
EP-05,Garret2020,Condition B (Abstract),2,LO-F04,LO,
EP-05,Garret2020,Condition B (Abstract),2,GO-F04,GO,
EP-05,Garret2020,Condition B (Abstract),2,LO-F05,LO,
EP-05,Garret2020,Condition B (Abstract),2,GO-F05,GO,
EP-05,Garret2020,Condition B (Abstract),2,LO-F06,LO,0.5
EP-05,Garret2020,Condition B (Abstract),2,GO-F06,GO,0.5
EP-05,Garret2020,Condition B (Abstract),2,LO-F07,LO,
EP-05,Garret2020,Condition B (Abstract),2,GO-F07,GO,
EP-05,Garret2020,Condition B (Abstract),2,LO-F08,LO,
EP-05,Garret2020,Condition B (Abstract),2,GO-F08,GO,
EP-05,Garret2020,Condition B (Abstract),2,LO-F09,LO,0.5
EP-05,Garret2020,Condition B (Abstract),2,GO-F09,GO,0.5
EP-05,Garret2020,Condition B (Abstract),2,LO-F10,LO,
EP-05,Garret2020,Condition B (Abstract),2,GO-F10,GO,
EP-05,Garret2020,Condition B (Abstract),2,LO-F11,LO,
EP-05,Garret2020,Condition B (Abstract),2,GO-F11,GO,
EP-05,Garret2020,Condition B (Abstract),2,LO-F12,LO,1.0
EP-05,Garret2020,Condition B (Abstract),2,GO-F12,GO,1.0
EP-05,Garret2020,Condition B (Abstract),2,LO-F13,LO,
EP-05,Garret2020,Condition B (Abstract),2,GO-F13,GO,
EP-05,Garret2020,Condition B (Abstract),2,LO-F14,LO,
EP-05,Garret2020,Condition B (Abstract),2,GO-F14,GO,
EP-05,Garret2020,Condition B (Abstract),2,LO-F15,LO,
EP-05,Garret2020,Condition B (Abstract),2,GO-F15,GO,
EP-05,Garret2020,Condition B (Abstract),2,LO-F16,LO,
EP-05,Garret2020,Condition B (Abstract),2,GO-F16,GO,
EP-05,Garret2020,Condition B (Abstract),2,LO-F17,LO,
EP-05,Garret2020,Condition B (Abstract),2,GO-F17,GO,
EP-05,Garret2020,Condition B (Abstract),2,LO-F18,LO,
EP-05,Garret2020,Condition B (Abstract),2,GO-F18,GO,
EP-05,Garret2020,Condition B (Abstract),2,LO-F19,LO,
EP-05,Garret2020,Condition B (Abstract),2,GO-F19,GO,
EP-05,Garret2020,Condition B (Abstract),2,LO-F20,LO,
EP-05,Garret2020,Condition B (Abstract),2,GO-F20,GO,
EP-05,Garret2020,Condition B (Abstract),2,LO-F21,LO,
EP-05,Garret2020,Condition B (Abstract),2,GO-F21,GO,
EP-05,Garret2020,Condition B (Abstract),2,LO-F22,LO,
EP-05,Garret2020,Condition B (Abstract),2,GO-F22,GO,
EP-05,Garret2020,Condition B (Abstract),2,LO-F23,LO,
EP-05,Garret2020,Condition B (Abstract),2,GO-F23,GO,
EP-05,Garret2020,Condition B (Abstract),2,LO-F24,LO,
EP-05,Garret2020,Condition B (Abstract),2,GO-F24,GO,
EP-05,Garret2020,Condition B (Abstract),2,LO-F25,LO,
EP-05,Garret2020,Condition B (Abstract),2,GO-F25,GO,
EP-05,Garret2020,Condition B (Abstract),2,LO-F26,LO,
EP-05,Garret2020,Condition B (Abstract),2,GO-F26,GO,
EP-05,Garret2020,Condition B (Abstract),2,LO-F27,LO,
EP-05,Garret2020,Condition B (Abstract),2,GO-F27,GO,
EP-05,Garret2020,Condition B (Abstract),2,LO-F28,LO,
EP-05,Garret2020,Condition B (Abstract),2,GO-F28,GO,
EP-05,Garret2020,Condition B (Abstract),2,LO-F29,LO,
EP-05,Garret2020,Condition B (Abstract),2,GO-F29,GO,
EP-05,Garret2020,Condition B (Abstract),2,LO-F30,LO,
EP-05,Garret2020,Condition B (Abstract),2,GO-F30,GO,
EP-05,Garret2020,Condition B (Abstract),2,LO-F31,LO,
EP-05,Garret2020,Condition B (Abstract),2,GO-F31,GO,
EP-05,Garret2020,Condition B (Abstract),2,LO-F32,LO,
EP-05,Garret2020,Condition B (Abstract),2,GO-F32,GO,
EP-05,Garret2020,Condition B (Abstract),2,LO-F33,LO,
EP-05,Garret2020,Condition B (Abstract),2,GO-F33,GO,
EP-05,Garret2020,Condition B (Abstract),2,LO-F34,LO,
EP-05,Garret2020,Condition B (Abstract),2,GO-F34,GO,
EP-05,Garret2020,Condition B (Abstract),2,LO-F35,LO,
EP-05,Garret2020,Condition B (Abstract),2,GO-F35,GO,
EP-05,Garret2020,Condition B (Abstract),2,LO-F36,LO,
EP-05,Garret2020,Condition B (Abstract),2,GO-F36,GO,
EP-06,Garret2020,Condition B (Abstract),3,LO-F01,LO,
EP-06,Garret2020,Condition B (Abstract),3,GO-F01,GO,
EP-06,Garret2020,Condition B (Abstract),3,LO-F02,LO,
EP-06,Garret2020,Condition B (Abstract),3,GO-F02,GO,
EP-06,Garret2020,Condition B (Abstract),3,LO-F03,LO,
EP-06,Garret2020,Condition B (Abstract),3,GO-F03,GO,
EP-06,Garret2020,Condition B (Abstract),3,LO-F04,LO,
EP-06,Garret2020,Condition B (Abstract),3,GO-F04,GO,
EP-06,Garret2020,Condition B (Abstract),3,LO-F05,LO,
EP-06,Garret2020,Condition B (Abstract),3,GO-F05,GO,
EP-06,Garret2020,Condition B (Abstract),3,LO-F06,LO,0.5
EP-06,Garret2020,Condition B (Abstract),3,GO-F06,GO,0.5
EP-06,Garret2020,Condition B (Abstract),3,LO-F07,LO,
EP-06,Garret2020,Condition B (Abstract),3,GO-F07,GO,
EP-06,Garret2020,Condition B (Abstract),3,LO-F08,LO,
EP-06,Garret2020,Condition B (Abstract),3,GO-F08,GO,
EP-06,Garret2020,Condition B (Abstract),3,LO-F09,LO,0.5
EP-06,Garret2020,Condition B (Abstract),3,GO-F09,GO,0.5
EP-06,Garret2020,Condition B (Abstract),3,LO-F10,LO,
EP-06,Garret2020,Condition B (Abstract),3,GO-F10,GO,
EP-06,Garret2020,Condition B (Abstract),3,LO-F11,LO,
EP-06,Garret2020,Condition B (Abstract),3,GO-F11,GO,
EP-06,Garret2020,Condition B (Abstract),3,LO-F12,LO,1.0
EP-06,Garret2020,Condition B (Abstract),3,GO-F12,GO,1.0
EP-06,Garret2020,Condition B (Abstract),3,LO-F13,LO,
EP-06,Garret2020,Condition B (Abstract),3,GO-F13,GO,
EP-06,Garret2020,Condition B (Abstract),3,LO-F14,LO,
EP-06,Garret2020,Condition B (Abstract),3,GO-F14,GO,
EP-06,Garret2020,Condition B (Abstract),3,LO-F15,LO,
EP-06,Garret2020,Condition B (Abstract),3,GO-F15,GO,
EP-06,Garret2020,Condition B (Abstract),3,LO-F16,LO,
EP-06,Garret2020,Condition B (Abstract),3,GO-F16,GO,
EP-06,Garret2020,Condition B (Abstract),3,LO-F17,LO,
EP-06,Garret2020,Condition B (Abstract),3,GO-F17,GO,
EP-06,Garret2020,Condition B (Abstract),3,LO-F18,LO,
EP-06,Garret2020,Condition B (Abstract),3,GO-F18,GO,
EP-06,Garret2020,Condition B (Abstract),3,LO-F19,LO,
EP-06,Garret2020,Condition B (Abstract),3,GO-F19,GO,
EP-06,Garret2020,Condition B (Abstract),3,LO-F20,LO,
EP-06,Garret2020,Condition B (Abstract),3,GO-F20,GO,
EP-06,Garret2020,Condition B (Abstract),3,LO-F21,LO,
EP-06,Garret2020,Condition B (Abstract),3,GO-F21,GO,
EP-06,Garret2020,Condition B (Abstract),3,LO-F22,LO,
EP-06,Garret2020,Condition B (Abstract),3,GO-F22,GO,
EP-06,Garret2020,Condition B (Abstract),3,LO-F23,LO,
EP-06,Garret2020,Condition B (Abstract),3,GO-F23,GO,
EP-06,Garret2020,Condition B (Abstract),3,LO-F24,LO,
EP-06,Garret2020,Condition B (Abstract),3,GO-F24,GO,
EP-06,Garret2020,Condition B (Abstract),3,LO-F25,LO,
EP-06,Garret2020,Condition B (Abstract),3,GO-F25,GO,
EP-06,Garret2020,Condition B (Abstract),3,LO-F26,LO,
EP-06,Garret2020,Condition B (Abstract),3,GO-F26,GO,
EP-06,Garret2020,Condition B (Abstract),3,LO-F27,LO,
EP-06,Garret2020,Condition B (Abstract),3,GO-F27,GO,
EP-06,Garret2020,Condition B (Abstract),3,LO-F28,LO,
EP-06,Garret2020,Condition B (Abstract),3,GO-F28,GO,
EP-06,Garret2020,Condition B (Abstract),3,LO-F29,LO,
EP-06,Garret2020,Condition B (Abstract),3,GO-F29,GO,
EP-06,Garret2020,Condition B (Abstract),3,LO-F30,LO,
EP-06,Garret2020,Condition B (Abstract),3,GO-F30,GO,
EP-06,Garret2020,Condition B (Abstract),3,LO-F31,LO,
EP-06,Garret2020,Condition B (Abstract),3,GO-F31,GO,
EP-06,Garret2020,Condition B (Abstract),3,LO-F32,LO,
EP-06,Garret2020,Condition B (Abstract),3,GO-F32,GO,
EP-06,Garret2020,Condition B (Abstract),3,LO-F33,LO,
EP-06,Garret2020,Condition B (Abstract),3,GO-F33,GO,
EP-06,Garret2020,Condition B (Abstract),3,LO-F34,LO,
EP-06,Garret2020,Condition B (Abstract),3,GO-F34,GO,
EP-06,Garret2020,Condition B (Abstract),3,LO-F35,LO,
EP-06,Garret2020,Condition B (Abstract),3,GO-F35,GO,
EP-06,Garret2020,Condition B (Abstract),3,LO-F36,LO,
EP-06,Garret2020,Condition B (Abstract),3,GO-F36,GO,
EP-07,Garret2020,Condition C (Masked),1,LO-F01,LO,
EP-07,Garret2020,Condition C (Masked),1,GO-F01,GO,
EP-07,Garret2020,Condition C (Masked),1,LO-F02,LO,
EP-07,Garret2020,Condition C (Masked),1,GO-F02,GO,
EP-07,Garret2020,Condition C (Masked),1,LO-F03,LO,
EP-07,Garret2020,Condition C (Masked),1,GO-F03,GO,
EP-07,Garret2020,Condition C (Masked),1,LO-F04,LO,
EP-07,Garret2020,Condition C (Masked),1,GO-F04,GO,
EP-07,Garret2020,Condition C (Masked),1,LO-F05,LO,
EP-07,Garret2020,Condition C (Masked),1,GO-F05,GO,
EP-07,Garret2020,Condition C (Masked),1,LO-F06,LO,1.0
EP-07,Garret2020,Condition C (Masked),1,GO-F06,GO,1.0
EP-07,Garret2020,Condition C (Masked),1,LO-F07,LO,
EP-07,Garret2020,Condition C (Masked),1,GO-F07,GO,
EP-07,Garret2020,Condition C (Masked),1,LO-F08,LO,
EP-07,Garret2020,Condition C (Masked),1,GO-F08,GO,
EP-07,Garret2020,Condition C (Masked),1,LO-F09,LO,0.5
EP-07,Garret2020,Condition C (Masked),1,GO-F09,GO,0.5
EP-07,Garret2020,Condition C (Masked),1,LO-F10,LO,
EP-07,Garret2020,Condition C (Masked),1,GO-F10,GO,
EP-07,Garret2020,Condition C (Masked),1,LO-F11,LO,
EP-07,Garret2020,Condition C (Masked),1,GO-F11,GO,
EP-07,Garret2020,Condition C (Masked),1,LO-F12,LO,1.0
EP-07,Garret2020,Condition C (Masked),1,GO-F12,GO,1.0
EP-07,Garret2020,Condition C (Masked),1,LO-F13,LO,
EP-07,Garret2020,Condition C (Masked),1,GO-F13,GO,
EP-07,Garret2020,Condition C (Masked),1,LO-F14,LO,
EP-07,Garret2020,Condition C (Masked),1,GO-F14,GO,
EP-07,Garret2020,Condition C (Masked),1,LO-F15,LO,
EP-07,Garret2020,Condition C (Masked),1,GO-F15,GO,
EP-07,Garret2020,Condition C (Masked),1,LO-F16,LO,
EP-07,Garret2020,Condition C (Masked),1,GO-F16,GO,
EP-07,Garret2020,Condition C (Masked),1,LO-F17,LO,
EP-07,Garret2020,Condition C (Masked),1,GO-F17,GO,
EP-07,Garret2020,Condition C (Masked),1,LO-F18,LO,
EP-07,Garret2020,Condition C (Masked),1,GO-F18,GO,
EP-07,Garret2020,Condition C (Masked),1,LO-F19,LO,
EP-07,Garret2020,Condition C (Masked),1,GO-F19,GO,
EP-07,Garret2020,Condition C (Masked),1,LO-F20,LO,
EP-07,Garret2020,Condition C (Masked),1,GO-F20,GO,
EP-07,Garret2020,Condition C (Masked),1,LO-F21,LO,
EP-07,Garret2020,Condition C (Masked),1,GO-F21,GO,
EP-07,Garret2020,Condition C (Masked),1,LO-F22,LO,
EP-07,Garret2020,Condition C (Masked),1,GO-F22,GO,
EP-07,Garret2020,Condition C (Masked),1,LO-F23,LO,
EP-07,Garret2020,Condition C (Masked),1,GO-F23,GO,
EP-07,Garret2020,Condition C (Masked),1,LO-F24,LO,
EP-07,Garret2020,Condition C (Masked),1,GO-F24,GO,
EP-07,Garret2020,Condition C (Masked),1,LO-F25,LO,
EP-07,Garret2020,Condition C (Masked),1,GO-F25,GO,
EP-07,Garret2020,Condition C (Masked),1,LO-F26,LO,
EP-07,Garret2020,Condition C (Masked),1,GO-F26,GO,
EP-07,Garret2020,Condition C (Masked),1,LO-F27,LO,
EP-07,Garret2020,Condition C (Masked),1,GO-F27,GO,
EP-07,Garret2020,Condition C (Masked),1,LO-F28,LO,
EP-07,Garret2020,Condition C (Masked),1,GO-F28,GO,
EP-07,Garret2020,Condition C (Masked),1,LO-F29,LO,
EP-07,Garret2020,Condition C (Masked),1,GO-F29,GO,
EP-07,Garret2020,Condition C (Masked),1,LO-F30,LO,
EP-07,Garret2020,Condition C (Masked),1,GO-F30,GO,
EP-07,Garret2020,Condition C (Masked),1,LO-F31,LO,
EP-07,Garret2020,Condition C (Masked),1,GO-F31,GO,
EP-07,Garret2020,Condition C (Masked),1,LO-F32,LO,
EP-07,Garret2020,Condition C (Masked),1,GO-F32,GO,
EP-07,Garret2020,Condition C (Masked),1,LO-F33,LO,
EP-07,Garret2020,Condition C (Masked),1,GO-F33,GO,
EP-07,Garret2020,Condition C (Masked),1,LO-F34,LO,
EP-07,Garret2020,Condition C (Masked),1,GO-F34,GO,
EP-07,Garret2020,Condition C (Masked),1,LO-F35,LO,
EP-07,Garret2020,Condition C (Masked),1,GO-F35,GO,
EP-07,Garret2020,Condition C (Masked),1,LO-F36,LO,
EP-07,Garret2020,Condition C (Masked),1,GO-F36,GO,
EP-08,Garret2020,Condition C (Masked),2,LO-F01,LO,
EP-08,Garret2020,Condition C (Masked),2,GO-F01,GO,
EP-08,Garret2020,Condition C (Masked),2,LO-F02,LO,
EP-08,Garret2020,Condition C (Masked),2,GO-F02,GO,
EP-08,Garret2020,Condition C (Masked),2,LO-F03,LO,
EP-08,Garret2020,Condition C (Masked),2,GO-F03,GO,
EP-08,Garret2020,Condition C (Masked),2,LO-F04,LO,
EP-08,Garret2020,Condition C (Masked),2,GO-F04,GO,
EP-08,Garret2020,Condition C (Masked),2,LO-F05,LO,
EP-08,Garret2020,Condition C (Masked),2,GO-F05,GO,
EP-08,Garret2020,Condition C (Masked),2,LO-F06,LO,1.0
EP-08,Garret2020,Condition C (Masked),2,GO-F06,GO,1.0
EP-08,Garret2020,Condition C (Masked),2,LO-F07,LO,
EP-08,Garret2020,Condition C (Masked),2,GO-F07,GO,
EP-08,Garret2020,Condition C (Masked),2,LO-F08,LO,
EP-08,Garret2020,Condition C (Masked),2,GO-F08,GO,
EP-08,Garret2020,Condition C (Masked),2,LO-F09,LO,0.5
EP-08,Garret2020,Condition C (Masked),2,GO-F09,GO,0.5
EP-08,Garret2020,Condition C (Masked),2,LO-F10,LO,
EP-08,Garret2020,Condition C (Masked),2,GO-F10,GO,
EP-08,Garret2020,Condition C (Masked),2,LO-F11,LO,
EP-08,Garret2020,Condition C (Masked),2,GO-F11,GO,
EP-08,Garret2020,Condition C (Masked),2,LO-F12,LO,1.0
EP-08,Garret2020,Condition C (Masked),2,GO-F12,GO,1.0
EP-08,Garret2020,Condition C (Masked),2,LO-F13,LO,
EP-08,Garret2020,Condition C (Masked),2,GO-F13,GO,
EP-08,Garret2020,Condition C (Masked),2,LO-F14,LO,
EP-08,Garret2020,Condition C (Masked),2,GO-F14,GO,
EP-08,Garret2020,Condition C (Masked),2,LO-F15,LO,
EP-08,Garret2020,Condition C (Masked),2,GO-F15,GO,
EP-08,Garret2020,Condition C (Masked),2,LO-F16,LO,
EP-08,Garret2020,Condition C (Masked),2,GO-F16,GO,
EP-08,Garret2020,Condition C (Masked),2,LO-F17,LO,
EP-08,Garret2020,Condition C (Masked),2,GO-F17,GO,
EP-08,Garret2020,Condition C (Masked),2,LO-F18,LO,
EP-08,Garret2020,Condition C (Masked),2,GO-F18,GO,
EP-08,Garret2020,Condition C (Masked),2,LO-F19,LO,
EP-08,Garret2020,Condition C (Masked),2,GO-F19,GO,
EP-08,Garret2020,Condition C (Masked),2,LO-F20,LO,
EP-08,Garret2020,Condition C (Masked),2,GO-F20,GO,
EP-08,Garret2020,Condition C (Masked),2,LO-F21,LO,
EP-08,Garret2020,Condition C (Masked),2,GO-F21,GO,
EP-08,Garret2020,Condition C (Masked),2,LO-F22,LO,
EP-08,Garret2020,Condition C (Masked),2,GO-F22,GO,
EP-08,Garret2020,Condition C (Masked),2,LO-F23,LO,
EP-08,Garret2020,Condition C (Masked),2,GO-F23,GO,
EP-08,Garret2020,Condition C (Masked),2,LO-F24,LO,
EP-08,Garret2020,Condition C (Masked),2,GO-F24,GO,
EP-08,Garret2020,Condition C (Masked),2,LO-F25,LO,
EP-08,Garret2020,Condition C (Masked),2,GO-F25,GO,
EP-08,Garret2020,Condition C (Masked),2,LO-F26,LO,
EP-08,Garret2020,Condition C (Masked),2,GO-F26,GO,
EP-08,Garret2020,Condition C (Masked),2,LO-F27,LO,
EP-08,Garret2020,Condition C (Masked),2,GO-F27,GO,
EP-08,Garret2020,Condition C (Masked),2,LO-F28,LO,
EP-08,Garret2020,Condition C (Masked),2,GO-F28,GO,
EP-08,Garret2020,Condition C (Masked),2,LO-F29,LO,
EP-08,Garret2020,Condition C (Masked),2,GO-F29,GO,
EP-08,Garret2020,Condition C (Masked),2,LO-F30,LO,
EP-08,Garret2020,Condition C (Masked),2,GO-F30,GO,
EP-08,Garret2020,Condition C (Masked),2,LO-F31,LO,
EP-08,Garret2020,Condition C (Masked),2,GO-F31,GO,
EP-08,Garret2020,Condition C (Masked),2,LO-F32,LO,
EP-08,Garret2020,Condition C (Masked),2,GO-F32,GO,
EP-08,Garret2020,Condition C (Masked),2,LO-F33,LO,
EP-08,Garret2020,Condition C (Masked),2,GO-F33,GO,
EP-08,Garret2020,Condition C (Masked),2,LO-F34,LO,
EP-08,Garret2020,Condition C (Masked),2,GO-F34,GO,
EP-08,Garret2020,Condition C (Masked),2,LO-F35,LO,
EP-08,Garret2020,Condition C (Masked),2,GO-F35,GO,
EP-08,Garret2020,Condition C (Masked),2,LO-F36,LO,
EP-08,Garret2020,Condition C (Masked),2,GO-F36,GO,
EP-09,Garret2020,Condition C (Masked),3,LO-F01,LO,
EP-09,Garret2020,Condition C (Masked),3,GO-F01,GO,
EP-09,Garret2020,Condition C (Masked),3,LO-F02,LO,
EP-09,Garret2020,Condition C (Masked),3,GO-F02,GO,
EP-09,Garret2020,Condition C (Masked),3,LO-F03,LO,
EP-09,Garret2020,Condition C (Masked),3,GO-F03,GO,
EP-09,Garret2020,Condition C (Masked),3,LO-F04,LO,
EP-09,Garret2020,Condition C (Masked),3,GO-F04,GO,
EP-09,Garret2020,Condition C (Masked),3,LO-F05,LO,
EP-09,Garret2020,Condition C (Masked),3,GO-F05,GO,
EP-09,Garret2020,Condition C (Masked),3,LO-F06,LO,1.0
EP-09,Garret2020,Condition C (Masked),3,GO-F06,GO,1.0
EP-09,Garret2020,Condition C (Masked),3,LO-F07,LO,
EP-09,Garret2020,Condition C (Masked),3,GO-F07,GO,
EP-09,Garret2020,Condition C (Masked),3,LO-F08,LO,
EP-09,Garret2020,Condition C (Masked),3,GO-F08,GO,
EP-09,Garret2020,Condition C (Masked),3,LO-F09,LO,0.5
EP-09,Garret2020,Condition C (Masked),3,GO-F09,GO,0.5
EP-09,Garret2020,Condition C (Masked),3,LO-F10,LO,
EP-09,Garret2020,Condition C (Masked),3,GO-F10,GO,
EP-09,Garret2020,Condition C (Masked),3,LO-F11,LO,
EP-09,Garret2020,Condition C (Masked),3,GO-F11,GO,
EP-09,Garret2020,Condition C (Masked),3,LO-F12,LO,1.0
EP-09,Garret2020,Condition C (Masked),3,GO-F12,GO,1.0
EP-09,Garret2020,Condition C (Masked),3,LO-F13,LO,
EP-09,Garret2020,Condition C (Masked),3,GO-F13,GO,
EP-09,Garret2020,Condition C (Masked),3,LO-F14,LO,
EP-09,Garret2020,Condition C (Masked),3,GO-F14,GO,
EP-09,Garret2020,Condition C (Masked),3,LO-F15,LO,
EP-09,Garret2020,Condition C (Masked),3,GO-F15,GO,
EP-09,Garret2020,Condition C (Masked),3,LO-F16,LO,
EP-09,Garret2020,Condition C (Masked),3,GO-F16,GO,
EP-09,Garret2020,Condition C (Masked),3,LO-F17,LO,
EP-09,Garret2020,Condition C (Masked),3,GO-F17,GO,
EP-09,Garret2020,Condition C (Masked),3,LO-F18,LO,
EP-09,Garret2020,Condition C (Masked),3,GO-F18,GO,
EP-09,Garret2020,Condition C (Masked),3,LO-F19,LO,
EP-09,Garret2020,Condition C (Masked),3,GO-F19,GO,
EP-09,Garret2020,Condition C (Masked),3,LO-F20,LO,
EP-09,Garret2020,Condition C (Masked),3,GO-F20,GO,
EP-09,Garret2020,Condition C (Masked),3,LO-F21,LO,
EP-09,Garret2020,Condition C (Masked),3,GO-F21,GO,
EP-09,Garret2020,Condition C (Masked),3,LO-F22,LO,
EP-09,Garret2020,Condition C (Masked),3,GO-F22,GO,
EP-09,Garret2020,Condition C (Masked),3,LO-F23,LO,
EP-09,Garret2020,Condition C (Masked),3,GO-F23,GO,
EP-09,Garret2020,Condition C (Masked),3,LO-F24,LO,
EP-09,Garret2020,Condition C (Masked),3,GO-F24,GO,
EP-09,Garret2020,Condition C (Masked),3,LO-F25,LO,
EP-09,Garret2020,Condition C (Masked),3,GO-F25,GO,
EP-09,Garret2020,Condition C (Masked),3,LO-F26,LO,
EP-09,Garret2020,Condition C (Masked),3,GO-F26,GO,
EP-09,Garret2020,Condition C (Masked),3,LO-F27,LO,
EP-09,Garret2020,Condition C (Masked),3,GO-F27,GO,
EP-09,Garret2020,Condition C (Masked),3,LO-F28,LO,
EP-09,Garret2020,Condition C (Masked),3,GO-F28,GO,
EP-09,Garret2020,Condition C (Masked),3,LO-F29,LO,
EP-09,Garret2020,Condition C (Masked),3,GO-F29,GO,
EP-09,Garret2020,Condition C (Masked),3,LO-F30,LO,
EP-09,Garret2020,Condition C (Masked),3,GO-F30,GO,
EP-09,Garret2020,Condition C (Masked),3,LO-F31,LO,
EP-09,Garret2020,Condition C (Masked),3,GO-F31,GO,
EP-09,Garret2020,Condition C (Masked),3,LO-F32,LO,
EP-09,Garret2020,Condition C (Masked),3,GO-F32,GO,
EP-09,Garret2020,Condition C (Masked),3,LO-F33,LO,
EP-09,Garret2020,Condition C (Masked),3,GO-F33,GO,
EP-09,Garret2020,Condition C (Masked),3,LO-F34,LO,
EP-09,Garret2020,Condition C (Masked),3,GO-F34,GO,
EP-09,Garret2020,Condition C (Masked),3,LO-F35,LO,
EP-09,Garret2020,Condition C (Masked),3,GO-F35,GO,
EP-09,Garret2020,Condition C (Masked),3,LO-F36,LO,
EP-09,Garret2020,Condition C (Masked),3,GO-F36,GO,
EP-10,Attinger2017,Condition A (Full),1,LO-F01,LO,1.0
EP-10,Attinger2017,Condition A (Full),1,GO-F01,GO,1.0
EP-10,Attinger2017,Condition A (Full),1,LO-F02,LO,
EP-10,Attinger2017,Condition A (Full),1,GO-F02,GO,
EP-10,Attinger2017,Condition A (Full),1,LO-F03,LO,0.5
EP-10,Attinger2017,Condition A (Full),1,GO-F03,GO,0.5
EP-10,Attinger2017,Condition A (Full),1,LO-F04,LO,
EP-10,Attinger2017,Condition A (Full),1,GO-F04,GO,
EP-10,Attinger2017,Condition A (Full),1,LO-F05,LO,
EP-10,Attinger2017,Condition A (Full),1,GO-F05,GO,
EP-10,Attinger2017,Condition A (Full),1,LO-F06,LO,1.0
EP-10,Attinger2017,Condition A (Full),1,GO-F06,GO,1.0
EP-10,Attinger2017,Condition A (Full),1,LO-F07,LO,
EP-10,Attinger2017,Condition A (Full),1,GO-F07,GO,
EP-10,Attinger2017,Condition A (Full),1,LO-F08,LO,
EP-10,Attinger2017,Condition A (Full),1,GO-F08,GO,
EP-10,Attinger2017,Condition A (Full),1,LO-F09,LO,1.0
EP-10,Attinger2017,Condition A (Full),1,GO-F09,GO,1.0
EP-10,Attinger2017,Condition A (Full),1,LO-F10,LO,
EP-10,Attinger2017,Condition A (Full),1,GO-F10,GO,
EP-10,Attinger2017,Condition A (Full),1,LO-F11,LO,1.0
EP-10,Attinger2017,Condition A (Full),1,GO-F11,GO,1.0
EP-10,Attinger2017,Condition A (Full),1,LO-F12,LO,
EP-10,Attinger2017,Condition A (Full),1,GO-F12,GO,
EP-10,Attinger2017,Condition A (Full),1,LO-F13,LO,1.0
EP-10,Attinger2017,Condition A (Full),1,GO-F13,GO,1.0
EP-10,Attinger2017,Condition A (Full),1,LO-F14,LO,
EP-10,Attinger2017,Condition A (Full),1,GO-F14,GO,
EP-10,Attinger2017,Condition A (Full),1,LO-F15,LO,
EP-10,Attinger2017,Condition A (Full),1,GO-F15,GO,
EP-10,Attinger2017,Condition A (Full),1,LO-F16,LO,
EP-10,Attinger2017,Condition A (Full),1,GO-F16,GO,
EP-10,Attinger2017,Condition A (Full),1,LO-F17,LO,
EP-10,Attinger2017,Condition A (Full),1,GO-F17,GO,
EP-10,Attinger2017,Condition A (Full),1,LO-F18,LO,0.5
EP-10,Attinger2017,Condition A (Full),1,GO-F18,GO,0.5
EP-10,Attinger2017,Condition A (Full),1,LO-F19,LO,
EP-10,Attinger2017,Condition A (Full),1,GO-F19,GO,
EP-10,Attinger2017,Condition A (Full),1,LO-F20,LO,
EP-10,Attinger2017,Condition A (Full),1,GO-F20,GO,
EP-10,Attinger2017,Condition A (Full),1,LO-F21,LO,0.5
EP-10,Attinger2017,Condition A (Full),1,GO-F21,GO,0.5
EP-10,Attinger2017,Condition A (Full),1,LO-F22,LO,
EP-10,Attinger2017,Condition A (Full),1,GO-F22,GO,
EP-10,Attinger2017,Condition A (Full),1,LO-F23,LO,0.5
EP-10,Attinger2017,Condition A (Full),1,GO-F23,GO,0.5
EP-10,Attinger2017,Condition A (Full),1,LO-F24,LO,
EP-10,Attinger2017,Condition A (Full),1,GO-F24,GO,
EP-10,Attinger2017,Condition A (Full),1,LO-F25,LO,
EP-10,Attinger2017,Condition A (Full),1,GO-F25,GO,
EP-10,Attinger2017,Condition A (Full),1,LO-F26,LO,
EP-10,Attinger2017,Condition A (Full),1,GO-F26,GO,
EP-10,Attinger2017,Condition A (Full),1,LO-F27,LO,
EP-10,Attinger2017,Condition A (Full),1,GO-F27,GO,
EP-10,Attinger2017,Condition A (Full),1,LO-F28,LO,
EP-10,Attinger2017,Condition A (Full),1,GO-F28,GO,
EP-10,Attinger2017,Condition A (Full),1,LO-F29,LO,
EP-10,Attinger2017,Condition A (Full),1,GO-F29,GO,
EP-10,Attinger2017,Condition A (Full),1,LO-F30,LO,
EP-10,Attinger2017,Condition A (Full),1,GO-F30,GO,
EP-10,Attinger2017,Condition A (Full),1,LO-F31,LO,
EP-10,Attinger2017,Condition A (Full),1,GO-F31,GO,
EP-10,Attinger2017,Condition A (Full),1,LO-F32,LO,
EP-10,Attinger2017,Condition A (Full),1,GO-F32,GO,
EP-10,Attinger2017,Condition A (Full),1,LO-F33,LO,
EP-10,Attinger2017,Condition A (Full),1,GO-F33,GO,
EP-10,Attinger2017,Condition A (Full),1,LO-F34,LO,
EP-10,Attinger2017,Condition A (Full),1,GO-F34,GO,
EP-10,Attinger2017,Condition A (Full),1,LO-F35,LO,
EP-10,Attinger2017,Condition A (Full),1,GO-F35,GO,
EP-10,Attinger2017,Condition A (Full),1,LO-F36,LO,
EP-10,Attinger2017,Condition A (Full),1,GO-F36,GO,
EP-11,Attinger2017,Condition A (Full),2,LO-F01,LO,1.0
EP-11,Attinger2017,Condition A (Full),2,GO-F01,GO,1.0
EP-11,Attinger2017,Condition A (Full),2,LO-F02,LO,
EP-11,Attinger2017,Condition A (Full),2,GO-F02,GO,
EP-11,Attinger2017,Condition A (Full),2,LO-F03,LO,0.5
EP-11,Attinger2017,Condition A (Full),2,GO-F03,GO,0.5
EP-11,Attinger2017,Condition A (Full),2,LO-F04,LO,
EP-11,Attinger2017,Condition A (Full),2,GO-F04,GO,
EP-11,Attinger2017,Condition A (Full),2,LO-F05,LO,
EP-11,Attinger2017,Condition A (Full),2,GO-F05,GO,
EP-11,Attinger2017,Condition A (Full),2,LO-F06,LO,1.0
EP-11,Attinger2017,Condition A (Full),2,GO-F06,GO,1.0
EP-11,Attinger2017,Condition A (Full),2,LO-F07,LO,
EP-11,Attinger2017,Condition A (Full),2,GO-F07,GO,
EP-11,Attinger2017,Condition A (Full),2,LO-F08,LO,
EP-11,Attinger2017,Condition A (Full),2,GO-F08,GO,
EP-11,Attinger2017,Condition A (Full),2,LO-F09,LO,1.0
EP-11,Attinger2017,Condition A (Full),2,GO-F09,GO,1.0
EP-11,Attinger2017,Condition A (Full),2,LO-F10,LO,
EP-11,Attinger2017,Condition A (Full),2,GO-F10,GO,
EP-11,Attinger2017,Condition A (Full),2,LO-F11,LO,1.0
EP-11,Attinger2017,Condition A (Full),2,GO-F11,GO,1.0
EP-11,Attinger2017,Condition A (Full),2,LO-F12,LO,
EP-11,Attinger2017,Condition A (Full),2,GO-F12,GO,
EP-11,Attinger2017,Condition A (Full),2,LO-F13,LO,1.0
EP-11,Attinger2017,Condition A (Full),2,GO-F13,GO,1.0
EP-11,Attinger2017,Condition A (Full),2,LO-F14,LO,
EP-11,Attinger2017,Condition A (Full),2,GO-F14,GO,
EP-11,Attinger2017,Condition A (Full),2,LO-F15,LO,
EP-11,Attinger2017,Condition A (Full),2,GO-F15,GO,
EP-11,Attinger2017,Condition A (Full),2,LO-F16,LO,
EP-11,Attinger2017,Condition A (Full),2,GO-F16,GO,
EP-11,Attinger2017,Condition A (Full),2,LO-F17,LO,
EP-11,Attinger2017,Condition A (Full),2,GO-F17,GO,
EP-11,Attinger2017,Condition A (Full),2,LO-F18,LO,0.5
EP-11,Attinger2017,Condition A (Full),2,GO-F18,GO,0.5
EP-11,Attinger2017,Condition A (Full),2,LO-F19,LO,
EP-11,Attinger2017,Condition A (Full),2,GO-F19,GO,
EP-11,Attinger2017,Condition A (Full),2,LO-F20,LO,
EP-11,Attinger2017,Condition A (Full),2,GO-F20,GO,
EP-11,Attinger2017,Condition A (Full),2,LO-F21,LO,0.5
EP-11,Attinger2017,Condition A (Full),2,GO-F21,GO,0.5
EP-11,Attinger2017,Condition A (Full),2,LO-F22,LO,
EP-11,Attinger2017,Condition A (Full),2,GO-F22,GO,
EP-11,Attinger2017,Condition A (Full),2,LO-F23,LO,0.5
EP-11,Attinger2017,Condition A (Full),2,GO-F23,GO,0.5
EP-11,Attinger2017,Condition A (Full),2,LO-F24,LO,
EP-11,Attinger2017,Condition A (Full),2,GO-F24,GO,
EP-11,Attinger2017,Condition A (Full),2,LO-F25,LO,
EP-11,Attinger2017,Condition A (Full),2,GO-F25,GO,
EP-11,Attinger2017,Condition A (Full),2,LO-F26,LO,
EP-11,Attinger2017,Condition A (Full),2,GO-F26,GO,
EP-11,Attinger2017,Condition A (Full),2,LO-F27,LO,
EP-11,Attinger2017,Condition A (Full),2,GO-F27,GO,
EP-11,Attinger2017,Condition A (Full),2,LO-F28,LO,
EP-11,Attinger2017,Condition A (Full),2,GO-F28,GO,
EP-11,Attinger2017,Condition A (Full),2,LO-F29,LO,
EP-11,Attinger2017,Condition A (Full),2,GO-F29,GO,
EP-11,Attinger2017,Condition A (Full),2,LO-F30,LO,
EP-11,Attinger2017,Condition A (Full),2,GO-F30,GO,
EP-11,Attinger2017,Condition A (Full),2,LO-F31,LO,
EP-11,Attinger2017,Condition A (Full),2,GO-F31,GO,
EP-11,Attinger2017,Condition A (Full),2,LO-F32,LO,
EP-11,Attinger2017,Condition A (Full),2,GO-F32,GO,
EP-11,Attinger2017,Condition A (Full),2,LO-F33,LO,
EP-11,Attinger2017,Condition A (Full),2,GO-F33,GO,
EP-11,Attinger2017,Condition A (Full),2,LO-F34,LO,
EP-11,Attinger2017,Condition A (Full),2,GO-F34,GO,
EP-11,Attinger2017,Condition A (Full),2,LO-F35,LO,
EP-11,Attinger2017,Condition A (Full),2,GO-F35,GO,
EP-11,Attinger2017,Condition A (Full),2,LO-F36,LO,
EP-11,Attinger2017,Condition A (Full),2,GO-F36,GO,
EP-12,Attinger2017,Condition A (Full),3,LO-F01,LO,1.0
EP-12,Attinger2017,Condition A (Full),3,GO-F01,GO,1.0
EP-12,Attinger2017,Condition A (Full),3,LO-F02,LO,
EP-12,Attinger2017,Condition A (Full),3,GO-F02,GO,
EP-12,Attinger2017,Condition A (Full),3,LO-F03,LO,0.5
EP-12,Attinger2017,Condition A (Full),3,GO-F03,GO,0.5
EP-12,Attinger2017,Condition A (Full),3,LO-F04,LO,
EP-12,Attinger2017,Condition A (Full),3,GO-F04,GO,
EP-12,Attinger2017,Condition A (Full),3,LO-F05,LO,
EP-12,Attinger2017,Condition A (Full),3,GO-F05,GO,
EP-12,Attinger2017,Condition A (Full),3,LO-F06,LO,1.0
EP-12,Attinger2017,Condition A (Full),3,GO-F06,GO,1.0
EP-12,Attinger2017,Condition A (Full),3,LO-F07,LO,
EP-12,Attinger2017,Condition A (Full),3,GO-F07,GO,
EP-12,Attinger2017,Condition A (Full),3,LO-F08,LO,
EP-12,Attinger2017,Condition A (Full),3,GO-F08,GO,
EP-12,Attinger2017,Condition A (Full),3,LO-F09,LO,1.0
EP-12,Attinger2017,Condition A (Full),3,GO-F09,GO,1.0
EP-12,Attinger2017,Condition A (Full),3,LO-F10,LO,
EP-12,Attinger2017,Condition A (Full),3,GO-F10,GO,
EP-12,Attinger2017,Condition A (Full),3,LO-F11,LO,1.0
EP-12,Attinger2017,Condition A (Full),3,GO-F11,GO,1.0
EP-12,Attinger2017,Condition A (Full),3,LO-F12,LO,
EP-12,Attinger2017,Condition A (Full),3,GO-F12,GO,
EP-12,Attinger2017,Condition A (Full),3,LO-F13,LO,1.0
EP-12,Attinger2017,Condition A (Full),3,GO-F13,GO,1.0
EP-12,Attinger2017,Condition A (Full),3,LO-F14,LO,
EP-12,Attinger2017,Condition A (Full),3,GO-F14,GO,
EP-12,Attinger2017,Condition A (Full),3,LO-F15,LO,
EP-12,Attinger2017,Condition A (Full),3,GO-F15,GO,
EP-12,Attinger2017,Condition A (Full),3,LO-F16,LO,
EP-12,Attinger2017,Condition A (Full),3,GO-F16,GO,
EP-12,Attinger2017,Condition A (Full),3,LO-F17,LO,
EP-12,Attinger2017,Condition A (Full),3,GO-F17,GO,
EP-12,Attinger2017,Condition A (Full),3,LO-F18,LO,0.5
EP-12,Attinger2017,Condition A (Full),3,GO-F18,GO,0.5
EP-12,Attinger2017,Condition A (Full),3,LO-F19,LO,
EP-12,Attinger2017,Condition A (Full),3,GO-F19,GO,
EP-12,Attinger2017,Condition A (Full),3,LO-F20,LO,
EP-12,Attinger2017,Condition A (Full),3,GO-F20,GO,
EP-12,Attinger2017,Condition A (Full),3,LO-F21,LO,0.5
EP-12,Attinger2017,Condition A (Full),3,GO-F21,GO,0.5
EP-12,Attinger2017,Condition A (Full),3,LO-F22,LO,
EP-12,Attinger2017,Condition A (Full),3,GO-F22,GO,
EP-12,Attinger2017,Condition A (Full),3,LO-F23,LO,0.5
EP-12,Attinger2017,Condition A (Full),3,GO-F23,GO,0.5
EP-12,Attinger2017,Condition A (Full),3,LO-F24,LO,
EP-12,Attinger2017,Condition A (Full),3,GO-F24,GO,
EP-12,Attinger2017,Condition A (Full),3,LO-F25,LO,
EP-12,Attinger2017,Condition A (Full),3,GO-F25,GO,
EP-12,Attinger2017,Condition A (Full),3,LO-F26,LO,
EP-12,Attinger2017,Condition A (Full),3,GO-F26,GO,
EP-12,Attinger2017,Condition A (Full),3,LO-F27,LO,
EP-12,Attinger2017,Condition A (Full),3,GO-F27,GO,
EP-12,Attinger2017,Condition A (Full),3,LO-F28,LO,
EP-12,Attinger2017,Condition A (Full),3,GO-F28,GO,
EP-12,Attinger2017,Condition A (Full),3,LO-F29,LO,
EP-12,Attinger2017,Condition A (Full),3,GO-F29,GO,
EP-12,Attinger2017,Condition A (Full),3,LO-F30,LO,
EP-12,Attinger2017,Condition A (Full),3,GO-F30,GO,
EP-12,Attinger2017,Condition A (Full),3,LO-F31,LO,
EP-12,Attinger2017,Condition A (Full),3,GO-F31,GO,
EP-12,Attinger2017,Condition A (Full),3,LO-F32,LO,
EP-12,Attinger2017,Condition A (Full),3,GO-F32,GO,
EP-12,Attinger2017,Condition A (Full),3,LO-F33,LO,
EP-12,Attinger2017,Condition A (Full),3,GO-F33,GO,
EP-12,Attinger2017,Condition A (Full),3,LO-F34,LO,
EP-12,Attinger2017,Condition A (Full),3,GO-F34,GO,
EP-12,Attinger2017,Condition A (Full),3,LO-F35,LO,
EP-12,Attinger2017,Condition A (Full),3,GO-F35,GO,
EP-12,Attinger2017,Condition A (Full),3,LO-F36,LO,
EP-12,Attinger2017,Condition A (Full),3,GO-F36,GO,
EP-13,Attinger2017,Condition B (Abstract),1,LO-F01,LO,1.0
EP-13,Attinger2017,Condition B (Abstract),1,GO-F01,GO,1.0
EP-13,Attinger2017,Condition B (Abstract),1,LO-F02,LO,
EP-13,Attinger2017,Condition B (Abstract),1,GO-F02,GO,
EP-13,Attinger2017,Condition B (Abstract),1,LO-F03,LO,0.5
EP-13,Attinger2017,Condition B (Abstract),1,GO-F03,GO,0.5
EP-13,Attinger2017,Condition B (Abstract),1,LO-F04,LO,
EP-13,Attinger2017,Condition B (Abstract),1,GO-F04,GO,
EP-13,Attinger2017,Condition B (Abstract),1,LO-F05,LO,
EP-13,Attinger2017,Condition B (Abstract),1,GO-F05,GO,
EP-13,Attinger2017,Condition B (Abstract),1,LO-F06,LO,0.5
EP-13,Attinger2017,Condition B (Abstract),1,GO-F06,GO,0.5
EP-13,Attinger2017,Condition B (Abstract),1,LO-F07,LO,
EP-13,Attinger2017,Condition B (Abstract),1,GO-F07,GO,
EP-13,Attinger2017,Condition B (Abstract),1,LO-F08,LO,
EP-13,Attinger2017,Condition B (Abstract),1,GO-F08,GO,
EP-13,Attinger2017,Condition B (Abstract),1,LO-F09,LO,
EP-13,Attinger2017,Condition B (Abstract),1,GO-F09,GO,
EP-13,Attinger2017,Condition B (Abstract),1,LO-F10,LO,
EP-13,Attinger2017,Condition B (Abstract),1,GO-F10,GO,
EP-13,Attinger2017,Condition B (Abstract),1,LO-F11,LO,0.5
EP-13,Attinger2017,Condition B (Abstract),1,GO-F11,GO,0.5
EP-13,Attinger2017,Condition B (Abstract),1,LO-F12,LO,
EP-13,Attinger2017,Condition B (Abstract),1,GO-F12,GO,
EP-13,Attinger2017,Condition B (Abstract),1,LO-F13,LO,0.5
EP-13,Attinger2017,Condition B (Abstract),1,GO-F13,GO,0.5
EP-13,Attinger2017,Condition B (Abstract),1,LO-F14,LO,
EP-13,Attinger2017,Condition B (Abstract),1,GO-F14,GO,
EP-13,Attinger2017,Condition B (Abstract),1,LO-F15,LO,
EP-13,Attinger2017,Condition B (Abstract),1,GO-F15,GO,
EP-13,Attinger2017,Condition B (Abstract),1,LO-F16,LO,
EP-13,Attinger2017,Condition B (Abstract),1,GO-F16,GO,
EP-13,Attinger2017,Condition B (Abstract),1,LO-F17,LO,
EP-13,Attinger2017,Condition B (Abstract),1,GO-F17,GO,
EP-13,Attinger2017,Condition B (Abstract),1,LO-F18,LO,0.5
EP-13,Attinger2017,Condition B (Abstract),1,GO-F18,GO,0.5
EP-13,Attinger2017,Condition B (Abstract),1,LO-F19,LO,
EP-13,Attinger2017,Condition B (Abstract),1,GO-F19,GO,
EP-13,Attinger2017,Condition B (Abstract),1,LO-F20,LO,
EP-13,Attinger2017,Condition B (Abstract),1,GO-F20,GO,
EP-13,Attinger2017,Condition B (Abstract),1,LO-F21,LO,
EP-13,Attinger2017,Condition B (Abstract),1,GO-F21,GO,
EP-13,Attinger2017,Condition B (Abstract),1,LO-F22,LO,
EP-13,Attinger2017,Condition B (Abstract),1,GO-F22,GO,
EP-13,Attinger2017,Condition B (Abstract),1,LO-F23,LO,0.5
EP-13,Attinger2017,Condition B (Abstract),1,GO-F23,GO,0.5
EP-13,Attinger2017,Condition B (Abstract),1,LO-F24,LO,
EP-13,Attinger2017,Condition B (Abstract),1,GO-F24,GO,
EP-13,Attinger2017,Condition B (Abstract),1,LO-F25,LO,
EP-13,Attinger2017,Condition B (Abstract),1,GO-F25,GO,
EP-13,Attinger2017,Condition B (Abstract),1,LO-F26,LO,
EP-13,Attinger2017,Condition B (Abstract),1,GO-F26,GO,
EP-13,Attinger2017,Condition B (Abstract),1,LO-F27,LO,
EP-13,Attinger2017,Condition B (Abstract),1,GO-F27,GO,
EP-13,Attinger2017,Condition B (Abstract),1,LO-F28,LO,
EP-13,Attinger2017,Condition B (Abstract),1,GO-F28,GO,
EP-13,Attinger2017,Condition B (Abstract),1,LO-F29,LO,
EP-13,Attinger2017,Condition B (Abstract),1,GO-F29,GO,
EP-13,Attinger2017,Condition B (Abstract),1,LO-F30,LO,
EP-13,Attinger2017,Condition B (Abstract),1,GO-F30,GO,
EP-13,Attinger2017,Condition B (Abstract),1,LO-F31,LO,
EP-13,Attinger2017,Condition B (Abstract),1,GO-F31,GO,
EP-13,Attinger2017,Condition B (Abstract),1,LO-F32,LO,
EP-13,Attinger2017,Condition B (Abstract),1,GO-F32,GO,
EP-13,Attinger2017,Condition B (Abstract),1,LO-F33,LO,
EP-13,Attinger2017,Condition B (Abstract),1,GO-F33,GO,
EP-13,Attinger2017,Condition B (Abstract),1,LO-F34,LO,
EP-13,Attinger2017,Condition B (Abstract),1,GO-F34,GO,
EP-13,Attinger2017,Condition B (Abstract),1,LO-F35,LO,
EP-13,Attinger2017,Condition B (Abstract),1,GO-F35,GO,
EP-13,Attinger2017,Condition B (Abstract),1,LO-F36,LO,
EP-13,Attinger2017,Condition B (Abstract),1,GO-F36,GO,
EP-14,Attinger2017,Condition B (Abstract),2,LO-F01,LO,1.0
EP-14,Attinger2017,Condition B (Abstract),2,GO-F01,GO,1.0
EP-14,Attinger2017,Condition B (Abstract),2,LO-F02,LO,
EP-14,Attinger2017,Condition B (Abstract),2,GO-F02,GO,
EP-14,Attinger2017,Condition B (Abstract),2,LO-F03,LO,0.5
EP-14,Attinger2017,Condition B (Abstract),2,GO-F03,GO,0.5
EP-14,Attinger2017,Condition B (Abstract),2,LO-F04,LO,
EP-14,Attinger2017,Condition B (Abstract),2,GO-F04,GO,
EP-14,Attinger2017,Condition B (Abstract),2,LO-F05,LO,
EP-14,Attinger2017,Condition B (Abstract),2,GO-F05,GO,
EP-14,Attinger2017,Condition B (Abstract),2,LO-F06,LO,0.5
EP-14,Attinger2017,Condition B (Abstract),2,GO-F06,GO,0.5
EP-14,Attinger2017,Condition B (Abstract),2,LO-F07,LO,
EP-14,Attinger2017,Condition B (Abstract),2,GO-F07,GO,
EP-14,Attinger2017,Condition B (Abstract),2,LO-F08,LO,
EP-14,Attinger2017,Condition B (Abstract),2,GO-F08,GO,
EP-14,Attinger2017,Condition B (Abstract),2,LO-F09,LO,
EP-14,Attinger2017,Condition B (Abstract),2,GO-F09,GO,
EP-14,Attinger2017,Condition B (Abstract),2,LO-F10,LO,
EP-14,Attinger2017,Condition B (Abstract),2,GO-F10,GO,
EP-14,Attinger2017,Condition B (Abstract),2,LO-F11,LO,0.5
EP-14,Attinger2017,Condition B (Abstract),2,GO-F11,GO,0.5
EP-14,Attinger2017,Condition B (Abstract),2,LO-F12,LO,
EP-14,Attinger2017,Condition B (Abstract),2,GO-F12,GO,
EP-14,Attinger2017,Condition B (Abstract),2,LO-F13,LO,0.5
EP-14,Attinger2017,Condition B (Abstract),2,GO-F13,GO,0.5
EP-14,Attinger2017,Condition B (Abstract),2,LO-F14,LO,
EP-14,Attinger2017,Condition B (Abstract),2,GO-F14,GO,
EP-14,Attinger2017,Condition B (Abstract),2,LO-F15,LO,
EP-14,Attinger2017,Condition B (Abstract),2,GO-F15,GO,
EP-14,Attinger2017,Condition B (Abstract),2,LO-F16,LO,
EP-14,Attinger2017,Condition B (Abstract),2,GO-F16,GO,
EP-14,Attinger2017,Condition B (Abstract),2,LO-F17,LO,
EP-14,Attinger2017,Condition B (Abstract),2,GO-F17,GO,
EP-14,Attinger2017,Condition B (Abstract),2,LO-F18,LO,0.5
EP-14,Attinger2017,Condition B (Abstract),2,GO-F18,GO,0.5
EP-14,Attinger2017,Condition B (Abstract),2,LO-F19,LO,
EP-14,Attinger2017,Condition B (Abstract),2,GO-F19,GO,
EP-14,Attinger2017,Condition B (Abstract),2,LO-F20,LO,
EP-14,Attinger2017,Condition B (Abstract),2,GO-F20,GO,
EP-14,Attinger2017,Condition B (Abstract),2,LO-F21,LO,
EP-14,Attinger2017,Condition B (Abstract),2,GO-F21,GO,
EP-14,Attinger2017,Condition B (Abstract),2,LO-F22,LO,
EP-14,Attinger2017,Condition B (Abstract),2,GO-F22,GO,
EP-14,Attinger2017,Condition B (Abstract),2,LO-F23,LO,0.5
EP-14,Attinger2017,Condition B (Abstract),2,GO-F23,GO,0.5
EP-14,Attinger2017,Condition B (Abstract),2,LO-F24,LO,
EP-14,Attinger2017,Condition B (Abstract),2,GO-F24,GO,
EP-14,Attinger2017,Condition B (Abstract),2,LO-F25,LO,
EP-14,Attinger2017,Condition B (Abstract),2,GO-F25,GO,
EP-14,Attinger2017,Condition B (Abstract),2,LO-F26,LO,
EP-14,Attinger2017,Condition B (Abstract),2,GO-F26,GO,
EP-14,Attinger2017,Condition B (Abstract),2,LO-F27,LO,
EP-14,Attinger2017,Condition B (Abstract),2,GO-F27,GO,
EP-14,Attinger2017,Condition B (Abstract),2,LO-F28,LO,
EP-14,Attinger2017,Condition B (Abstract),2,GO-F28,GO,
EP-14,Attinger2017,Condition B (Abstract),2,LO-F29,LO,
EP-14,Attinger2017,Condition B (Abstract),2,GO-F29,GO,
EP-14,Attinger2017,Condition B (Abstract),2,LO-F30,LO,
EP-14,Attinger2017,Condition B (Abstract),2,GO-F30,GO,
EP-14,Attinger2017,Condition B (Abstract),2,LO-F31,LO,
EP-14,Attinger2017,Condition B (Abstract),2,GO-F31,GO,
EP-14,Attinger2017,Condition B (Abstract),2,LO-F32,LO,
EP-14,Attinger2017,Condition B (Abstract),2,GO-F32,GO,
EP-14,Attinger2017,Condition B (Abstract),2,LO-F33,LO,
EP-14,Attinger2017,Condition B (Abstract),2,GO-F33,GO,
EP-14,Attinger2017,Condition B (Abstract),2,LO-F34,LO,
EP-14,Attinger2017,Condition B (Abstract),2,GO-F34,GO,
EP-14,Attinger2017,Condition B (Abstract),2,LO-F35,LO,
EP-14,Attinger2017,Condition B (Abstract),2,GO-F35,GO,
EP-14,Attinger2017,Condition B (Abstract),2,LO-F36,LO,
EP-14,Attinger2017,Condition B (Abstract),2,GO-F36,GO,
EP-15,Attinger2017,Condition B (Abstract),3,LO-F01,LO,1.0
EP-15,Attinger2017,Condition B (Abstract),3,GO-F01,GO,1.0
EP-15,Attinger2017,Condition B (Abstract),3,LO-F02,LO,
EP-15,Attinger2017,Condition B (Abstract),3,GO-F02,GO,
EP-15,Attinger2017,Condition B (Abstract),3,LO-F03,LO,0.5
EP-15,Attinger2017,Condition B (Abstract),3,GO-F03,GO,0.5
EP-15,Attinger2017,Condition B (Abstract),3,LO-F04,LO,
EP-15,Attinger2017,Condition B (Abstract),3,GO-F04,GO,
EP-15,Attinger2017,Condition B (Abstract),3,LO-F05,LO,
EP-15,Attinger2017,Condition B (Abstract),3,GO-F05,GO,
EP-15,Attinger2017,Condition B (Abstract),3,LO-F06,LO,0.5
EP-15,Attinger2017,Condition B (Abstract),3,GO-F06,GO,0.5
EP-15,Attinger2017,Condition B (Abstract),3,LO-F07,LO,
EP-15,Attinger2017,Condition B (Abstract),3,GO-F07,GO,
EP-15,Attinger2017,Condition B (Abstract),3,LO-F08,LO,
EP-15,Attinger2017,Condition B (Abstract),3,GO-F08,GO,
EP-15,Attinger2017,Condition B (Abstract),3,LO-F09,LO,
EP-15,Attinger2017,Condition B (Abstract),3,GO-F09,GO,
EP-15,Attinger2017,Condition B (Abstract),3,LO-F10,LO,
EP-15,Attinger2017,Condition B (Abstract),3,GO-F10,GO,
EP-15,Attinger2017,Condition B (Abstract),3,LO-F11,LO,0.5
EP-15,Attinger2017,Condition B (Abstract),3,GO-F11,GO,0.5
EP-15,Attinger2017,Condition B (Abstract),3,LO-F12,LO,
EP-15,Attinger2017,Condition B (Abstract),3,GO-F12,GO,
EP-15,Attinger2017,Condition B (Abstract),3,LO-F13,LO,0.5
EP-15,Attinger2017,Condition B (Abstract),3,GO-F13,GO,0.5
EP-15,Attinger2017,Condition B (Abstract),3,LO-F14,LO,
EP-15,Attinger2017,Condition B (Abstract),3,GO-F14,GO,
EP-15,Attinger2017,Condition B (Abstract),3,LO-F15,LO,
EP-15,Attinger2017,Condition B (Abstract),3,GO-F15,GO,
EP-15,Attinger2017,Condition B (Abstract),3,LO-F16,LO,
EP-15,Attinger2017,Condition B (Abstract),3,GO-F16,GO,
EP-15,Attinger2017,Condition B (Abstract),3,LO-F17,LO,
EP-15,Attinger2017,Condition B (Abstract),3,GO-F17,GO,
EP-15,Attinger2017,Condition B (Abstract),3,LO-F18,LO,0.5
EP-15,Attinger2017,Condition B (Abstract),3,GO-F18,GO,0.5
EP-15,Attinger2017,Condition B (Abstract),3,LO-F19,LO,
EP-15,Attinger2017,Condition B (Abstract),3,GO-F19,GO,
EP-15,Attinger2017,Condition B (Abstract),3,LO-F20,LO,
EP-15,Attinger2017,Condition B (Abstract),3,GO-F20,GO,
EP-15,Attinger2017,Condition B (Abstract),3,LO-F21,LO,
EP-15,Attinger2017,Condition B (Abstract),3,GO-F21,GO,
EP-15,Attinger2017,Condition B (Abstract),3,LO-F22,LO,
EP-15,Attinger2017,Condition B (Abstract),3,GO-F22,GO,
EP-15,Attinger2017,Condition B (Abstract),3,LO-F23,LO,0.5
EP-15,Attinger2017,Condition B (Abstract),3,GO-F23,GO,0.5
EP-15,Attinger2017,Condition B (Abstract),3,LO-F24,LO,
EP-15,Attinger2017,Condition B (Abstract),3,GO-F24,GO,
EP-15,Attinger2017,Condition B (Abstract),3,LO-F25,LO,
EP-15,Attinger2017,Condition B (Abstract),3,GO-F25,GO,
EP-15,Attinger2017,Condition B (Abstract),3,LO-F26,LO,
EP-15,Attinger2017,Condition B (Abstract),3,GO-F26,GO,
EP-15,Attinger2017,Condition B (Abstract),3,LO-F27,LO,
EP-15,Attinger2017,Condition B (Abstract),3,GO-F27,GO,
EP-15,Attinger2017,Condition B (Abstract),3,LO-F28,LO,
EP-15,Attinger2017,Condition B (Abstract),3,GO-F28,GO,
EP-15,Attinger2017,Condition B (Abstract),3,LO-F29,LO,
EP-15,Attinger2017,Condition B (Abstract),3,GO-F29,GO,
EP-15,Attinger2017,Condition B (Abstract),3,LO-F30,LO,
EP-15,Attinger2017,Condition B (Abstract),3,GO-F30,GO,
EP-15,Attinger2017,Condition B (Abstract),3,LO-F31,LO,
EP-15,Attinger2017,Condition B (Abstract),3,GO-F31,GO,
EP-15,Attinger2017,Condition B (Abstract),3,LO-F32,LO,
EP-15,Attinger2017,Condition B (Abstract),3,GO-F32,GO,
EP-15,Attinger2017,Condition B (Abstract),3,LO-F33,LO,
EP-15,Attinger2017,Condition B (Abstract),3,GO-F33,GO,
EP-15,Attinger2017,Condition B (Abstract),3,LO-F34,LO,
EP-15,Attinger2017,Condition B (Abstract),3,GO-F34,GO,
EP-15,Attinger2017,Condition B (Abstract),3,LO-F35,LO,
EP-15,Attinger2017,Condition B (Abstract),3,GO-F35,GO,
EP-15,Attinger2017,Condition B (Abstract),3,LO-F36,LO,
EP-15,Attinger2017,Condition B (Abstract),3,GO-F36,GO,
EP-16,Attinger2017,Condition C (Masked),1,LO-F01,LO,1.0
EP-16,Attinger2017,Condition C (Masked),1,GO-F01,GO,1.0
EP-16,Attinger2017,Condition C (Masked),1,LO-F02,LO,
EP-16,Attinger2017,Condition C (Masked),1,GO-F02,GO,
EP-16,Attinger2017,Condition C (Masked),1,LO-F03,LO,0.5
EP-16,Attinger2017,Condition C (Masked),1,GO-F03,GO,0.5
EP-16,Attinger2017,Condition C (Masked),1,LO-F04,LO,
EP-16,Attinger2017,Condition C (Masked),1,GO-F04,GO,
EP-16,Attinger2017,Condition C (Masked),1,LO-F05,LO,
EP-16,Attinger2017,Condition C (Masked),1,GO-F05,GO,
EP-16,Attinger2017,Condition C (Masked),1,LO-F06,LO,1.0
EP-16,Attinger2017,Condition C (Masked),1,GO-F06,GO,1.0
EP-16,Attinger2017,Condition C (Masked),1,LO-F07,LO,
EP-16,Attinger2017,Condition C (Masked),1,GO-F07,GO,
EP-16,Attinger2017,Condition C (Masked),1,LO-F08,LO,
EP-16,Attinger2017,Condition C (Masked),1,GO-F08,GO,
EP-16,Attinger2017,Condition C (Masked),1,LO-F09,LO,1.0
EP-16,Attinger2017,Condition C (Masked),1,GO-F09,GO,1.0
EP-16,Attinger2017,Condition C (Masked),1,LO-F10,LO,
EP-16,Attinger2017,Condition C (Masked),1,GO-F10,GO,
EP-16,Attinger2017,Condition C (Masked),1,LO-F11,LO,1.0
EP-16,Attinger2017,Condition C (Masked),1,GO-F11,GO,1.0
EP-16,Attinger2017,Condition C (Masked),1,LO-F12,LO,
EP-16,Attinger2017,Condition C (Masked),1,GO-F12,GO,
EP-16,Attinger2017,Condition C (Masked),1,LO-F13,LO,1.0
EP-16,Attinger2017,Condition C (Masked),1,GO-F13,GO,1.0
EP-16,Attinger2017,Condition C (Masked),1,LO-F14,LO,
EP-16,Attinger2017,Condition C (Masked),1,GO-F14,GO,
EP-16,Attinger2017,Condition C (Masked),1,LO-F15,LO,
EP-16,Attinger2017,Condition C (Masked),1,GO-F15,GO,
EP-16,Attinger2017,Condition C (Masked),1,LO-F16,LO,
EP-16,Attinger2017,Condition C (Masked),1,GO-F16,GO,
EP-16,Attinger2017,Condition C (Masked),1,LO-F17,LO,
EP-16,Attinger2017,Condition C (Masked),1,GO-F17,GO,
EP-16,Attinger2017,Condition C (Masked),1,LO-F18,LO,0.5
EP-16,Attinger2017,Condition C (Masked),1,GO-F18,GO,0.5
EP-16,Attinger2017,Condition C (Masked),1,LO-F19,LO,
EP-16,Attinger2017,Condition C (Masked),1,GO-F19,GO,
EP-16,Attinger2017,Condition C (Masked),1,LO-F20,LO,
EP-16,Attinger2017,Condition C (Masked),1,GO-F20,GO,
EP-16,Attinger2017,Condition C (Masked),1,LO-F21,LO,
EP-16,Attinger2017,Condition C (Masked),1,GO-F21,GO,
EP-16,Attinger2017,Condition C (Masked),1,LO-F22,LO,
EP-16,Attinger2017,Condition C (Masked),1,GO-F22,GO,
EP-16,Attinger2017,Condition C (Masked),1,LO-F23,LO,0.5
EP-16,Attinger2017,Condition C (Masked),1,GO-F23,GO,0.5
EP-16,Attinger2017,Condition C (Masked),1,LO-F24,LO,
EP-16,Attinger2017,Condition C (Masked),1,GO-F24,GO,
EP-16,Attinger2017,Condition C (Masked),1,LO-F25,LO,
EP-16,Attinger2017,Condition C (Masked),1,GO-F25,GO,
EP-16,Attinger2017,Condition C (Masked),1,LO-F26,LO,
EP-16,Attinger2017,Condition C (Masked),1,GO-F26,GO,
EP-16,Attinger2017,Condition C (Masked),1,LO-F27,LO,
EP-16,Attinger2017,Condition C (Masked),1,GO-F27,GO,
EP-16,Attinger2017,Condition C (Masked),1,LO-F28,LO,
EP-16,Attinger2017,Condition C (Masked),1,GO-F28,GO,
EP-16,Attinger2017,Condition C (Masked),1,LO-F29,LO,
EP-16,Attinger2017,Condition C (Masked),1,GO-F29,GO,
EP-16,Attinger2017,Condition C (Masked),1,LO-F30,LO,
EP-16,Attinger2017,Condition C (Masked),1,GO-F30,GO,
EP-16,Attinger2017,Condition C (Masked),1,LO-F31,LO,
EP-16,Attinger2017,Condition C (Masked),1,GO-F31,GO,
EP-16,Attinger2017,Condition C (Masked),1,LO-F32,LO,
EP-16,Attinger2017,Condition C (Masked),1,GO-F32,GO,
EP-16,Attinger2017,Condition C (Masked),1,LO-F33,LO,
EP-16,Attinger2017,Condition C (Masked),1,GO-F33,GO,
EP-16,Attinger2017,Condition C (Masked),1,LO-F34,LO,
EP-16,Attinger2017,Condition C (Masked),1,GO-F34,GO,
EP-16,Attinger2017,Condition C (Masked),1,LO-F35,LO,
EP-16,Attinger2017,Condition C (Masked),1,GO-F35,GO,
EP-16,Attinger2017,Condition C (Masked),1,LO-F36,LO,
EP-16,Attinger2017,Condition C (Masked),1,GO-F36,GO,
EP-17,Attinger2017,Condition C (Masked),2,LO-F01,LO,1.0
EP-17,Attinger2017,Condition C (Masked),2,GO-F01,GO,1.0
EP-17,Attinger2017,Condition C (Masked),2,LO-F02,LO,
EP-17,Attinger2017,Condition C (Masked),2,GO-F02,GO,
EP-17,Attinger2017,Condition C (Masked),2,LO-F03,LO,0.5
EP-17,Attinger2017,Condition C (Masked),2,GO-F03,GO,0.5
EP-17,Attinger2017,Condition C (Masked),2,LO-F04,LO,
EP-17,Attinger2017,Condition C (Masked),2,GO-F04,GO,
EP-17,Attinger2017,Condition C (Masked),2,LO-F05,LO,
EP-17,Attinger2017,Condition C (Masked),2,GO-F05,GO,
EP-17,Attinger2017,Condition C (Masked),2,LO-F06,LO,1.0
EP-17,Attinger2017,Condition C (Masked),2,GO-F06,GO,1.0
EP-17,Attinger2017,Condition C (Masked),2,LO-F07,LO,
EP-17,Attinger2017,Condition C (Masked),2,GO-F07,GO,
EP-17,Attinger2017,Condition C (Masked),2,LO-F08,LO,
EP-17,Attinger2017,Condition C (Masked),2,GO-F08,GO,
EP-17,Attinger2017,Condition C (Masked),2,LO-F09,LO,1.0
EP-17,Attinger2017,Condition C (Masked),2,GO-F09,GO,1.0
EP-17,Attinger2017,Condition C (Masked),2,LO-F10,LO,
EP-17,Attinger2017,Condition C (Masked),2,GO-F10,GO,
EP-17,Attinger2017,Condition C (Masked),2,LO-F11,LO,1.0
EP-17,Attinger2017,Condition C (Masked),2,GO-F11,GO,1.0
EP-17,Attinger2017,Condition C (Masked),2,LO-F12,LO,
EP-17,Attinger2017,Condition C (Masked),2,GO-F12,GO,
EP-17,Attinger2017,Condition C (Masked),2,LO-F13,LO,1.0
EP-17,Attinger2017,Condition C (Masked),2,GO-F13,GO,1.0
EP-17,Attinger2017,Condition C (Masked),2,LO-F14,LO,
EP-17,Attinger2017,Condition C (Masked),2,GO-F14,GO,
EP-17,Attinger2017,Condition C (Masked),2,LO-F15,LO,
EP-17,Attinger2017,Condition C (Masked),2,GO-F15,GO,
EP-17,Attinger2017,Condition C (Masked),2,LO-F16,LO,
EP-17,Attinger2017,Condition C (Masked),2,GO-F16,GO,
EP-17,Attinger2017,Condition C (Masked),2,LO-F17,LO,
EP-17,Attinger2017,Condition C (Masked),2,GO-F17,GO,
EP-17,Attinger2017,Condition C (Masked),2,LO-F18,LO,0.5
EP-17,Attinger2017,Condition C (Masked),2,GO-F18,GO,0.5
EP-17,Attinger2017,Condition C (Masked),2,LO-F19,LO,
EP-17,Attinger2017,Condition C (Masked),2,GO-F19,GO,
EP-17,Attinger2017,Condition C (Masked),2,LO-F20,LO,
EP-17,Attinger2017,Condition C (Masked),2,GO-F20,GO,
EP-17,Attinger2017,Condition C (Masked),2,LO-F21,LO,0.5
EP-17,Attinger2017,Condition C (Masked),2,GO-F21,GO,0.5
EP-17,Attinger2017,Condition C (Masked),2,LO-F22,LO,
EP-17,Attinger2017,Condition C (Masked),2,GO-F22,GO,
EP-17,Attinger2017,Condition C (Masked),2,LO-F23,LO,0.5
EP-17,Attinger2017,Condition C (Masked),2,GO-F23,GO,0.5
EP-17,Attinger2017,Condition C (Masked),2,LO-F24,LO,
EP-17,Attinger2017,Condition C (Masked),2,GO-F24,GO,
EP-17,Attinger2017,Condition C (Masked),2,LO-F25,LO,
EP-17,Attinger2017,Condition C (Masked),2,GO-F25,GO,
EP-17,Attinger2017,Condition C (Masked),2,LO-F26,LO,
EP-17,Attinger2017,Condition C (Masked),2,GO-F26,GO,
EP-17,Attinger2017,Condition C (Masked),2,LO-F27,LO,
EP-17,Attinger2017,Condition C (Masked),2,GO-F27,GO,
EP-17,Attinger2017,Condition C (Masked),2,LO-F28,LO,
EP-17,Attinger2017,Condition C (Masked),2,GO-F28,GO,
EP-17,Attinger2017,Condition C (Masked),2,LO-F29,LO,
EP-17,Attinger2017,Condition C (Masked),2,GO-F29,GO,
EP-17,Attinger2017,Condition C (Masked),2,LO-F30,LO,
EP-17,Attinger2017,Condition C (Masked),2,GO-F30,GO,
EP-17,Attinger2017,Condition C (Masked),2,LO-F31,LO,
EP-17,Attinger2017,Condition C (Masked),2,GO-F31,GO,
EP-17,Attinger2017,Condition C (Masked),2,LO-F32,LO,
EP-17,Attinger2017,Condition C (Masked),2,GO-F32,GO,
EP-17,Attinger2017,Condition C (Masked),2,LO-F33,LO,
EP-17,Attinger2017,Condition C (Masked),2,GO-F33,GO,
EP-17,Attinger2017,Condition C (Masked),2,LO-F34,LO,
EP-17,Attinger2017,Condition C (Masked),2,GO-F34,GO,
EP-17,Attinger2017,Condition C (Masked),2,LO-F35,LO,
EP-17,Attinger2017,Condition C (Masked),2,GO-F35,GO,
EP-17,Attinger2017,Condition C (Masked),2,LO-F36,LO,
EP-17,Attinger2017,Condition C (Masked),2,GO-F36,GO,
EP-18,Attinger2017,Condition C (Masked),3,LO-F01,LO,1.0
EP-18,Attinger2017,Condition C (Masked),3,GO-F01,GO,1.0
EP-18,Attinger2017,Condition C (Masked),3,LO-F02,LO,
EP-18,Attinger2017,Condition C (Masked),3,GO-F02,GO,
EP-18,Attinger2017,Condition C (Masked),3,LO-F03,LO,0.5
EP-18,Attinger2017,Condition C (Masked),3,GO-F03,GO,0.5
EP-18,Attinger2017,Condition C (Masked),3,LO-F04,LO,
EP-18,Attinger2017,Condition C (Masked),3,GO-F04,GO,
EP-18,Attinger2017,Condition C (Masked),3,LO-F05,LO,
EP-18,Attinger2017,Condition C (Masked),3,GO-F05,GO,
EP-18,Attinger2017,Condition C (Masked),3,LO-F06,LO,1.0
EP-18,Attinger2017,Condition C (Masked),3,GO-F06,GO,1.0
EP-18,Attinger2017,Condition C (Masked),3,LO-F07,LO,
EP-18,Attinger2017,Condition C (Masked),3,GO-F07,GO,
EP-18,Attinger2017,Condition C (Masked),3,LO-F08,LO,
EP-18,Attinger2017,Condition C (Masked),3,GO-F08,GO,
EP-18,Attinger2017,Condition C (Masked),3,LO-F09,LO,1.0
EP-18,Attinger2017,Condition C (Masked),3,GO-F09,GO,1.0
EP-18,Attinger2017,Condition C (Masked),3,LO-F10,LO,
EP-18,Attinger2017,Condition C (Masked),3,GO-F10,GO,
EP-18,Attinger2017,Condition C (Masked),3,LO-F11,LO,1.0
EP-18,Attinger2017,Condition C (Masked),3,GO-F11,GO,1.0
EP-18,Attinger2017,Condition C (Masked),3,LO-F12,LO,
EP-18,Attinger2017,Condition C (Masked),3,GO-F12,GO,
EP-18,Attinger2017,Condition C (Masked),3,LO-F13,LO,1.0
EP-18,Attinger2017,Condition C (Masked),3,GO-F13,GO,1.0
EP-18,Attinger2017,Condition C (Masked),3,LO-F14,LO,
EP-18,Attinger2017,Condition C (Masked),3,GO-F14,GO,
EP-18,Attinger2017,Condition C (Masked),3,LO-F15,LO,
EP-18,Attinger2017,Condition C (Masked),3,GO-F15,GO,
EP-18,Attinger2017,Condition C (Masked),3,LO-F16,LO,
EP-18,Attinger2017,Condition C (Masked),3,GO-F16,GO,
EP-18,Attinger2017,Condition C (Masked),3,LO-F17,LO,
EP-18,Attinger2017,Condition C (Masked),3,GO-F17,GO,
EP-18,Attinger2017,Condition C (Masked),3,LO-F18,LO,1.0
EP-18,Attinger2017,Condition C (Masked),3,GO-F18,GO,1.0
EP-18,Attinger2017,Condition C (Masked),3,LO-F19,LO,
EP-18,Attinger2017,Condition C (Masked),3,GO-F19,GO,
EP-18,Attinger2017,Condition C (Masked),3,LO-F20,LO,
EP-18,Attinger2017,Condition C (Masked),3,GO-F20,GO,
EP-18,Attinger2017,Condition C (Masked),3,LO-F21,LO,0.5
EP-18,Attinger2017,Condition C (Masked),3,GO-F21,GO,0.5
EP-18,Attinger2017,Condition C (Masked),3,LO-F22,LO,
EP-18,Attinger2017,Condition C (Masked),3,GO-F22,GO,
EP-18,Attinger2017,Condition C (Masked),3,LO-F23,LO,1.0
EP-18,Attinger2017,Condition C (Masked),3,GO-F23,GO,1.0
EP-18,Attinger2017,Condition C (Masked),3,LO-F24,LO,
EP-18,Attinger2017,Condition C (Masked),3,GO-F24,GO,
EP-18,Attinger2017,Condition C (Masked),3,LO-F25,LO,0.5
EP-18,Attinger2017,Condition C (Masked),3,GO-F25,GO,0.5
EP-18,Attinger2017,Condition C (Masked),3,LO-F26,LO,
EP-18,Attinger2017,Condition C (Masked),3,GO-F26,GO,
EP-18,Attinger2017,Condition C (Masked),3,LO-F27,LO,
EP-18,Attinger2017,Condition C (Masked),3,GO-F27,GO,
EP-18,Attinger2017,Condition C (Masked),3,LO-F28,LO,
EP-18,Attinger2017,Condition C (Masked),3,GO-F28,GO,
EP-18,Attinger2017,Condition C (Masked),3,LO-F29,LO,
EP-18,Attinger2017,Condition C (Masked),3,GO-F29,GO,
EP-18,Attinger2017,Condition C (Masked),3,LO-F30,LO,
EP-18,Attinger2017,Condition C (Masked),3,GO-F30,GO,
EP-18,Attinger2017,Condition C (Masked),3,LO-F31,LO,
EP-18,Attinger2017,Condition C (Masked),3,GO-F31,GO,
EP-18,Attinger2017,Condition C (Masked),3,LO-F32,LO,
EP-18,Attinger2017,Condition C (Masked),3,GO-F32,GO,
EP-18,Attinger2017,Condition C (Masked),3,LO-F33,LO,
EP-18,Attinger2017,Condition C (Masked),3,GO-F33,GO,
EP-18,Attinger2017,Condition C (Masked),3,LO-F34,LO,
EP-18,Attinger2017,Condition C (Masked),3,GO-F34,GO,
EP-18,Attinger2017,Condition C (Masked),3,LO-F35,LO,
EP-18,Attinger2017,Condition C (Masked),3,GO-F35,GO,
EP-18,Attinger2017,Condition C (Masked),3,LO-F36,LO,
EP-18,Attinger2017,Condition C (Masked),3,GO-F36,GO,
EP-19,Keller2012,Condition A (Full),1,LO-F01,LO,
EP-19,Keller2012,Condition A (Full),1,GO-F01,GO,
EP-19,Keller2012,Condition A (Full),1,LO-F02,LO,
EP-19,Keller2012,Condition A (Full),1,GO-F02,GO,
EP-19,Keller2012,Condition A (Full),1,LO-F03,LO,
EP-19,Keller2012,Condition A (Full),1,GO-F03,GO,
EP-19,Keller2012,Condition A (Full),1,LO-F04,LO,
EP-19,Keller2012,Condition A (Full),1,GO-F04,GO,
EP-19,Keller2012,Condition A (Full),1,LO-F05,LO,
EP-19,Keller2012,Condition A (Full),1,GO-F05,GO,
EP-19,Keller2012,Condition A (Full),1,LO-F06,LO,
EP-19,Keller2012,Condition A (Full),1,GO-F06,GO,
EP-19,Keller2012,Condition A (Full),1,LO-F07,LO,
EP-19,Keller2012,Condition A (Full),1,GO-F07,GO,
EP-19,Keller2012,Condition A (Full),1,LO-F08,LO,
EP-19,Keller2012,Condition A (Full),1,GO-F08,GO,
EP-19,Keller2012,Condition A (Full),1,LO-F09,LO,
EP-19,Keller2012,Condition A (Full),1,GO-F09,GO,
EP-19,Keller2012,Condition A (Full),1,LO-F10,LO,
EP-19,Keller2012,Condition A (Full),1,GO-F10,GO,
EP-19,Keller2012,Condition A (Full),1,LO-F11,LO,
EP-19,Keller2012,Condition A (Full),1,GO-F11,GO,
EP-19,Keller2012,Condition A (Full),1,LO-F12,LO,
EP-19,Keller2012,Condition A (Full),1,GO-F12,GO,
EP-19,Keller2012,Condition A (Full),1,LO-F13,LO,
EP-19,Keller2012,Condition A (Full),1,GO-F13,GO,
EP-19,Keller2012,Condition A (Full),1,LO-F14,LO,
EP-19,Keller2012,Condition A (Full),1,GO-F14,GO,
EP-19,Keller2012,Condition A (Full),1,LO-F15,LO,
EP-19,Keller2012,Condition A (Full),1,GO-F15,GO,
EP-19,Keller2012,Condition A (Full),1,LO-F16,LO,
EP-19,Keller2012,Condition A (Full),1,GO-F16,GO,
EP-19,Keller2012,Condition A (Full),1,LO-F17,LO,
EP-19,Keller2012,Condition A (Full),1,GO-F17,GO,
EP-19,Keller2012,Condition A (Full),1,LO-F18,LO,
EP-19,Keller2012,Condition A (Full),1,GO-F18,GO,
EP-19,Keller2012,Condition A (Full),1,LO-F19,LO,
EP-19,Keller2012,Condition A (Full),1,GO-F19,GO,
EP-19,Keller2012,Condition A (Full),1,LO-F20,LO,
EP-19,Keller2012,Condition A (Full),1,GO-F20,GO,
EP-19,Keller2012,Condition A (Full),1,LO-F21,LO,
EP-19,Keller2012,Condition A (Full),1,GO-F21,GO,
EP-19,Keller2012,Condition A (Full),1,LO-F22,LO,
EP-19,Keller2012,Condition A (Full),1,GO-F22,GO,
EP-19,Keller2012,Condition A (Full),1,LO-F23,LO,
EP-19,Keller2012,Condition A (Full),1,GO-F23,GO,
EP-19,Keller2012,Condition A (Full),1,LO-F24,LO,
EP-19,Keller2012,Condition A (Full),1,GO-F24,GO,
EP-19,Keller2012,Condition A (Full),1,LO-F25,LO,
EP-19,Keller2012,Condition A (Full),1,GO-F25,GO,
EP-19,Keller2012,Condition A (Full),1,LO-F26,LO,
EP-19,Keller2012,Condition A (Full),1,GO-F26,GO,
EP-19,Keller2012,Condition A (Full),1,LO-F27,LO,
EP-19,Keller2012,Condition A (Full),1,GO-F27,GO,
EP-19,Keller2012,Condition A (Full),1,LO-F28,LO,
EP-19,Keller2012,Condition A (Full),1,GO-F28,GO,
EP-19,Keller2012,Condition A (Full),1,LO-F29,LO,
EP-19,Keller2012,Condition A (Full),1,GO-F29,GO,
EP-19,Keller2012,Condition A (Full),1,LO-F30,LO,
EP-19,Keller2012,Condition A (Full),1,GO-F30,GO,
EP-19,Keller2012,Condition A (Full),1,LO-F31,LO,
EP-19,Keller2012,Condition A (Full),1,GO-F31,GO,
EP-19,Keller2012,Condition A (Full),1,LO-F32,LO,
EP-19,Keller2012,Condition A (Full),1,GO-F32,GO,
EP-19,Keller2012,Condition A (Full),1,LO-F33,LO,
EP-19,Keller2012,Condition A (Full),1,GO-F33,GO,
EP-19,Keller2012,Condition A (Full),1,LO-F34,LO,
EP-19,Keller2012,Condition A (Full),1,GO-F34,GO,
EP-19,Keller2012,Condition A (Full),1,LO-F35,LO,
EP-19,Keller2012,Condition A (Full),1,GO-F35,GO,
EP-19,Keller2012,Condition A (Full),1,LO-F36,LO,
EP-19,Keller2012,Condition A (Full),1,GO-F36,GO,
EP-20,Keller2012,Condition A (Full),2,LO-F01,LO,
EP-20,Keller2012,Condition A (Full),2,GO-F01,GO,
EP-20,Keller2012,Condition A (Full),2,LO-F02,LO,
EP-20,Keller2012,Condition A (Full),2,GO-F02,GO,
EP-20,Keller2012,Condition A (Full),2,LO-F03,LO,
EP-20,Keller2012,Condition A (Full),2,GO-F03,GO,
EP-20,Keller2012,Condition A (Full),2,LO-F04,LO,
EP-20,Keller2012,Condition A (Full),2,GO-F04,GO,
EP-20,Keller2012,Condition A (Full),2,LO-F05,LO,
EP-20,Keller2012,Condition A (Full),2,GO-F05,GO,
EP-20,Keller2012,Condition A (Full),2,LO-F06,LO,
EP-20,Keller2012,Condition A (Full),2,GO-F06,GO,
EP-20,Keller2012,Condition A (Full),2,LO-F07,LO,
EP-20,Keller2012,Condition A (Full),2,GO-F07,GO,
EP-20,Keller2012,Condition A (Full),2,LO-F08,LO,
EP-20,Keller2012,Condition A (Full),2,GO-F08,GO,
EP-20,Keller2012,Condition A (Full),2,LO-F09,LO,
EP-20,Keller2012,Condition A (Full),2,GO-F09,GO,
EP-20,Keller2012,Condition A (Full),2,LO-F10,LO,
EP-20,Keller2012,Condition A (Full),2,GO-F10,GO,
EP-20,Keller2012,Condition A (Full),2,LO-F11,LO,
EP-20,Keller2012,Condition A (Full),2,GO-F11,GO,
EP-20,Keller2012,Condition A (Full),2,LO-F12,LO,
EP-20,Keller2012,Condition A (Full),2,GO-F12,GO,
EP-20,Keller2012,Condition A (Full),2,LO-F13,LO,
EP-20,Keller2012,Condition A (Full),2,GO-F13,GO,
EP-20,Keller2012,Condition A (Full),2,LO-F14,LO,
EP-20,Keller2012,Condition A (Full),2,GO-F14,GO,
EP-20,Keller2012,Condition A (Full),2,LO-F15,LO,
EP-20,Keller2012,Condition A (Full),2,GO-F15,GO,
EP-20,Keller2012,Condition A (Full),2,LO-F16,LO,
EP-20,Keller2012,Condition A (Full),2,GO-F16,GO,
EP-20,Keller2012,Condition A (Full),2,LO-F17,LO,
EP-20,Keller2012,Condition A (Full),2,GO-F17,GO,
EP-20,Keller2012,Condition A (Full),2,LO-F18,LO,
EP-20,Keller2012,Condition A (Full),2,GO-F18,GO,
EP-20,Keller2012,Condition A (Full),2,LO-F19,LO,
EP-20,Keller2012,Condition A (Full),2,GO-F19,GO,
EP-20,Keller2012,Condition A (Full),2,LO-F20,LO,
EP-20,Keller2012,Condition A (Full),2,GO-F20,GO,
EP-20,Keller2012,Condition A (Full),2,LO-F21,LO,
EP-20,Keller2012,Condition A (Full),2,GO-F21,GO,
EP-20,Keller2012,Condition A (Full),2,LO-F22,LO,
EP-20,Keller2012,Condition A (Full),2,GO-F22,GO,
EP-20,Keller2012,Condition A (Full),2,LO-F23,LO,
EP-20,Keller2012,Condition A (Full),2,GO-F23,GO,
EP-20,Keller2012,Condition A (Full),2,LO-F24,LO,
EP-20,Keller2012,Condition A (Full),2,GO-F24,GO,
EP-20,Keller2012,Condition A (Full),2,LO-F25,LO,
EP-20,Keller2012,Condition A (Full),2,GO-F25,GO,
EP-20,Keller2012,Condition A (Full),2,LO-F26,LO,
EP-20,Keller2012,Condition A (Full),2,GO-F26,GO,
EP-20,Keller2012,Condition A (Full),2,LO-F27,LO,
EP-20,Keller2012,Condition A (Full),2,GO-F27,GO,
EP-20,Keller2012,Condition A (Full),2,LO-F28,LO,
EP-20,Keller2012,Condition A (Full),2,GO-F28,GO,
EP-20,Keller2012,Condition A (Full),2,LO-F29,LO,
EP-20,Keller2012,Condition A (Full),2,GO-F29,GO,
EP-20,Keller2012,Condition A (Full),2,LO-F30,LO,
EP-20,Keller2012,Condition A (Full),2,GO-F30,GO,
EP-20,Keller2012,Condition A (Full),2,LO-F31,LO,
EP-20,Keller2012,Condition A (Full),2,GO-F31,GO,
EP-20,Keller2012,Condition A (Full),2,LO-F32,LO,
EP-20,Keller2012,Condition A (Full),2,GO-F32,GO,
EP-20,Keller2012,Condition A (Full),2,LO-F33,LO,
EP-20,Keller2012,Condition A (Full),2,GO-F33,GO,
EP-20,Keller2012,Condition A (Full),2,LO-F34,LO,
EP-20,Keller2012,Condition A (Full),2,GO-F34,GO,
EP-20,Keller2012,Condition A (Full),2,LO-F35,LO,
EP-20,Keller2012,Condition A (Full),2,GO-F35,GO,
EP-20,Keller2012,Condition A (Full),2,LO-F36,LO,
EP-20,Keller2012,Condition A (Full),2,GO-F36,GO,
EP-21,Keller2012,Condition A (Full),3,LO-F01,LO,
EP-21,Keller2012,Condition A (Full),3,GO-F01,GO,
EP-21,Keller2012,Condition A (Full),3,LO-F02,LO,
EP-21,Keller2012,Condition A (Full),3,GO-F02,GO,
EP-21,Keller2012,Condition A (Full),3,LO-F03,LO,
EP-21,Keller2012,Condition A (Full),3,GO-F03,GO,
EP-21,Keller2012,Condition A (Full),3,LO-F04,LO,
EP-21,Keller2012,Condition A (Full),3,GO-F04,GO,
EP-21,Keller2012,Condition A (Full),3,LO-F05,LO,
EP-21,Keller2012,Condition A (Full),3,GO-F05,GO,
EP-21,Keller2012,Condition A (Full),3,LO-F06,LO,
EP-21,Keller2012,Condition A (Full),3,GO-F06,GO,
EP-21,Keller2012,Condition A (Full),3,LO-F07,LO,
EP-21,Keller2012,Condition A (Full),3,GO-F07,GO,
EP-21,Keller2012,Condition A (Full),3,LO-F08,LO,
EP-21,Keller2012,Condition A (Full),3,GO-F08,GO,
EP-21,Keller2012,Condition A (Full),3,LO-F09,LO,
EP-21,Keller2012,Condition A (Full),3,GO-F09,GO,
EP-21,Keller2012,Condition A (Full),3,LO-F10,LO,
EP-21,Keller2012,Condition A (Full),3,GO-F10,GO,
EP-21,Keller2012,Condition A (Full),3,LO-F11,LO,
EP-21,Keller2012,Condition A (Full),3,GO-F11,GO,
EP-21,Keller2012,Condition A (Full),3,LO-F12,LO,
EP-21,Keller2012,Condition A (Full),3,GO-F12,GO,
EP-21,Keller2012,Condition A (Full),3,LO-F13,LO,
EP-21,Keller2012,Condition A (Full),3,GO-F13,GO,
EP-21,Keller2012,Condition A (Full),3,LO-F14,LO,
EP-21,Keller2012,Condition A (Full),3,GO-F14,GO,
EP-21,Keller2012,Condition A (Full),3,LO-F15,LO,
EP-21,Keller2012,Condition A (Full),3,GO-F15,GO,
EP-21,Keller2012,Condition A (Full),3,LO-F16,LO,
EP-21,Keller2012,Condition A (Full),3,GO-F16,GO,
EP-21,Keller2012,Condition A (Full),3,LO-F17,LO,
EP-21,Keller2012,Condition A (Full),3,GO-F17,GO,
EP-21,Keller2012,Condition A (Full),3,LO-F18,LO,
EP-21,Keller2012,Condition A (Full),3,GO-F18,GO,
EP-21,Keller2012,Condition A (Full),3,LO-F19,LO,
EP-21,Keller2012,Condition A (Full),3,GO-F19,GO,
EP-21,Keller2012,Condition A (Full),3,LO-F20,LO,
EP-21,Keller2012,Condition A (Full),3,GO-F20,GO,
EP-21,Keller2012,Condition A (Full),3,LO-F21,LO,
EP-21,Keller2012,Condition A (Full),3,GO-F21,GO,
EP-21,Keller2012,Condition A (Full),3,LO-F22,LO,
EP-21,Keller2012,Condition A (Full),3,GO-F22,GO,
EP-21,Keller2012,Condition A (Full),3,LO-F23,LO,
EP-21,Keller2012,Condition A (Full),3,GO-F23,GO,
EP-21,Keller2012,Condition A (Full),3,LO-F24,LO,
EP-21,Keller2012,Condition A (Full),3,GO-F24,GO,
EP-21,Keller2012,Condition A (Full),3,LO-F25,LO,
EP-21,Keller2012,Condition A (Full),3,GO-F25,GO,
EP-21,Keller2012,Condition A (Full),3,LO-F26,LO,
EP-21,Keller2012,Condition A (Full),3,GO-F26,GO,
EP-21,Keller2012,Condition A (Full),3,LO-F27,LO,
EP-21,Keller2012,Condition A (Full),3,GO-F27,GO,
EP-21,Keller2012,Condition A (Full),3,LO-F28,LO,
EP-21,Keller2012,Condition A (Full),3,GO-F28,GO,
EP-21,Keller2012,Condition A (Full),3,LO-F29,LO,
EP-21,Keller2012,Condition A (Full),3,GO-F29,GO,
EP-21,Keller2012,Condition A (Full),3,LO-F30,LO,
EP-21,Keller2012,Condition A (Full),3,GO-F30,GO,
EP-21,Keller2012,Condition A (Full),3,LO-F31,LO,
EP-21,Keller2012,Condition A (Full),3,GO-F31,GO,
EP-21,Keller2012,Condition A (Full),3,LO-F32,LO,
EP-21,Keller2012,Condition A (Full),3,GO-F32,GO,
EP-21,Keller2012,Condition A (Full),3,LO-F33,LO,
EP-21,Keller2012,Condition A (Full),3,GO-F33,GO,
EP-21,Keller2012,Condition A (Full),3,LO-F34,LO,
EP-21,Keller2012,Condition A (Full),3,GO-F34,GO,
EP-21,Keller2012,Condition A (Full),3,LO-F35,LO,
EP-21,Keller2012,Condition A (Full),3,GO-F35,GO,
EP-21,Keller2012,Condition A (Full),3,LO-F36,LO,
EP-21,Keller2012,Condition A (Full),3,GO-F36,GO,
EP-22,Keller2012,Condition B (Abstract),1,LO-F01,LO,
EP-22,Keller2012,Condition B (Abstract),1,GO-F01,GO,
EP-22,Keller2012,Condition B (Abstract),1,LO-F02,LO,
EP-22,Keller2012,Condition B (Abstract),1,GO-F02,GO,
EP-22,Keller2012,Condition B (Abstract),1,LO-F03,LO,
EP-22,Keller2012,Condition B (Abstract),1,GO-F03,GO,
EP-22,Keller2012,Condition B (Abstract),1,LO-F04,LO,
EP-22,Keller2012,Condition B (Abstract),1,GO-F04,GO,
EP-22,Keller2012,Condition B (Abstract),1,LO-F05,LO,
EP-22,Keller2012,Condition B (Abstract),1,GO-F05,GO,
EP-22,Keller2012,Condition B (Abstract),1,LO-F06,LO,
EP-22,Keller2012,Condition B (Abstract),1,GO-F06,GO,
EP-22,Keller2012,Condition B (Abstract),1,LO-F07,LO,
EP-22,Keller2012,Condition B (Abstract),1,GO-F07,GO,
EP-22,Keller2012,Condition B (Abstract),1,LO-F08,LO,
EP-22,Keller2012,Condition B (Abstract),1,GO-F08,GO,
EP-22,Keller2012,Condition B (Abstract),1,LO-F09,LO,
EP-22,Keller2012,Condition B (Abstract),1,GO-F09,GO,
EP-22,Keller2012,Condition B (Abstract),1,LO-F10,LO,
EP-22,Keller2012,Condition B (Abstract),1,GO-F10,GO,
EP-22,Keller2012,Condition B (Abstract),1,LO-F11,LO,
EP-22,Keller2012,Condition B (Abstract),1,GO-F11,GO,
EP-22,Keller2012,Condition B (Abstract),1,LO-F12,LO,
EP-22,Keller2012,Condition B (Abstract),1,GO-F12,GO,
EP-22,Keller2012,Condition B (Abstract),1,LO-F13,LO,
EP-22,Keller2012,Condition B (Abstract),1,GO-F13,GO,
EP-22,Keller2012,Condition B (Abstract),1,LO-F14,LO,
EP-22,Keller2012,Condition B (Abstract),1,GO-F14,GO,
EP-22,Keller2012,Condition B (Abstract),1,LO-F15,LO,
EP-22,Keller2012,Condition B (Abstract),1,GO-F15,GO,
EP-22,Keller2012,Condition B (Abstract),1,LO-F16,LO,
EP-22,Keller2012,Condition B (Abstract),1,GO-F16,GO,
EP-22,Keller2012,Condition B (Abstract),1,LO-F17,LO,
EP-22,Keller2012,Condition B (Abstract),1,GO-F17,GO,
EP-22,Keller2012,Condition B (Abstract),1,LO-F18,LO,
EP-22,Keller2012,Condition B (Abstract),1,GO-F18,GO,
EP-22,Keller2012,Condition B (Abstract),1,LO-F19,LO,
EP-22,Keller2012,Condition B (Abstract),1,GO-F19,GO,
EP-22,Keller2012,Condition B (Abstract),1,LO-F20,LO,
EP-22,Keller2012,Condition B (Abstract),1,GO-F20,GO,
EP-22,Keller2012,Condition B (Abstract),1,LO-F21,LO,
EP-22,Keller2012,Condition B (Abstract),1,GO-F21,GO,
EP-22,Keller2012,Condition B (Abstract),1,LO-F22,LO,
EP-22,Keller2012,Condition B (Abstract),1,GO-F22,GO,
EP-22,Keller2012,Condition B (Abstract),1,LO-F23,LO,
EP-22,Keller2012,Condition B (Abstract),1,GO-F23,GO,
EP-22,Keller2012,Condition B (Abstract),1,LO-F24,LO,
EP-22,Keller2012,Condition B (Abstract),1,GO-F24,GO,
EP-22,Keller2012,Condition B (Abstract),1,LO-F25,LO,
EP-22,Keller2012,Condition B (Abstract),1,GO-F25,GO,
EP-22,Keller2012,Condition B (Abstract),1,LO-F26,LO,
EP-22,Keller2012,Condition B (Abstract),1,GO-F26,GO,
EP-22,Keller2012,Condition B (Abstract),1,LO-F27,LO,
EP-22,Keller2012,Condition B (Abstract),1,GO-F27,GO,
EP-22,Keller2012,Condition B (Abstract),1,LO-F28,LO,
EP-22,Keller2012,Condition B (Abstract),1,GO-F28,GO,
EP-22,Keller2012,Condition B (Abstract),1,LO-F29,LO,
EP-22,Keller2012,Condition B (Abstract),1,GO-F29,GO,
EP-22,Keller2012,Condition B (Abstract),1,LO-F30,LO,
EP-22,Keller2012,Condition B (Abstract),1,GO-F30,GO,
EP-22,Keller2012,Condition B (Abstract),1,LO-F31,LO,
EP-22,Keller2012,Condition B (Abstract),1,GO-F31,GO,
EP-22,Keller2012,Condition B (Abstract),1,LO-F32,LO,
EP-22,Keller2012,Condition B (Abstract),1,GO-F32,GO,
EP-22,Keller2012,Condition B (Abstract),1,LO-F33,LO,
EP-22,Keller2012,Condition B (Abstract),1,GO-F33,GO,
EP-22,Keller2012,Condition B (Abstract),1,LO-F34,LO,
EP-22,Keller2012,Condition B (Abstract),1,GO-F34,GO,
EP-22,Keller2012,Condition B (Abstract),1,LO-F35,LO,
EP-22,Keller2012,Condition B (Abstract),1,GO-F35,GO,
EP-22,Keller2012,Condition B (Abstract),1,LO-F36,LO,
EP-22,Keller2012,Condition B (Abstract),1,GO-F36,GO,
EP-23,Keller2012,Condition B (Abstract),2,LO-F01,LO,
EP-23,Keller2012,Condition B (Abstract),2,GO-F01,GO,
EP-23,Keller2012,Condition B (Abstract),2,LO-F02,LO,
EP-23,Keller2012,Condition B (Abstract),2,GO-F02,GO,
EP-23,Keller2012,Condition B (Abstract),2,LO-F03,LO,
EP-23,Keller2012,Condition B (Abstract),2,GO-F03,GO,
EP-23,Keller2012,Condition B (Abstract),2,LO-F04,LO,
EP-23,Keller2012,Condition B (Abstract),2,GO-F04,GO,
EP-23,Keller2012,Condition B (Abstract),2,LO-F05,LO,
EP-23,Keller2012,Condition B (Abstract),2,GO-F05,GO,
EP-23,Keller2012,Condition B (Abstract),2,LO-F06,LO,
EP-23,Keller2012,Condition B (Abstract),2,GO-F06,GO,
EP-23,Keller2012,Condition B (Abstract),2,LO-F07,LO,
EP-23,Keller2012,Condition B (Abstract),2,GO-F07,GO,
EP-23,Keller2012,Condition B (Abstract),2,LO-F08,LO,
EP-23,Keller2012,Condition B (Abstract),2,GO-F08,GO,
EP-23,Keller2012,Condition B (Abstract),2,LO-F09,LO,
EP-23,Keller2012,Condition B (Abstract),2,GO-F09,GO,
EP-23,Keller2012,Condition B (Abstract),2,LO-F10,LO,
EP-23,Keller2012,Condition B (Abstract),2,GO-F10,GO,
EP-23,Keller2012,Condition B (Abstract),2,LO-F11,LO,
EP-23,Keller2012,Condition B (Abstract),2,GO-F11,GO,
EP-23,Keller2012,Condition B (Abstract),2,LO-F12,LO,
EP-23,Keller2012,Condition B (Abstract),2,GO-F12,GO,
EP-23,Keller2012,Condition B (Abstract),2,LO-F13,LO,
EP-23,Keller2012,Condition B (Abstract),2,GO-F13,GO,
EP-23,Keller2012,Condition B (Abstract),2,LO-F14,LO,
EP-23,Keller2012,Condition B (Abstract),2,GO-F14,GO,
EP-23,Keller2012,Condition B (Abstract),2,LO-F15,LO,
EP-23,Keller2012,Condition B (Abstract),2,GO-F15,GO,
EP-23,Keller2012,Condition B (Abstract),2,LO-F16,LO,
EP-23,Keller2012,Condition B (Abstract),2,GO-F16,GO,
EP-23,Keller2012,Condition B (Abstract),2,LO-F17,LO,
EP-23,Keller2012,Condition B (Abstract),2,GO-F17,GO,
EP-23,Keller2012,Condition B (Abstract),2,LO-F18,LO,
EP-23,Keller2012,Condition B (Abstract),2,GO-F18,GO,
EP-23,Keller2012,Condition B (Abstract),2,LO-F19,LO,
EP-23,Keller2012,Condition B (Abstract),2,GO-F19,GO,
EP-23,Keller2012,Condition B (Abstract),2,LO-F20,LO,
EP-23,Keller2012,Condition B (Abstract),2,GO-F20,GO,
EP-23,Keller2012,Condition B (Abstract),2,LO-F21,LO,
EP-23,Keller2012,Condition B (Abstract),2,GO-F21,GO,
EP-23,Keller2012,Condition B (Abstract),2,LO-F22,LO,
EP-23,Keller2012,Condition B (Abstract),2,GO-F22,GO,
EP-23,Keller2012,Condition B (Abstract),2,LO-F23,LO,
EP-23,Keller2012,Condition B (Abstract),2,GO-F23,GO,
EP-23,Keller2012,Condition B (Abstract),2,LO-F24,LO,
EP-23,Keller2012,Condition B (Abstract),2,GO-F24,GO,
EP-23,Keller2012,Condition B (Abstract),2,LO-F25,LO,
EP-23,Keller2012,Condition B (Abstract),2,GO-F25,GO,
EP-23,Keller2012,Condition B (Abstract),2,LO-F26,LO,
EP-23,Keller2012,Condition B (Abstract),2,GO-F26,GO,
EP-23,Keller2012,Condition B (Abstract),2,LO-F27,LO,
EP-23,Keller2012,Condition B (Abstract),2,GO-F27,GO,
EP-23,Keller2012,Condition B (Abstract),2,LO-F28,LO,
EP-23,Keller2012,Condition B (Abstract),2,GO-F28,GO,
EP-23,Keller2012,Condition B (Abstract),2,LO-F29,LO,
EP-23,Keller2012,Condition B (Abstract),2,GO-F29,GO,
EP-23,Keller2012,Condition B (Abstract),2,LO-F30,LO,
EP-23,Keller2012,Condition B (Abstract),2,GO-F30,GO,
EP-23,Keller2012,Condition B (Abstract),2,LO-F31,LO,
EP-23,Keller2012,Condition B (Abstract),2,GO-F31,GO,
EP-23,Keller2012,Condition B (Abstract),2,LO-F32,LO,
EP-23,Keller2012,Condition B (Abstract),2,GO-F32,GO,
EP-23,Keller2012,Condition B (Abstract),2,LO-F33,LO,
EP-23,Keller2012,Condition B (Abstract),2,GO-F33,GO,
EP-23,Keller2012,Condition B (Abstract),2,LO-F34,LO,
EP-23,Keller2012,Condition B (Abstract),2,GO-F34,GO,
EP-23,Keller2012,Condition B (Abstract),2,LO-F35,LO,
EP-23,Keller2012,Condition B (Abstract),2,GO-F35,GO,
EP-23,Keller2012,Condition B (Abstract),2,LO-F36,LO,
EP-23,Keller2012,Condition B (Abstract),2,GO-F36,GO,
EP-24,Keller2012,Condition B (Abstract),3,LO-F01,LO,
EP-24,Keller2012,Condition B (Abstract),3,GO-F01,GO,
EP-24,Keller2012,Condition B (Abstract),3,LO-F02,LO,
EP-24,Keller2012,Condition B (Abstract),3,GO-F02,GO,
EP-24,Keller2012,Condition B (Abstract),3,LO-F03,LO,
EP-24,Keller2012,Condition B (Abstract),3,GO-F03,GO,
EP-24,Keller2012,Condition B (Abstract),3,LO-F04,LO,
EP-24,Keller2012,Condition B (Abstract),3,GO-F04,GO,
EP-24,Keller2012,Condition B (Abstract),3,LO-F05,LO,
EP-24,Keller2012,Condition B (Abstract),3,GO-F05,GO,
EP-24,Keller2012,Condition B (Abstract),3,LO-F06,LO,
EP-24,Keller2012,Condition B (Abstract),3,GO-F06,GO,
EP-24,Keller2012,Condition B (Abstract),3,LO-F07,LO,
EP-24,Keller2012,Condition B (Abstract),3,GO-F07,GO,
EP-24,Keller2012,Condition B (Abstract),3,LO-F08,LO,
EP-24,Keller2012,Condition B (Abstract),3,GO-F08,GO,
EP-24,Keller2012,Condition B (Abstract),3,LO-F09,LO,
EP-24,Keller2012,Condition B (Abstract),3,GO-F09,GO,
EP-24,Keller2012,Condition B (Abstract),3,LO-F10,LO,
EP-24,Keller2012,Condition B (Abstract),3,GO-F10,GO,
EP-24,Keller2012,Condition B (Abstract),3,LO-F11,LO,
EP-24,Keller2012,Condition B (Abstract),3,GO-F11,GO,
EP-24,Keller2012,Condition B (Abstract),3,LO-F12,LO,
EP-24,Keller2012,Condition B (Abstract),3,GO-F12,GO,
EP-24,Keller2012,Condition B (Abstract),3,LO-F13,LO,
EP-24,Keller2012,Condition B (Abstract),3,GO-F13,GO,
EP-24,Keller2012,Condition B (Abstract),3,LO-F14,LO,
EP-24,Keller2012,Condition B (Abstract),3,GO-F14,GO,
EP-24,Keller2012,Condition B (Abstract),3,LO-F15,LO,
EP-24,Keller2012,Condition B (Abstract),3,GO-F15,GO,
EP-24,Keller2012,Condition B (Abstract),3,LO-F16,LO,
EP-24,Keller2012,Condition B (Abstract),3,GO-F16,GO,
EP-24,Keller2012,Condition B (Abstract),3,LO-F17,LO,
EP-24,Keller2012,Condition B (Abstract),3,GO-F17,GO,
EP-24,Keller2012,Condition B (Abstract),3,LO-F18,LO,
EP-24,Keller2012,Condition B (Abstract),3,GO-F18,GO,
EP-24,Keller2012,Condition B (Abstract),3,LO-F19,LO,
EP-24,Keller2012,Condition B (Abstract),3,GO-F19,GO,
EP-24,Keller2012,Condition B (Abstract),3,LO-F20,LO,
EP-24,Keller2012,Condition B (Abstract),3,GO-F20,GO,
EP-24,Keller2012,Condition B (Abstract),3,LO-F21,LO,
EP-24,Keller2012,Condition B (Abstract),3,GO-F21,GO,
EP-24,Keller2012,Condition B (Abstract),3,LO-F22,LO,
EP-24,Keller2012,Condition B (Abstract),3,GO-F22,GO,
EP-24,Keller2012,Condition B (Abstract),3,LO-F23,LO,
EP-24,Keller2012,Condition B (Abstract),3,GO-F23,GO,
EP-24,Keller2012,Condition B (Abstract),3,LO-F24,LO,
EP-24,Keller2012,Condition B (Abstract),3,GO-F24,GO,
EP-24,Keller2012,Condition B (Abstract),3,LO-F25,LO,
EP-24,Keller2012,Condition B (Abstract),3,GO-F25,GO,
EP-24,Keller2012,Condition B (Abstract),3,LO-F26,LO,
EP-24,Keller2012,Condition B (Abstract),3,GO-F26,GO,
EP-24,Keller2012,Condition B (Abstract),3,LO-F27,LO,
EP-24,Keller2012,Condition B (Abstract),3,GO-F27,GO,
EP-24,Keller2012,Condition B (Abstract),3,LO-F28,LO,
EP-24,Keller2012,Condition B (Abstract),3,GO-F28,GO,
EP-24,Keller2012,Condition B (Abstract),3,LO-F29,LO,
EP-24,Keller2012,Condition B (Abstract),3,GO-F29,GO,
EP-24,Keller2012,Condition B (Abstract),3,LO-F30,LO,
EP-24,Keller2012,Condition B (Abstract),3,GO-F30,GO,
EP-24,Keller2012,Condition B (Abstract),3,LO-F31,LO,
EP-24,Keller2012,Condition B (Abstract),3,GO-F31,GO,
EP-24,Keller2012,Condition B (Abstract),3,LO-F32,LO,
EP-24,Keller2012,Condition B (Abstract),3,GO-F32,GO,
EP-24,Keller2012,Condition B (Abstract),3,LO-F33,LO,
EP-24,Keller2012,Condition B (Abstract),3,GO-F33,GO,
EP-24,Keller2012,Condition B (Abstract),3,LO-F34,LO,
EP-24,Keller2012,Condition B (Abstract),3,GO-F34,GO,
EP-24,Keller2012,Condition B (Abstract),3,LO-F35,LO,
EP-24,Keller2012,Condition B (Abstract),3,GO-F35,GO,
EP-24,Keller2012,Condition B (Abstract),3,LO-F36,LO,
EP-24,Keller2012,Condition B (Abstract),3,GO-F36,GO,
EP-25,Keller2012,Condition C (Masked),1,LO-F01,LO,
EP-25,Keller2012,Condition C (Masked),1,GO-F01,GO,
EP-25,Keller2012,Condition C (Masked),1,LO-F02,LO,
EP-25,Keller2012,Condition C (Masked),1,GO-F02,GO,
EP-25,Keller2012,Condition C (Masked),1,LO-F03,LO,
EP-25,Keller2012,Condition C (Masked),1,GO-F03,GO,
EP-25,Keller2012,Condition C (Masked),1,LO-F04,LO,
EP-25,Keller2012,Condition C (Masked),1,GO-F04,GO,
EP-25,Keller2012,Condition C (Masked),1,LO-F05,LO,
EP-25,Keller2012,Condition C (Masked),1,GO-F05,GO,
EP-25,Keller2012,Condition C (Masked),1,LO-F06,LO,
EP-25,Keller2012,Condition C (Masked),1,GO-F06,GO,
EP-25,Keller2012,Condition C (Masked),1,LO-F07,LO,
EP-25,Keller2012,Condition C (Masked),1,GO-F07,GO,
EP-25,Keller2012,Condition C (Masked),1,LO-F08,LO,
EP-25,Keller2012,Condition C (Masked),1,GO-F08,GO,
EP-25,Keller2012,Condition C (Masked),1,LO-F09,LO,
EP-25,Keller2012,Condition C (Masked),1,GO-F09,GO,
EP-25,Keller2012,Condition C (Masked),1,LO-F10,LO,
EP-25,Keller2012,Condition C (Masked),1,GO-F10,GO,
EP-25,Keller2012,Condition C (Masked),1,LO-F11,LO,
EP-25,Keller2012,Condition C (Masked),1,GO-F11,GO,
EP-25,Keller2012,Condition C (Masked),1,LO-F12,LO,
EP-25,Keller2012,Condition C (Masked),1,GO-F12,GO,
EP-25,Keller2012,Condition C (Masked),1,LO-F13,LO,
EP-25,Keller2012,Condition C (Masked),1,GO-F13,GO,
EP-25,Keller2012,Condition C (Masked),1,LO-F14,LO,
EP-25,Keller2012,Condition C (Masked),1,GO-F14,GO,
EP-25,Keller2012,Condition C (Masked),1,LO-F15,LO,
EP-25,Keller2012,Condition C (Masked),1,GO-F15,GO,
EP-25,Keller2012,Condition C (Masked),1,LO-F16,LO,
EP-25,Keller2012,Condition C (Masked),1,GO-F16,GO,
EP-25,Keller2012,Condition C (Masked),1,LO-F17,LO,
EP-25,Keller2012,Condition C (Masked),1,GO-F17,GO,
EP-25,Keller2012,Condition C (Masked),1,LO-F18,LO,
EP-25,Keller2012,Condition C (Masked),1,GO-F18,GO,
EP-25,Keller2012,Condition C (Masked),1,LO-F19,LO,
EP-25,Keller2012,Condition C (Masked),1,GO-F19,GO,
EP-25,Keller2012,Condition C (Masked),1,LO-F20,LO,
EP-25,Keller2012,Condition C (Masked),1,GO-F20,GO,
EP-25,Keller2012,Condition C (Masked),1,LO-F21,LO,
EP-25,Keller2012,Condition C (Masked),1,GO-F21,GO,
EP-25,Keller2012,Condition C (Masked),1,LO-F22,LO,
EP-25,Keller2012,Condition C (Masked),1,GO-F22,GO,
EP-25,Keller2012,Condition C (Masked),1,LO-F23,LO,
EP-25,Keller2012,Condition C (Masked),1,GO-F23,GO,
EP-25,Keller2012,Condition C (Masked),1,LO-F24,LO,
EP-25,Keller2012,Condition C (Masked),1,GO-F24,GO,
EP-25,Keller2012,Condition C (Masked),1,LO-F25,LO,
EP-25,Keller2012,Condition C (Masked),1,GO-F25,GO,
EP-25,Keller2012,Condition C (Masked),1,LO-F26,LO,
EP-25,Keller2012,Condition C (Masked),1,GO-F26,GO,
EP-25,Keller2012,Condition C (Masked),1,LO-F27,LO,
EP-25,Keller2012,Condition C (Masked),1,GO-F27,GO,
EP-25,Keller2012,Condition C (Masked),1,LO-F28,LO,
EP-25,Keller2012,Condition C (Masked),1,GO-F28,GO,
EP-25,Keller2012,Condition C (Masked),1,LO-F29,LO,
EP-25,Keller2012,Condition C (Masked),1,GO-F29,GO,
EP-25,Keller2012,Condition C (Masked),1,LO-F30,LO,
EP-25,Keller2012,Condition C (Masked),1,GO-F30,GO,
EP-25,Keller2012,Condition C (Masked),1,LO-F31,LO,
EP-25,Keller2012,Condition C (Masked),1,GO-F31,GO,
EP-25,Keller2012,Condition C (Masked),1,LO-F32,LO,
EP-25,Keller2012,Condition C (Masked),1,GO-F32,GO,
EP-25,Keller2012,Condition C (Masked),1,LO-F33,LO,
EP-25,Keller2012,Condition C (Masked),1,GO-F33,GO,
EP-25,Keller2012,Condition C (Masked),1,LO-F34,LO,
EP-25,Keller2012,Condition C (Masked),1,GO-F34,GO,
EP-25,Keller2012,Condition C (Masked),1,LO-F35,LO,
EP-25,Keller2012,Condition C (Masked),1,GO-F35,GO,
EP-25,Keller2012,Condition C (Masked),1,LO-F36,LO,
EP-25,Keller2012,Condition C (Masked),1,GO-F36,GO,
EP-26,Keller2012,Condition C (Masked),2,LO-F01,LO,
EP-26,Keller2012,Condition C (Masked),2,GO-F01,GO,
EP-26,Keller2012,Condition C (Masked),2,LO-F02,LO,
EP-26,Keller2012,Condition C (Masked),2,GO-F02,GO,
EP-26,Keller2012,Condition C (Masked),2,LO-F03,LO,
EP-26,Keller2012,Condition C (Masked),2,GO-F03,GO,
EP-26,Keller2012,Condition C (Masked),2,LO-F04,LO,
EP-26,Keller2012,Condition C (Masked),2,GO-F04,GO,
EP-26,Keller2012,Condition C (Masked),2,LO-F05,LO,
EP-26,Keller2012,Condition C (Masked),2,GO-F05,GO,
EP-26,Keller2012,Condition C (Masked),2,LO-F06,LO,
EP-26,Keller2012,Condition C (Masked),2,GO-F06,GO,
EP-26,Keller2012,Condition C (Masked),2,LO-F07,LO,
EP-26,Keller2012,Condition C (Masked),2,GO-F07,GO,
EP-26,Keller2012,Condition C (Masked),2,LO-F08,LO,
EP-26,Keller2012,Condition C (Masked),2,GO-F08,GO,
EP-26,Keller2012,Condition C (Masked),2,LO-F09,LO,
EP-26,Keller2012,Condition C (Masked),2,GO-F09,GO,
EP-26,Keller2012,Condition C (Masked),2,LO-F10,LO,
EP-26,Keller2012,Condition C (Masked),2,GO-F10,GO,
EP-26,Keller2012,Condition C (Masked),2,LO-F11,LO,
EP-26,Keller2012,Condition C (Masked),2,GO-F11,GO,
EP-26,Keller2012,Condition C (Masked),2,LO-F12,LO,
EP-26,Keller2012,Condition C (Masked),2,GO-F12,GO,
EP-26,Keller2012,Condition C (Masked),2,LO-F13,LO,
EP-26,Keller2012,Condition C (Masked),2,GO-F13,GO,
EP-26,Keller2012,Condition C (Masked),2,LO-F14,LO,
EP-26,Keller2012,Condition C (Masked),2,GO-F14,GO,
EP-26,Keller2012,Condition C (Masked),2,LO-F15,LO,
EP-26,Keller2012,Condition C (Masked),2,GO-F15,GO,
EP-26,Keller2012,Condition C (Masked),2,LO-F16,LO,
EP-26,Keller2012,Condition C (Masked),2,GO-F16,GO,
EP-26,Keller2012,Condition C (Masked),2,LO-F17,LO,
EP-26,Keller2012,Condition C (Masked),2,GO-F17,GO,
EP-26,Keller2012,Condition C (Masked),2,LO-F18,LO,
EP-26,Keller2012,Condition C (Masked),2,GO-F18,GO,
EP-26,Keller2012,Condition C (Masked),2,LO-F19,LO,
EP-26,Keller2012,Condition C (Masked),2,GO-F19,GO,
EP-26,Keller2012,Condition C (Masked),2,LO-F20,LO,
EP-26,Keller2012,Condition C (Masked),2,GO-F20,GO,
EP-26,Keller2012,Condition C (Masked),2,LO-F21,LO,
EP-26,Keller2012,Condition C (Masked),2,GO-F21,GO,
EP-26,Keller2012,Condition C (Masked),2,LO-F22,LO,
EP-26,Keller2012,Condition C (Masked),2,GO-F22,GO,
EP-26,Keller2012,Condition C (Masked),2,LO-F23,LO,
EP-26,Keller2012,Condition C (Masked),2,GO-F23,GO,
EP-26,Keller2012,Condition C (Masked),2,LO-F24,LO,
EP-26,Keller2012,Condition C (Masked),2,GO-F24,GO,
EP-26,Keller2012,Condition C (Masked),2,LO-F25,LO,
EP-26,Keller2012,Condition C (Masked),2,GO-F25,GO,
EP-26,Keller2012,Condition C (Masked),2,LO-F26,LO,
EP-26,Keller2012,Condition C (Masked),2,GO-F26,GO,
EP-26,Keller2012,Condition C (Masked),2,LO-F27,LO,
EP-26,Keller2012,Condition C (Masked),2,GO-F27,GO,
EP-26,Keller2012,Condition C (Masked),2,LO-F28,LO,
EP-26,Keller2012,Condition C (Masked),2,GO-F28,GO,
EP-26,Keller2012,Condition C (Masked),2,LO-F29,LO,
EP-26,Keller2012,Condition C (Masked),2,GO-F29,GO,
EP-26,Keller2012,Condition C (Masked),2,LO-F30,LO,
EP-26,Keller2012,Condition C (Masked),2,GO-F30,GO,
EP-26,Keller2012,Condition C (Masked),2,LO-F31,LO,
EP-26,Keller2012,Condition C (Masked),2,GO-F31,GO,
EP-26,Keller2012,Condition C (Masked),2,LO-F32,LO,
EP-26,Keller2012,Condition C (Masked),2,GO-F32,GO,
EP-26,Keller2012,Condition C (Masked),2,LO-F33,LO,
EP-26,Keller2012,Condition C (Masked),2,GO-F33,GO,
EP-26,Keller2012,Condition C (Masked),2,LO-F34,LO,
EP-26,Keller2012,Condition C (Masked),2,GO-F34,GO,
EP-26,Keller2012,Condition C (Masked),2,LO-F35,LO,
EP-26,Keller2012,Condition C (Masked),2,GO-F35,GO,
EP-26,Keller2012,Condition C (Masked),2,LO-F36,LO,
EP-26,Keller2012,Condition C (Masked),2,GO-F36,GO,
EP-27,Keller2012,Condition C (Masked),3,LO-F01,LO,
EP-27,Keller2012,Condition C (Masked),3,GO-F01,GO,
EP-27,Keller2012,Condition C (Masked),3,LO-F02,LO,
EP-27,Keller2012,Condition C (Masked),3,GO-F02,GO,
EP-27,Keller2012,Condition C (Masked),3,LO-F03,LO,
EP-27,Keller2012,Condition C (Masked),3,GO-F03,GO,
EP-27,Keller2012,Condition C (Masked),3,LO-F04,LO,
EP-27,Keller2012,Condition C (Masked),3,GO-F04,GO,
EP-27,Keller2012,Condition C (Masked),3,LO-F05,LO,
EP-27,Keller2012,Condition C (Masked),3,GO-F05,GO,
EP-27,Keller2012,Condition C (Masked),3,LO-F06,LO,
EP-27,Keller2012,Condition C (Masked),3,GO-F06,GO,
EP-27,Keller2012,Condition C (Masked),3,LO-F07,LO,
EP-27,Keller2012,Condition C (Masked),3,GO-F07,GO,
EP-27,Keller2012,Condition C (Masked),3,LO-F08,LO,
EP-27,Keller2012,Condition C (Masked),3,GO-F08,GO,
EP-27,Keller2012,Condition C (Masked),3,LO-F09,LO,
EP-27,Keller2012,Condition C (Masked),3,GO-F09,GO,
EP-27,Keller2012,Condition C (Masked),3,LO-F10,LO,
EP-27,Keller2012,Condition C (Masked),3,GO-F10,GO,
EP-27,Keller2012,Condition C (Masked),3,LO-F11,LO,
EP-27,Keller2012,Condition C (Masked),3,GO-F11,GO,
EP-27,Keller2012,Condition C (Masked),3,LO-F12,LO,
EP-27,Keller2012,Condition C (Masked),3,GO-F12,GO,
EP-27,Keller2012,Condition C (Masked),3,LO-F13,LO,
EP-27,Keller2012,Condition C (Masked),3,GO-F13,GO,
EP-27,Keller2012,Condition C (Masked),3,LO-F14,LO,
EP-27,Keller2012,Condition C (Masked),3,GO-F14,GO,
EP-27,Keller2012,Condition C (Masked),3,LO-F15,LO,
EP-27,Keller2012,Condition C (Masked),3,GO-F15,GO,
EP-27,Keller2012,Condition C (Masked),3,LO-F16,LO,
EP-27,Keller2012,Condition C (Masked),3,GO-F16,GO,
EP-27,Keller2012,Condition C (Masked),3,LO-F17,LO,
EP-27,Keller2012,Condition C (Masked),3,GO-F17,GO,
EP-27,Keller2012,Condition C (Masked),3,LO-F18,LO,
EP-27,Keller2012,Condition C (Masked),3,GO-F18,GO,
EP-27,Keller2012,Condition C (Masked),3,LO-F19,LO,
EP-27,Keller2012,Condition C (Masked),3,GO-F19,GO,
EP-27,Keller2012,Condition C (Masked),3,LO-F20,LO,
EP-27,Keller2012,Condition C (Masked),3,GO-F20,GO,
EP-27,Keller2012,Condition C (Masked),3,LO-F21,LO,
EP-27,Keller2012,Condition C (Masked),3,GO-F21,GO,
EP-27,Keller2012,Condition C (Masked),3,LO-F22,LO,
EP-27,Keller2012,Condition C (Masked),3,GO-F22,GO,
EP-27,Keller2012,Condition C (Masked),3,LO-F23,LO,
EP-27,Keller2012,Condition C (Masked),3,GO-F23,GO,
EP-27,Keller2012,Condition C (Masked),3,LO-F24,LO,
EP-27,Keller2012,Condition C (Masked),3,GO-F24,GO,
EP-27,Keller2012,Condition C (Masked),3,LO-F25,LO,
EP-27,Keller2012,Condition C (Masked),3,GO-F25,GO,
EP-27,Keller2012,Condition C (Masked),3,LO-F26,LO,
EP-27,Keller2012,Condition C (Masked),3,GO-F26,GO,
EP-27,Keller2012,Condition C (Masked),3,LO-F27,LO,
EP-27,Keller2012,Condition C (Masked),3,GO-F27,GO,
EP-27,Keller2012,Condition C (Masked),3,LO-F28,LO,
EP-27,Keller2012,Condition C (Masked),3,GO-F28,GO,
EP-27,Keller2012,Condition C (Masked),3,LO-F29,LO,
EP-27,Keller2012,Condition C (Masked),3,GO-F29,GO,
EP-27,Keller2012,Condition C (Masked),3,LO-F30,LO,
EP-27,Keller2012,Condition C (Masked),3,GO-F30,GO,
EP-27,Keller2012,Condition C (Masked),3,LO-F31,LO,
EP-27,Keller2012,Condition C (Masked),3,GO-F31,GO,
EP-27,Keller2012,Condition C (Masked),3,LO-F32,LO,
EP-27,Keller2012,Condition C (Masked),3,GO-F32,GO,
EP-27,Keller2012,Condition C (Masked),3,LO-F33,LO,
EP-27,Keller2012,Condition C (Masked),3,GO-F33,GO,
EP-27,Keller2012,Condition C (Masked),3,LO-F34,LO,
EP-27,Keller2012,Condition C (Masked),3,GO-F34,GO,
EP-27,Keller2012,Condition C (Masked),3,LO-F35,LO,
EP-27,Keller2012,Condition C (Masked),3,GO-F35,GO,
EP-27,Keller2012,Condition C (Masked),3,LO-F36,LO,
EP-27,Keller2012,Condition C (Masked),3,GO-F36,GO,
EP-28,Furutachi2024,Condition A (Full),1,LO-F01,LO,0.5
EP-28,Furutachi2024,Condition A (Full),1,GO-F01,GO,0.5
EP-28,Furutachi2024,Condition A (Full),1,LO-F02,LO,
EP-28,Furutachi2024,Condition A (Full),1,GO-F02,GO,
EP-28,Furutachi2024,Condition A (Full),1,LO-F03,LO,0.5
EP-28,Furutachi2024,Condition A (Full),1,GO-F03,GO,0.5
EP-28,Furutachi2024,Condition A (Full),1,LO-F04,LO,1.0
EP-28,Furutachi2024,Condition A (Full),1,GO-F04,GO,
EP-28,Furutachi2024,Condition A (Full),1,LO-F05,LO,-0.5
EP-28,Furutachi2024,Condition A (Full),1,GO-F05,GO,
EP-28,Furutachi2024,Condition A (Full),1,LO-F06,LO,1.0
EP-28,Furutachi2024,Condition A (Full),1,GO-F06,GO,1.0
EP-28,Furutachi2024,Condition A (Full),1,LO-F07,LO,1.0
EP-28,Furutachi2024,Condition A (Full),1,GO-F07,GO,1.0
EP-28,Furutachi2024,Condition A (Full),1,LO-F08,LO,
EP-28,Furutachi2024,Condition A (Full),1,GO-F08,GO,
EP-28,Furutachi2024,Condition A (Full),1,LO-F09,LO,1.0
EP-28,Furutachi2024,Condition A (Full),1,GO-F09,GO,1.0
EP-28,Furutachi2024,Condition A (Full),1,LO-F10,LO,0.5
EP-28,Furutachi2024,Condition A (Full),1,GO-F10,GO,0.5
EP-28,Furutachi2024,Condition A (Full),1,LO-F11,LO,0.5
EP-28,Furutachi2024,Condition A (Full),1,GO-F11,GO,0.5
EP-28,Furutachi2024,Condition A (Full),1,LO-F12,LO,1.0
EP-28,Furutachi2024,Condition A (Full),1,GO-F12,GO,1.0
EP-28,Furutachi2024,Condition A (Full),1,LO-F13,LO,1.0
EP-28,Furutachi2024,Condition A (Full),1,GO-F13,GO,1.0
EP-28,Furutachi2024,Condition A (Full),1,LO-F14,LO,
EP-28,Furutachi2024,Condition A (Full),1,GO-F14,GO,
EP-28,Furutachi2024,Condition A (Full),1,LO-F15,LO,
EP-28,Furutachi2024,Condition A (Full),1,GO-F15,GO,
EP-28,Furutachi2024,Condition A (Full),1,LO-F16,LO,
EP-28,Furutachi2024,Condition A (Full),1,GO-F16,GO,
EP-28,Furutachi2024,Condition A (Full),1,LO-F17,LO,
EP-28,Furutachi2024,Condition A (Full),1,GO-F17,GO,
EP-28,Furutachi2024,Condition A (Full),1,LO-F18,LO,1.0
EP-28,Furutachi2024,Condition A (Full),1,GO-F18,GO,1.0
EP-28,Furutachi2024,Condition A (Full),1,LO-F19,LO,
EP-28,Furutachi2024,Condition A (Full),1,GO-F19,GO,
EP-28,Furutachi2024,Condition A (Full),1,LO-F20,LO,
EP-28,Furutachi2024,Condition A (Full),1,GO-F20,GO,
EP-28,Furutachi2024,Condition A (Full),1,LO-F21,LO,1.0
EP-28,Furutachi2024,Condition A (Full),1,GO-F21,GO,1.0
EP-28,Furutachi2024,Condition A (Full),1,LO-F22,LO,
EP-28,Furutachi2024,Condition A (Full),1,GO-F22,GO,
EP-28,Furutachi2024,Condition A (Full),1,LO-F23,LO,1.0
EP-28,Furutachi2024,Condition A (Full),1,GO-F23,GO,1.0
EP-28,Furutachi2024,Condition A (Full),1,LO-F24,LO,1.0
EP-28,Furutachi2024,Condition A (Full),1,GO-F24,GO,1.0
EP-28,Furutachi2024,Condition A (Full),1,LO-F25,LO,
EP-28,Furutachi2024,Condition A (Full),1,GO-F25,GO,
EP-28,Furutachi2024,Condition A (Full),1,LO-F26,LO,
EP-28,Furutachi2024,Condition A (Full),1,GO-F26,GO,
EP-28,Furutachi2024,Condition A (Full),1,LO-F27,LO,
EP-28,Furutachi2024,Condition A (Full),1,GO-F27,GO,
EP-28,Furutachi2024,Condition A (Full),1,LO-F28,LO,
EP-28,Furutachi2024,Condition A (Full),1,GO-F28,GO,
EP-28,Furutachi2024,Condition A (Full),1,LO-F29,LO,
EP-28,Furutachi2024,Condition A (Full),1,GO-F29,GO,
EP-28,Furutachi2024,Condition A (Full),1,LO-F30,LO,
EP-28,Furutachi2024,Condition A (Full),1,GO-F30,GO,
EP-28,Furutachi2024,Condition A (Full),1,LO-F31,LO,
EP-28,Furutachi2024,Condition A (Full),1,GO-F31,GO,
EP-28,Furutachi2024,Condition A (Full),1,LO-F32,LO,
EP-28,Furutachi2024,Condition A (Full),1,GO-F32,GO,
EP-28,Furutachi2024,Condition A (Full),1,LO-F33,LO,
EP-28,Furutachi2024,Condition A (Full),1,GO-F33,GO,
EP-28,Furutachi2024,Condition A (Full),1,LO-F34,LO,
EP-28,Furutachi2024,Condition A (Full),1,GO-F34,GO,
EP-28,Furutachi2024,Condition A (Full),1,LO-F35,LO,
EP-28,Furutachi2024,Condition A (Full),1,GO-F35,GO,
EP-28,Furutachi2024,Condition A (Full),1,LO-F36,LO,
EP-28,Furutachi2024,Condition A (Full),1,GO-F36,GO,
EP-29,Furutachi2024,Condition A (Full),2,LO-F01,LO,0.5
EP-29,Furutachi2024,Condition A (Full),2,GO-F01,GO,0.5
EP-29,Furutachi2024,Condition A (Full),2,LO-F02,LO,
EP-29,Furutachi2024,Condition A (Full),2,GO-F02,GO,
EP-29,Furutachi2024,Condition A (Full),2,LO-F03,LO,0.5
EP-29,Furutachi2024,Condition A (Full),2,GO-F03,GO,0.5
EP-29,Furutachi2024,Condition A (Full),2,LO-F04,LO,1.0
EP-29,Furutachi2024,Condition A (Full),2,GO-F04,GO,
EP-29,Furutachi2024,Condition A (Full),2,LO-F05,LO,-0.5
EP-29,Furutachi2024,Condition A (Full),2,GO-F05,GO,
EP-29,Furutachi2024,Condition A (Full),2,LO-F06,LO,1.0
EP-29,Furutachi2024,Condition A (Full),2,GO-F06,GO,1.0
EP-29,Furutachi2024,Condition A (Full),2,LO-F07,LO,1.0
EP-29,Furutachi2024,Condition A (Full),2,GO-F07,GO,1.0
EP-29,Furutachi2024,Condition A (Full),2,LO-F08,LO,
EP-29,Furutachi2024,Condition A (Full),2,GO-F08,GO,
EP-29,Furutachi2024,Condition A (Full),2,LO-F09,LO,1.0
EP-29,Furutachi2024,Condition A (Full),2,GO-F09,GO,1.0
EP-29,Furutachi2024,Condition A (Full),2,LO-F10,LO,0.5
EP-29,Furutachi2024,Condition A (Full),2,GO-F10,GO,0.5
EP-29,Furutachi2024,Condition A (Full),2,LO-F11,LO,0.5
EP-29,Furutachi2024,Condition A (Full),2,GO-F11,GO,0.5
EP-29,Furutachi2024,Condition A (Full),2,LO-F12,LO,1.0
EP-29,Furutachi2024,Condition A (Full),2,GO-F12,GO,1.0
EP-29,Furutachi2024,Condition A (Full),2,LO-F13,LO,1.0
EP-29,Furutachi2024,Condition A (Full),2,GO-F13,GO,1.0
EP-29,Furutachi2024,Condition A (Full),2,LO-F14,LO,
EP-29,Furutachi2024,Condition A (Full),2,GO-F14,GO,
EP-29,Furutachi2024,Condition A (Full),2,LO-F15,LO,
EP-29,Furutachi2024,Condition A (Full),2,GO-F15,GO,
EP-29,Furutachi2024,Condition A (Full),2,LO-F16,LO,
EP-29,Furutachi2024,Condition A (Full),2,GO-F16,GO,
EP-29,Furutachi2024,Condition A (Full),2,LO-F17,LO,
EP-29,Furutachi2024,Condition A (Full),2,GO-F17,GO,
EP-29,Furutachi2024,Condition A (Full),2,LO-F18,LO,1.0
EP-29,Furutachi2024,Condition A (Full),2,GO-F18,GO,1.0
EP-29,Furutachi2024,Condition A (Full),2,LO-F19,LO,
EP-29,Furutachi2024,Condition A (Full),2,GO-F19,GO,
EP-29,Furutachi2024,Condition A (Full),2,LO-F20,LO,
EP-29,Furutachi2024,Condition A (Full),2,GO-F20,GO,
EP-29,Furutachi2024,Condition A (Full),2,LO-F21,LO,1.0
EP-29,Furutachi2024,Condition A (Full),2,GO-F21,GO,1.0
EP-29,Furutachi2024,Condition A (Full),2,LO-F22,LO,
EP-29,Furutachi2024,Condition A (Full),2,GO-F22,GO,
EP-29,Furutachi2024,Condition A (Full),2,LO-F23,LO,1.0
EP-29,Furutachi2024,Condition A (Full),2,GO-F23,GO,1.0
EP-29,Furutachi2024,Condition A (Full),2,LO-F24,LO,1.0
EP-29,Furutachi2024,Condition A (Full),2,GO-F24,GO,1.0
EP-29,Furutachi2024,Condition A (Full),2,LO-F25,LO,
EP-29,Furutachi2024,Condition A (Full),2,GO-F25,GO,
EP-29,Furutachi2024,Condition A (Full),2,LO-F26,LO,
EP-29,Furutachi2024,Condition A (Full),2,GO-F26,GO,
EP-29,Furutachi2024,Condition A (Full),2,LO-F27,LO,
EP-29,Furutachi2024,Condition A (Full),2,GO-F27,GO,
EP-29,Furutachi2024,Condition A (Full),2,LO-F28,LO,
EP-29,Furutachi2024,Condition A (Full),2,GO-F28,GO,
EP-29,Furutachi2024,Condition A (Full),2,LO-F29,LO,
EP-29,Furutachi2024,Condition A (Full),2,GO-F29,GO,
EP-29,Furutachi2024,Condition A (Full),2,LO-F30,LO,
EP-29,Furutachi2024,Condition A (Full),2,GO-F30,GO,
EP-29,Furutachi2024,Condition A (Full),2,LO-F31,LO,
EP-29,Furutachi2024,Condition A (Full),2,GO-F31,GO,
EP-29,Furutachi2024,Condition A (Full),2,LO-F32,LO,
EP-29,Furutachi2024,Condition A (Full),2,GO-F32,GO,
EP-29,Furutachi2024,Condition A (Full),2,LO-F33,LO,
EP-29,Furutachi2024,Condition A (Full),2,GO-F33,GO,
EP-29,Furutachi2024,Condition A (Full),2,LO-F34,LO,
EP-29,Furutachi2024,Condition A (Full),2,GO-F34,GO,
EP-29,Furutachi2024,Condition A (Full),2,LO-F35,LO,
EP-29,Furutachi2024,Condition A (Full),2,GO-F35,GO,
EP-29,Furutachi2024,Condition A (Full),2,LO-F36,LO,
EP-29,Furutachi2024,Condition A (Full),2,GO-F36,GO,
EP-30,Furutachi2024,Condition A (Full),3,LO-F01,LO,0.5
EP-30,Furutachi2024,Condition A (Full),3,GO-F01,GO,0.5
EP-30,Furutachi2024,Condition A (Full),3,LO-F02,LO,
EP-30,Furutachi2024,Condition A (Full),3,GO-F02,GO,
EP-30,Furutachi2024,Condition A (Full),3,LO-F03,LO,0.5
EP-30,Furutachi2024,Condition A (Full),3,GO-F03,GO,0.5
EP-30,Furutachi2024,Condition A (Full),3,LO-F04,LO,1.0
EP-30,Furutachi2024,Condition A (Full),3,GO-F04,GO,
EP-30,Furutachi2024,Condition A (Full),3,LO-F05,LO,-0.5
EP-30,Furutachi2024,Condition A (Full),3,GO-F05,GO,
EP-30,Furutachi2024,Condition A (Full),3,LO-F06,LO,1.0
EP-30,Furutachi2024,Condition A (Full),3,GO-F06,GO,1.0
EP-30,Furutachi2024,Condition A (Full),3,LO-F07,LO,1.0
EP-30,Furutachi2024,Condition A (Full),3,GO-F07,GO,1.0
EP-30,Furutachi2024,Condition A (Full),3,LO-F08,LO,
EP-30,Furutachi2024,Condition A (Full),3,GO-F08,GO,
EP-30,Furutachi2024,Condition A (Full),3,LO-F09,LO,1.0
EP-30,Furutachi2024,Condition A (Full),3,GO-F09,GO,1.0
EP-30,Furutachi2024,Condition A (Full),3,LO-F10,LO,0.5
EP-30,Furutachi2024,Condition A (Full),3,GO-F10,GO,0.5
EP-30,Furutachi2024,Condition A (Full),3,LO-F11,LO,0.5
EP-30,Furutachi2024,Condition A (Full),3,GO-F11,GO,0.5
EP-30,Furutachi2024,Condition A (Full),3,LO-F12,LO,1.0
EP-30,Furutachi2024,Condition A (Full),3,GO-F12,GO,1.0
EP-30,Furutachi2024,Condition A (Full),3,LO-F13,LO,1.0
EP-30,Furutachi2024,Condition A (Full),3,GO-F13,GO,1.0
EP-30,Furutachi2024,Condition A (Full),3,LO-F14,LO,
EP-30,Furutachi2024,Condition A (Full),3,GO-F14,GO,
EP-30,Furutachi2024,Condition A (Full),3,LO-F15,LO,
EP-30,Furutachi2024,Condition A (Full),3,GO-F15,GO,
EP-30,Furutachi2024,Condition A (Full),3,LO-F16,LO,
EP-30,Furutachi2024,Condition A (Full),3,GO-F16,GO,
EP-30,Furutachi2024,Condition A (Full),3,LO-F17,LO,
EP-30,Furutachi2024,Condition A (Full),3,GO-F17,GO,
EP-30,Furutachi2024,Condition A (Full),3,LO-F18,LO,1.0
EP-30,Furutachi2024,Condition A (Full),3,GO-F18,GO,1.0
EP-30,Furutachi2024,Condition A (Full),3,LO-F19,LO,
EP-30,Furutachi2024,Condition A (Full),3,GO-F19,GO,
EP-30,Furutachi2024,Condition A (Full),3,LO-F20,LO,
EP-30,Furutachi2024,Condition A (Full),3,GO-F20,GO,
EP-30,Furutachi2024,Condition A (Full),3,LO-F21,LO,1.0
EP-30,Furutachi2024,Condition A (Full),3,GO-F21,GO,1.0
EP-30,Furutachi2024,Condition A (Full),3,LO-F22,LO,
EP-30,Furutachi2024,Condition A (Full),3,GO-F22,GO,
EP-30,Furutachi2024,Condition A (Full),3,LO-F23,LO,1.0
EP-30,Furutachi2024,Condition A (Full),3,GO-F23,GO,1.0
EP-30,Furutachi2024,Condition A (Full),3,LO-F24,LO,1.0
EP-30,Furutachi2024,Condition A (Full),3,GO-F24,GO,1.0
EP-30,Furutachi2024,Condition A (Full),3,LO-F25,LO,
EP-30,Furutachi2024,Condition A (Full),3,GO-F25,GO,
EP-30,Furutachi2024,Condition A (Full),3,LO-F26,LO,
EP-30,Furutachi2024,Condition A (Full),3,GO-F26,GO,
EP-30,Furutachi2024,Condition A (Full),3,LO-F27,LO,
EP-30,Furutachi2024,Condition A (Full),3,GO-F27,GO,
EP-30,Furutachi2024,Condition A (Full),3,LO-F28,LO,
EP-30,Furutachi2024,Condition A (Full),3,GO-F28,GO,
EP-30,Furutachi2024,Condition A (Full),3,LO-F29,LO,
EP-30,Furutachi2024,Condition A (Full),3,GO-F29,GO,
EP-30,Furutachi2024,Condition A (Full),3,LO-F30,LO,
EP-30,Furutachi2024,Condition A (Full),3,GO-F30,GO,
EP-30,Furutachi2024,Condition A (Full),3,LO-F31,LO,
EP-30,Furutachi2024,Condition A (Full),3,GO-F31,GO,
EP-30,Furutachi2024,Condition A (Full),3,LO-F32,LO,
EP-30,Furutachi2024,Condition A (Full),3,GO-F32,GO,
EP-30,Furutachi2024,Condition A (Full),3,LO-F33,LO,
EP-30,Furutachi2024,Condition A (Full),3,GO-F33,GO,
EP-30,Furutachi2024,Condition A (Full),3,LO-F34,LO,
EP-30,Furutachi2024,Condition A (Full),3,GO-F34,GO,
EP-30,Furutachi2024,Condition A (Full),3,LO-F35,LO,
EP-30,Furutachi2024,Condition A (Full),3,GO-F35,GO,
EP-30,Furutachi2024,Condition A (Full),3,LO-F36,LO,
EP-30,Furutachi2024,Condition A (Full),3,GO-F36,GO,
EP-31,Furutachi2024,Condition B (Abstract),1,LO-F01,LO,0.5
EP-31,Furutachi2024,Condition B (Abstract),1,GO-F01,GO,0.5
EP-31,Furutachi2024,Condition B (Abstract),1,LO-F02,LO,
EP-31,Furutachi2024,Condition B (Abstract),1,GO-F02,GO,
EP-31,Furutachi2024,Condition B (Abstract),1,LO-F03,LO,0.5
EP-31,Furutachi2024,Condition B (Abstract),1,GO-F03,GO,0.5
EP-31,Furutachi2024,Condition B (Abstract),1,LO-F04,LO,
EP-31,Furutachi2024,Condition B (Abstract),1,GO-F04,GO,
EP-31,Furutachi2024,Condition B (Abstract),1,LO-F05,LO,
EP-31,Furutachi2024,Condition B (Abstract),1,GO-F05,GO,
EP-31,Furutachi2024,Condition B (Abstract),1,LO-F06,LO,
EP-31,Furutachi2024,Condition B (Abstract),1,GO-F06,GO,
EP-31,Furutachi2024,Condition B (Abstract),1,LO-F07,LO,1.0
EP-31,Furutachi2024,Condition B (Abstract),1,GO-F07,GO,1.0
EP-31,Furutachi2024,Condition B (Abstract),1,LO-F08,LO,
EP-31,Furutachi2024,Condition B (Abstract),1,GO-F08,GO,
EP-31,Furutachi2024,Condition B (Abstract),1,LO-F09,LO,1.0
EP-31,Furutachi2024,Condition B (Abstract),1,GO-F09,GO,1.0
EP-31,Furutachi2024,Condition B (Abstract),1,LO-F10,LO,0.5
EP-31,Furutachi2024,Condition B (Abstract),1,GO-F10,GO,0.5
EP-31,Furutachi2024,Condition B (Abstract),1,LO-F11,LO,
EP-31,Furutachi2024,Condition B (Abstract),1,GO-F11,GO,
EP-31,Furutachi2024,Condition B (Abstract),1,LO-F12,LO,
EP-31,Furutachi2024,Condition B (Abstract),1,GO-F12,GO,
EP-31,Furutachi2024,Condition B (Abstract),1,LO-F13,LO,1.0
EP-31,Furutachi2024,Condition B (Abstract),1,GO-F13,GO,1.0
EP-31,Furutachi2024,Condition B (Abstract),1,LO-F14,LO,
EP-31,Furutachi2024,Condition B (Abstract),1,GO-F14,GO,
EP-31,Furutachi2024,Condition B (Abstract),1,LO-F15,LO,
EP-31,Furutachi2024,Condition B (Abstract),1,GO-F15,GO,
EP-31,Furutachi2024,Condition B (Abstract),1,LO-F16,LO,
EP-31,Furutachi2024,Condition B (Abstract),1,GO-F16,GO,
EP-31,Furutachi2024,Condition B (Abstract),1,LO-F17,LO,
EP-31,Furutachi2024,Condition B (Abstract),1,GO-F17,GO,
EP-31,Furutachi2024,Condition B (Abstract),1,LO-F18,LO,1.0
EP-31,Furutachi2024,Condition B (Abstract),1,GO-F18,GO,1.0
EP-31,Furutachi2024,Condition B (Abstract),1,LO-F19,LO,
EP-31,Furutachi2024,Condition B (Abstract),1,GO-F19,GO,
EP-31,Furutachi2024,Condition B (Abstract),1,LO-F20,LO,
EP-31,Furutachi2024,Condition B (Abstract),1,GO-F20,GO,
EP-31,Furutachi2024,Condition B (Abstract),1,LO-F21,LO,1.0
EP-31,Furutachi2024,Condition B (Abstract),1,GO-F21,GO,1.0
EP-31,Furutachi2024,Condition B (Abstract),1,LO-F22,LO,
EP-31,Furutachi2024,Condition B (Abstract),1,GO-F22,GO,
EP-31,Furutachi2024,Condition B (Abstract),1,LO-F23,LO,1.0
EP-31,Furutachi2024,Condition B (Abstract),1,GO-F23,GO,1.0
EP-31,Furutachi2024,Condition B (Abstract),1,LO-F24,LO,1.0
EP-31,Furutachi2024,Condition B (Abstract),1,GO-F24,GO,1.0
EP-31,Furutachi2024,Condition B (Abstract),1,LO-F25,LO,
EP-31,Furutachi2024,Condition B (Abstract),1,GO-F25,GO,
EP-31,Furutachi2024,Condition B (Abstract),1,LO-F26,LO,
EP-31,Furutachi2024,Condition B (Abstract),1,GO-F26,GO,
EP-31,Furutachi2024,Condition B (Abstract),1,LO-F27,LO,
EP-31,Furutachi2024,Condition B (Abstract),1,GO-F27,GO,
EP-31,Furutachi2024,Condition B (Abstract),1,LO-F28,LO,
EP-31,Furutachi2024,Condition B (Abstract),1,GO-F28,GO,
EP-31,Furutachi2024,Condition B (Abstract),1,LO-F29,LO,
EP-31,Furutachi2024,Condition B (Abstract),1,GO-F29,GO,
EP-31,Furutachi2024,Condition B (Abstract),1,LO-F30,LO,
EP-31,Furutachi2024,Condition B (Abstract),1,GO-F30,GO,
EP-31,Furutachi2024,Condition B (Abstract),1,LO-F31,LO,
EP-31,Furutachi2024,Condition B (Abstract),1,GO-F31,GO,
EP-31,Furutachi2024,Condition B (Abstract),1,LO-F32,LO,
EP-31,Furutachi2024,Condition B (Abstract),1,GO-F32,GO,
EP-31,Furutachi2024,Condition B (Abstract),1,LO-F33,LO,
EP-31,Furutachi2024,Condition B (Abstract),1,GO-F33,GO,
EP-31,Furutachi2024,Condition B (Abstract),1,LO-F34,LO,
EP-31,Furutachi2024,Condition B (Abstract),1,GO-F34,GO,
EP-31,Furutachi2024,Condition B (Abstract),1,LO-F35,LO,
EP-31,Furutachi2024,Condition B (Abstract),1,GO-F35,GO,
EP-31,Furutachi2024,Condition B (Abstract),1,LO-F36,LO,
EP-31,Furutachi2024,Condition B (Abstract),1,GO-F36,GO,
EP-32,Furutachi2024,Condition B (Abstract),2,LO-F01,LO,0.5
EP-32,Furutachi2024,Condition B (Abstract),2,GO-F01,GO,0.5
EP-32,Furutachi2024,Condition B (Abstract),2,LO-F02,LO,
EP-32,Furutachi2024,Condition B (Abstract),2,GO-F02,GO,
EP-32,Furutachi2024,Condition B (Abstract),2,LO-F03,LO,0.5
EP-32,Furutachi2024,Condition B (Abstract),2,GO-F03,GO,0.5
EP-32,Furutachi2024,Condition B (Abstract),2,LO-F04,LO,
EP-32,Furutachi2024,Condition B (Abstract),2,GO-F04,GO,
EP-32,Furutachi2024,Condition B (Abstract),2,LO-F05,LO,
EP-32,Furutachi2024,Condition B (Abstract),2,GO-F05,GO,
EP-32,Furutachi2024,Condition B (Abstract),2,LO-F06,LO,
EP-32,Furutachi2024,Condition B (Abstract),2,GO-F06,GO,
EP-32,Furutachi2024,Condition B (Abstract),2,LO-F07,LO,1.0
EP-32,Furutachi2024,Condition B (Abstract),2,GO-F07,GO,1.0
EP-32,Furutachi2024,Condition B (Abstract),2,LO-F08,LO,
EP-32,Furutachi2024,Condition B (Abstract),2,GO-F08,GO,
EP-32,Furutachi2024,Condition B (Abstract),2,LO-F09,LO,1.0
EP-32,Furutachi2024,Condition B (Abstract),2,GO-F09,GO,1.0
EP-32,Furutachi2024,Condition B (Abstract),2,LO-F10,LO,0.5
EP-32,Furutachi2024,Condition B (Abstract),2,GO-F10,GO,0.5
EP-32,Furutachi2024,Condition B (Abstract),2,LO-F11,LO,
EP-32,Furutachi2024,Condition B (Abstract),2,GO-F11,GO,
EP-32,Furutachi2024,Condition B (Abstract),2,LO-F12,LO,
EP-32,Furutachi2024,Condition B (Abstract),2,GO-F12,GO,
EP-32,Furutachi2024,Condition B (Abstract),2,LO-F13,LO,1.0
EP-32,Furutachi2024,Condition B (Abstract),2,GO-F13,GO,1.0
EP-32,Furutachi2024,Condition B (Abstract),2,LO-F14,LO,
EP-32,Furutachi2024,Condition B (Abstract),2,GO-F14,GO,
EP-32,Furutachi2024,Condition B (Abstract),2,LO-F15,LO,
EP-32,Furutachi2024,Condition B (Abstract),2,GO-F15,GO,
EP-32,Furutachi2024,Condition B (Abstract),2,LO-F16,LO,
EP-32,Furutachi2024,Condition B (Abstract),2,GO-F16,GO,
EP-32,Furutachi2024,Condition B (Abstract),2,LO-F17,LO,
EP-32,Furutachi2024,Condition B (Abstract),2,GO-F17,GO,
EP-32,Furutachi2024,Condition B (Abstract),2,LO-F18,LO,1.0
EP-32,Furutachi2024,Condition B (Abstract),2,GO-F18,GO,1.0
EP-32,Furutachi2024,Condition B (Abstract),2,LO-F19,LO,
EP-32,Furutachi2024,Condition B (Abstract),2,GO-F19,GO,
EP-32,Furutachi2024,Condition B (Abstract),2,LO-F20,LO,
EP-32,Furutachi2024,Condition B (Abstract),2,GO-F20,GO,
EP-32,Furutachi2024,Condition B (Abstract),2,LO-F21,LO,0.5
EP-32,Furutachi2024,Condition B (Abstract),2,GO-F21,GO,0.5
EP-32,Furutachi2024,Condition B (Abstract),2,LO-F22,LO,
EP-32,Furutachi2024,Condition B (Abstract),2,GO-F22,GO,
EP-32,Furutachi2024,Condition B (Abstract),2,LO-F23,LO,0.5
EP-32,Furutachi2024,Condition B (Abstract),2,GO-F23,GO,0.5
EP-32,Furutachi2024,Condition B (Abstract),2,LO-F24,LO,1.0
EP-32,Furutachi2024,Condition B (Abstract),2,GO-F24,GO,1.0
EP-32,Furutachi2024,Condition B (Abstract),2,LO-F25,LO,
EP-32,Furutachi2024,Condition B (Abstract),2,GO-F25,GO,
EP-32,Furutachi2024,Condition B (Abstract),2,LO-F26,LO,
EP-32,Furutachi2024,Condition B (Abstract),2,GO-F26,GO,
EP-32,Furutachi2024,Condition B (Abstract),2,LO-F27,LO,
EP-32,Furutachi2024,Condition B (Abstract),2,GO-F27,GO,
EP-32,Furutachi2024,Condition B (Abstract),2,LO-F28,LO,
EP-32,Furutachi2024,Condition B (Abstract),2,GO-F28,GO,
EP-32,Furutachi2024,Condition B (Abstract),2,LO-F29,LO,
EP-32,Furutachi2024,Condition B (Abstract),2,GO-F29,GO,
EP-32,Furutachi2024,Condition B (Abstract),2,LO-F30,LO,
EP-32,Furutachi2024,Condition B (Abstract),2,GO-F30,GO,
EP-32,Furutachi2024,Condition B (Abstract),2,LO-F31,LO,
EP-32,Furutachi2024,Condition B (Abstract),2,GO-F31,GO,
EP-32,Furutachi2024,Condition B (Abstract),2,LO-F32,LO,
EP-32,Furutachi2024,Condition B (Abstract),2,GO-F32,GO,
EP-32,Furutachi2024,Condition B (Abstract),2,LO-F33,LO,
EP-32,Furutachi2024,Condition B (Abstract),2,GO-F33,GO,
EP-32,Furutachi2024,Condition B (Abstract),2,LO-F34,LO,
EP-32,Furutachi2024,Condition B (Abstract),2,GO-F34,GO,
EP-32,Furutachi2024,Condition B (Abstract),2,LO-F35,LO,
EP-32,Furutachi2024,Condition B (Abstract),2,GO-F35,GO,
EP-32,Furutachi2024,Condition B (Abstract),2,LO-F36,LO,
EP-32,Furutachi2024,Condition B (Abstract),2,GO-F36,GO,
EP-33,Furutachi2024,Condition B (Abstract),3,LO-F01,LO,0.5
EP-33,Furutachi2024,Condition B (Abstract),3,GO-F01,GO,0.5
EP-33,Furutachi2024,Condition B (Abstract),3,LO-F02,LO,
EP-33,Furutachi2024,Condition B (Abstract),3,GO-F02,GO,
EP-33,Furutachi2024,Condition B (Abstract),3,LO-F03,LO,0.5
EP-33,Furutachi2024,Condition B (Abstract),3,GO-F03,GO,0.5
EP-33,Furutachi2024,Condition B (Abstract),3,LO-F04,LO,
EP-33,Furutachi2024,Condition B (Abstract),3,GO-F04,GO,
EP-33,Furutachi2024,Condition B (Abstract),3,LO-F05,LO,
EP-33,Furutachi2024,Condition B (Abstract),3,GO-F05,GO,
EP-33,Furutachi2024,Condition B (Abstract),3,LO-F06,LO,
EP-33,Furutachi2024,Condition B (Abstract),3,GO-F06,GO,
EP-33,Furutachi2024,Condition B (Abstract),3,LO-F07,LO,1.0
EP-33,Furutachi2024,Condition B (Abstract),3,GO-F07,GO,1.0
EP-33,Furutachi2024,Condition B (Abstract),3,LO-F08,LO,
EP-33,Furutachi2024,Condition B (Abstract),3,GO-F08,GO,
EP-33,Furutachi2024,Condition B (Abstract),3,LO-F09,LO,1.0
EP-33,Furutachi2024,Condition B (Abstract),3,GO-F09,GO,1.0
EP-33,Furutachi2024,Condition B (Abstract),3,LO-F10,LO,0.5
EP-33,Furutachi2024,Condition B (Abstract),3,GO-F10,GO,0.5
EP-33,Furutachi2024,Condition B (Abstract),3,LO-F11,LO,
EP-33,Furutachi2024,Condition B (Abstract),3,GO-F11,GO,
EP-33,Furutachi2024,Condition B (Abstract),3,LO-F12,LO,
EP-33,Furutachi2024,Condition B (Abstract),3,GO-F12,GO,
EP-33,Furutachi2024,Condition B (Abstract),3,LO-F13,LO,1.0
EP-33,Furutachi2024,Condition B (Abstract),3,GO-F13,GO,1.0
EP-33,Furutachi2024,Condition B (Abstract),3,LO-F14,LO,
EP-33,Furutachi2024,Condition B (Abstract),3,GO-F14,GO,
EP-33,Furutachi2024,Condition B (Abstract),3,LO-F15,LO,
EP-33,Furutachi2024,Condition B (Abstract),3,GO-F15,GO,
EP-33,Furutachi2024,Condition B (Abstract),3,LO-F16,LO,
EP-33,Furutachi2024,Condition B (Abstract),3,GO-F16,GO,
EP-33,Furutachi2024,Condition B (Abstract),3,LO-F17,LO,
EP-33,Furutachi2024,Condition B (Abstract),3,GO-F17,GO,
EP-33,Furutachi2024,Condition B (Abstract),3,LO-F18,LO,1.0
EP-33,Furutachi2024,Condition B (Abstract),3,GO-F18,GO,1.0
EP-33,Furutachi2024,Condition B (Abstract),3,LO-F19,LO,
EP-33,Furutachi2024,Condition B (Abstract),3,GO-F19,GO,
EP-33,Furutachi2024,Condition B (Abstract),3,LO-F20,LO,
EP-33,Furutachi2024,Condition B (Abstract),3,GO-F20,GO,
EP-33,Furutachi2024,Condition B (Abstract),3,LO-F21,LO,0.5
EP-33,Furutachi2024,Condition B (Abstract),3,GO-F21,GO,0.5
EP-33,Furutachi2024,Condition B (Abstract),3,LO-F22,LO,
EP-33,Furutachi2024,Condition B (Abstract),3,GO-F22,GO,
EP-33,Furutachi2024,Condition B (Abstract),3,LO-F23,LO,0.5
EP-33,Furutachi2024,Condition B (Abstract),3,GO-F23,GO,0.5
EP-33,Furutachi2024,Condition B (Abstract),3,LO-F24,LO,1.0
EP-33,Furutachi2024,Condition B (Abstract),3,GO-F24,GO,1.0
EP-33,Furutachi2024,Condition B (Abstract),3,LO-F25,LO,
EP-33,Furutachi2024,Condition B (Abstract),3,GO-F25,GO,
EP-33,Furutachi2024,Condition B (Abstract),3,LO-F26,LO,
EP-33,Furutachi2024,Condition B (Abstract),3,GO-F26,GO,
EP-33,Furutachi2024,Condition B (Abstract),3,LO-F27,LO,
EP-33,Furutachi2024,Condition B (Abstract),3,GO-F27,GO,
EP-33,Furutachi2024,Condition B (Abstract),3,LO-F28,LO,
EP-33,Furutachi2024,Condition B (Abstract),3,GO-F28,GO,
EP-33,Furutachi2024,Condition B (Abstract),3,LO-F29,LO,
EP-33,Furutachi2024,Condition B (Abstract),3,GO-F29,GO,
EP-33,Furutachi2024,Condition B (Abstract),3,LO-F30,LO,
EP-33,Furutachi2024,Condition B (Abstract),3,GO-F30,GO,
EP-33,Furutachi2024,Condition B (Abstract),3,LO-F31,LO,
EP-33,Furutachi2024,Condition B (Abstract),3,GO-F31,GO,
EP-33,Furutachi2024,Condition B (Abstract),3,LO-F32,LO,
EP-33,Furutachi2024,Condition B (Abstract),3,GO-F32,GO,
EP-33,Furutachi2024,Condition B (Abstract),3,LO-F33,LO,
EP-33,Furutachi2024,Condition B (Abstract),3,GO-F33,GO,
EP-33,Furutachi2024,Condition B (Abstract),3,LO-F34,LO,
EP-33,Furutachi2024,Condition B (Abstract),3,GO-F34,GO,
EP-33,Furutachi2024,Condition B (Abstract),3,LO-F35,LO,
EP-33,Furutachi2024,Condition B (Abstract),3,GO-F35,GO,
EP-33,Furutachi2024,Condition B (Abstract),3,LO-F36,LO,
EP-33,Furutachi2024,Condition B (Abstract),3,GO-F36,GO,
EP-34,Furutachi2024,Condition C (Masked),1,LO-F01,LO,0.5
EP-34,Furutachi2024,Condition C (Masked),1,GO-F01,GO,0.5
EP-34,Furutachi2024,Condition C (Masked),1,LO-F02,LO,
EP-34,Furutachi2024,Condition C (Masked),1,GO-F02,GO,
EP-34,Furutachi2024,Condition C (Masked),1,LO-F03,LO,0.5
EP-34,Furutachi2024,Condition C (Masked),1,GO-F03,GO,0.5
EP-34,Furutachi2024,Condition C (Masked),1,LO-F04,LO,1.0
EP-34,Furutachi2024,Condition C (Masked),1,GO-F04,GO,
EP-34,Furutachi2024,Condition C (Masked),1,LO-F05,LO,-0.5
EP-34,Furutachi2024,Condition C (Masked),1,GO-F05,GO,
EP-34,Furutachi2024,Condition C (Masked),1,LO-F06,LO,1.0
EP-34,Furutachi2024,Condition C (Masked),1,GO-F06,GO,1.0
EP-34,Furutachi2024,Condition C (Masked),1,LO-F07,LO,1.0
EP-34,Furutachi2024,Condition C (Masked),1,GO-F07,GO,1.0
EP-34,Furutachi2024,Condition C (Masked),1,LO-F08,LO,
EP-34,Furutachi2024,Condition C (Masked),1,GO-F08,GO,
EP-34,Furutachi2024,Condition C (Masked),1,LO-F09,LO,1.0
EP-34,Furutachi2024,Condition C (Masked),1,GO-F09,GO,1.0
EP-34,Furutachi2024,Condition C (Masked),1,LO-F10,LO,0.5
EP-34,Furutachi2024,Condition C (Masked),1,GO-F10,GO,0.5
EP-34,Furutachi2024,Condition C (Masked),1,LO-F11,LO,0.5
EP-34,Furutachi2024,Condition C (Masked),1,GO-F11,GO,0.5
EP-34,Furutachi2024,Condition C (Masked),1,LO-F12,LO,1.0
EP-34,Furutachi2024,Condition C (Masked),1,GO-F12,GO,1.0
EP-34,Furutachi2024,Condition C (Masked),1,LO-F13,LO,1.0
EP-34,Furutachi2024,Condition C (Masked),1,GO-F13,GO,1.0
EP-34,Furutachi2024,Condition C (Masked),1,LO-F14,LO,
EP-34,Furutachi2024,Condition C (Masked),1,GO-F14,GO,
EP-34,Furutachi2024,Condition C (Masked),1,LO-F15,LO,
EP-34,Furutachi2024,Condition C (Masked),1,GO-F15,GO,
EP-34,Furutachi2024,Condition C (Masked),1,LO-F16,LO,
EP-34,Furutachi2024,Condition C (Masked),1,GO-F16,GO,
EP-34,Furutachi2024,Condition C (Masked),1,LO-F17,LO,
EP-34,Furutachi2024,Condition C (Masked),1,GO-F17,GO,
EP-34,Furutachi2024,Condition C (Masked),1,LO-F18,LO,1.0
EP-34,Furutachi2024,Condition C (Masked),1,GO-F18,GO,1.0
EP-34,Furutachi2024,Condition C (Masked),1,LO-F19,LO,
EP-34,Furutachi2024,Condition C (Masked),1,GO-F19,GO,
EP-34,Furutachi2024,Condition C (Masked),1,LO-F20,LO,
EP-34,Furutachi2024,Condition C (Masked),1,GO-F20,GO,
EP-34,Furutachi2024,Condition C (Masked),1,LO-F21,LO,1.0
EP-34,Furutachi2024,Condition C (Masked),1,GO-F21,GO,1.0
EP-34,Furutachi2024,Condition C (Masked),1,LO-F22,LO,
EP-34,Furutachi2024,Condition C (Masked),1,GO-F22,GO,
EP-34,Furutachi2024,Condition C (Masked),1,LO-F23,LO,1.0
EP-34,Furutachi2024,Condition C (Masked),1,GO-F23,GO,1.0
EP-34,Furutachi2024,Condition C (Masked),1,LO-F24,LO,1.0
EP-34,Furutachi2024,Condition C (Masked),1,GO-F24,GO,1.0
EP-34,Furutachi2024,Condition C (Masked),1,LO-F25,LO,
EP-34,Furutachi2024,Condition C (Masked),1,GO-F25,GO,
EP-34,Furutachi2024,Condition C (Masked),1,LO-F26,LO,
EP-34,Furutachi2024,Condition C (Masked),1,GO-F26,GO,
EP-34,Furutachi2024,Condition C (Masked),1,LO-F27,LO,
EP-34,Furutachi2024,Condition C (Masked),1,GO-F27,GO,
EP-34,Furutachi2024,Condition C (Masked),1,LO-F28,LO,
EP-34,Furutachi2024,Condition C (Masked),1,GO-F28,GO,
EP-34,Furutachi2024,Condition C (Masked),1,LO-F29,LO,
EP-34,Furutachi2024,Condition C (Masked),1,GO-F29,GO,
EP-34,Furutachi2024,Condition C (Masked),1,LO-F30,LO,
EP-34,Furutachi2024,Condition C (Masked),1,GO-F30,GO,
EP-34,Furutachi2024,Condition C (Masked),1,LO-F31,LO,
EP-34,Furutachi2024,Condition C (Masked),1,GO-F31,GO,
EP-34,Furutachi2024,Condition C (Masked),1,LO-F32,LO,
EP-34,Furutachi2024,Condition C (Masked),1,GO-F32,GO,
EP-34,Furutachi2024,Condition C (Masked),1,LO-F33,LO,
EP-34,Furutachi2024,Condition C (Masked),1,GO-F33,GO,
EP-34,Furutachi2024,Condition C (Masked),1,LO-F34,LO,
EP-34,Furutachi2024,Condition C (Masked),1,GO-F34,GO,
EP-34,Furutachi2024,Condition C (Masked),1,LO-F35,LO,
EP-34,Furutachi2024,Condition C (Masked),1,GO-F35,GO,
EP-34,Furutachi2024,Condition C (Masked),1,LO-F36,LO,
EP-34,Furutachi2024,Condition C (Masked),1,GO-F36,GO,
EP-35,Furutachi2024,Condition C (Masked),2,LO-F01,LO,0.5
EP-35,Furutachi2024,Condition C (Masked),2,GO-F01,GO,0.5
EP-35,Furutachi2024,Condition C (Masked),2,LO-F02,LO,
EP-35,Furutachi2024,Condition C (Masked),2,GO-F02,GO,
EP-35,Furutachi2024,Condition C (Masked),2,LO-F03,LO,0.5
EP-35,Furutachi2024,Condition C (Masked),2,GO-F03,GO,0.5
EP-35,Furutachi2024,Condition C (Masked),2,LO-F04,LO,1.0
EP-35,Furutachi2024,Condition C (Masked),2,GO-F04,GO,
EP-35,Furutachi2024,Condition C (Masked),2,LO-F05,LO,-0.5
EP-35,Furutachi2024,Condition C (Masked),2,GO-F05,GO,
EP-35,Furutachi2024,Condition C (Masked),2,LO-F06,LO,1.0
EP-35,Furutachi2024,Condition C (Masked),2,GO-F06,GO,1.0
EP-35,Furutachi2024,Condition C (Masked),2,LO-F07,LO,1.0
EP-35,Furutachi2024,Condition C (Masked),2,GO-F07,GO,1.0
EP-35,Furutachi2024,Condition C (Masked),2,LO-F08,LO,
EP-35,Furutachi2024,Condition C (Masked),2,GO-F08,GO,
EP-35,Furutachi2024,Condition C (Masked),2,LO-F09,LO,1.0
EP-35,Furutachi2024,Condition C (Masked),2,GO-F09,GO,1.0
EP-35,Furutachi2024,Condition C (Masked),2,LO-F10,LO,0.5
EP-35,Furutachi2024,Condition C (Masked),2,GO-F10,GO,0.5
EP-35,Furutachi2024,Condition C (Masked),2,LO-F11,LO,0.5
EP-35,Furutachi2024,Condition C (Masked),2,GO-F11,GO,0.5
EP-35,Furutachi2024,Condition C (Masked),2,LO-F12,LO,1.0
EP-35,Furutachi2024,Condition C (Masked),2,GO-F12,GO,1.0
EP-35,Furutachi2024,Condition C (Masked),2,LO-F13,LO,1.0
EP-35,Furutachi2024,Condition C (Masked),2,GO-F13,GO,1.0
EP-35,Furutachi2024,Condition C (Masked),2,LO-F14,LO,
EP-35,Furutachi2024,Condition C (Masked),2,GO-F14,GO,
EP-35,Furutachi2024,Condition C (Masked),2,LO-F15,LO,
EP-35,Furutachi2024,Condition C (Masked),2,GO-F15,GO,
EP-35,Furutachi2024,Condition C (Masked),2,LO-F16,LO,
EP-35,Furutachi2024,Condition C (Masked),2,GO-F16,GO,
EP-35,Furutachi2024,Condition C (Masked),2,LO-F17,LO,
EP-35,Furutachi2024,Condition C (Masked),2,GO-F17,GO,
EP-35,Furutachi2024,Condition C (Masked),2,LO-F18,LO,1.0
EP-35,Furutachi2024,Condition C (Masked),2,GO-F18,GO,1.0
EP-35,Furutachi2024,Condition C (Masked),2,LO-F19,LO,
EP-35,Furutachi2024,Condition C (Masked),2,GO-F19,GO,
EP-35,Furutachi2024,Condition C (Masked),2,LO-F20,LO,
EP-35,Furutachi2024,Condition C (Masked),2,GO-F20,GO,
EP-35,Furutachi2024,Condition C (Masked),2,LO-F21,LO,1.0
EP-35,Furutachi2024,Condition C (Masked),2,GO-F21,GO,1.0
EP-35,Furutachi2024,Condition C (Masked),2,LO-F22,LO,
EP-35,Furutachi2024,Condition C (Masked),2,GO-F22,GO,
EP-35,Furutachi2024,Condition C (Masked),2,LO-F23,LO,1.0
EP-35,Furutachi2024,Condition C (Masked),2,GO-F23,GO,1.0
EP-35,Furutachi2024,Condition C (Masked),2,LO-F24,LO,1.0
EP-35,Furutachi2024,Condition C (Masked),2,GO-F24,GO,1.0
EP-35,Furutachi2024,Condition C (Masked),2,LO-F25,LO,
EP-35,Furutachi2024,Condition C (Masked),2,GO-F25,GO,
EP-35,Furutachi2024,Condition C (Masked),2,LO-F26,LO,
EP-35,Furutachi2024,Condition C (Masked),2,GO-F26,GO,
EP-35,Furutachi2024,Condition C (Masked),2,LO-F27,LO,
EP-35,Furutachi2024,Condition C (Masked),2,GO-F27,GO,
EP-35,Furutachi2024,Condition C (Masked),2,LO-F28,LO,
EP-35,Furutachi2024,Condition C (Masked),2,GO-F28,GO,
EP-35,Furutachi2024,Condition C (Masked),2,LO-F29,LO,
EP-35,Furutachi2024,Condition C (Masked),2,GO-F29,GO,
EP-35,Furutachi2024,Condition C (Masked),2,LO-F30,LO,
EP-35,Furutachi2024,Condition C (Masked),2,GO-F30,GO,
EP-35,Furutachi2024,Condition C (Masked),2,LO-F31,LO,
EP-35,Furutachi2024,Condition C (Masked),2,GO-F31,GO,
EP-35,Furutachi2024,Condition C (Masked),2,LO-F32,LO,
EP-35,Furutachi2024,Condition C (Masked),2,GO-F32,GO,
EP-35,Furutachi2024,Condition C (Masked),2,LO-F33,LO,
EP-35,Furutachi2024,Condition C (Masked),2,GO-F33,GO,
EP-35,Furutachi2024,Condition C (Masked),2,LO-F34,LO,
EP-35,Furutachi2024,Condition C (Masked),2,GO-F34,GO,
EP-35,Furutachi2024,Condition C (Masked),2,LO-F35,LO,
EP-35,Furutachi2024,Condition C (Masked),2,GO-F35,GO,
EP-35,Furutachi2024,Condition C (Masked),2,LO-F36,LO,
EP-35,Furutachi2024,Condition C (Masked),2,GO-F36,GO,
EP-36,Furutachi2024,Condition C (Masked),3,LO-F01,LO,0.5
EP-36,Furutachi2024,Condition C (Masked),3,GO-F01,GO,0.5
EP-36,Furutachi2024,Condition C (Masked),3,LO-F02,LO,
EP-36,Furutachi2024,Condition C (Masked),3,GO-F02,GO,
EP-36,Furutachi2024,Condition C (Masked),3,LO-F03,LO,0.5
EP-36,Furutachi2024,Condition C (Masked),3,GO-F03,GO,0.5
EP-36,Furutachi2024,Condition C (Masked),3,LO-F04,LO,1.0
EP-36,Furutachi2024,Condition C (Masked),3,GO-F04,GO,
EP-36,Furutachi2024,Condition C (Masked),3,LO-F05,LO,-0.5
EP-36,Furutachi2024,Condition C (Masked),3,GO-F05,GO,
EP-36,Furutachi2024,Condition C (Masked),3,LO-F06,LO,1.0
EP-36,Furutachi2024,Condition C (Masked),3,GO-F06,GO,1.0
EP-36,Furutachi2024,Condition C (Masked),3,LO-F07,LO,1.0
EP-36,Furutachi2024,Condition C (Masked),3,GO-F07,GO,1.0
EP-36,Furutachi2024,Condition C (Masked),3,LO-F08,LO,
EP-36,Furutachi2024,Condition C (Masked),3,GO-F08,GO,
EP-36,Furutachi2024,Condition C (Masked),3,LO-F09,LO,1.0
EP-36,Furutachi2024,Condition C (Masked),3,GO-F09,GO,1.0
EP-36,Furutachi2024,Condition C (Masked),3,LO-F10,LO,0.5
EP-36,Furutachi2024,Condition C (Masked),3,GO-F10,GO,0.5
EP-36,Furutachi2024,Condition C (Masked),3,LO-F11,LO,0.5
EP-36,Furutachi2024,Condition C (Masked),3,GO-F11,GO,0.5
EP-36,Furutachi2024,Condition C (Masked),3,LO-F12,LO,1.0
EP-36,Furutachi2024,Condition C (Masked),3,GO-F12,GO,1.0
EP-36,Furutachi2024,Condition C (Masked),3,LO-F13,LO,1.0
EP-36,Furutachi2024,Condition C (Masked),3,GO-F13,GO,1.0
EP-36,Furutachi2024,Condition C (Masked),3,LO-F14,LO,
EP-36,Furutachi2024,Condition C (Masked),3,GO-F14,GO,
EP-36,Furutachi2024,Condition C (Masked),3,LO-F15,LO,
EP-36,Furutachi2024,Condition C (Masked),3,GO-F15,GO,
EP-36,Furutachi2024,Condition C (Masked),3,LO-F16,LO,
EP-36,Furutachi2024,Condition C (Masked),3,GO-F16,GO,
EP-36,Furutachi2024,Condition C (Masked),3,LO-F17,LO,
EP-36,Furutachi2024,Condition C (Masked),3,GO-F17,GO,
EP-36,Furutachi2024,Condition C (Masked),3,LO-F18,LO,1.0
EP-36,Furutachi2024,Condition C (Masked),3,GO-F18,GO,1.0
EP-36,Furutachi2024,Condition C (Masked),3,LO-F19,LO,
EP-36,Furutachi2024,Condition C (Masked),3,GO-F19,GO,
EP-36,Furutachi2024,Condition C (Masked),3,LO-F20,LO,
EP-36,Furutachi2024,Condition C (Masked),3,GO-F20,GO,
EP-36,Furutachi2024,Condition C (Masked),3,LO-F21,LO,1.0
EP-36,Furutachi2024,Condition C (Masked),3,GO-F21,GO,1.0
EP-36,Furutachi2024,Condition C (Masked),3,LO-F22,LO,
EP-36,Furutachi2024,Condition C (Masked),3,GO-F22,GO,
EP-36,Furutachi2024,Condition C (Masked),3,LO-F23,LO,1.0
EP-36,Furutachi2024,Condition C (Masked),3,GO-F23,GO,1.0
EP-36,Furutachi2024,Condition C (Masked),3,LO-F24,LO,1.0
EP-36,Furutachi2024,Condition C (Masked),3,GO-F24,GO,1.0
EP-36,Furutachi2024,Condition C (Masked),3,LO-F25,LO,
EP-36,Furutachi2024,Condition C (Masked),3,GO-F25,GO,
EP-36,Furutachi2024,Condition C (Masked),3,LO-F26,LO,
EP-36,Furutachi2024,Condition C (Masked),3,GO-F26,GO,
EP-36,Furutachi2024,Condition C (Masked),3,LO-F27,LO,
EP-36,Furutachi2024,Condition C (Masked),3,GO-F27,GO,
EP-36,Furutachi2024,Condition C (Masked),3,LO-F28,LO,
EP-36,Furutachi2024,Condition C (Masked),3,GO-F28,GO,
EP-36,Furutachi2024,Condition C (Masked),3,LO-F29,LO,
EP-36,Furutachi2024,Condition C (Masked),3,GO-F29,GO,
EP-36,Furutachi2024,Condition C (Masked),3,LO-F30,LO,
EP-36,Furutachi2024,Condition C (Masked),3,GO-F30,GO,
EP-36,Furutachi2024,Condition C (Masked),3,LO-F31,LO,
EP-36,Furutachi2024,Condition C (Masked),3,GO-F31,GO,
EP-36,Furutachi2024,Condition C (Masked),3,LO-F32,LO,
EP-36,Furutachi2024,Condition C (Masked),3,GO-F32,GO,
EP-36,Furutachi2024,Condition C (Masked),3,LO-F33,LO,
EP-36,Furutachi2024,Condition C (Masked),3,GO-F33,GO,
EP-36,Furutachi2024,Condition C (Masked),3,LO-F34,LO,
EP-36,Furutachi2024,Condition C (Masked),3,GO-F34,GO,
EP-36,Furutachi2024,Condition C (Masked),3,LO-F35,LO,
EP-36,Furutachi2024,Condition C (Masked),3,GO-F35,GO,
EP-36,Furutachi2024,Condition C (Masked),3,LO-F36,LO,
EP-36,Furutachi2024,Condition C (Masked),3,GO-F36,GO,
EP-37,Chao2018,Condition A (Full),1,LO-F01,LO,
EP-37,Chao2018,Condition A (Full),1,GO-F01,GO,
EP-37,Chao2018,Condition A (Full),1,LO-F02,LO,
EP-37,Chao2018,Condition A (Full),1,GO-F02,GO,
EP-37,Chao2018,Condition A (Full),1,LO-F03,LO,
EP-37,Chao2018,Condition A (Full),1,GO-F03,GO,
EP-37,Chao2018,Condition A (Full),1,LO-F04,LO,
EP-37,Chao2018,Condition A (Full),1,GO-F04,GO,
EP-37,Chao2018,Condition A (Full),1,LO-F05,LO,
EP-37,Chao2018,Condition A (Full),1,GO-F05,GO,
EP-37,Chao2018,Condition A (Full),1,LO-F06,LO,0.0
EP-37,Chao2018,Condition A (Full),1,GO-F06,GO,0.0
EP-37,Chao2018,Condition A (Full),1,LO-F07,LO,
EP-37,Chao2018,Condition A (Full),1,GO-F07,GO,
EP-37,Chao2018,Condition A (Full),1,LO-F08,LO,0.0
EP-37,Chao2018,Condition A (Full),1,GO-F08,GO,0.0
EP-37,Chao2018,Condition A (Full),1,LO-F09,LO,
EP-37,Chao2018,Condition A (Full),1,GO-F09,GO,
EP-37,Chao2018,Condition A (Full),1,LO-F10,LO,
EP-37,Chao2018,Condition A (Full),1,GO-F10,GO,
EP-37,Chao2018,Condition A (Full),1,LO-F11,LO,
EP-37,Chao2018,Condition A (Full),1,GO-F11,GO,
EP-37,Chao2018,Condition A (Full),1,LO-F12,LO,0.0
EP-37,Chao2018,Condition A (Full),1,GO-F12,GO,0.0
EP-37,Chao2018,Condition A (Full),1,LO-F13,LO,1.0
EP-37,Chao2018,Condition A (Full),1,GO-F13,GO,1.0
EP-37,Chao2018,Condition A (Full),1,LO-F14,LO,
EP-37,Chao2018,Condition A (Full),1,GO-F14,GO,
EP-37,Chao2018,Condition A (Full),1,LO-F15,LO,
EP-37,Chao2018,Condition A (Full),1,GO-F15,GO,
EP-37,Chao2018,Condition A (Full),1,LO-F16,LO,1.0
EP-37,Chao2018,Condition A (Full),1,GO-F16,GO,1.0
EP-37,Chao2018,Condition A (Full),1,LO-F17,LO,
EP-37,Chao2018,Condition A (Full),1,GO-F17,GO,
EP-37,Chao2018,Condition A (Full),1,LO-F18,LO,
EP-37,Chao2018,Condition A (Full),1,GO-F18,GO,
EP-37,Chao2018,Condition A (Full),1,LO-F19,LO,
EP-37,Chao2018,Condition A (Full),1,GO-F19,GO,
EP-37,Chao2018,Condition A (Full),1,LO-F20,LO,1.0
EP-37,Chao2018,Condition A (Full),1,GO-F20,GO,1.0
EP-37,Chao2018,Condition A (Full),1,LO-F21,LO,1.0
EP-37,Chao2018,Condition A (Full),1,GO-F21,GO,1.0
EP-37,Chao2018,Condition A (Full),1,LO-F22,LO,0.5
EP-37,Chao2018,Condition A (Full),1,GO-F22,GO,0.5
EP-37,Chao2018,Condition A (Full),1,LO-F23,LO,1.0
EP-37,Chao2018,Condition A (Full),1,GO-F23,GO,1.0
EP-37,Chao2018,Condition A (Full),1,LO-F24,LO,
EP-37,Chao2018,Condition A (Full),1,GO-F24,GO,
EP-37,Chao2018,Condition A (Full),1,LO-F25,LO,
EP-37,Chao2018,Condition A (Full),1,GO-F25,GO,
EP-37,Chao2018,Condition A (Full),1,LO-F26,LO,0.5
EP-37,Chao2018,Condition A (Full),1,GO-F26,GO,0.5
EP-37,Chao2018,Condition A (Full),1,LO-F27,LO,1.0
EP-37,Chao2018,Condition A (Full),1,GO-F27,GO,1.0
EP-37,Chao2018,Condition A (Full),1,LO-F28,LO,
EP-37,Chao2018,Condition A (Full),1,GO-F28,GO,
EP-37,Chao2018,Condition A (Full),1,LO-F29,LO,
EP-37,Chao2018,Condition A (Full),1,GO-F29,GO,
EP-37,Chao2018,Condition A (Full),1,LO-F30,LO,1.0
EP-37,Chao2018,Condition A (Full),1,GO-F30,GO,1.0
EP-37,Chao2018,Condition A (Full),1,LO-F31,LO,
EP-37,Chao2018,Condition A (Full),1,GO-F31,GO,
EP-37,Chao2018,Condition A (Full),1,LO-F32,LO,
EP-37,Chao2018,Condition A (Full),1,GO-F32,GO,
EP-37,Chao2018,Condition A (Full),1,LO-F33,LO,
EP-37,Chao2018,Condition A (Full),1,GO-F33,GO,
EP-37,Chao2018,Condition A (Full),1,LO-F34,LO,1.0
EP-37,Chao2018,Condition A (Full),1,GO-F34,GO,1.0
EP-37,Chao2018,Condition A (Full),1,LO-F35,LO,
EP-37,Chao2018,Condition A (Full),1,GO-F35,GO,
EP-37,Chao2018,Condition A (Full),1,LO-F36,LO,
EP-37,Chao2018,Condition A (Full),1,GO-F36,GO,
EP-38,Chao2018,Condition A (Full),2,LO-F01,LO,
EP-38,Chao2018,Condition A (Full),2,GO-F01,GO,
EP-38,Chao2018,Condition A (Full),2,LO-F02,LO,
EP-38,Chao2018,Condition A (Full),2,GO-F02,GO,
EP-38,Chao2018,Condition A (Full),2,LO-F03,LO,
EP-38,Chao2018,Condition A (Full),2,GO-F03,GO,
EP-38,Chao2018,Condition A (Full),2,LO-F04,LO,
EP-38,Chao2018,Condition A (Full),2,GO-F04,GO,
EP-38,Chao2018,Condition A (Full),2,LO-F05,LO,
EP-38,Chao2018,Condition A (Full),2,GO-F05,GO,
EP-38,Chao2018,Condition A (Full),2,LO-F06,LO,0.0
EP-38,Chao2018,Condition A (Full),2,GO-F06,GO,0.0
EP-38,Chao2018,Condition A (Full),2,LO-F07,LO,
EP-38,Chao2018,Condition A (Full),2,GO-F07,GO,
EP-38,Chao2018,Condition A (Full),2,LO-F08,LO,
EP-38,Chao2018,Condition A (Full),2,GO-F08,GO,
EP-38,Chao2018,Condition A (Full),2,LO-F09,LO,
EP-38,Chao2018,Condition A (Full),2,GO-F09,GO,
EP-38,Chao2018,Condition A (Full),2,LO-F10,LO,
EP-38,Chao2018,Condition A (Full),2,GO-F10,GO,
EP-38,Chao2018,Condition A (Full),2,LO-F11,LO,
EP-38,Chao2018,Condition A (Full),2,GO-F11,GO,
EP-38,Chao2018,Condition A (Full),2,LO-F12,LO,0.0
EP-38,Chao2018,Condition A (Full),2,GO-F12,GO,0.0
EP-38,Chao2018,Condition A (Full),2,LO-F13,LO,1.0
EP-38,Chao2018,Condition A (Full),2,GO-F13,GO,1.0
EP-38,Chao2018,Condition A (Full),2,LO-F14,LO,
EP-38,Chao2018,Condition A (Full),2,GO-F14,GO,
EP-38,Chao2018,Condition A (Full),2,LO-F15,LO,
EP-38,Chao2018,Condition A (Full),2,GO-F15,GO,
EP-38,Chao2018,Condition A (Full),2,LO-F16,LO,1.0
EP-38,Chao2018,Condition A (Full),2,GO-F16,GO,1.0
EP-38,Chao2018,Condition A (Full),2,LO-F17,LO,
EP-38,Chao2018,Condition A (Full),2,GO-F17,GO,
EP-38,Chao2018,Condition A (Full),2,LO-F18,LO,
EP-38,Chao2018,Condition A (Full),2,GO-F18,GO,
EP-38,Chao2018,Condition A (Full),2,LO-F19,LO,
EP-38,Chao2018,Condition A (Full),2,GO-F19,GO,
EP-38,Chao2018,Condition A (Full),2,LO-F20,LO,1.0
EP-38,Chao2018,Condition A (Full),2,GO-F20,GO,1.0
EP-38,Chao2018,Condition A (Full),2,LO-F21,LO,1.0
EP-38,Chao2018,Condition A (Full),2,GO-F21,GO,1.0
EP-38,Chao2018,Condition A (Full),2,LO-F22,LO,1.0
EP-38,Chao2018,Condition A (Full),2,GO-F22,GO,1.0
EP-38,Chao2018,Condition A (Full),2,LO-F23,LO,1.0
EP-38,Chao2018,Condition A (Full),2,GO-F23,GO,1.0
EP-38,Chao2018,Condition A (Full),2,LO-F24,LO,
EP-38,Chao2018,Condition A (Full),2,GO-F24,GO,
EP-38,Chao2018,Condition A (Full),2,LO-F25,LO,
EP-38,Chao2018,Condition A (Full),2,GO-F25,GO,
EP-38,Chao2018,Condition A (Full),2,LO-F26,LO,0.5
EP-38,Chao2018,Condition A (Full),2,GO-F26,GO,0.5
EP-38,Chao2018,Condition A (Full),2,LO-F27,LO,1.0
EP-38,Chao2018,Condition A (Full),2,GO-F27,GO,1.0
EP-38,Chao2018,Condition A (Full),2,LO-F28,LO,
EP-38,Chao2018,Condition A (Full),2,GO-F28,GO,
EP-38,Chao2018,Condition A (Full),2,LO-F29,LO,
EP-38,Chao2018,Condition A (Full),2,GO-F29,GO,
EP-38,Chao2018,Condition A (Full),2,LO-F30,LO,1.0
EP-38,Chao2018,Condition A (Full),2,GO-F30,GO,1.0
EP-38,Chao2018,Condition A (Full),2,LO-F31,LO,
EP-38,Chao2018,Condition A (Full),2,GO-F31,GO,
EP-38,Chao2018,Condition A (Full),2,LO-F32,LO,
EP-38,Chao2018,Condition A (Full),2,GO-F32,GO,
EP-38,Chao2018,Condition A (Full),2,LO-F33,LO,
EP-38,Chao2018,Condition A (Full),2,GO-F33,GO,
EP-38,Chao2018,Condition A (Full),2,LO-F34,LO,1.0
EP-38,Chao2018,Condition A (Full),2,GO-F34,GO,1.0
EP-38,Chao2018,Condition A (Full),2,LO-F35,LO,
EP-38,Chao2018,Condition A (Full),2,GO-F35,GO,
EP-38,Chao2018,Condition A (Full),2,LO-F36,LO,
EP-38,Chao2018,Condition A (Full),2,GO-F36,GO,
EP-39,Chao2018,Condition A (Full),3,LO-F01,LO,
EP-39,Chao2018,Condition A (Full),3,GO-F01,GO,
EP-39,Chao2018,Condition A (Full),3,LO-F02,LO,
EP-39,Chao2018,Condition A (Full),3,GO-F02,GO,
EP-39,Chao2018,Condition A (Full),3,LO-F03,LO,
EP-39,Chao2018,Condition A (Full),3,GO-F03,GO,
EP-39,Chao2018,Condition A (Full),3,LO-F04,LO,
EP-39,Chao2018,Condition A (Full),3,GO-F04,GO,
EP-39,Chao2018,Condition A (Full),3,LO-F05,LO,
EP-39,Chao2018,Condition A (Full),3,GO-F05,GO,
EP-39,Chao2018,Condition A (Full),3,LO-F06,LO,0.0
EP-39,Chao2018,Condition A (Full),3,GO-F06,GO,0.0
EP-39,Chao2018,Condition A (Full),3,LO-F07,LO,
EP-39,Chao2018,Condition A (Full),3,GO-F07,GO,
EP-39,Chao2018,Condition A (Full),3,LO-F08,LO,
EP-39,Chao2018,Condition A (Full),3,GO-F08,GO,
EP-39,Chao2018,Condition A (Full),3,LO-F09,LO,
EP-39,Chao2018,Condition A (Full),3,GO-F09,GO,
EP-39,Chao2018,Condition A (Full),3,LO-F10,LO,
EP-39,Chao2018,Condition A (Full),3,GO-F10,GO,
EP-39,Chao2018,Condition A (Full),3,LO-F11,LO,
EP-39,Chao2018,Condition A (Full),3,GO-F11,GO,
EP-39,Chao2018,Condition A (Full),3,LO-F12,LO,0.0
EP-39,Chao2018,Condition A (Full),3,GO-F12,GO,0.0
EP-39,Chao2018,Condition A (Full),3,LO-F13,LO,1.0
EP-39,Chao2018,Condition A (Full),3,GO-F13,GO,1.0
EP-39,Chao2018,Condition A (Full),3,LO-F14,LO,
EP-39,Chao2018,Condition A (Full),3,GO-F14,GO,
EP-39,Chao2018,Condition A (Full),3,LO-F15,LO,
EP-39,Chao2018,Condition A (Full),3,GO-F15,GO,
EP-39,Chao2018,Condition A (Full),3,LO-F16,LO,1.0
EP-39,Chao2018,Condition A (Full),3,GO-F16,GO,1.0
EP-39,Chao2018,Condition A (Full),3,LO-F17,LO,
EP-39,Chao2018,Condition A (Full),3,GO-F17,GO,
EP-39,Chao2018,Condition A (Full),3,LO-F18,LO,
EP-39,Chao2018,Condition A (Full),3,GO-F18,GO,
EP-39,Chao2018,Condition A (Full),3,LO-F19,LO,
EP-39,Chao2018,Condition A (Full),3,GO-F19,GO,
EP-39,Chao2018,Condition A (Full),3,LO-F20,LO,1.0
EP-39,Chao2018,Condition A (Full),3,GO-F20,GO,1.0
EP-39,Chao2018,Condition A (Full),3,LO-F21,LO,1.0
EP-39,Chao2018,Condition A (Full),3,GO-F21,GO,1.0
EP-39,Chao2018,Condition A (Full),3,LO-F22,LO,1.0
EP-39,Chao2018,Condition A (Full),3,GO-F22,GO,1.0
EP-39,Chao2018,Condition A (Full),3,LO-F23,LO,1.0
EP-39,Chao2018,Condition A (Full),3,GO-F23,GO,1.0
EP-39,Chao2018,Condition A (Full),3,LO-F24,LO,
EP-39,Chao2018,Condition A (Full),3,GO-F24,GO,
EP-39,Chao2018,Condition A (Full),3,LO-F25,LO,
EP-39,Chao2018,Condition A (Full),3,GO-F25,GO,
EP-39,Chao2018,Condition A (Full),3,LO-F26,LO,0.5
EP-39,Chao2018,Condition A (Full),3,GO-F26,GO,0.5
EP-39,Chao2018,Condition A (Full),3,LO-F27,LO,1.0
EP-39,Chao2018,Condition A (Full),3,GO-F27,GO,1.0
EP-39,Chao2018,Condition A (Full),3,LO-F28,LO,
EP-39,Chao2018,Condition A (Full),3,GO-F28,GO,
EP-39,Chao2018,Condition A (Full),3,LO-F29,LO,
EP-39,Chao2018,Condition A (Full),3,GO-F29,GO,
EP-39,Chao2018,Condition A (Full),3,LO-F30,LO,1.0
EP-39,Chao2018,Condition A (Full),3,GO-F30,GO,1.0
EP-39,Chao2018,Condition A (Full),3,LO-F31,LO,
EP-39,Chao2018,Condition A (Full),3,GO-F31,GO,
EP-39,Chao2018,Condition A (Full),3,LO-F32,LO,
EP-39,Chao2018,Condition A (Full),3,GO-F32,GO,
EP-39,Chao2018,Condition A (Full),3,LO-F33,LO,
EP-39,Chao2018,Condition A (Full),3,GO-F33,GO,
EP-39,Chao2018,Condition A (Full),3,LO-F34,LO,1.0
EP-39,Chao2018,Condition A (Full),3,GO-F34,GO,1.0
EP-39,Chao2018,Condition A (Full),3,LO-F35,LO,
EP-39,Chao2018,Condition A (Full),3,GO-F35,GO,
EP-39,Chao2018,Condition A (Full),3,LO-F36,LO,
EP-39,Chao2018,Condition A (Full),3,GO-F36,GO,
EP-40,Chao2018,Condition B (Abstract),1,LO-F01,LO,
EP-40,Chao2018,Condition B (Abstract),1,GO-F01,GO,
EP-40,Chao2018,Condition B (Abstract),1,LO-F02,LO,
EP-40,Chao2018,Condition B (Abstract),1,GO-F02,GO,
EP-40,Chao2018,Condition B (Abstract),1,LO-F03,LO,
EP-40,Chao2018,Condition B (Abstract),1,GO-F03,GO,
EP-40,Chao2018,Condition B (Abstract),1,LO-F04,LO,
EP-40,Chao2018,Condition B (Abstract),1,GO-F04,GO,
EP-40,Chao2018,Condition B (Abstract),1,LO-F05,LO,
EP-40,Chao2018,Condition B (Abstract),1,GO-F05,GO,
EP-40,Chao2018,Condition B (Abstract),1,LO-F06,LO,
EP-40,Chao2018,Condition B (Abstract),1,GO-F06,GO,
EP-40,Chao2018,Condition B (Abstract),1,LO-F07,LO,
EP-40,Chao2018,Condition B (Abstract),1,GO-F07,GO,
EP-40,Chao2018,Condition B (Abstract),1,LO-F08,LO,0.5
EP-40,Chao2018,Condition B (Abstract),1,GO-F08,GO,0.5
EP-40,Chao2018,Condition B (Abstract),1,LO-F09,LO,
EP-40,Chao2018,Condition B (Abstract),1,GO-F09,GO,
EP-40,Chao2018,Condition B (Abstract),1,LO-F10,LO,
EP-40,Chao2018,Condition B (Abstract),1,GO-F10,GO,
EP-40,Chao2018,Condition B (Abstract),1,LO-F11,LO,
EP-40,Chao2018,Condition B (Abstract),1,GO-F11,GO,
EP-40,Chao2018,Condition B (Abstract),1,LO-F12,LO,
EP-40,Chao2018,Condition B (Abstract),1,GO-F12,GO,
EP-40,Chao2018,Condition B (Abstract),1,LO-F13,LO,1.0
EP-40,Chao2018,Condition B (Abstract),1,GO-F13,GO,1.0
EP-40,Chao2018,Condition B (Abstract),1,LO-F14,LO,
EP-40,Chao2018,Condition B (Abstract),1,GO-F14,GO,
EP-40,Chao2018,Condition B (Abstract),1,LO-F15,LO,
EP-40,Chao2018,Condition B (Abstract),1,GO-F15,GO,
EP-40,Chao2018,Condition B (Abstract),1,LO-F16,LO,1.0
EP-40,Chao2018,Condition B (Abstract),1,GO-F16,GO,1.0
EP-40,Chao2018,Condition B (Abstract),1,LO-F17,LO,
EP-40,Chao2018,Condition B (Abstract),1,GO-F17,GO,
EP-40,Chao2018,Condition B (Abstract),1,LO-F18,LO,
EP-40,Chao2018,Condition B (Abstract),1,GO-F18,GO,
EP-40,Chao2018,Condition B (Abstract),1,LO-F19,LO,
EP-40,Chao2018,Condition B (Abstract),1,GO-F19,GO,
EP-40,Chao2018,Condition B (Abstract),1,LO-F20,LO,1.0
EP-40,Chao2018,Condition B (Abstract),1,GO-F20,GO,1.0
EP-40,Chao2018,Condition B (Abstract),1,LO-F21,LO,1.0
EP-40,Chao2018,Condition B (Abstract),1,GO-F21,GO,1.0
EP-40,Chao2018,Condition B (Abstract),1,LO-F22,LO,
EP-40,Chao2018,Condition B (Abstract),1,GO-F22,GO,
EP-40,Chao2018,Condition B (Abstract),1,LO-F23,LO,1.0
EP-40,Chao2018,Condition B (Abstract),1,GO-F23,GO,1.0
EP-40,Chao2018,Condition B (Abstract),1,LO-F24,LO,
EP-40,Chao2018,Condition B (Abstract),1,GO-F24,GO,
EP-40,Chao2018,Condition B (Abstract),1,LO-F25,LO,
EP-40,Chao2018,Condition B (Abstract),1,GO-F25,GO,
EP-40,Chao2018,Condition B (Abstract),1,LO-F26,LO,0.5
EP-40,Chao2018,Condition B (Abstract),1,GO-F26,GO,0.5
EP-40,Chao2018,Condition B (Abstract),1,LO-F27,LO,1.0
EP-40,Chao2018,Condition B (Abstract),1,GO-F27,GO,1.0
EP-40,Chao2018,Condition B (Abstract),1,LO-F28,LO,
EP-40,Chao2018,Condition B (Abstract),1,GO-F28,GO,
EP-40,Chao2018,Condition B (Abstract),1,LO-F29,LO,
EP-40,Chao2018,Condition B (Abstract),1,GO-F29,GO,
EP-40,Chao2018,Condition B (Abstract),1,LO-F30,LO,1.0
EP-40,Chao2018,Condition B (Abstract),1,GO-F30,GO,1.0
EP-40,Chao2018,Condition B (Abstract),1,LO-F31,LO,
EP-40,Chao2018,Condition B (Abstract),1,GO-F31,GO,
EP-40,Chao2018,Condition B (Abstract),1,LO-F32,LO,
EP-40,Chao2018,Condition B (Abstract),1,GO-F32,GO,
EP-40,Chao2018,Condition B (Abstract),1,LO-F33,LO,
EP-40,Chao2018,Condition B (Abstract),1,GO-F33,GO,
EP-40,Chao2018,Condition B (Abstract),1,LO-F34,LO,1.0
EP-40,Chao2018,Condition B (Abstract),1,GO-F34,GO,1.0
EP-40,Chao2018,Condition B (Abstract),1,LO-F35,LO,
EP-40,Chao2018,Condition B (Abstract),1,GO-F35,GO,
EP-40,Chao2018,Condition B (Abstract),1,LO-F36,LO,
EP-40,Chao2018,Condition B (Abstract),1,GO-F36,GO,
EP-41,Chao2018,Condition B (Abstract),2,LO-F01,LO,
EP-41,Chao2018,Condition B (Abstract),2,GO-F01,GO,
EP-41,Chao2018,Condition B (Abstract),2,LO-F02,LO,
EP-41,Chao2018,Condition B (Abstract),2,GO-F02,GO,
EP-41,Chao2018,Condition B (Abstract),2,LO-F03,LO,
EP-41,Chao2018,Condition B (Abstract),2,GO-F03,GO,
EP-41,Chao2018,Condition B (Abstract),2,LO-F04,LO,
EP-41,Chao2018,Condition B (Abstract),2,GO-F04,GO,
EP-41,Chao2018,Condition B (Abstract),2,LO-F05,LO,
EP-41,Chao2018,Condition B (Abstract),2,GO-F05,GO,
EP-41,Chao2018,Condition B (Abstract),2,LO-F06,LO,
EP-41,Chao2018,Condition B (Abstract),2,GO-F06,GO,
EP-41,Chao2018,Condition B (Abstract),2,LO-F07,LO,
EP-41,Chao2018,Condition B (Abstract),2,GO-F07,GO,
EP-41,Chao2018,Condition B (Abstract),2,LO-F08,LO,0.5
EP-41,Chao2018,Condition B (Abstract),2,GO-F08,GO,0.5
EP-41,Chao2018,Condition B (Abstract),2,LO-F09,LO,
EP-41,Chao2018,Condition B (Abstract),2,GO-F09,GO,
EP-41,Chao2018,Condition B (Abstract),2,LO-F10,LO,
EP-41,Chao2018,Condition B (Abstract),2,GO-F10,GO,
EP-41,Chao2018,Condition B (Abstract),2,LO-F11,LO,
EP-41,Chao2018,Condition B (Abstract),2,GO-F11,GO,
EP-41,Chao2018,Condition B (Abstract),2,LO-F12,LO,
EP-41,Chao2018,Condition B (Abstract),2,GO-F12,GO,
EP-41,Chao2018,Condition B (Abstract),2,LO-F13,LO,1.0
EP-41,Chao2018,Condition B (Abstract),2,GO-F13,GO,1.0
EP-41,Chao2018,Condition B (Abstract),2,LO-F14,LO,
EP-41,Chao2018,Condition B (Abstract),2,GO-F14,GO,
EP-41,Chao2018,Condition B (Abstract),2,LO-F15,LO,
EP-41,Chao2018,Condition B (Abstract),2,GO-F15,GO,
EP-41,Chao2018,Condition B (Abstract),2,LO-F16,LO,1.0
EP-41,Chao2018,Condition B (Abstract),2,GO-F16,GO,1.0
EP-41,Chao2018,Condition B (Abstract),2,LO-F17,LO,
EP-41,Chao2018,Condition B (Abstract),2,GO-F17,GO,
EP-41,Chao2018,Condition B (Abstract),2,LO-F18,LO,
EP-41,Chao2018,Condition B (Abstract),2,GO-F18,GO,
EP-41,Chao2018,Condition B (Abstract),2,LO-F19,LO,
EP-41,Chao2018,Condition B (Abstract),2,GO-F19,GO,
EP-41,Chao2018,Condition B (Abstract),2,LO-F20,LO,1.0
EP-41,Chao2018,Condition B (Abstract),2,GO-F20,GO,1.0
EP-41,Chao2018,Condition B (Abstract),2,LO-F21,LO,1.0
EP-41,Chao2018,Condition B (Abstract),2,GO-F21,GO,1.0
EP-41,Chao2018,Condition B (Abstract),2,LO-F22,LO,
EP-41,Chao2018,Condition B (Abstract),2,GO-F22,GO,
EP-41,Chao2018,Condition B (Abstract),2,LO-F23,LO,1.0
EP-41,Chao2018,Condition B (Abstract),2,GO-F23,GO,1.0
EP-41,Chao2018,Condition B (Abstract),2,LO-F24,LO,
EP-41,Chao2018,Condition B (Abstract),2,GO-F24,GO,
EP-41,Chao2018,Condition B (Abstract),2,LO-F25,LO,
EP-41,Chao2018,Condition B (Abstract),2,GO-F25,GO,
EP-41,Chao2018,Condition B (Abstract),2,LO-F26,LO,0.5
EP-41,Chao2018,Condition B (Abstract),2,GO-F26,GO,0.5
EP-41,Chao2018,Condition B (Abstract),2,LO-F27,LO,1.0
EP-41,Chao2018,Condition B (Abstract),2,GO-F27,GO,1.0
EP-41,Chao2018,Condition B (Abstract),2,LO-F28,LO,
EP-41,Chao2018,Condition B (Abstract),2,GO-F28,GO,
EP-41,Chao2018,Condition B (Abstract),2,LO-F29,LO,
EP-41,Chao2018,Condition B (Abstract),2,GO-F29,GO,
EP-41,Chao2018,Condition B (Abstract),2,LO-F30,LO,1.0
EP-41,Chao2018,Condition B (Abstract),2,GO-F30,GO,1.0
EP-41,Chao2018,Condition B (Abstract),2,LO-F31,LO,
EP-41,Chao2018,Condition B (Abstract),2,GO-F31,GO,
EP-41,Chao2018,Condition B (Abstract),2,LO-F32,LO,
EP-41,Chao2018,Condition B (Abstract),2,GO-F32,GO,
EP-41,Chao2018,Condition B (Abstract),2,LO-F33,LO,
EP-41,Chao2018,Condition B (Abstract),2,GO-F33,GO,
EP-41,Chao2018,Condition B (Abstract),2,LO-F34,LO,1.0
EP-41,Chao2018,Condition B (Abstract),2,GO-F34,GO,1.0
EP-41,Chao2018,Condition B (Abstract),2,LO-F35,LO,
EP-41,Chao2018,Condition B (Abstract),2,GO-F35,GO,
EP-41,Chao2018,Condition B (Abstract),2,LO-F36,LO,
EP-41,Chao2018,Condition B (Abstract),2,GO-F36,GO,
EP-42,Chao2018,Condition B (Abstract),3,LO-F01,LO,
EP-42,Chao2018,Condition B (Abstract),3,GO-F01,GO,
EP-42,Chao2018,Condition B (Abstract),3,LO-F02,LO,
EP-42,Chao2018,Condition B (Abstract),3,GO-F02,GO,
EP-42,Chao2018,Condition B (Abstract),3,LO-F03,LO,
EP-42,Chao2018,Condition B (Abstract),3,GO-F03,GO,
EP-42,Chao2018,Condition B (Abstract),3,LO-F04,LO,
EP-42,Chao2018,Condition B (Abstract),3,GO-F04,GO,
EP-42,Chao2018,Condition B (Abstract),3,LO-F05,LO,
EP-42,Chao2018,Condition B (Abstract),3,GO-F05,GO,
EP-42,Chao2018,Condition B (Abstract),3,LO-F06,LO,
EP-42,Chao2018,Condition B (Abstract),3,GO-F06,GO,
EP-42,Chao2018,Condition B (Abstract),3,LO-F07,LO,
EP-42,Chao2018,Condition B (Abstract),3,GO-F07,GO,
EP-42,Chao2018,Condition B (Abstract),3,LO-F08,LO,0.5
EP-42,Chao2018,Condition B (Abstract),3,GO-F08,GO,0.5
EP-42,Chao2018,Condition B (Abstract),3,LO-F09,LO,
EP-42,Chao2018,Condition B (Abstract),3,GO-F09,GO,
EP-42,Chao2018,Condition B (Abstract),3,LO-F10,LO,
EP-42,Chao2018,Condition B (Abstract),3,GO-F10,GO,
EP-42,Chao2018,Condition B (Abstract),3,LO-F11,LO,
EP-42,Chao2018,Condition B (Abstract),3,GO-F11,GO,
EP-42,Chao2018,Condition B (Abstract),3,LO-F12,LO,
EP-42,Chao2018,Condition B (Abstract),3,GO-F12,GO,
EP-42,Chao2018,Condition B (Abstract),3,LO-F13,LO,1.0
EP-42,Chao2018,Condition B (Abstract),3,GO-F13,GO,1.0
EP-42,Chao2018,Condition B (Abstract),3,LO-F14,LO,
EP-42,Chao2018,Condition B (Abstract),3,GO-F14,GO,
EP-42,Chao2018,Condition B (Abstract),3,LO-F15,LO,
EP-42,Chao2018,Condition B (Abstract),3,GO-F15,GO,
EP-42,Chao2018,Condition B (Abstract),3,LO-F16,LO,1.0
EP-42,Chao2018,Condition B (Abstract),3,GO-F16,GO,1.0
EP-42,Chao2018,Condition B (Abstract),3,LO-F17,LO,
EP-42,Chao2018,Condition B (Abstract),3,GO-F17,GO,
EP-42,Chao2018,Condition B (Abstract),3,LO-F18,LO,
EP-42,Chao2018,Condition B (Abstract),3,GO-F18,GO,
EP-42,Chao2018,Condition B (Abstract),3,LO-F19,LO,
EP-42,Chao2018,Condition B (Abstract),3,GO-F19,GO,
EP-42,Chao2018,Condition B (Abstract),3,LO-F20,LO,1.0
EP-42,Chao2018,Condition B (Abstract),3,GO-F20,GO,1.0
EP-42,Chao2018,Condition B (Abstract),3,LO-F21,LO,1.0
EP-42,Chao2018,Condition B (Abstract),3,GO-F21,GO,1.0
EP-42,Chao2018,Condition B (Abstract),3,LO-F22,LO,
EP-42,Chao2018,Condition B (Abstract),3,GO-F22,GO,
EP-42,Chao2018,Condition B (Abstract),3,LO-F23,LO,1.0
EP-42,Chao2018,Condition B (Abstract),3,GO-F23,GO,1.0
EP-42,Chao2018,Condition B (Abstract),3,LO-F24,LO,
EP-42,Chao2018,Condition B (Abstract),3,GO-F24,GO,
EP-42,Chao2018,Condition B (Abstract),3,LO-F25,LO,
EP-42,Chao2018,Condition B (Abstract),3,GO-F25,GO,
EP-42,Chao2018,Condition B (Abstract),3,LO-F26,LO,0.5
EP-42,Chao2018,Condition B (Abstract),3,GO-F26,GO,0.5
EP-42,Chao2018,Condition B (Abstract),3,LO-F27,LO,1.0
EP-42,Chao2018,Condition B (Abstract),3,GO-F27,GO,1.0
EP-42,Chao2018,Condition B (Abstract),3,LO-F28,LO,
EP-42,Chao2018,Condition B (Abstract),3,GO-F28,GO,
EP-42,Chao2018,Condition B (Abstract),3,LO-F29,LO,
EP-42,Chao2018,Condition B (Abstract),3,GO-F29,GO,
EP-42,Chao2018,Condition B (Abstract),3,LO-F30,LO,1.0
EP-42,Chao2018,Condition B (Abstract),3,GO-F30,GO,1.0
EP-42,Chao2018,Condition B (Abstract),3,LO-F31,LO,
EP-42,Chao2018,Condition B (Abstract),3,GO-F31,GO,
EP-42,Chao2018,Condition B (Abstract),3,LO-F32,LO,
EP-42,Chao2018,Condition B (Abstract),3,GO-F32,GO,
EP-42,Chao2018,Condition B (Abstract),3,LO-F33,LO,
EP-42,Chao2018,Condition B (Abstract),3,GO-F33,GO,
EP-42,Chao2018,Condition B (Abstract),3,LO-F34,LO,1.0
EP-42,Chao2018,Condition B (Abstract),3,GO-F34,GO,1.0
EP-42,Chao2018,Condition B (Abstract),3,LO-F35,LO,
EP-42,Chao2018,Condition B (Abstract),3,GO-F35,GO,
EP-42,Chao2018,Condition B (Abstract),3,LO-F36,LO,
EP-42,Chao2018,Condition B (Abstract),3,GO-F36,GO,
EP-43,Chao2018,Condition C (Masked),1,LO-F01,LO,
EP-43,Chao2018,Condition C (Masked),1,GO-F01,GO,
EP-43,Chao2018,Condition C (Masked),1,LO-F02,LO,
EP-43,Chao2018,Condition C (Masked),1,GO-F02,GO,
EP-43,Chao2018,Condition C (Masked),1,LO-F03,LO,
EP-43,Chao2018,Condition C (Masked),1,GO-F03,GO,
EP-43,Chao2018,Condition C (Masked),1,LO-F04,LO,
EP-43,Chao2018,Condition C (Masked),1,GO-F04,GO,
EP-43,Chao2018,Condition C (Masked),1,LO-F05,LO,
EP-43,Chao2018,Condition C (Masked),1,GO-F05,GO,
EP-43,Chao2018,Condition C (Masked),1,LO-F06,LO,0.0
EP-43,Chao2018,Condition C (Masked),1,GO-F06,GO,0.0
EP-43,Chao2018,Condition C (Masked),1,LO-F07,LO,
EP-43,Chao2018,Condition C (Masked),1,GO-F07,GO,
EP-43,Chao2018,Condition C (Masked),1,LO-F08,LO,
EP-43,Chao2018,Condition C (Masked),1,GO-F08,GO,
EP-43,Chao2018,Condition C (Masked),1,LO-F09,LO,
EP-43,Chao2018,Condition C (Masked),1,GO-F09,GO,
EP-43,Chao2018,Condition C (Masked),1,LO-F10,LO,
EP-43,Chao2018,Condition C (Masked),1,GO-F10,GO,
EP-43,Chao2018,Condition C (Masked),1,LO-F11,LO,
EP-43,Chao2018,Condition C (Masked),1,GO-F11,GO,
EP-43,Chao2018,Condition C (Masked),1,LO-F12,LO,0.0
EP-43,Chao2018,Condition C (Masked),1,GO-F12,GO,0.0
EP-43,Chao2018,Condition C (Masked),1,LO-F13,LO,1.0
EP-43,Chao2018,Condition C (Masked),1,GO-F13,GO,1.0
EP-43,Chao2018,Condition C (Masked),1,LO-F14,LO,
EP-43,Chao2018,Condition C (Masked),1,GO-F14,GO,
EP-43,Chao2018,Condition C (Masked),1,LO-F15,LO,
EP-43,Chao2018,Condition C (Masked),1,GO-F15,GO,
EP-43,Chao2018,Condition C (Masked),1,LO-F16,LO,1.0
EP-43,Chao2018,Condition C (Masked),1,GO-F16,GO,1.0
EP-43,Chao2018,Condition C (Masked),1,LO-F17,LO,
EP-43,Chao2018,Condition C (Masked),1,GO-F17,GO,
EP-43,Chao2018,Condition C (Masked),1,LO-F18,LO,
EP-43,Chao2018,Condition C (Masked),1,GO-F18,GO,
EP-43,Chao2018,Condition C (Masked),1,LO-F19,LO,
EP-43,Chao2018,Condition C (Masked),1,GO-F19,GO,
EP-43,Chao2018,Condition C (Masked),1,LO-F20,LO,1.0
EP-43,Chao2018,Condition C (Masked),1,GO-F20,GO,1.0
EP-43,Chao2018,Condition C (Masked),1,LO-F21,LO,1.0
EP-43,Chao2018,Condition C (Masked),1,GO-F21,GO,1.0
EP-43,Chao2018,Condition C (Masked),1,LO-F22,LO,0.5
EP-43,Chao2018,Condition C (Masked),1,GO-F22,GO,0.5
EP-43,Chao2018,Condition C (Masked),1,LO-F23,LO,1.0
EP-43,Chao2018,Condition C (Masked),1,GO-F23,GO,1.0
EP-43,Chao2018,Condition C (Masked),1,LO-F24,LO,
EP-43,Chao2018,Condition C (Masked),1,GO-F24,GO,
EP-43,Chao2018,Condition C (Masked),1,LO-F25,LO,
EP-43,Chao2018,Condition C (Masked),1,GO-F25,GO,
EP-43,Chao2018,Condition C (Masked),1,LO-F26,LO,0.5
EP-43,Chao2018,Condition C (Masked),1,GO-F26,GO,0.5
EP-43,Chao2018,Condition C (Masked),1,LO-F27,LO,1.0
EP-43,Chao2018,Condition C (Masked),1,GO-F27,GO,1.0
EP-43,Chao2018,Condition C (Masked),1,LO-F28,LO,
EP-43,Chao2018,Condition C (Masked),1,GO-F28,GO,
EP-43,Chao2018,Condition C (Masked),1,LO-F29,LO,
EP-43,Chao2018,Condition C (Masked),1,GO-F29,GO,
EP-43,Chao2018,Condition C (Masked),1,LO-F30,LO,1.0
EP-43,Chao2018,Condition C (Masked),1,GO-F30,GO,1.0
EP-43,Chao2018,Condition C (Masked),1,LO-F31,LO,
EP-43,Chao2018,Condition C (Masked),1,GO-F31,GO,
EP-43,Chao2018,Condition C (Masked),1,LO-F32,LO,
EP-43,Chao2018,Condition C (Masked),1,GO-F32,GO,
EP-43,Chao2018,Condition C (Masked),1,LO-F33,LO,
EP-43,Chao2018,Condition C (Masked),1,GO-F33,GO,
EP-43,Chao2018,Condition C (Masked),1,LO-F34,LO,1.0
EP-43,Chao2018,Condition C (Masked),1,GO-F34,GO,1.0
EP-43,Chao2018,Condition C (Masked),1,LO-F35,LO,
EP-43,Chao2018,Condition C (Masked),1,GO-F35,GO,
EP-43,Chao2018,Condition C (Masked),1,LO-F36,LO,
EP-43,Chao2018,Condition C (Masked),1,GO-F36,GO,
EP-44,Chao2018,Condition C (Masked),2,LO-F01,LO,
EP-44,Chao2018,Condition C (Masked),2,GO-F01,GO,
EP-44,Chao2018,Condition C (Masked),2,LO-F02,LO,
EP-44,Chao2018,Condition C (Masked),2,GO-F02,GO,
EP-44,Chao2018,Condition C (Masked),2,LO-F03,LO,
EP-44,Chao2018,Condition C (Masked),2,GO-F03,GO,
EP-44,Chao2018,Condition C (Masked),2,LO-F04,LO,
EP-44,Chao2018,Condition C (Masked),2,GO-F04,GO,
EP-44,Chao2018,Condition C (Masked),2,LO-F05,LO,
EP-44,Chao2018,Condition C (Masked),2,GO-F05,GO,
EP-44,Chao2018,Condition C (Masked),2,LO-F06,LO,0.0
EP-44,Chao2018,Condition C (Masked),2,GO-F06,GO,0.0
EP-44,Chao2018,Condition C (Masked),2,LO-F07,LO,
EP-44,Chao2018,Condition C (Masked),2,GO-F07,GO,
EP-44,Chao2018,Condition C (Masked),2,LO-F08,LO,0.0
EP-44,Chao2018,Condition C (Masked),2,GO-F08,GO,0.0
EP-44,Chao2018,Condition C (Masked),2,LO-F09,LO,
EP-44,Chao2018,Condition C (Masked),2,GO-F09,GO,
EP-44,Chao2018,Condition C (Masked),2,LO-F10,LO,
EP-44,Chao2018,Condition C (Masked),2,GO-F10,GO,
EP-44,Chao2018,Condition C (Masked),2,LO-F11,LO,
EP-44,Chao2018,Condition C (Masked),2,GO-F11,GO,
EP-44,Chao2018,Condition C (Masked),2,LO-F12,LO,0.0
EP-44,Chao2018,Condition C (Masked),2,GO-F12,GO,0.0
EP-44,Chao2018,Condition C (Masked),2,LO-F13,LO,1.0
EP-44,Chao2018,Condition C (Masked),2,GO-F13,GO,1.0
EP-44,Chao2018,Condition C (Masked),2,LO-F14,LO,
EP-44,Chao2018,Condition C (Masked),2,GO-F14,GO,
EP-44,Chao2018,Condition C (Masked),2,LO-F15,LO,
EP-44,Chao2018,Condition C (Masked),2,GO-F15,GO,
EP-44,Chao2018,Condition C (Masked),2,LO-F16,LO,1.0
EP-44,Chao2018,Condition C (Masked),2,GO-F16,GO,1.0
EP-44,Chao2018,Condition C (Masked),2,LO-F17,LO,
EP-44,Chao2018,Condition C (Masked),2,GO-F17,GO,
EP-44,Chao2018,Condition C (Masked),2,LO-F18,LO,
EP-44,Chao2018,Condition C (Masked),2,GO-F18,GO,
EP-44,Chao2018,Condition C (Masked),2,LO-F19,LO,
EP-44,Chao2018,Condition C (Masked),2,GO-F19,GO,
EP-44,Chao2018,Condition C (Masked),2,LO-F20,LO,1.0
EP-44,Chao2018,Condition C (Masked),2,GO-F20,GO,1.0
EP-44,Chao2018,Condition C (Masked),2,LO-F21,LO,1.0
EP-44,Chao2018,Condition C (Masked),2,GO-F21,GO,1.0
EP-44,Chao2018,Condition C (Masked),2,LO-F22,LO,1.0
EP-44,Chao2018,Condition C (Masked),2,GO-F22,GO,1.0
EP-44,Chao2018,Condition C (Masked),2,LO-F23,LO,1.0
EP-44,Chao2018,Condition C (Masked),2,GO-F23,GO,1.0
EP-44,Chao2018,Condition C (Masked),2,LO-F24,LO,
EP-44,Chao2018,Condition C (Masked),2,GO-F24,GO,
EP-44,Chao2018,Condition C (Masked),2,LO-F25,LO,
EP-44,Chao2018,Condition C (Masked),2,GO-F25,GO,
EP-44,Chao2018,Condition C (Masked),2,LO-F26,LO,0.5
EP-44,Chao2018,Condition C (Masked),2,GO-F26,GO,0.5
EP-44,Chao2018,Condition C (Masked),2,LO-F27,LO,1.0
EP-44,Chao2018,Condition C (Masked),2,GO-F27,GO,1.0
EP-44,Chao2018,Condition C (Masked),2,LO-F28,LO,
EP-44,Chao2018,Condition C (Masked),2,GO-F28,GO,
EP-44,Chao2018,Condition C (Masked),2,LO-F29,LO,
EP-44,Chao2018,Condition C (Masked),2,GO-F29,GO,
EP-44,Chao2018,Condition C (Masked),2,LO-F30,LO,1.0
EP-44,Chao2018,Condition C (Masked),2,GO-F30,GO,1.0
EP-44,Chao2018,Condition C (Masked),2,LO-F31,LO,
EP-44,Chao2018,Condition C (Masked),2,GO-F31,GO,
EP-44,Chao2018,Condition C (Masked),2,LO-F32,LO,
EP-44,Chao2018,Condition C (Masked),2,GO-F32,GO,
EP-44,Chao2018,Condition C (Masked),2,LO-F33,LO,
EP-44,Chao2018,Condition C (Masked),2,GO-F33,GO,
EP-44,Chao2018,Condition C (Masked),2,LO-F34,LO,1.0
EP-44,Chao2018,Condition C (Masked),2,GO-F34,GO,1.0
EP-44,Chao2018,Condition C (Masked),2,LO-F35,LO,
EP-44,Chao2018,Condition C (Masked),2,GO-F35,GO,
EP-44,Chao2018,Condition C (Masked),2,LO-F36,LO,
EP-44,Chao2018,Condition C (Masked),2,GO-F36,GO,
EP-45,Chao2018,Condition C (Masked),3,LO-F01,LO,
EP-45,Chao2018,Condition C (Masked),3,GO-F01,GO,
EP-45,Chao2018,Condition C (Masked),3,LO-F02,LO,
EP-45,Chao2018,Condition C (Masked),3,GO-F02,GO,
EP-45,Chao2018,Condition C (Masked),3,LO-F03,LO,
EP-45,Chao2018,Condition C (Masked),3,GO-F03,GO,
EP-45,Chao2018,Condition C (Masked),3,LO-F04,LO,
EP-45,Chao2018,Condition C (Masked),3,GO-F04,GO,
EP-45,Chao2018,Condition C (Masked),3,LO-F05,LO,
EP-45,Chao2018,Condition C (Masked),3,GO-F05,GO,
EP-45,Chao2018,Condition C (Masked),3,LO-F06,LO,0.0
EP-45,Chao2018,Condition C (Masked),3,GO-F06,GO,0.0
EP-45,Chao2018,Condition C (Masked),3,LO-F07,LO,
EP-45,Chao2018,Condition C (Masked),3,GO-F07,GO,
EP-45,Chao2018,Condition C (Masked),3,LO-F08,LO,0.0
EP-45,Chao2018,Condition C (Masked),3,GO-F08,GO,0.0
EP-45,Chao2018,Condition C (Masked),3,LO-F09,LO,
EP-45,Chao2018,Condition C (Masked),3,GO-F09,GO,
EP-45,Chao2018,Condition C (Masked),3,LO-F10,LO,
EP-45,Chao2018,Condition C (Masked),3,GO-F10,GO,
EP-45,Chao2018,Condition C (Masked),3,LO-F11,LO,
EP-45,Chao2018,Condition C (Masked),3,GO-F11,GO,
EP-45,Chao2018,Condition C (Masked),3,LO-F12,LO,0.0
EP-45,Chao2018,Condition C (Masked),3,GO-F12,GO,0.0
EP-45,Chao2018,Condition C (Masked),3,LO-F13,LO,1.0
EP-45,Chao2018,Condition C (Masked),3,GO-F13,GO,1.0
EP-45,Chao2018,Condition C (Masked),3,LO-F14,LO,
EP-45,Chao2018,Condition C (Masked),3,GO-F14,GO,
EP-45,Chao2018,Condition C (Masked),3,LO-F15,LO,
EP-45,Chao2018,Condition C (Masked),3,GO-F15,GO,
EP-45,Chao2018,Condition C (Masked),3,LO-F16,LO,1.0
EP-45,Chao2018,Condition C (Masked),3,GO-F16,GO,1.0
EP-45,Chao2018,Condition C (Masked),3,LO-F17,LO,
EP-45,Chao2018,Condition C (Masked),3,GO-F17,GO,
EP-45,Chao2018,Condition C (Masked),3,LO-F18,LO,
EP-45,Chao2018,Condition C (Masked),3,GO-F18,GO,
EP-45,Chao2018,Condition C (Masked),3,LO-F19,LO,
EP-45,Chao2018,Condition C (Masked),3,GO-F19,GO,
EP-45,Chao2018,Condition C (Masked),3,LO-F20,LO,1.0
EP-45,Chao2018,Condition C (Masked),3,GO-F20,GO,1.0
EP-45,Chao2018,Condition C (Masked),3,LO-F21,LO,1.0
EP-45,Chao2018,Condition C (Masked),3,GO-F21,GO,1.0
EP-45,Chao2018,Condition C (Masked),3,LO-F22,LO,1.0
EP-45,Chao2018,Condition C (Masked),3,GO-F22,GO,1.0
EP-45,Chao2018,Condition C (Masked),3,LO-F23,LO,1.0
EP-45,Chao2018,Condition C (Masked),3,GO-F23,GO,1.0
EP-45,Chao2018,Condition C (Masked),3,LO-F24,LO,
EP-45,Chao2018,Condition C (Masked),3,GO-F24,GO,
EP-45,Chao2018,Condition C (Masked),3,LO-F25,LO,
EP-45,Chao2018,Condition C (Masked),3,GO-F25,GO,
EP-45,Chao2018,Condition C (Masked),3,LO-F26,LO,0.5
EP-45,Chao2018,Condition C (Masked),3,GO-F26,GO,0.5
EP-45,Chao2018,Condition C (Masked),3,LO-F27,LO,1.0
EP-45,Chao2018,Condition C (Masked),3,GO-F27,GO,1.0
EP-45,Chao2018,Condition C (Masked),3,LO-F28,LO,
EP-45,Chao2018,Condition C (Masked),3,GO-F28,GO,
EP-45,Chao2018,Condition C (Masked),3,LO-F29,LO,
EP-45,Chao2018,Condition C (Masked),3,GO-F29,GO,
EP-45,Chao2018,Condition C (Masked),3,LO-F30,LO,1.0
EP-45,Chao2018,Condition C (Masked),3,GO-F30,GO,1.0
EP-45,Chao2018,Condition C (Masked),3,LO-F31,LO,
EP-45,Chao2018,Condition C (Masked),3,GO-F31,GO,
EP-45,Chao2018,Condition C (Masked),3,LO-F32,LO,
EP-45,Chao2018,Condition C (Masked),3,GO-F32,GO,
EP-45,Chao2018,Condition C (Masked),3,LO-F33,LO,
EP-45,Chao2018,Condition C (Masked),3,GO-F33,GO,
EP-45,Chao2018,Condition C (Masked),3,LO-F34,LO,1.0
EP-45,Chao2018,Condition C (Masked),3,GO-F34,GO,1.0
EP-45,Chao2018,Condition C (Masked),3,LO-F35,LO,
EP-45,Chao2018,Condition C (Masked),3,GO-F35,GO,
EP-45,Chao2018,Condition C (Masked),3,LO-F36,LO,
EP-45,Chao2018,Condition C (Masked),3,GO-F36,GO,
EP-46,Bastos2020,Condition A (Full),1,LO-F01,LO,
EP-46,Bastos2020,Condition A (Full),1,GO-F01,GO,
EP-46,Bastos2020,Condition A (Full),1,LO-F02,LO,
EP-46,Bastos2020,Condition A (Full),1,GO-F02,GO,
EP-46,Bastos2020,Condition A (Full),1,LO-F03,LO,
EP-46,Bastos2020,Condition A (Full),1,GO-F03,GO,
EP-46,Bastos2020,Condition A (Full),1,LO-F04,LO,0.0
EP-46,Bastos2020,Condition A (Full),1,GO-F04,GO,
EP-46,Bastos2020,Condition A (Full),1,LO-F05,LO,0.0
EP-46,Bastos2020,Condition A (Full),1,GO-F05,GO,
EP-46,Bastos2020,Condition A (Full),1,LO-F06,LO,1.0
EP-46,Bastos2020,Condition A (Full),1,GO-F06,GO,1.0
EP-46,Bastos2020,Condition A (Full),1,LO-F07,LO,
EP-46,Bastos2020,Condition A (Full),1,GO-F07,GO,
EP-46,Bastos2020,Condition A (Full),1,LO-F08,LO,1.0
EP-46,Bastos2020,Condition A (Full),1,GO-F08,GO,1.0
EP-46,Bastos2020,Condition A (Full),1,LO-F09,LO,
EP-46,Bastos2020,Condition A (Full),1,GO-F09,GO,
EP-46,Bastos2020,Condition A (Full),1,LO-F10,LO,0.0
EP-46,Bastos2020,Condition A (Full),1,GO-F10,GO,0.0
EP-46,Bastos2020,Condition A (Full),1,LO-F11,LO,
EP-46,Bastos2020,Condition A (Full),1,GO-F11,GO,
EP-46,Bastos2020,Condition A (Full),1,LO-F12,LO,
EP-46,Bastos2020,Condition A (Full),1,GO-F12,GO,
EP-46,Bastos2020,Condition A (Full),1,LO-F13,LO,1.0
EP-46,Bastos2020,Condition A (Full),1,GO-F13,GO,1.0
EP-46,Bastos2020,Condition A (Full),1,LO-F14,LO,
EP-46,Bastos2020,Condition A (Full),1,GO-F14,GO,
EP-46,Bastos2020,Condition A (Full),1,LO-F15,LO,
EP-46,Bastos2020,Condition A (Full),1,GO-F15,GO,
EP-46,Bastos2020,Condition A (Full),1,LO-F16,LO,1.0
EP-46,Bastos2020,Condition A (Full),1,GO-F16,GO,1.0
EP-46,Bastos2020,Condition A (Full),1,LO-F17,LO,0.5
EP-46,Bastos2020,Condition A (Full),1,GO-F17,GO,0.5
EP-46,Bastos2020,Condition A (Full),1,LO-F18,LO,1.0
EP-46,Bastos2020,Condition A (Full),1,GO-F18,GO,1.0
EP-46,Bastos2020,Condition A (Full),1,LO-F19,LO,
EP-46,Bastos2020,Condition A (Full),1,GO-F19,GO,
EP-46,Bastos2020,Condition A (Full),1,LO-F20,LO,1.0
EP-46,Bastos2020,Condition A (Full),1,GO-F20,GO,1.0
EP-46,Bastos2020,Condition A (Full),1,LO-F21,LO,1.0
EP-46,Bastos2020,Condition A (Full),1,GO-F21,GO,1.0
EP-46,Bastos2020,Condition A (Full),1,LO-F22,LO,
EP-46,Bastos2020,Condition A (Full),1,GO-F22,GO,
EP-46,Bastos2020,Condition A (Full),1,LO-F23,LO,1.0
EP-46,Bastos2020,Condition A (Full),1,GO-F23,GO,1.0
EP-46,Bastos2020,Condition A (Full),1,LO-F24,LO,
EP-46,Bastos2020,Condition A (Full),1,GO-F24,GO,
EP-46,Bastos2020,Condition A (Full),1,LO-F25,LO,0.5
EP-46,Bastos2020,Condition A (Full),1,GO-F25,GO,0.5
EP-46,Bastos2020,Condition A (Full),1,LO-F26,LO,0.5
EP-46,Bastos2020,Condition A (Full),1,GO-F26,GO,0.5
EP-46,Bastos2020,Condition A (Full),1,LO-F27,LO,1.0
EP-46,Bastos2020,Condition A (Full),1,GO-F27,GO,1.0
EP-46,Bastos2020,Condition A (Full),1,LO-F28,LO,
EP-46,Bastos2020,Condition A (Full),1,GO-F28,GO,
EP-46,Bastos2020,Condition A (Full),1,LO-F29,LO,1.0
EP-46,Bastos2020,Condition A (Full),1,GO-F29,GO,1.0
EP-46,Bastos2020,Condition A (Full),1,LO-F30,LO,1.0
EP-46,Bastos2020,Condition A (Full),1,GO-F30,GO,1.0
EP-46,Bastos2020,Condition A (Full),1,LO-F31,LO,
EP-46,Bastos2020,Condition A (Full),1,GO-F31,GO,
EP-46,Bastos2020,Condition A (Full),1,LO-F32,LO,
EP-46,Bastos2020,Condition A (Full),1,GO-F32,GO,
EP-46,Bastos2020,Condition A (Full),1,LO-F33,LO,
EP-46,Bastos2020,Condition A (Full),1,GO-F33,GO,
EP-46,Bastos2020,Condition A (Full),1,LO-F34,LO,1.0
EP-46,Bastos2020,Condition A (Full),1,GO-F34,GO,1.0
EP-46,Bastos2020,Condition A (Full),1,LO-F35,LO,
EP-46,Bastos2020,Condition A (Full),1,GO-F35,GO,
EP-46,Bastos2020,Condition A (Full),1,LO-F36,LO,
EP-46,Bastos2020,Condition A (Full),1,GO-F36,GO,
EP-47,Bastos2020,Condition A (Full),2,LO-F01,LO,
EP-47,Bastos2020,Condition A (Full),2,GO-F01,GO,
EP-47,Bastos2020,Condition A (Full),2,LO-F02,LO,
EP-47,Bastos2020,Condition A (Full),2,GO-F02,GO,
EP-47,Bastos2020,Condition A (Full),2,LO-F03,LO,
EP-47,Bastos2020,Condition A (Full),2,GO-F03,GO,
EP-47,Bastos2020,Condition A (Full),2,LO-F04,LO,0.0
EP-47,Bastos2020,Condition A (Full),2,GO-F04,GO,
EP-47,Bastos2020,Condition A (Full),2,LO-F05,LO,0.0
EP-47,Bastos2020,Condition A (Full),2,GO-F05,GO,
EP-47,Bastos2020,Condition A (Full),2,LO-F06,LO,1.0
EP-47,Bastos2020,Condition A (Full),2,GO-F06,GO,1.0
EP-47,Bastos2020,Condition A (Full),2,LO-F07,LO,
EP-47,Bastos2020,Condition A (Full),2,GO-F07,GO,
EP-47,Bastos2020,Condition A (Full),2,LO-F08,LO,1.0
EP-47,Bastos2020,Condition A (Full),2,GO-F08,GO,1.0
EP-47,Bastos2020,Condition A (Full),2,LO-F09,LO,
EP-47,Bastos2020,Condition A (Full),2,GO-F09,GO,
EP-47,Bastos2020,Condition A (Full),2,LO-F10,LO,0.0
EP-47,Bastos2020,Condition A (Full),2,GO-F10,GO,0.0
EP-47,Bastos2020,Condition A (Full),2,LO-F11,LO,
EP-47,Bastos2020,Condition A (Full),2,GO-F11,GO,
EP-47,Bastos2020,Condition A (Full),2,LO-F12,LO,
EP-47,Bastos2020,Condition A (Full),2,GO-F12,GO,
EP-47,Bastos2020,Condition A (Full),2,LO-F13,LO,1.0
EP-47,Bastos2020,Condition A (Full),2,GO-F13,GO,1.0
EP-47,Bastos2020,Condition A (Full),2,LO-F14,LO,
EP-47,Bastos2020,Condition A (Full),2,GO-F14,GO,
EP-47,Bastos2020,Condition A (Full),2,LO-F15,LO,
EP-47,Bastos2020,Condition A (Full),2,GO-F15,GO,
EP-47,Bastos2020,Condition A (Full),2,LO-F16,LO,1.0
EP-47,Bastos2020,Condition A (Full),2,GO-F16,GO,1.0
EP-47,Bastos2020,Condition A (Full),2,LO-F17,LO,0.5
EP-47,Bastos2020,Condition A (Full),2,GO-F17,GO,0.5
EP-47,Bastos2020,Condition A (Full),2,LO-F18,LO,1.0
EP-47,Bastos2020,Condition A (Full),2,GO-F18,GO,1.0
EP-47,Bastos2020,Condition A (Full),2,LO-F19,LO,
EP-47,Bastos2020,Condition A (Full),2,GO-F19,GO,
EP-47,Bastos2020,Condition A (Full),2,LO-F20,LO,1.0
EP-47,Bastos2020,Condition A (Full),2,GO-F20,GO,1.0
EP-47,Bastos2020,Condition A (Full),2,LO-F21,LO,1.0
EP-47,Bastos2020,Condition A (Full),2,GO-F21,GO,1.0
EP-47,Bastos2020,Condition A (Full),2,LO-F22,LO,
EP-47,Bastos2020,Condition A (Full),2,GO-F22,GO,
EP-47,Bastos2020,Condition A (Full),2,LO-F23,LO,1.0
EP-47,Bastos2020,Condition A (Full),2,GO-F23,GO,1.0
EP-47,Bastos2020,Condition A (Full),2,LO-F24,LO,
EP-47,Bastos2020,Condition A (Full),2,GO-F24,GO,
EP-47,Bastos2020,Condition A (Full),2,LO-F25,LO,0.5
EP-47,Bastos2020,Condition A (Full),2,GO-F25,GO,0.5
EP-47,Bastos2020,Condition A (Full),2,LO-F26,LO,0.5
EP-47,Bastos2020,Condition A (Full),2,GO-F26,GO,0.5
EP-47,Bastos2020,Condition A (Full),2,LO-F27,LO,1.0
EP-47,Bastos2020,Condition A (Full),2,GO-F27,GO,1.0
EP-47,Bastos2020,Condition A (Full),2,LO-F28,LO,
EP-47,Bastos2020,Condition A (Full),2,GO-F28,GO,
EP-47,Bastos2020,Condition A (Full),2,LO-F29,LO,1.0
EP-47,Bastos2020,Condition A (Full),2,GO-F29,GO,1.0
EP-47,Bastos2020,Condition A (Full),2,LO-F30,LO,1.0
EP-47,Bastos2020,Condition A (Full),2,GO-F30,GO,1.0
EP-47,Bastos2020,Condition A (Full),2,LO-F31,LO,
EP-47,Bastos2020,Condition A (Full),2,GO-F31,GO,
EP-47,Bastos2020,Condition A (Full),2,LO-F32,LO,
EP-47,Bastos2020,Condition A (Full),2,GO-F32,GO,
EP-47,Bastos2020,Condition A (Full),2,LO-F33,LO,
EP-47,Bastos2020,Condition A (Full),2,GO-F33,GO,
EP-47,Bastos2020,Condition A (Full),2,LO-F34,LO,1.0
EP-47,Bastos2020,Condition A (Full),2,GO-F34,GO,1.0
EP-47,Bastos2020,Condition A (Full),2,LO-F35,LO,
EP-47,Bastos2020,Condition A (Full),2,GO-F35,GO,
EP-47,Bastos2020,Condition A (Full),2,LO-F36,LO,
EP-47,Bastos2020,Condition A (Full),2,GO-F36,GO,
EP-48,Bastos2020,Condition A (Full),3,LO-F01,LO,
EP-48,Bastos2020,Condition A (Full),3,GO-F01,GO,
EP-48,Bastos2020,Condition A (Full),3,LO-F02,LO,
EP-48,Bastos2020,Condition A (Full),3,GO-F02,GO,
EP-48,Bastos2020,Condition A (Full),3,LO-F03,LO,
EP-48,Bastos2020,Condition A (Full),3,GO-F03,GO,
EP-48,Bastos2020,Condition A (Full),3,LO-F04,LO,0.0
EP-48,Bastos2020,Condition A (Full),3,GO-F04,GO,
EP-48,Bastos2020,Condition A (Full),3,LO-F05,LO,0.0
EP-48,Bastos2020,Condition A (Full),3,GO-F05,GO,
EP-48,Bastos2020,Condition A (Full),3,LO-F06,LO,1.0
EP-48,Bastos2020,Condition A (Full),3,GO-F06,GO,1.0
EP-48,Bastos2020,Condition A (Full),3,LO-F07,LO,
EP-48,Bastos2020,Condition A (Full),3,GO-F07,GO,
EP-48,Bastos2020,Condition A (Full),3,LO-F08,LO,1.0
EP-48,Bastos2020,Condition A (Full),3,GO-F08,GO,1.0
EP-48,Bastos2020,Condition A (Full),3,LO-F09,LO,
EP-48,Bastos2020,Condition A (Full),3,GO-F09,GO,
EP-48,Bastos2020,Condition A (Full),3,LO-F10,LO,0.0
EP-48,Bastos2020,Condition A (Full),3,GO-F10,GO,0.0
EP-48,Bastos2020,Condition A (Full),3,LO-F11,LO,
EP-48,Bastos2020,Condition A (Full),3,GO-F11,GO,
EP-48,Bastos2020,Condition A (Full),3,LO-F12,LO,
EP-48,Bastos2020,Condition A (Full),3,GO-F12,GO,
EP-48,Bastos2020,Condition A (Full),3,LO-F13,LO,1.0
EP-48,Bastos2020,Condition A (Full),3,GO-F13,GO,1.0
EP-48,Bastos2020,Condition A (Full),3,LO-F14,LO,
EP-48,Bastos2020,Condition A (Full),3,GO-F14,GO,
EP-48,Bastos2020,Condition A (Full),3,LO-F15,LO,
EP-48,Bastos2020,Condition A (Full),3,GO-F15,GO,
EP-48,Bastos2020,Condition A (Full),3,LO-F16,LO,1.0
EP-48,Bastos2020,Condition A (Full),3,GO-F16,GO,1.0
EP-48,Bastos2020,Condition A (Full),3,LO-F17,LO,0.5
EP-48,Bastos2020,Condition A (Full),3,GO-F17,GO,0.5
EP-48,Bastos2020,Condition A (Full),3,LO-F18,LO,1.0
EP-48,Bastos2020,Condition A (Full),3,GO-F18,GO,1.0
EP-48,Bastos2020,Condition A (Full),3,LO-F19,LO,
EP-48,Bastos2020,Condition A (Full),3,GO-F19,GO,
EP-48,Bastos2020,Condition A (Full),3,LO-F20,LO,1.0
EP-48,Bastos2020,Condition A (Full),3,GO-F20,GO,1.0
EP-48,Bastos2020,Condition A (Full),3,LO-F21,LO,1.0
EP-48,Bastos2020,Condition A (Full),3,GO-F21,GO,1.0
EP-48,Bastos2020,Condition A (Full),3,LO-F22,LO,
EP-48,Bastos2020,Condition A (Full),3,GO-F22,GO,
EP-48,Bastos2020,Condition A (Full),3,LO-F23,LO,1.0
EP-48,Bastos2020,Condition A (Full),3,GO-F23,GO,1.0
EP-48,Bastos2020,Condition A (Full),3,LO-F24,LO,
EP-48,Bastos2020,Condition A (Full),3,GO-F24,GO,
EP-48,Bastos2020,Condition A (Full),3,LO-F25,LO,0.5
EP-48,Bastos2020,Condition A (Full),3,GO-F25,GO,0.5
EP-48,Bastos2020,Condition A (Full),3,LO-F26,LO,0.5
EP-48,Bastos2020,Condition A (Full),3,GO-F26,GO,0.5
EP-48,Bastos2020,Condition A (Full),3,LO-F27,LO,1.0
EP-48,Bastos2020,Condition A (Full),3,GO-F27,GO,1.0
EP-48,Bastos2020,Condition A (Full),3,LO-F28,LO,
EP-48,Bastos2020,Condition A (Full),3,GO-F28,GO,
EP-48,Bastos2020,Condition A (Full),3,LO-F29,LO,1.0
EP-48,Bastos2020,Condition A (Full),3,GO-F29,GO,1.0
EP-48,Bastos2020,Condition A (Full),3,LO-F30,LO,1.0
EP-48,Bastos2020,Condition A (Full),3,GO-F30,GO,1.0
EP-48,Bastos2020,Condition A (Full),3,LO-F31,LO,
EP-48,Bastos2020,Condition A (Full),3,GO-F31,GO,
EP-48,Bastos2020,Condition A (Full),3,LO-F32,LO,
EP-48,Bastos2020,Condition A (Full),3,GO-F32,GO,
EP-48,Bastos2020,Condition A (Full),3,LO-F33,LO,
EP-48,Bastos2020,Condition A (Full),3,GO-F33,GO,
EP-48,Bastos2020,Condition A (Full),3,LO-F34,LO,1.0
EP-48,Bastos2020,Condition A (Full),3,GO-F34,GO,1.0
EP-48,Bastos2020,Condition A (Full),3,LO-F35,LO,
EP-48,Bastos2020,Condition A (Full),3,GO-F35,GO,
EP-48,Bastos2020,Condition A (Full),3,LO-F36,LO,
EP-48,Bastos2020,Condition A (Full),3,GO-F36,GO,
EP-49,Bastos2020,Condition B (Abstract),1,LO-F01,LO,
EP-49,Bastos2020,Condition B (Abstract),1,GO-F01,GO,
EP-49,Bastos2020,Condition B (Abstract),1,LO-F02,LO,
EP-49,Bastos2020,Condition B (Abstract),1,GO-F02,GO,
EP-49,Bastos2020,Condition B (Abstract),1,LO-F03,LO,
EP-49,Bastos2020,Condition B (Abstract),1,GO-F03,GO,
EP-49,Bastos2020,Condition B (Abstract),1,LO-F04,LO,
EP-49,Bastos2020,Condition B (Abstract),1,GO-F04,GO,
EP-49,Bastos2020,Condition B (Abstract),1,LO-F05,LO,
EP-49,Bastos2020,Condition B (Abstract),1,GO-F05,GO,
EP-49,Bastos2020,Condition B (Abstract),1,LO-F06,LO,1.0
EP-49,Bastos2020,Condition B (Abstract),1,GO-F06,GO,1.0
EP-49,Bastos2020,Condition B (Abstract),1,LO-F07,LO,
EP-49,Bastos2020,Condition B (Abstract),1,GO-F07,GO,
EP-49,Bastos2020,Condition B (Abstract),1,LO-F08,LO,1.0
EP-49,Bastos2020,Condition B (Abstract),1,GO-F08,GO,1.0
EP-49,Bastos2020,Condition B (Abstract),1,LO-F09,LO,
EP-49,Bastos2020,Condition B (Abstract),1,GO-F09,GO,
EP-49,Bastos2020,Condition B (Abstract),1,LO-F10,LO,
EP-49,Bastos2020,Condition B (Abstract),1,GO-F10,GO,
EP-49,Bastos2020,Condition B (Abstract),1,LO-F11,LO,
EP-49,Bastos2020,Condition B (Abstract),1,GO-F11,GO,
EP-49,Bastos2020,Condition B (Abstract),1,LO-F12,LO,
EP-49,Bastos2020,Condition B (Abstract),1,GO-F12,GO,
EP-49,Bastos2020,Condition B (Abstract),1,LO-F13,LO,1.0
EP-49,Bastos2020,Condition B (Abstract),1,GO-F13,GO,1.0
EP-49,Bastos2020,Condition B (Abstract),1,LO-F14,LO,
EP-49,Bastos2020,Condition B (Abstract),1,GO-F14,GO,
EP-49,Bastos2020,Condition B (Abstract),1,LO-F15,LO,
EP-49,Bastos2020,Condition B (Abstract),1,GO-F15,GO,
EP-49,Bastos2020,Condition B (Abstract),1,LO-F16,LO,1.0
EP-49,Bastos2020,Condition B (Abstract),1,GO-F16,GO,1.0
EP-49,Bastos2020,Condition B (Abstract),1,LO-F17,LO,
EP-49,Bastos2020,Condition B (Abstract),1,GO-F17,GO,
EP-49,Bastos2020,Condition B (Abstract),1,LO-F18,LO,1.0
EP-49,Bastos2020,Condition B (Abstract),1,GO-F18,GO,1.0
EP-49,Bastos2020,Condition B (Abstract),1,LO-F19,LO,
EP-49,Bastos2020,Condition B (Abstract),1,GO-F19,GO,
EP-49,Bastos2020,Condition B (Abstract),1,LO-F20,LO,1.0
EP-49,Bastos2020,Condition B (Abstract),1,GO-F20,GO,1.0
EP-49,Bastos2020,Condition B (Abstract),1,LO-F21,LO,1.0
EP-49,Bastos2020,Condition B (Abstract),1,GO-F21,GO,1.0
EP-49,Bastos2020,Condition B (Abstract),1,LO-F22,LO,
EP-49,Bastos2020,Condition B (Abstract),1,GO-F22,GO,
EP-49,Bastos2020,Condition B (Abstract),1,LO-F23,LO,1.0
EP-49,Bastos2020,Condition B (Abstract),1,GO-F23,GO,1.0
EP-49,Bastos2020,Condition B (Abstract),1,LO-F24,LO,
EP-49,Bastos2020,Condition B (Abstract),1,GO-F24,GO,
EP-49,Bastos2020,Condition B (Abstract),1,LO-F25,LO,0.5
EP-49,Bastos2020,Condition B (Abstract),1,GO-F25,GO,0.5
EP-49,Bastos2020,Condition B (Abstract),1,LO-F26,LO,0.5
EP-49,Bastos2020,Condition B (Abstract),1,GO-F26,GO,0.5
EP-49,Bastos2020,Condition B (Abstract),1,LO-F27,LO,1.0
EP-49,Bastos2020,Condition B (Abstract),1,GO-F27,GO,1.0
EP-49,Bastos2020,Condition B (Abstract),1,LO-F28,LO,
EP-49,Bastos2020,Condition B (Abstract),1,GO-F28,GO,
EP-49,Bastos2020,Condition B (Abstract),1,LO-F29,LO,1.0
EP-49,Bastos2020,Condition B (Abstract),1,GO-F29,GO,1.0
EP-49,Bastos2020,Condition B (Abstract),1,LO-F30,LO,1.0
EP-49,Bastos2020,Condition B (Abstract),1,GO-F30,GO,1.0
EP-49,Bastos2020,Condition B (Abstract),1,LO-F31,LO,
EP-49,Bastos2020,Condition B (Abstract),1,GO-F31,GO,
EP-49,Bastos2020,Condition B (Abstract),1,LO-F32,LO,
EP-49,Bastos2020,Condition B (Abstract),1,GO-F32,GO,
EP-49,Bastos2020,Condition B (Abstract),1,LO-F33,LO,
EP-49,Bastos2020,Condition B (Abstract),1,GO-F33,GO,
EP-49,Bastos2020,Condition B (Abstract),1,LO-F34,LO,1.0
EP-49,Bastos2020,Condition B (Abstract),1,GO-F34,GO,1.0
EP-49,Bastos2020,Condition B (Abstract),1,LO-F35,LO,
EP-49,Bastos2020,Condition B (Abstract),1,GO-F35,GO,
EP-49,Bastos2020,Condition B (Abstract),1,LO-F36,LO,
EP-49,Bastos2020,Condition B (Abstract),1,GO-F36,GO,
EP-50,Bastos2020,Condition B (Abstract),2,LO-F01,LO,
EP-50,Bastos2020,Condition B (Abstract),2,GO-F01,GO,
EP-50,Bastos2020,Condition B (Abstract),2,LO-F02,LO,
EP-50,Bastos2020,Condition B (Abstract),2,GO-F02,GO,
EP-50,Bastos2020,Condition B (Abstract),2,LO-F03,LO,
EP-50,Bastos2020,Condition B (Abstract),2,GO-F03,GO,
EP-50,Bastos2020,Condition B (Abstract),2,LO-F04,LO,
EP-50,Bastos2020,Condition B (Abstract),2,GO-F04,GO,
EP-50,Bastos2020,Condition B (Abstract),2,LO-F05,LO,
EP-50,Bastos2020,Condition B (Abstract),2,GO-F05,GO,
EP-50,Bastos2020,Condition B (Abstract),2,LO-F06,LO,1.0
EP-50,Bastos2020,Condition B (Abstract),2,GO-F06,GO,1.0
EP-50,Bastos2020,Condition B (Abstract),2,LO-F07,LO,
EP-50,Bastos2020,Condition B (Abstract),2,GO-F07,GO,
EP-50,Bastos2020,Condition B (Abstract),2,LO-F08,LO,1.0
EP-50,Bastos2020,Condition B (Abstract),2,GO-F08,GO,1.0
EP-50,Bastos2020,Condition B (Abstract),2,LO-F09,LO,
EP-50,Bastos2020,Condition B (Abstract),2,GO-F09,GO,
EP-50,Bastos2020,Condition B (Abstract),2,LO-F10,LO,
EP-50,Bastos2020,Condition B (Abstract),2,GO-F10,GO,
EP-50,Bastos2020,Condition B (Abstract),2,LO-F11,LO,
EP-50,Bastos2020,Condition B (Abstract),2,GO-F11,GO,
EP-50,Bastos2020,Condition B (Abstract),2,LO-F12,LO,
EP-50,Bastos2020,Condition B (Abstract),2,GO-F12,GO,
EP-50,Bastos2020,Condition B (Abstract),2,LO-F13,LO,1.0
EP-50,Bastos2020,Condition B (Abstract),2,GO-F13,GO,1.0
EP-50,Bastos2020,Condition B (Abstract),2,LO-F14,LO,
EP-50,Bastos2020,Condition B (Abstract),2,GO-F14,GO,
EP-50,Bastos2020,Condition B (Abstract),2,LO-F15,LO,
EP-50,Bastos2020,Condition B (Abstract),2,GO-F15,GO,
EP-50,Bastos2020,Condition B (Abstract),2,LO-F16,LO,1.0
EP-50,Bastos2020,Condition B (Abstract),2,GO-F16,GO,1.0
EP-50,Bastos2020,Condition B (Abstract),2,LO-F17,LO,
EP-50,Bastos2020,Condition B (Abstract),2,GO-F17,GO,
EP-50,Bastos2020,Condition B (Abstract),2,LO-F18,LO,1.0
EP-50,Bastos2020,Condition B (Abstract),2,GO-F18,GO,1.0
EP-50,Bastos2020,Condition B (Abstract),2,LO-F19,LO,
EP-50,Bastos2020,Condition B (Abstract),2,GO-F19,GO,
EP-50,Bastos2020,Condition B (Abstract),2,LO-F20,LO,1.0
EP-50,Bastos2020,Condition B (Abstract),2,GO-F20,GO,1.0
EP-50,Bastos2020,Condition B (Abstract),2,LO-F21,LO,1.0
EP-50,Bastos2020,Condition B (Abstract),2,GO-F21,GO,1.0
EP-50,Bastos2020,Condition B (Abstract),2,LO-F22,LO,
EP-50,Bastos2020,Condition B (Abstract),2,GO-F22,GO,
EP-50,Bastos2020,Condition B (Abstract),2,LO-F23,LO,1.0
EP-50,Bastos2020,Condition B (Abstract),2,GO-F23,GO,1.0
EP-50,Bastos2020,Condition B (Abstract),2,LO-F24,LO,
EP-50,Bastos2020,Condition B (Abstract),2,GO-F24,GO,
EP-50,Bastos2020,Condition B (Abstract),2,LO-F25,LO,0.5
EP-50,Bastos2020,Condition B (Abstract),2,GO-F25,GO,0.5
EP-50,Bastos2020,Condition B (Abstract),2,LO-F26,LO,0.5
EP-50,Bastos2020,Condition B (Abstract),2,GO-F26,GO,0.5
EP-50,Bastos2020,Condition B (Abstract),2,LO-F27,LO,1.0
EP-50,Bastos2020,Condition B (Abstract),2,GO-F27,GO,1.0
EP-50,Bastos2020,Condition B (Abstract),2,LO-F28,LO,
EP-50,Bastos2020,Condition B (Abstract),2,GO-F28,GO,
EP-50,Bastos2020,Condition B (Abstract),2,LO-F29,LO,1.0
EP-50,Bastos2020,Condition B (Abstract),2,GO-F29,GO,1.0
EP-50,Bastos2020,Condition B (Abstract),2,LO-F30,LO,1.0
EP-50,Bastos2020,Condition B (Abstract),2,GO-F30,GO,1.0
EP-50,Bastos2020,Condition B (Abstract),2,LO-F31,LO,
EP-50,Bastos2020,Condition B (Abstract),2,GO-F31,GO,
EP-50,Bastos2020,Condition B (Abstract),2,LO-F32,LO,
EP-50,Bastos2020,Condition B (Abstract),2,GO-F32,GO,
EP-50,Bastos2020,Condition B (Abstract),2,LO-F33,LO,
EP-50,Bastos2020,Condition B (Abstract),2,GO-F33,GO,
EP-50,Bastos2020,Condition B (Abstract),2,LO-F34,LO,1.0
EP-50,Bastos2020,Condition B (Abstract),2,GO-F34,GO,1.0
EP-50,Bastos2020,Condition B (Abstract),2,LO-F35,LO,
EP-50,Bastos2020,Condition B (Abstract),2,GO-F35,GO,
EP-50,Bastos2020,Condition B (Abstract),2,LO-F36,LO,
EP-50,Bastos2020,Condition B (Abstract),2,GO-F36,GO,
EP-51,Bastos2020,Condition B (Abstract),3,LO-F01,LO,
EP-51,Bastos2020,Condition B (Abstract),3,GO-F01,GO,
EP-51,Bastos2020,Condition B (Abstract),3,LO-F02,LO,
EP-51,Bastos2020,Condition B (Abstract),3,GO-F02,GO,
EP-51,Bastos2020,Condition B (Abstract),3,LO-F03,LO,
EP-51,Bastos2020,Condition B (Abstract),3,GO-F03,GO,
EP-51,Bastos2020,Condition B (Abstract),3,LO-F04,LO,
EP-51,Bastos2020,Condition B (Abstract),3,GO-F04,GO,
EP-51,Bastos2020,Condition B (Abstract),3,LO-F05,LO,
EP-51,Bastos2020,Condition B (Abstract),3,GO-F05,GO,
EP-51,Bastos2020,Condition B (Abstract),3,LO-F06,LO,1.0
EP-51,Bastos2020,Condition B (Abstract),3,GO-F06,GO,1.0
EP-51,Bastos2020,Condition B (Abstract),3,LO-F07,LO,
EP-51,Bastos2020,Condition B (Abstract),3,GO-F07,GO,
EP-51,Bastos2020,Condition B (Abstract),3,LO-F08,LO,1.0
EP-51,Bastos2020,Condition B (Abstract),3,GO-F08,GO,1.0
EP-51,Bastos2020,Condition B (Abstract),3,LO-F09,LO,
EP-51,Bastos2020,Condition B (Abstract),3,GO-F09,GO,
EP-51,Bastos2020,Condition B (Abstract),3,LO-F10,LO,
EP-51,Bastos2020,Condition B (Abstract),3,GO-F10,GO,
EP-51,Bastos2020,Condition B (Abstract),3,LO-F11,LO,
EP-51,Bastos2020,Condition B (Abstract),3,GO-F11,GO,
EP-51,Bastos2020,Condition B (Abstract),3,LO-F12,LO,
EP-51,Bastos2020,Condition B (Abstract),3,GO-F12,GO,
EP-51,Bastos2020,Condition B (Abstract),3,LO-F13,LO,1.0
EP-51,Bastos2020,Condition B (Abstract),3,GO-F13,GO,1.0
EP-51,Bastos2020,Condition B (Abstract),3,LO-F14,LO,
EP-51,Bastos2020,Condition B (Abstract),3,GO-F14,GO,
EP-51,Bastos2020,Condition B (Abstract),3,LO-F15,LO,
EP-51,Bastos2020,Condition B (Abstract),3,GO-F15,GO,
EP-51,Bastos2020,Condition B (Abstract),3,LO-F16,LO,1.0
EP-51,Bastos2020,Condition B (Abstract),3,GO-F16,GO,1.0
EP-51,Bastos2020,Condition B (Abstract),3,LO-F17,LO,
EP-51,Bastos2020,Condition B (Abstract),3,GO-F17,GO,
EP-51,Bastos2020,Condition B (Abstract),3,LO-F18,LO,1.0
EP-51,Bastos2020,Condition B (Abstract),3,GO-F18,GO,1.0
EP-51,Bastos2020,Condition B (Abstract),3,LO-F19,LO,
EP-51,Bastos2020,Condition B (Abstract),3,GO-F19,GO,
EP-51,Bastos2020,Condition B (Abstract),3,LO-F20,LO,1.0
EP-51,Bastos2020,Condition B (Abstract),3,GO-F20,GO,1.0
EP-51,Bastos2020,Condition B (Abstract),3,LO-F21,LO,1.0
EP-51,Bastos2020,Condition B (Abstract),3,GO-F21,GO,1.0
EP-51,Bastos2020,Condition B (Abstract),3,LO-F22,LO,
EP-51,Bastos2020,Condition B (Abstract),3,GO-F22,GO,
EP-51,Bastos2020,Condition B (Abstract),3,LO-F23,LO,1.0
EP-51,Bastos2020,Condition B (Abstract),3,GO-F23,GO,1.0
EP-51,Bastos2020,Condition B (Abstract),3,LO-F24,LO,
EP-51,Bastos2020,Condition B (Abstract),3,GO-F24,GO,
EP-51,Bastos2020,Condition B (Abstract),3,LO-F25,LO,0.5
EP-51,Bastos2020,Condition B (Abstract),3,GO-F25,GO,0.5
EP-51,Bastos2020,Condition B (Abstract),3,LO-F26,LO,0.5
EP-51,Bastos2020,Condition B (Abstract),3,GO-F26,GO,0.5
EP-51,Bastos2020,Condition B (Abstract),3,LO-F27,LO,1.0
EP-51,Bastos2020,Condition B (Abstract),3,GO-F27,GO,1.0
EP-51,Bastos2020,Condition B (Abstract),3,LO-F28,LO,
EP-51,Bastos2020,Condition B (Abstract),3,GO-F28,GO,
EP-51,Bastos2020,Condition B (Abstract),3,LO-F29,LO,1.0
EP-51,Bastos2020,Condition B (Abstract),3,GO-F29,GO,1.0
EP-51,Bastos2020,Condition B (Abstract),3,LO-F30,LO,1.0
EP-51,Bastos2020,Condition B (Abstract),3,GO-F30,GO,1.0
EP-51,Bastos2020,Condition B (Abstract),3,LO-F31,LO,
EP-51,Bastos2020,Condition B (Abstract),3,GO-F31,GO,
EP-51,Bastos2020,Condition B (Abstract),3,LO-F32,LO,
EP-51,Bastos2020,Condition B (Abstract),3,GO-F32,GO,
EP-51,Bastos2020,Condition B (Abstract),3,LO-F33,LO,
EP-51,Bastos2020,Condition B (Abstract),3,GO-F33,GO,
EP-51,Bastos2020,Condition B (Abstract),3,LO-F34,LO,1.0
EP-51,Bastos2020,Condition B (Abstract),3,GO-F34,GO,1.0
EP-51,Bastos2020,Condition B (Abstract),3,LO-F35,LO,
EP-51,Bastos2020,Condition B (Abstract),3,GO-F35,GO,
EP-51,Bastos2020,Condition B (Abstract),3,LO-F36,LO,
EP-51,Bastos2020,Condition B (Abstract),3,GO-F36,GO,
EP-52,Bastos2020,Condition C (Masked),1,LO-F01,LO,
EP-52,Bastos2020,Condition C (Masked),1,GO-F01,GO,
EP-52,Bastos2020,Condition C (Masked),1,LO-F02,LO,
EP-52,Bastos2020,Condition C (Masked),1,GO-F02,GO,
EP-52,Bastos2020,Condition C (Masked),1,LO-F03,LO,
EP-52,Bastos2020,Condition C (Masked),1,GO-F03,GO,
EP-52,Bastos2020,Condition C (Masked),1,LO-F04,LO,0.0
EP-52,Bastos2020,Condition C (Masked),1,GO-F04,GO,
EP-52,Bastos2020,Condition C (Masked),1,LO-F05,LO,0.0
EP-52,Bastos2020,Condition C (Masked),1,GO-F05,GO,
EP-52,Bastos2020,Condition C (Masked),1,LO-F06,LO,1.0
EP-52,Bastos2020,Condition C (Masked),1,GO-F06,GO,1.0
EP-52,Bastos2020,Condition C (Masked),1,LO-F07,LO,
EP-52,Bastos2020,Condition C (Masked),1,GO-F07,GO,
EP-52,Bastos2020,Condition C (Masked),1,LO-F08,LO,1.0
EP-52,Bastos2020,Condition C (Masked),1,GO-F08,GO,1.0
EP-52,Bastos2020,Condition C (Masked),1,LO-F09,LO,
EP-52,Bastos2020,Condition C (Masked),1,GO-F09,GO,
EP-52,Bastos2020,Condition C (Masked),1,LO-F10,LO,0.0
EP-52,Bastos2020,Condition C (Masked),1,GO-F10,GO,0.0
EP-52,Bastos2020,Condition C (Masked),1,LO-F11,LO,
EP-52,Bastos2020,Condition C (Masked),1,GO-F11,GO,
EP-52,Bastos2020,Condition C (Masked),1,LO-F12,LO,
EP-52,Bastos2020,Condition C (Masked),1,GO-F12,GO,
EP-52,Bastos2020,Condition C (Masked),1,LO-F13,LO,1.0
EP-52,Bastos2020,Condition C (Masked),1,GO-F13,GO,1.0
EP-52,Bastos2020,Condition C (Masked),1,LO-F14,LO,
EP-52,Bastos2020,Condition C (Masked),1,GO-F14,GO,
EP-52,Bastos2020,Condition C (Masked),1,LO-F15,LO,
EP-52,Bastos2020,Condition C (Masked),1,GO-F15,GO,
EP-52,Bastos2020,Condition C (Masked),1,LO-F16,LO,1.0
EP-52,Bastos2020,Condition C (Masked),1,GO-F16,GO,1.0
EP-52,Bastos2020,Condition C (Masked),1,LO-F17,LO,0.5
EP-52,Bastos2020,Condition C (Masked),1,GO-F17,GO,0.5
EP-52,Bastos2020,Condition C (Masked),1,LO-F18,LO,1.0
EP-52,Bastos2020,Condition C (Masked),1,GO-F18,GO,1.0
EP-52,Bastos2020,Condition C (Masked),1,LO-F19,LO,
EP-52,Bastos2020,Condition C (Masked),1,GO-F19,GO,
EP-52,Bastos2020,Condition C (Masked),1,LO-F20,LO,1.0
EP-52,Bastos2020,Condition C (Masked),1,GO-F20,GO,1.0
EP-52,Bastos2020,Condition C (Masked),1,LO-F21,LO,1.0
EP-52,Bastos2020,Condition C (Masked),1,GO-F21,GO,1.0
EP-52,Bastos2020,Condition C (Masked),1,LO-F22,LO,
EP-52,Bastos2020,Condition C (Masked),1,GO-F22,GO,
EP-52,Bastos2020,Condition C (Masked),1,LO-F23,LO,1.0
EP-52,Bastos2020,Condition C (Masked),1,GO-F23,GO,1.0
EP-52,Bastos2020,Condition C (Masked),1,LO-F24,LO,
EP-52,Bastos2020,Condition C (Masked),1,GO-F24,GO,
EP-52,Bastos2020,Condition C (Masked),1,LO-F25,LO,0.5
EP-52,Bastos2020,Condition C (Masked),1,GO-F25,GO,0.5
EP-52,Bastos2020,Condition C (Masked),1,LO-F26,LO,0.5
EP-52,Bastos2020,Condition C (Masked),1,GO-F26,GO,0.5
EP-52,Bastos2020,Condition C (Masked),1,LO-F27,LO,1.0
EP-52,Bastos2020,Condition C (Masked),1,GO-F27,GO,1.0
EP-52,Bastos2020,Condition C (Masked),1,LO-F28,LO,
EP-52,Bastos2020,Condition C (Masked),1,GO-F28,GO,
EP-52,Bastos2020,Condition C (Masked),1,LO-F29,LO,1.0
EP-52,Bastos2020,Condition C (Masked),1,GO-F29,GO,1.0
EP-52,Bastos2020,Condition C (Masked),1,LO-F30,LO,1.0
EP-52,Bastos2020,Condition C (Masked),1,GO-F30,GO,1.0
EP-52,Bastos2020,Condition C (Masked),1,LO-F31,LO,
EP-52,Bastos2020,Condition C (Masked),1,GO-F31,GO,
EP-52,Bastos2020,Condition C (Masked),1,LO-F32,LO,
EP-52,Bastos2020,Condition C (Masked),1,GO-F32,GO,
EP-52,Bastos2020,Condition C (Masked),1,LO-F33,LO,
EP-52,Bastos2020,Condition C (Masked),1,GO-F33,GO,
EP-52,Bastos2020,Condition C (Masked),1,LO-F34,LO,1.0
EP-52,Bastos2020,Condition C (Masked),1,GO-F34,GO,1.0
EP-52,Bastos2020,Condition C (Masked),1,LO-F35,LO,
EP-52,Bastos2020,Condition C (Masked),1,GO-F35,GO,
EP-52,Bastos2020,Condition C (Masked),1,LO-F36,LO,
EP-52,Bastos2020,Condition C (Masked),1,GO-F36,GO,
EP-53,Bastos2020,Condition C (Masked),2,LO-F01,LO,
EP-53,Bastos2020,Condition C (Masked),2,GO-F01,GO,
EP-53,Bastos2020,Condition C (Masked),2,LO-F02,LO,
EP-53,Bastos2020,Condition C (Masked),2,GO-F02,GO,
EP-53,Bastos2020,Condition C (Masked),2,LO-F03,LO,
EP-53,Bastos2020,Condition C (Masked),2,GO-F03,GO,
EP-53,Bastos2020,Condition C (Masked),2,LO-F04,LO,0.0
EP-53,Bastos2020,Condition C (Masked),2,GO-F04,GO,
EP-53,Bastos2020,Condition C (Masked),2,LO-F05,LO,0.0
EP-53,Bastos2020,Condition C (Masked),2,GO-F05,GO,
EP-53,Bastos2020,Condition C (Masked),2,LO-F06,LO,1.0
EP-53,Bastos2020,Condition C (Masked),2,GO-F06,GO,1.0
EP-53,Bastos2020,Condition C (Masked),2,LO-F07,LO,
EP-53,Bastos2020,Condition C (Masked),2,GO-F07,GO,
EP-53,Bastos2020,Condition C (Masked),2,LO-F08,LO,1.0
EP-53,Bastos2020,Condition C (Masked),2,GO-F08,GO,1.0
EP-53,Bastos2020,Condition C (Masked),2,LO-F09,LO,
EP-53,Bastos2020,Condition C (Masked),2,GO-F09,GO,
EP-53,Bastos2020,Condition C (Masked),2,LO-F10,LO,0.0
EP-53,Bastos2020,Condition C (Masked),2,GO-F10,GO,0.0
EP-53,Bastos2020,Condition C (Masked),2,LO-F11,LO,
EP-53,Bastos2020,Condition C (Masked),2,GO-F11,GO,
EP-53,Bastos2020,Condition C (Masked),2,LO-F12,LO,
EP-53,Bastos2020,Condition C (Masked),2,GO-F12,GO,
EP-53,Bastos2020,Condition C (Masked),2,LO-F13,LO,1.0
EP-53,Bastos2020,Condition C (Masked),2,GO-F13,GO,1.0
EP-53,Bastos2020,Condition C (Masked),2,LO-F14,LO,
EP-53,Bastos2020,Condition C (Masked),2,GO-F14,GO,
EP-53,Bastos2020,Condition C (Masked),2,LO-F15,LO,
EP-53,Bastos2020,Condition C (Masked),2,GO-F15,GO,
EP-53,Bastos2020,Condition C (Masked),2,LO-F16,LO,1.0
EP-53,Bastos2020,Condition C (Masked),2,GO-F16,GO,1.0
EP-53,Bastos2020,Condition C (Masked),2,LO-F17,LO,0.5
EP-53,Bastos2020,Condition C (Masked),2,GO-F17,GO,0.5
EP-53,Bastos2020,Condition C (Masked),2,LO-F18,LO,1.0
EP-53,Bastos2020,Condition C (Masked),2,GO-F18,GO,1.0
EP-53,Bastos2020,Condition C (Masked),2,LO-F19,LO,
EP-53,Bastos2020,Condition C (Masked),2,GO-F19,GO,
EP-53,Bastos2020,Condition C (Masked),2,LO-F20,LO,1.0
EP-53,Bastos2020,Condition C (Masked),2,GO-F20,GO,1.0
EP-53,Bastos2020,Condition C (Masked),2,LO-F21,LO,1.0
EP-53,Bastos2020,Condition C (Masked),2,GO-F21,GO,1.0
EP-53,Bastos2020,Condition C (Masked),2,LO-F22,LO,
EP-53,Bastos2020,Condition C (Masked),2,GO-F22,GO,
EP-53,Bastos2020,Condition C (Masked),2,LO-F23,LO,1.0
EP-53,Bastos2020,Condition C (Masked),2,GO-F23,GO,1.0
EP-53,Bastos2020,Condition C (Masked),2,LO-F24,LO,
EP-53,Bastos2020,Condition C (Masked),2,GO-F24,GO,
EP-53,Bastos2020,Condition C (Masked),2,LO-F25,LO,0.5
EP-53,Bastos2020,Condition C (Masked),2,GO-F25,GO,0.5
EP-53,Bastos2020,Condition C (Masked),2,LO-F26,LO,0.5
EP-53,Bastos2020,Condition C (Masked),2,GO-F26,GO,0.5
EP-53,Bastos2020,Condition C (Masked),2,LO-F27,LO,1.0
EP-53,Bastos2020,Condition C (Masked),2,GO-F27,GO,1.0
EP-53,Bastos2020,Condition C (Masked),2,LO-F28,LO,
EP-53,Bastos2020,Condition C (Masked),2,GO-F28,GO,
EP-53,Bastos2020,Condition C (Masked),2,LO-F29,LO,1.0
EP-53,Bastos2020,Condition C (Masked),2,GO-F29,GO,1.0
EP-53,Bastos2020,Condition C (Masked),2,LO-F30,LO,1.0
EP-53,Bastos2020,Condition C (Masked),2,GO-F30,GO,1.0
EP-53,Bastos2020,Condition C (Masked),2,LO-F31,LO,
EP-53,Bastos2020,Condition C (Masked),2,GO-F31,GO,
EP-53,Bastos2020,Condition C (Masked),2,LO-F32,LO,
EP-53,Bastos2020,Condition C (Masked),2,GO-F32,GO,
EP-53,Bastos2020,Condition C (Masked),2,LO-F33,LO,
EP-53,Bastos2020,Condition C (Masked),2,GO-F33,GO,
EP-53,Bastos2020,Condition C (Masked),2,LO-F34,LO,1.0
EP-53,Bastos2020,Condition C (Masked),2,GO-F34,GO,1.0
EP-53,Bastos2020,Condition C (Masked),2,LO-F35,LO,
EP-53,Bastos2020,Condition C (Masked),2,GO-F35,GO,
EP-53,Bastos2020,Condition C (Masked),2,LO-F36,LO,
EP-53,Bastos2020,Condition C (Masked),2,GO-F36,GO,
EP-54,Bastos2020,Condition C (Masked),3,LO-F01,LO,
EP-54,Bastos2020,Condition C (Masked),3,GO-F01,GO,
EP-54,Bastos2020,Condition C (Masked),3,LO-F02,LO,
EP-54,Bastos2020,Condition C (Masked),3,GO-F02,GO,
EP-54,Bastos2020,Condition C (Masked),3,LO-F03,LO,
EP-54,Bastos2020,Condition C (Masked),3,GO-F03,GO,
EP-54,Bastos2020,Condition C (Masked),3,LO-F04,LO,0.0
EP-54,Bastos2020,Condition C (Masked),3,GO-F04,GO,
EP-54,Bastos2020,Condition C (Masked),3,LO-F05,LO,0.0
EP-54,Bastos2020,Condition C (Masked),3,GO-F05,GO,
EP-54,Bastos2020,Condition C (Masked),3,LO-F06,LO,1.0
EP-54,Bastos2020,Condition C (Masked),3,GO-F06,GO,1.0
EP-54,Bastos2020,Condition C (Masked),3,LO-F07,LO,
EP-54,Bastos2020,Condition C (Masked),3,GO-F07,GO,
EP-54,Bastos2020,Condition C (Masked),3,LO-F08,LO,1.0
EP-54,Bastos2020,Condition C (Masked),3,GO-F08,GO,1.0
EP-54,Bastos2020,Condition C (Masked),3,LO-F09,LO,
EP-54,Bastos2020,Condition C (Masked),3,GO-F09,GO,
EP-54,Bastos2020,Condition C (Masked),3,LO-F10,LO,0.0
EP-54,Bastos2020,Condition C (Masked),3,GO-F10,GO,0.0
EP-54,Bastos2020,Condition C (Masked),3,LO-F11,LO,
EP-54,Bastos2020,Condition C (Masked),3,GO-F11,GO,
EP-54,Bastos2020,Condition C (Masked),3,LO-F12,LO,
EP-54,Bastos2020,Condition C (Masked),3,GO-F12,GO,
EP-54,Bastos2020,Condition C (Masked),3,LO-F13,LO,1.0
EP-54,Bastos2020,Condition C (Masked),3,GO-F13,GO,1.0
EP-54,Bastos2020,Condition C (Masked),3,LO-F14,LO,
EP-54,Bastos2020,Condition C (Masked),3,GO-F14,GO,
EP-54,Bastos2020,Condition C (Masked),3,LO-F15,LO,
EP-54,Bastos2020,Condition C (Masked),3,GO-F15,GO,
EP-54,Bastos2020,Condition C (Masked),3,LO-F16,LO,1.0
EP-54,Bastos2020,Condition C (Masked),3,GO-F16,GO,1.0
EP-54,Bastos2020,Condition C (Masked),3,LO-F17,LO,0.5
EP-54,Bastos2020,Condition C (Masked),3,GO-F17,GO,0.5
EP-54,Bastos2020,Condition C (Masked),3,LO-F18,LO,1.0
EP-54,Bastos2020,Condition C (Masked),3,GO-F18,GO,1.0
EP-54,Bastos2020,Condition C (Masked),3,LO-F19,LO,
EP-54,Bastos2020,Condition C (Masked),3,GO-F19,GO,
EP-54,Bastos2020,Condition C (Masked),3,LO-F20,LO,1.0
EP-54,Bastos2020,Condition C (Masked),3,GO-F20,GO,1.0
EP-54,Bastos2020,Condition C (Masked),3,LO-F21,LO,1.0
EP-54,Bastos2020,Condition C (Masked),3,GO-F21,GO,1.0
EP-54,Bastos2020,Condition C (Masked),3,LO-F22,LO,
EP-54,Bastos2020,Condition C (Masked),3,GO-F22,GO,
EP-54,Bastos2020,Condition C (Masked),3,LO-F23,LO,1.0
EP-54,Bastos2020,Condition C (Masked),3,GO-F23,GO,1.0
EP-54,Bastos2020,Condition C (Masked),3,LO-F24,LO,
EP-54,Bastos2020,Condition C (Masked),3,GO-F24,GO,
EP-54,Bastos2020,Condition C (Masked),3,LO-F25,LO,0.5
EP-54,Bastos2020,Condition C (Masked),3,GO-F25,GO,0.5
EP-54,Bastos2020,Condition C (Masked),3,LO-F26,LO,0.5
EP-54,Bastos2020,Condition C (Masked),3,GO-F26,GO,0.5
EP-54,Bastos2020,Condition C (Masked),3,LO-F27,LO,1.0
EP-54,Bastos2020,Condition C (Masked),3,GO-F27,GO,1.0
EP-54,Bastos2020,Condition C (Masked),3,LO-F28,LO,
EP-54,Bastos2020,Condition C (Masked),3,GO-F28,GO,
EP-54,Bastos2020,Condition C (Masked),3,LO-F29,LO,1.0
EP-54,Bastos2020,Condition C (Masked),3,GO-F29,GO,1.0
EP-54,Bastos2020,Condition C (Masked),3,LO-F30,LO,1.0
EP-54,Bastos2020,Condition C (Masked),3,GO-F30,GO,1.0
EP-54,Bastos2020,Condition C (Masked),3,LO-F31,LO,
EP-54,Bastos2020,Condition C (Masked),3,GO-F31,GO,
EP-54,Bastos2020,Condition C (Masked),3,LO-F32,LO,
EP-54,Bastos2020,Condition C (Masked),3,GO-F32,GO,
EP-54,Bastos2020,Condition C (Masked),3,LO-F33,LO,
EP-54,Bastos2020,Condition C (Masked),3,GO-F33,GO,
EP-54,Bastos2020,Condition C (Masked),3,LO-F34,LO,1.0
EP-54,Bastos2020,Condition C (Masked),3,GO-F34,GO,1.0
EP-54,Bastos2020,Condition C (Masked),3,LO-F35,LO,
EP-54,Bastos2020,Condition C (Masked),3,GO-F35,GO,
EP-54,Bastos2020,Condition C (Masked),3,LO-F36,LO,
EP-54,Bastos2020,Condition C (Masked),3,GO-F36,GO,
