paper_id,condition,repeat,context,factor,score,call_id,scientific_model,temperature,parse_status,parser_method
Attinger2017,NO_FIGURE_TEXT,1,LO,Subtractive Inhibition (SST),1.0,NOFIG__Attinger2017__gemma-4-31b-it__T000__R01,gemma-4-31b-it,0.0,valid,strict_json
Attinger2017,NO_FIGURE_TEXT,1,GO,Subtractive Inhibition (SST),1.0,NOFIG__Attinger2017__gemma-4-31b-it__T000__R01,gemma-4-31b-it,0.0,valid,strict_json
Attinger2017,NO_FIGURE_TEXT,1,LO,Divisive Inhibition (PV),,NOFIG__Attinger2017__gemma-4-31b-it__T000__R01,gemma-4-31b-it,0.0,valid,strict_json
Attinger2017,NO_FIGURE_TEXT,1,GO,Divisive Inhibition (PV),,NOFIG__Attinger2017__gemma-4-31b-it__T000__R01,gemma-4-31b-it,0.0,valid,strict_json
Attinger2017,NO_FIGURE_TEXT,1,LO,Inhibition (GABA),0.5,NOFIG__Attinger2017__gemma-4-31b-it__T000__R01,gemma-4-31b-it,0.0,valid,strict_json
Attinger2017,NO_FIGURE_TEXT,1,GO,Inhibition (GABA),0.5,NOFIG__Attinger2017__gemma-4-31b-it__T000__R01,gemma-4-31b-it,0.0,valid,strict_json
Attinger2017,NO_FIGURE_TEXT,1,LO,Habituation to Sequence,,NOFIG__Attinger2017__gemma-4-31b-it__T000__R01,gemma-4-31b-it,0.0,valid,strict_json
Attinger2017,NO_FIGURE_TEXT,1,GO,Habituation to Sequence,,NOFIG__Attinger2017__gemma-4-31b-it__T000__R01,gemma-4-31b-it,0.0,valid,strict_json
Attinger2017,NO_FIGURE_TEXT,1,LO,Synaptic Depression (Adaptation),,NOFIG__Attinger2017__gemma-4-31b-it__T000__R01,gemma-4-31b-it,0.0,valid,strict_json
Attinger2017,NO_FIGURE_TEXT,1,GO,Synaptic Depression (Adaptation),,NOFIG__Attinger2017__gemma-4-31b-it__T000__R01,gemma-4-31b-it,0.0,valid,strict_json
Attinger2017,NO_FIGURE_TEXT,1,LO,Activity Suppression,1.0,NOFIG__Attinger2017__gemma-4-31b-it__T000__R01,gemma-4-31b-it,0.0,valid,strict_json
Attinger2017,NO_FIGURE_TEXT,1,GO,Activity Suppression,1.0,NOFIG__Attinger2017__gemma-4-31b-it__T000__R01,gemma-4-31b-it,0.0,valid,strict_json
Attinger2017,NO_FIGURE_TEXT,1,LO,Selective Sharpening,,NOFIG__Attinger2017__gemma-4-31b-it__T000__R01,gemma-4-31b-it,0.0,valid,strict_json
Attinger2017,NO_FIGURE_TEXT,1,GO,Selective Sharpening,,NOFIG__Attinger2017__gemma-4-31b-it__T000__R01,gemma-4-31b-it,0.0,valid,strict_json
Attinger2017,NO_FIGURE_TEXT,1,LO,Alpha/Beta Mediated Suppression,,NOFIG__Attinger2017__gemma-4-31b-it__T000__R01,gemma-4-31b-it,0.0,valid,strict_json
Attinger2017,NO_FIGURE_TEXT,1,GO,Alpha/Beta Mediated Suppression,,NOFIG__Attinger2017__gemma-4-31b-it__T000__R01,gemma-4-31b-it,0.0,valid,strict_json
Attinger2017,NO_FIGURE_TEXT,1,LO,VIP-Mediated Disinhibition,1.0,NOFIG__Attinger2017__gemma-4-31b-it__T000__R01,gemma-4-31b-it,0.0,valid,strict_json
Attinger2017,NO_FIGURE_TEXT,1,GO,VIP-Mediated Disinhibition,1.0,NOFIG__Attinger2017__gemma-4-31b-it__T000__R01,gemma-4-31b-it,0.0,valid,strict_json
Attinger2017,NO_FIGURE_TEXT,1,LO,Precision Weighting (Gain),,NOFIG__Attinger2017__gemma-4-31b-it__T000__R01,gemma-4-31b-it,0.0,valid,strict_json
Attinger2017,NO_FIGURE_TEXT,1,GO,Precision Weighting (Gain),,NOFIG__Attinger2017__gemma-4-31b-it__T000__R01,gemma-4-31b-it,0.0,valid,strict_json
Attinger2017,NO_FIGURE_TEXT,1,LO,E/I Balance Shift,1.0,NOFIG__Attinger2017__gemma-4-31b-it__T000__R01,gemma-4-31b-it,0.0,valid,strict_json
Attinger2017,NO_FIGURE_TEXT,1,GO,E/I Balance Shift,1.0,NOFIG__Attinger2017__gemma-4-31b-it__T000__R01,gemma-4-31b-it,0.0,valid,strict_json
Attinger2017,NO_FIGURE_TEXT,1,LO,Omission Response,,NOFIG__Attinger2017__gemma-4-31b-it__T000__R01,gemma-4-31b-it,0.0,valid,strict_json
Attinger2017,NO_FIGURE_TEXT,1,GO,Omission Response,,NOFIG__Attinger2017__gemma-4-31b-it__T000__R01,gemma-4-31b-it,0.0,valid,strict_json
Attinger2017,NO_FIGURE_TEXT,1,LO,Feedforward Deviance Detection,1.0,NOFIG__Attinger2017__gemma-4-31b-it__T000__R01,gemma-4-31b-it,0.0,valid,strict_json
Attinger2017,NO_FIGURE_TEXT,1,GO,Feedforward Deviance Detection,1.0,NOFIG__Attinger2017__gemma-4-31b-it__T000__R01,gemma-4-31b-it,0.0,valid,strict_json
Attinger2017,NO_FIGURE_TEXT,1,LO,Feedforward AMPA,,NOFIG__Attinger2017__gemma-4-31b-it__T000__R01,gemma-4-31b-it,0.0,valid,strict_json
Attinger2017,NO_FIGURE_TEXT,1,GO,Feedforward AMPA,,NOFIG__Attinger2017__gemma-4-31b-it__T000__R01,gemma-4-31b-it,0.0,valid,strict_json
Attinger2017,NO_FIGURE_TEXT,1,LO,Feedforward NMDA,,NOFIG__Attinger2017__gemma-4-31b-it__T000__R01,gemma-4-31b-it,0.0,valid,strict_json
Attinger2017,NO_FIGURE_TEXT,1,GO,Feedforward NMDA,,NOFIG__Attinger2017__gemma-4-31b-it__T000__R01,gemma-4-31b-it,0.0,valid,strict_json
Attinger2017,NO_FIGURE_TEXT,1,LO,Feedforward Ascending Gamma,,NOFIG__Attinger2017__gemma-4-31b-it__T000__R01,gemma-4-31b-it,0.0,valid,strict_json
Attinger2017,NO_FIGURE_TEXT,1,GO,Feedforward Ascending Gamma,,NOFIG__Attinger2017__gemma-4-31b-it__T000__R01,gemma-4-31b-it,0.0,valid,strict_json
Attinger2017,NO_FIGURE_TEXT,1,LO,Absence of Feedback Error,,NOFIG__Attinger2017__gemma-4-31b-it__T000__R01,gemma-4-31b-it,0.0,valid,strict_json
Attinger2017,NO_FIGURE_TEXT,1,GO,Absence of Feedback Error,,NOFIG__Attinger2017__gemma-4-31b-it__T000__R01,gemma-4-31b-it,0.0,valid,strict_json
Attinger2017,NO_FIGURE_TEXT,1,LO,Feedforward Non-local Supragranular Activity (L2/3),0.5,NOFIG__Attinger2017__gemma-4-31b-it__T000__R01,gemma-4-31b-it,0.0,valid,strict_json
Attinger2017,NO_FIGURE_TEXT,1,GO,Feedforward Non-local Supragranular Activity (L2/3),0.5,NOFIG__Attinger2017__gemma-4-31b-it__T000__R01,gemma-4-31b-it,0.0,valid,strict_json
Attinger2017,NO_FIGURE_TEXT,1,LO,Feedforward Non-local Granular Activity (L4),,NOFIG__Attinger2017__gemma-4-31b-it__T000__R01,gemma-4-31b-it,0.0,valid,strict_json
Attinger2017,NO_FIGURE_TEXT,1,GO,Feedforward Non-local Granular Activity (L4),,NOFIG__Attinger2017__gemma-4-31b-it__T000__R01,gemma-4-31b-it,0.0,valid,strict_json
Attinger2017,NO_FIGURE_TEXT,1,LO,Feedforward Non-local Directed Connectivity,,NOFIG__Attinger2017__gemma-4-31b-it__T000__R01,gemma-4-31b-it,0.0,valid,strict_json
Attinger2017,NO_FIGURE_TEXT,1,GO,Feedforward Non-local Directed Connectivity,,NOFIG__Attinger2017__gemma-4-31b-it__T000__R01,gemma-4-31b-it,0.0,valid,strict_json
Attinger2017,NO_FIGURE_TEXT,1,LO,Feedforward Non-local Activation,0.5,NOFIG__Attinger2017__gemma-4-31b-it__T000__R01,gemma-4-31b-it,0.0,valid,strict_json
Attinger2017,NO_FIGURE_TEXT,1,GO,Feedforward Non-local Activation,0.5,NOFIG__Attinger2017__gemma-4-31b-it__T000__R01,gemma-4-31b-it,0.0,valid,strict_json
Attinger2017,NO_FIGURE_TEXT,1,LO,Ascending Latency Shift,,NOFIG__Attinger2017__gemma-4-31b-it__T000__R01,gemma-4-31b-it,0.0,valid,strict_json
Attinger2017,NO_FIGURE_TEXT,1,GO,Ascending Latency Shift,,NOFIG__Attinger2017__gemma-4-31b-it__T000__R01,gemma-4-31b-it,0.0,valid,strict_json
Attinger2017,NO_FIGURE_TEXT,1,LO,Feedforward Error Propagation,0.5,NOFIG__Attinger2017__gemma-4-31b-it__T000__R01,gemma-4-31b-it,0.0,valid,strict_json
Attinger2017,NO_FIGURE_TEXT,1,GO,Feedforward Error Propagation,0.5,NOFIG__Attinger2017__gemma-4-31b-it__T000__R01,gemma-4-31b-it,0.0,valid,strict_json
Attinger2017,NO_FIGURE_TEXT,1,LO,Subcortical Feedforward Relaying,,NOFIG__Attinger2017__gemma-4-31b-it__T000__R01,gemma-4-31b-it,0.0,valid,strict_json
Attinger2017,NO_FIGURE_TEXT,1,GO,Subcortical Feedforward Relaying,,NOFIG__Attinger2017__gemma-4-31b-it__T000__R01,gemma-4-31b-it,0.0,valid,strict_json
Attinger2017,NO_FIGURE_TEXT,1,LO,Canonical Microcircuit Ubiquity,0.5,NOFIG__Attinger2017__gemma-4-31b-it__T000__R01,gemma-4-31b-it,0.0,valid,strict_json
Attinger2017,NO_FIGURE_TEXT,1,GO,Canonical Microcircuit Ubiquity,0.5,NOFIG__Attinger2017__gemma-4-31b-it__T000__R01,gemma-4-31b-it,0.0,valid,strict_json
Attinger2017,NO_FIGURE_TEXT,1,LO,Hierarchical Mechanism Invariance,,NOFIG__Attinger2017__gemma-4-31b-it__T000__R01,gemma-4-31b-it,0.0,valid,strict_json
Attinger2017,NO_FIGURE_TEXT,1,GO,Hierarchical Mechanism Invariance,,NOFIG__Attinger2017__gemma-4-31b-it__T000__R01,gemma-4-31b-it,0.0,valid,strict_json
Attinger2017,NO_FIGURE_TEXT,1,LO,Hierarchical Activity Ubiquity,,NOFIG__Attinger2017__gemma-4-31b-it__T000__R01,gemma-4-31b-it,0.0,valid,strict_json
Attinger2017,NO_FIGURE_TEXT,1,GO,Hierarchical Activity Ubiquity,,NOFIG__Attinger2017__gemma-4-31b-it__T000__R01,gemma-4-31b-it,0.0,valid,strict_json
Attinger2017,NO_FIGURE_TEXT,1,LO,Hierarchical CSD Ubiquity,,NOFIG__Attinger2017__gemma-4-31b-it__T000__R01,gemma-4-31b-it,0.0,valid,strict_json
Attinger2017,NO_FIGURE_TEXT,1,GO,Hierarchical CSD Ubiquity,,NOFIG__Attinger2017__gemma-4-31b-it__T000__R01,gemma-4-31b-it,0.0,valid,strict_json
Attinger2017,NO_FIGURE_TEXT,1,LO,Cross-Scale Hierarchical Ubiquity,,NOFIG__Attinger2017__gemma-4-31b-it__T000__R01,gemma-4-31b-it,0.0,valid,strict_json
Attinger2017,NO_FIGURE_TEXT,1,GO,Cross-Scale Hierarchical Ubiquity,,NOFIG__Attinger2017__gemma-4-31b-it__T000__R01,gemma-4-31b-it,0.0,valid,strict_json
Attinger2017,NO_FIGURE_TEXT,1,LO,Hierarchical Presence (V1-PFC),,NOFIG__Attinger2017__gemma-4-31b-it__T000__R01,gemma-4-31b-it,0.0,valid,strict_json
Attinger2017,NO_FIGURE_TEXT,1,GO,Hierarchical Presence (V1-PFC),,NOFIG__Attinger2017__gemma-4-31b-it__T000__R01,gemma-4-31b-it,0.0,valid,strict_json
Attinger2017,NO_FIGURE_TEXT,1,LO,Cross-Modal Ubiquity,,NOFIG__Attinger2017__gemma-4-31b-it__T000__R01,gemma-4-31b-it,0.0,valid,strict_json
Attinger2017,NO_FIGURE_TEXT,1,GO,Cross-Modal Ubiquity,,NOFIG__Attinger2017__gemma-4-31b-it__T000__R01,gemma-4-31b-it,0.0,valid,strict_json
Attinger2017,NO_FIGURE_TEXT,1,LO,Interspecies Hierarchical Ubiquity,,NOFIG__Attinger2017__gemma-4-31b-it__T000__R01,gemma-4-31b-it,0.0,valid,strict_json
Attinger2017,NO_FIGURE_TEXT,1,GO,Interspecies Hierarchical Ubiquity,,NOFIG__Attinger2017__gemma-4-31b-it__T000__R01,gemma-4-31b-it,0.0,valid,strict_json
Attinger2017,NO_FIGURE_TEXT,1,LO,Temporal Stability of Ubiquity,,NOFIG__Attinger2017__gemma-4-31b-it__T000__R01,gemma-4-31b-it,0.0,valid,strict_json
Attinger2017,NO_FIGURE_TEXT,1,GO,Temporal Stability of Ubiquity,,NOFIG__Attinger2017__gemma-4-31b-it__T000__R01,gemma-4-31b-it,0.0,valid,strict_json
Attinger2017,NO_FIGURE_TEXT,1,LO,Hierarchical Order Stability,,NOFIG__Attinger2017__gemma-4-31b-it__T000__R01,gemma-4-31b-it,0.0,valid,strict_json
Attinger2017,NO_FIGURE_TEXT,1,GO,Hierarchical Order Stability,,NOFIG__Attinger2017__gemma-4-31b-it__T000__R01,gemma-4-31b-it,0.0,valid,strict_json
Attinger2017,NO_FIGURE_TEXT,1,LO,Population-Wide Ubiquity,,NOFIG__Attinger2017__gemma-4-31b-it__T000__R01,gemma-4-31b-it,0.0,valid,strict_json
Attinger2017,NO_FIGURE_TEXT,1,GO,Population-Wide Ubiquity,,NOFIG__Attinger2017__gemma-4-31b-it__T000__R01,gemma-4-31b-it,0.0,valid,strict_json
Attinger2017,NO_FIGURE_TEXT,1,LO,State-Independent Ubiquity,,NOFIG__Attinger2017__gemma-4-31b-it__T000__R01,gemma-4-31b-it,0.0,valid,strict_json
Attinger2017,NO_FIGURE_TEXT,1,GO,State-Independent Ubiquity,,NOFIG__Attinger2017__gemma-4-31b-it__T000__R01,gemma-4-31b-it,0.0,valid,strict_json
Bakhtiari2021,NO_FIGURE_TEXT,1,LO,Subtractive Inhibition (SST),,NOFIG__Bakhtiari2021__gemma-4-31b-it__T000__R01,gemma-4-31b-it,0.0,valid,strict_json
Bakhtiari2021,NO_FIGURE_TEXT,1,GO,Subtractive Inhibition (SST),,NOFIG__Bakhtiari2021__gemma-4-31b-it__T000__R01,gemma-4-31b-it,0.0,valid,strict_json
Bakhtiari2021,NO_FIGURE_TEXT,1,LO,Divisive Inhibition (PV),,NOFIG__Bakhtiari2021__gemma-4-31b-it__T000__R01,gemma-4-31b-it,0.0,valid,strict_json
Bakhtiari2021,NO_FIGURE_TEXT,1,GO,Divisive Inhibition (PV),,NOFIG__Bakhtiari2021__gemma-4-31b-it__T000__R01,gemma-4-31b-it,0.0,valid,strict_json
Bakhtiari2021,NO_FIGURE_TEXT,1,LO,Inhibition (GABA),,NOFIG__Bakhtiari2021__gemma-4-31b-it__T000__R01,gemma-4-31b-it,0.0,valid,strict_json
Bakhtiari2021,NO_FIGURE_TEXT,1,GO,Inhibition (GABA),,NOFIG__Bakhtiari2021__gemma-4-31b-it__T000__R01,gemma-4-31b-it,0.0,valid,strict_json
Bakhtiari2021,NO_FIGURE_TEXT,1,LO,Habituation to Sequence,,NOFIG__Bakhtiari2021__gemma-4-31b-it__T000__R01,gemma-4-31b-it,0.0,valid,strict_json
Bakhtiari2021,NO_FIGURE_TEXT,1,GO,Habituation to Sequence,,NOFIG__Bakhtiari2021__gemma-4-31b-it__T000__R01,gemma-4-31b-it,0.0,valid,strict_json
Bakhtiari2021,NO_FIGURE_TEXT,1,LO,Synaptic Depression (Adaptation),,NOFIG__Bakhtiari2021__gemma-4-31b-it__T000__R01,gemma-4-31b-it,0.0,valid,strict_json
Bakhtiari2021,NO_FIGURE_TEXT,1,GO,Synaptic Depression (Adaptation),,NOFIG__Bakhtiari2021__gemma-4-31b-it__T000__R01,gemma-4-31b-it,0.0,valid,strict_json
Bakhtiari2021,NO_FIGURE_TEXT,1,LO,Activity Suppression,,NOFIG__Bakhtiari2021__gemma-4-31b-it__T000__R01,gemma-4-31b-it,0.0,valid,strict_json
Bakhtiari2021,NO_FIGURE_TEXT,1,GO,Activity Suppression,,NOFIG__Bakhtiari2021__gemma-4-31b-it__T000__R01,gemma-4-31b-it,0.0,valid,strict_json
Bakhtiari2021,NO_FIGURE_TEXT,1,LO,Selective Sharpening,,NOFIG__Bakhtiari2021__gemma-4-31b-it__T000__R01,gemma-4-31b-it,0.0,valid,strict_json
Bakhtiari2021,NO_FIGURE_TEXT,1,GO,Selective Sharpening,,NOFIG__Bakhtiari2021__gemma-4-31b-it__T000__R01,gemma-4-31b-it,0.0,valid,strict_json
Bakhtiari2021,NO_FIGURE_TEXT,1,LO,Alpha/Beta Mediated Suppression,,NOFIG__Bakhtiari2021__gemma-4-31b-it__T000__R01,gemma-4-31b-it,0.0,valid,strict_json
Bakhtiari2021,NO_FIGURE_TEXT,1,GO,Alpha/Beta Mediated Suppression,,NOFIG__Bakhtiari2021__gemma-4-31b-it__T000__R01,gemma-4-31b-it,0.0,valid,strict_json
Bakhtiari2021,NO_FIGURE_TEXT,1,LO,VIP-Mediated Disinhibition,,NOFIG__Bakhtiari2021__gemma-4-31b-it__T000__R01,gemma-4-31b-it,0.0,valid,strict_json
Bakhtiari2021,NO_FIGURE_TEXT,1,GO,VIP-Mediated Disinhibition,,NOFIG__Bakhtiari2021__gemma-4-31b-it__T000__R01,gemma-4-31b-it,0.0,valid,strict_json
Bakhtiari2021,NO_FIGURE_TEXT,1,LO,Precision Weighting (Gain),,NOFIG__Bakhtiari2021__gemma-4-31b-it__T000__R01,gemma-4-31b-it,0.0,valid,strict_json
Bakhtiari2021,NO_FIGURE_TEXT,1,GO,Precision Weighting (Gain),,NOFIG__Bakhtiari2021__gemma-4-31b-it__T000__R01,gemma-4-31b-it,0.0,valid,strict_json
Bakhtiari2021,NO_FIGURE_TEXT,1,LO,E/I Balance Shift,,NOFIG__Bakhtiari2021__gemma-4-31b-it__T000__R01,gemma-4-31b-it,0.0,valid,strict_json
Bakhtiari2021,NO_FIGURE_TEXT,1,GO,E/I Balance Shift,,NOFIG__Bakhtiari2021__gemma-4-31b-it__T000__R01,gemma-4-31b-it,0.0,valid,strict_json
Bakhtiari2021,NO_FIGURE_TEXT,1,LO,Omission Response,,NOFIG__Bakhtiari2021__gemma-4-31b-it__T000__R01,gemma-4-31b-it,0.0,valid,strict_json
Bakhtiari2021,NO_FIGURE_TEXT,1,GO,Omission Response,,NOFIG__Bakhtiari2021__gemma-4-31b-it__T000__R01,gemma-4-31b-it,0.0,valid,strict_json
Bakhtiari2021,NO_FIGURE_TEXT,1,LO,Feedforward Deviance Detection,,NOFIG__Bakhtiari2021__gemma-4-31b-it__T000__R01,gemma-4-31b-it,0.0,valid,strict_json
Bakhtiari2021,NO_FIGURE_TEXT,1,GO,Feedforward Deviance Detection,,NOFIG__Bakhtiari2021__gemma-4-31b-it__T000__R01,gemma-4-31b-it,0.0,valid,strict_json
Bakhtiari2021,NO_FIGURE_TEXT,1,LO,Feedforward AMPA,,NOFIG__Bakhtiari2021__gemma-4-31b-it__T000__R01,gemma-4-31b-it,0.0,valid,strict_json
Bakhtiari2021,NO_FIGURE_TEXT,1,GO,Feedforward AMPA,,NOFIG__Bakhtiari2021__gemma-4-31b-it__T000__R01,gemma-4-31b-it,0.0,valid,strict_json
Bakhtiari2021,NO_FIGURE_TEXT,1,LO,Feedforward NMDA,,NOFIG__Bakhtiari2021__gemma-4-31b-it__T000__R01,gemma-4-31b-it,0.0,valid,strict_json
Bakhtiari2021,NO_FIGURE_TEXT,1,GO,Feedforward NMDA,,NOFIG__Bakhtiari2021__gemma-4-31b-it__T000__R01,gemma-4-31b-it,0.0,valid,strict_json
Bakhtiari2021,NO_FIGURE_TEXT,1,LO,Feedforward Ascending Gamma,,NOFIG__Bakhtiari2021__gemma-4-31b-it__T000__R01,gemma-4-31b-it,0.0,valid,strict_json
Bakhtiari2021,NO_FIGURE_TEXT,1,GO,Feedforward Ascending Gamma,,NOFIG__Bakhtiari2021__gemma-4-31b-it__T000__R01,gemma-4-31b-it,0.0,valid,strict_json
Bakhtiari2021,NO_FIGURE_TEXT,1,LO,Absence of Feedback Error,,NOFIG__Bakhtiari2021__gemma-4-31b-it__T000__R01,gemma-4-31b-it,0.0,valid,strict_json
Bakhtiari2021,NO_FIGURE_TEXT,1,GO,Absence of Feedback Error,,NOFIG__Bakhtiari2021__gemma-4-31b-it__T000__R01,gemma-4-31b-it,0.0,valid,strict_json
Bakhtiari2021,NO_FIGURE_TEXT,1,LO,Feedforward Non-local Supragranular Activity (L2/3),,NOFIG__Bakhtiari2021__gemma-4-31b-it__T000__R01,gemma-4-31b-it,0.0,valid,strict_json
Bakhtiari2021,NO_FIGURE_TEXT,1,GO,Feedforward Non-local Supragranular Activity (L2/3),,NOFIG__Bakhtiari2021__gemma-4-31b-it__T000__R01,gemma-4-31b-it,0.0,valid,strict_json
Bakhtiari2021,NO_FIGURE_TEXT,1,LO,Feedforward Non-local Granular Activity (L4),,NOFIG__Bakhtiari2021__gemma-4-31b-it__T000__R01,gemma-4-31b-it,0.0,valid,strict_json
Bakhtiari2021,NO_FIGURE_TEXT,1,GO,Feedforward Non-local Granular Activity (L4),,NOFIG__Bakhtiari2021__gemma-4-31b-it__T000__R01,gemma-4-31b-it,0.0,valid,strict_json
Bakhtiari2021,NO_FIGURE_TEXT,1,LO,Feedforward Non-local Directed Connectivity,,NOFIG__Bakhtiari2021__gemma-4-31b-it__T000__R01,gemma-4-31b-it,0.0,valid,strict_json
Bakhtiari2021,NO_FIGURE_TEXT,1,GO,Feedforward Non-local Directed Connectivity,,NOFIG__Bakhtiari2021__gemma-4-31b-it__T000__R01,gemma-4-31b-it,0.0,valid,strict_json
Bakhtiari2021,NO_FIGURE_TEXT,1,LO,Feedforward Non-local Activation,,NOFIG__Bakhtiari2021__gemma-4-31b-it__T000__R01,gemma-4-31b-it,0.0,valid,strict_json
Bakhtiari2021,NO_FIGURE_TEXT,1,GO,Feedforward Non-local Activation,,NOFIG__Bakhtiari2021__gemma-4-31b-it__T000__R01,gemma-4-31b-it,0.0,valid,strict_json
Bakhtiari2021,NO_FIGURE_TEXT,1,LO,Ascending Latency Shift,,NOFIG__Bakhtiari2021__gemma-4-31b-it__T000__R01,gemma-4-31b-it,0.0,valid,strict_json
Bakhtiari2021,NO_FIGURE_TEXT,1,GO,Ascending Latency Shift,,NOFIG__Bakhtiari2021__gemma-4-31b-it__T000__R01,gemma-4-31b-it,0.0,valid,strict_json
Bakhtiari2021,NO_FIGURE_TEXT,1,LO,Feedforward Error Propagation,,NOFIG__Bakhtiari2021__gemma-4-31b-it__T000__R01,gemma-4-31b-it,0.0,valid,strict_json
Bakhtiari2021,NO_FIGURE_TEXT,1,GO,Feedforward Error Propagation,,NOFIG__Bakhtiari2021__gemma-4-31b-it__T000__R01,gemma-4-31b-it,0.0,valid,strict_json
Bakhtiari2021,NO_FIGURE_TEXT,1,LO,Subcortical Feedforward Relaying,,NOFIG__Bakhtiari2021__gemma-4-31b-it__T000__R01,gemma-4-31b-it,0.0,valid,strict_json
Bakhtiari2021,NO_FIGURE_TEXT,1,GO,Subcortical Feedforward Relaying,,NOFIG__Bakhtiari2021__gemma-4-31b-it__T000__R01,gemma-4-31b-it,0.0,valid,strict_json
Bakhtiari2021,NO_FIGURE_TEXT,1,LO,Canonical Microcircuit Ubiquity,,NOFIG__Bakhtiari2021__gemma-4-31b-it__T000__R01,gemma-4-31b-it,0.0,valid,strict_json
Bakhtiari2021,NO_FIGURE_TEXT,1,GO,Canonical Microcircuit Ubiquity,,NOFIG__Bakhtiari2021__gemma-4-31b-it__T000__R01,gemma-4-31b-it,0.0,valid,strict_json
Bakhtiari2021,NO_FIGURE_TEXT,1,LO,Hierarchical Mechanism Invariance,,NOFIG__Bakhtiari2021__gemma-4-31b-it__T000__R01,gemma-4-31b-it,0.0,valid,strict_json
Bakhtiari2021,NO_FIGURE_TEXT,1,GO,Hierarchical Mechanism Invariance,,NOFIG__Bakhtiari2021__gemma-4-31b-it__T000__R01,gemma-4-31b-it,0.0,valid,strict_json
Bakhtiari2021,NO_FIGURE_TEXT,1,LO,Hierarchical Activity Ubiquity,,NOFIG__Bakhtiari2021__gemma-4-31b-it__T000__R01,gemma-4-31b-it,0.0,valid,strict_json
Bakhtiari2021,NO_FIGURE_TEXT,1,GO,Hierarchical Activity Ubiquity,,NOFIG__Bakhtiari2021__gemma-4-31b-it__T000__R01,gemma-4-31b-it,0.0,valid,strict_json
Bakhtiari2021,NO_FIGURE_TEXT,1,LO,Hierarchical CSD Ubiquity,,NOFIG__Bakhtiari2021__gemma-4-31b-it__T000__R01,gemma-4-31b-it,0.0,valid,strict_json
Bakhtiari2021,NO_FIGURE_TEXT,1,GO,Hierarchical CSD Ubiquity,,NOFIG__Bakhtiari2021__gemma-4-31b-it__T000__R01,gemma-4-31b-it,0.0,valid,strict_json
Bakhtiari2021,NO_FIGURE_TEXT,1,LO,Cross-Scale Hierarchical Ubiquity,,NOFIG__Bakhtiari2021__gemma-4-31b-it__T000__R01,gemma-4-31b-it,0.0,valid,strict_json
Bakhtiari2021,NO_FIGURE_TEXT,1,GO,Cross-Scale Hierarchical Ubiquity,,NOFIG__Bakhtiari2021__gemma-4-31b-it__T000__R01,gemma-4-31b-it,0.0,valid,strict_json
Bakhtiari2021,NO_FIGURE_TEXT,1,LO,Hierarchical Presence (V1-PFC),,NOFIG__Bakhtiari2021__gemma-4-31b-it__T000__R01,gemma-4-31b-it,0.0,valid,strict_json
Bakhtiari2021,NO_FIGURE_TEXT,1,GO,Hierarchical Presence (V1-PFC),,NOFIG__Bakhtiari2021__gemma-4-31b-it__T000__R01,gemma-4-31b-it,0.0,valid,strict_json
Bakhtiari2021,NO_FIGURE_TEXT,1,LO,Cross-Modal Ubiquity,,NOFIG__Bakhtiari2021__gemma-4-31b-it__T000__R01,gemma-4-31b-it,0.0,valid,strict_json
Bakhtiari2021,NO_FIGURE_TEXT,1,GO,Cross-Modal Ubiquity,,NOFIG__Bakhtiari2021__gemma-4-31b-it__T000__R01,gemma-4-31b-it,0.0,valid,strict_json
Bakhtiari2021,NO_FIGURE_TEXT,1,LO,Interspecies Hierarchical Ubiquity,,NOFIG__Bakhtiari2021__gemma-4-31b-it__T000__R01,gemma-4-31b-it,0.0,valid,strict_json
Bakhtiari2021,NO_FIGURE_TEXT,1,GO,Interspecies Hierarchical Ubiquity,,NOFIG__Bakhtiari2021__gemma-4-31b-it__T000__R01,gemma-4-31b-it,0.0,valid,strict_json
Bakhtiari2021,NO_FIGURE_TEXT,1,LO,Temporal Stability of Ubiquity,,NOFIG__Bakhtiari2021__gemma-4-31b-it__T000__R01,gemma-4-31b-it,0.0,valid,strict_json
Bakhtiari2021,NO_FIGURE_TEXT,1,GO,Temporal Stability of Ubiquity,,NOFIG__Bakhtiari2021__gemma-4-31b-it__T000__R01,gemma-4-31b-it,0.0,valid,strict_json
Bakhtiari2021,NO_FIGURE_TEXT,1,LO,Hierarchical Order Stability,,NOFIG__Bakhtiari2021__gemma-4-31b-it__T000__R01,gemma-4-31b-it,0.0,valid,strict_json
Bakhtiari2021,NO_FIGURE_TEXT,1,GO,Hierarchical Order Stability,,NOFIG__Bakhtiari2021__gemma-4-31b-it__T000__R01,gemma-4-31b-it,0.0,valid,strict_json
Bakhtiari2021,NO_FIGURE_TEXT,1,LO,Population-Wide Ubiquity,,NOFIG__Bakhtiari2021__gemma-4-31b-it__T000__R01,gemma-4-31b-it,0.0,valid,strict_json
Bakhtiari2021,NO_FIGURE_TEXT,1,GO,Population-Wide Ubiquity,,NOFIG__Bakhtiari2021__gemma-4-31b-it__T000__R01,gemma-4-31b-it,0.0,valid,strict_json
Bakhtiari2021,NO_FIGURE_TEXT,1,LO,State-Independent Ubiquity,,NOFIG__Bakhtiari2021__gemma-4-31b-it__T000__R01,gemma-4-31b-it,0.0,valid,strict_json
Bakhtiari2021,NO_FIGURE_TEXT,1,GO,State-Independent Ubiquity,,NOFIG__Bakhtiari2021__gemma-4-31b-it__T000__R01,gemma-4-31b-it,0.0,valid,strict_json
Bastos2012,NO_FIGURE_TEXT,1,LO,Subtractive Inhibition (SST),,NOFIG__Bastos2012__gemma-4-31b-it__T000__R01,gemma-4-31b-it,0.0,valid,strict_json
Bastos2012,NO_FIGURE_TEXT,1,GO,Subtractive Inhibition (SST),,NOFIG__Bastos2012__gemma-4-31b-it__T000__R01,gemma-4-31b-it,0.0,valid,strict_json
Bastos2012,NO_FIGURE_TEXT,1,LO,Divisive Inhibition (PV),,NOFIG__Bastos2012__gemma-4-31b-it__T000__R01,gemma-4-31b-it,0.0,valid,strict_json
Bastos2012,NO_FIGURE_TEXT,1,GO,Divisive Inhibition (PV),,NOFIG__Bastos2012__gemma-4-31b-it__T000__R01,gemma-4-31b-it,0.0,valid,strict_json
Bastos2012,NO_FIGURE_TEXT,1,LO,Inhibition (GABA),0.5,NOFIG__Bastos2012__gemma-4-31b-it__T000__R01,gemma-4-31b-it,0.0,valid,strict_json
Bastos2012,NO_FIGURE_TEXT,1,GO,Inhibition (GABA),0.5,NOFIG__Bastos2012__gemma-4-31b-it__T000__R01,gemma-4-31b-it,0.0,valid,strict_json
Bastos2012,NO_FIGURE_TEXT,1,LO,Habituation to Sequence,,NOFIG__Bastos2012__gemma-4-31b-it__T000__R01,gemma-4-31b-it,0.0,valid,strict_json
Bastos2012,NO_FIGURE_TEXT,1,GO,Habituation to Sequence,,NOFIG__Bastos2012__gemma-4-31b-it__T000__R01,gemma-4-31b-it,0.0,valid,strict_json
Bastos2012,NO_FIGURE_TEXT,1,LO,Synaptic Depression (Adaptation),,NOFIG__Bastos2012__gemma-4-31b-it__T000__R01,gemma-4-31b-it,0.0,valid,strict_json
Bastos2012,NO_FIGURE_TEXT,1,GO,Synaptic Depression (Adaptation),,NOFIG__Bastos2012__gemma-4-31b-it__T000__R01,gemma-4-31b-it,0.0,valid,strict_json
Bastos2012,NO_FIGURE_TEXT,1,LO,Activity Suppression,1.0,NOFIG__Bastos2012__gemma-4-31b-it__T000__R01,gemma-4-31b-it,0.0,valid,strict_json
Bastos2012,NO_FIGURE_TEXT,1,GO,Activity Suppression,1.0,NOFIG__Bastos2012__gemma-4-31b-it__T000__R01,gemma-4-31b-it,0.0,valid,strict_json
Bastos2012,NO_FIGURE_TEXT,1,LO,Selective Sharpening,,NOFIG__Bastos2012__gemma-4-31b-it__T000__R01,gemma-4-31b-it,0.0,valid,strict_json
Bastos2012,NO_FIGURE_TEXT,1,GO,Selective Sharpening,,NOFIG__Bastos2012__gemma-4-31b-it__T000__R01,gemma-4-31b-it,0.0,valid,strict_json
Bastos2012,NO_FIGURE_TEXT,1,LO,Alpha/Beta Mediated Suppression,0.5,NOFIG__Bastos2012__gemma-4-31b-it__T000__R01,gemma-4-31b-it,0.0,valid,strict_json
Bastos2012,NO_FIGURE_TEXT,1,GO,Alpha/Beta Mediated Suppression,0.5,NOFIG__Bastos2012__gemma-4-31b-it__T000__R01,gemma-4-31b-it,0.0,valid,strict_json
Bastos2012,NO_FIGURE_TEXT,1,LO,VIP-Mediated Disinhibition,,NOFIG__Bastos2012__gemma-4-31b-it__T000__R01,gemma-4-31b-it,0.0,valid,strict_json
Bastos2012,NO_FIGURE_TEXT,1,GO,VIP-Mediated Disinhibition,,NOFIG__Bastos2012__gemma-4-31b-it__T000__R01,gemma-4-31b-it,0.0,valid,strict_json
Bastos2012,NO_FIGURE_TEXT,1,LO,Precision Weighting (Gain),1.0,NOFIG__Bastos2012__gemma-4-31b-it__T000__R01,gemma-4-31b-it,0.0,valid,strict_json
Bastos2012,NO_FIGURE_TEXT,1,GO,Precision Weighting (Gain),1.0,NOFIG__Bastos2012__gemma-4-31b-it__T000__R01,gemma-4-31b-it,0.0,valid,strict_json
Bastos2012,NO_FIGURE_TEXT,1,LO,E/I Balance Shift,,NOFIG__Bastos2012__gemma-4-31b-it__T000__R01,gemma-4-31b-it,0.0,valid,strict_json
Bastos2012,NO_FIGURE_TEXT,1,GO,E/I Balance Shift,,NOFIG__Bastos2012__gemma-4-31b-it__T000__R01,gemma-4-31b-it,0.0,valid,strict_json
Bastos2012,NO_FIGURE_TEXT,1,LO,Omission Response,,NOFIG__Bastos2012__gemma-4-31b-it__T000__R01,gemma-4-31b-it,0.0,valid,strict_json
Bastos2012,NO_FIGURE_TEXT,1,GO,Omission Response,,NOFIG__Bastos2012__gemma-4-31b-it__T000__R01,gemma-4-31b-it,0.0,valid,strict_json
Bastos2012,NO_FIGURE_TEXT,1,LO,Feedforward Deviance Detection,1.0,NOFIG__Bastos2012__gemma-4-31b-it__T000__R01,gemma-4-31b-it,0.0,valid,strict_json
Bastos2012,NO_FIGURE_TEXT,1,GO,Feedforward Deviance Detection,1.0,NOFIG__Bastos2012__gemma-4-31b-it__T000__R01,gemma-4-31b-it,0.0,valid,strict_json
Bastos2012,NO_FIGURE_TEXT,1,LO,Feedforward AMPA,,NOFIG__Bastos2012__gemma-4-31b-it__T000__R01,gemma-4-31b-it,0.0,valid,strict_json
Bastos2012,NO_FIGURE_TEXT,1,GO,Feedforward AMPA,,NOFIG__Bastos2012__gemma-4-31b-it__T000__R01,gemma-4-31b-it,0.0,valid,strict_json
Bastos2012,NO_FIGURE_TEXT,1,LO,Feedforward NMDA,,NOFIG__Bastos2012__gemma-4-31b-it__T000__R01,gemma-4-31b-it,0.0,valid,strict_json
Bastos2012,NO_FIGURE_TEXT,1,GO,Feedforward NMDA,,NOFIG__Bastos2012__gemma-4-31b-it__T000__R01,gemma-4-31b-it,0.0,valid,strict_json
Bastos2012,NO_FIGURE_TEXT,1,LO,Feedforward Ascending Gamma,1.0,NOFIG__Bastos2012__gemma-4-31b-it__T000__R01,gemma-4-31b-it,0.0,valid,strict_json
Bastos2012,NO_FIGURE_TEXT,1,GO,Feedforward Ascending Gamma,1.0,NOFIG__Bastos2012__gemma-4-31b-it__T000__R01,gemma-4-31b-it,0.0,valid,strict_json
Bastos2012,NO_FIGURE_TEXT,1,LO,Absence of Feedback Error,,NOFIG__Bastos2012__gemma-4-31b-it__T000__R01,gemma-4-31b-it,0.0,valid,strict_json
Bastos2012,NO_FIGURE_TEXT,1,GO,Absence of Feedback Error,,NOFIG__Bastos2012__gemma-4-31b-it__T000__R01,gemma-4-31b-it,0.0,valid,strict_json
Bastos2012,NO_FIGURE_TEXT,1,LO,Feedforward Non-local Supragranular Activity (L2/3),1.0,NOFIG__Bastos2012__gemma-4-31b-it__T000__R01,gemma-4-31b-it,0.0,valid,strict_json
Bastos2012,NO_FIGURE_TEXT,1,GO,Feedforward Non-local Supragranular Activity (L2/3),1.0,NOFIG__Bastos2012__gemma-4-31b-it__T000__R01,gemma-4-31b-it,0.0,valid,strict_json
Bastos2012,NO_FIGURE_TEXT,1,LO,Feedforward Non-local Granular Activity (L4),1.0,NOFIG__Bastos2012__gemma-4-31b-it__T000__R01,gemma-4-31b-it,0.0,valid,strict_json
Bastos2012,NO_FIGURE_TEXT,1,GO,Feedforward Non-local Granular Activity (L4),1.0,NOFIG__Bastos2012__gemma-4-31b-it__T000__R01,gemma-4-31b-it,0.0,valid,strict_json
Bastos2012,NO_FIGURE_TEXT,1,LO,Feedforward Non-local Directed Connectivity,,NOFIG__Bastos2012__gemma-4-31b-it__T000__R01,gemma-4-31b-it,0.0,valid,strict_json
Bastos2012,NO_FIGURE_TEXT,1,GO,Feedforward Non-local Directed Connectivity,,NOFIG__Bastos2012__gemma-4-31b-it__T000__R01,gemma-4-31b-it,0.0,valid,strict_json
Bastos2012,NO_FIGURE_TEXT,1,LO,Feedforward Non-local Activation,1.0,NOFIG__Bastos2012__gemma-4-31b-it__T000__R01,gemma-4-31b-it,0.0,valid,strict_json
Bastos2012,NO_FIGURE_TEXT,1,GO,Feedforward Non-local Activation,1.0,NOFIG__Bastos2012__gemma-4-31b-it__T000__R01,gemma-4-31b-it,0.0,valid,strict_json
Bastos2012,NO_FIGURE_TEXT,1,LO,Ascending Latency Shift,,NOFIG__Bastos2012__gemma-4-31b-it__T000__R01,gemma-4-31b-it,0.0,valid,strict_json
Bastos2012,NO_FIGURE_TEXT,1,GO,Ascending Latency Shift,,NOFIG__Bastos2012__gemma-4-31b-it__T000__R01,gemma-4-31b-it,0.0,valid,strict_json
Bastos2012,NO_FIGURE_TEXT,1,LO,Feedforward Error Propagation,1.0,NOFIG__Bastos2012__gemma-4-31b-it__T000__R01,gemma-4-31b-it,0.0,valid,strict_json
Bastos2012,NO_FIGURE_TEXT,1,GO,Feedforward Error Propagation,1.0,NOFIG__Bastos2012__gemma-4-31b-it__T000__R01,gemma-4-31b-it,0.0,valid,strict_json
Bastos2012,NO_FIGURE_TEXT,1,LO,Subcortical Feedforward Relaying,0.5,NOFIG__Bastos2012__gemma-4-31b-it__T000__R01,gemma-4-31b-it,0.0,valid,strict_json
Bastos2012,NO_FIGURE_TEXT,1,GO,Subcortical Feedforward Relaying,0.5,NOFIG__Bastos2012__gemma-4-31b-it__T000__R01,gemma-4-31b-it,0.0,valid,strict_json
Bastos2012,NO_FIGURE_TEXT,1,LO,Canonical Microcircuit Ubiquity,1.0,NOFIG__Bastos2012__gemma-4-31b-it__T000__R01,gemma-4-31b-it,0.0,valid,strict_json
Bastos2012,NO_FIGURE_TEXT,1,GO,Canonical Microcircuit Ubiquity,1.0,NOFIG__Bastos2012__gemma-4-31b-it__T000__R01,gemma-4-31b-it,0.0,valid,strict_json
Bastos2012,NO_FIGURE_TEXT,1,LO,Hierarchical Mechanism Invariance,1.0,NOFIG__Bastos2012__gemma-4-31b-it__T000__R01,gemma-4-31b-it,0.0,valid,strict_json
Bastos2012,NO_FIGURE_TEXT,1,GO,Hierarchical Mechanism Invariance,1.0,NOFIG__Bastos2012__gemma-4-31b-it__T000__R01,gemma-4-31b-it,0.0,valid,strict_json
Bastos2012,NO_FIGURE_TEXT,1,LO,Hierarchical Activity Ubiquity,1.0,NOFIG__Bastos2012__gemma-4-31b-it__T000__R01,gemma-4-31b-it,0.0,valid,strict_json
Bastos2012,NO_FIGURE_TEXT,1,GO,Hierarchical Activity Ubiquity,1.0,NOFIG__Bastos2012__gemma-4-31b-it__T000__R01,gemma-4-31b-it,0.0,valid,strict_json
Bastos2012,NO_FIGURE_TEXT,1,LO,Hierarchical CSD Ubiquity,,NOFIG__Bastos2012__gemma-4-31b-it__T000__R01,gemma-4-31b-it,0.0,valid,strict_json
Bastos2012,NO_FIGURE_TEXT,1,GO,Hierarchical CSD Ubiquity,,NOFIG__Bastos2012__gemma-4-31b-it__T000__R01,gemma-4-31b-it,0.0,valid,strict_json
Bastos2012,NO_FIGURE_TEXT,1,LO,Cross-Scale Hierarchical Ubiquity,0.5,NOFIG__Bastos2012__gemma-4-31b-it__T000__R01,gemma-4-31b-it,0.0,valid,strict_json
Bastos2012,NO_FIGURE_TEXT,1,GO,Cross-Scale Hierarchical Ubiquity,0.5,NOFIG__Bastos2012__gemma-4-31b-it__T000__R01,gemma-4-31b-it,0.0,valid,strict_json
Bastos2012,NO_FIGURE_TEXT,1,LO,Hierarchical Presence (V1-PFC),1.0,NOFIG__Bastos2012__gemma-4-31b-it__T000__R01,gemma-4-31b-it,0.0,valid,strict_json
Bastos2012,NO_FIGURE_TEXT,1,GO,Hierarchical Presence (V1-PFC),1.0,NOFIG__Bastos2012__gemma-4-31b-it__T000__R01,gemma-4-31b-it,0.0,valid,strict_json
Bastos2012,NO_FIGURE_TEXT,1,LO,Cross-Modal Ubiquity,1.0,NOFIG__Bastos2012__gemma-4-31b-it__T000__R01,gemma-4-31b-it,0.0,valid,strict_json
Bastos2012,NO_FIGURE_TEXT,1,GO,Cross-Modal Ubiquity,1.0,NOFIG__Bastos2012__gemma-4-31b-it__T000__R01,gemma-4-31b-it,0.0,valid,strict_json
Bastos2012,NO_FIGURE_TEXT,1,LO,Interspecies Hierarchical Ubiquity,1.0,NOFIG__Bastos2012__gemma-4-31b-it__T000__R01,gemma-4-31b-it,0.0,valid,strict_json
Bastos2012,NO_FIGURE_TEXT,1,GO,Interspecies Hierarchical Ubiquity,1.0,NOFIG__Bastos2012__gemma-4-31b-it__T000__R01,gemma-4-31b-it,0.0,valid,strict_json
Bastos2012,NO_FIGURE_TEXT,1,LO,Temporal Stability of Ubiquity,,NOFIG__Bastos2012__gemma-4-31b-it__T000__R01,gemma-4-31b-it,0.0,valid,strict_json
Bastos2012,NO_FIGURE_TEXT,1,GO,Temporal Stability of Ubiquity,,NOFIG__Bastos2012__gemma-4-31b-it__T000__R01,gemma-4-31b-it,0.0,valid,strict_json
Bastos2012,NO_FIGURE_TEXT,1,LO,Hierarchical Order Stability,1.0,NOFIG__Bastos2012__gemma-4-31b-it__T000__R01,gemma-4-31b-it,0.0,valid,strict_json
Bastos2012,NO_FIGURE_TEXT,1,GO,Hierarchical Order Stability,1.0,NOFIG__Bastos2012__gemma-4-31b-it__T000__R01,gemma-4-31b-it,0.0,valid,strict_json
Bastos2012,NO_FIGURE_TEXT,1,LO,Population-Wide Ubiquity,,NOFIG__Bastos2012__gemma-4-31b-it__T000__R01,gemma-4-31b-it,0.0,valid,strict_json
Bastos2012,NO_FIGURE_TEXT,1,GO,Population-Wide Ubiquity,,NOFIG__Bastos2012__gemma-4-31b-it__T000__R01,gemma-4-31b-it,0.0,valid,strict_json
Bastos2012,NO_FIGURE_TEXT,1,LO,State-Independent Ubiquity,,NOFIG__Bastos2012__gemma-4-31b-it__T000__R01,gemma-4-31b-it,0.0,valid,strict_json
Bastos2012,NO_FIGURE_TEXT,1,GO,State-Independent Ubiquity,,NOFIG__Bastos2012__gemma-4-31b-it__T000__R01,gemma-4-31b-it,0.0,valid,strict_json
Bastos2020,NO_FIGURE_TEXT,1,LO,Subtractive Inhibition (SST),,NOFIG__Bastos2020__gemma-4-31b-it__T000__R01,gemma-4-31b-it,0.0,valid,strict_json
Bastos2020,NO_FIGURE_TEXT,1,GO,Subtractive Inhibition (SST),,NOFIG__Bastos2020__gemma-4-31b-it__T000__R01,gemma-4-31b-it,0.0,valid,strict_json
Bastos2020,NO_FIGURE_TEXT,1,LO,Divisive Inhibition (PV),,NOFIG__Bastos2020__gemma-4-31b-it__T000__R01,gemma-4-31b-it,0.0,valid,strict_json
Bastos2020,NO_FIGURE_TEXT,1,GO,Divisive Inhibition (PV),,NOFIG__Bastos2020__gemma-4-31b-it__T000__R01,gemma-4-31b-it,0.0,valid,strict_json
Bastos2020,NO_FIGURE_TEXT,1,LO,Inhibition (GABA),,NOFIG__Bastos2020__gemma-4-31b-it__T000__R01,gemma-4-31b-it,0.0,valid,strict_json
Bastos2020,NO_FIGURE_TEXT,1,GO,Inhibition (GABA),,NOFIG__Bastos2020__gemma-4-31b-it__T000__R01,gemma-4-31b-it,0.0,valid,strict_json
Bastos2020,NO_FIGURE_TEXT,1,LO,Habituation to Sequence,0.0,NOFIG__Bastos2020__gemma-4-31b-it__T000__R01,gemma-4-31b-it,0.0,valid,strict_json
Bastos2020,NO_FIGURE_TEXT,1,GO,Habituation to Sequence,,NOFIG__Bastos2020__gemma-4-31b-it__T000__R01,gemma-4-31b-it,0.0,valid,strict_json
Bastos2020,NO_FIGURE_TEXT,1,LO,Synaptic Depression (Adaptation),0.0,NOFIG__Bastos2020__gemma-4-31b-it__T000__R01,gemma-4-31b-it,0.0,valid,strict_json
Bastos2020,NO_FIGURE_TEXT,1,GO,Synaptic Depression (Adaptation),,NOFIG__Bastos2020__gemma-4-31b-it__T000__R01,gemma-4-31b-it,0.0,valid,strict_json
Bastos2020,NO_FIGURE_TEXT,1,LO,Activity Suppression,1.0,NOFIG__Bastos2020__gemma-4-31b-it__T000__R01,gemma-4-31b-it,0.0,valid,strict_json
Bastos2020,NO_FIGURE_TEXT,1,GO,Activity Suppression,1.0,NOFIG__Bastos2020__gemma-4-31b-it__T000__R01,gemma-4-31b-it,0.0,valid,strict_json
Bastos2020,NO_FIGURE_TEXT,1,LO,Selective Sharpening,,NOFIG__Bastos2020__gemma-4-31b-it__T000__R01,gemma-4-31b-it,0.0,valid,strict_json
Bastos2020,NO_FIGURE_TEXT,1,GO,Selective Sharpening,,NOFIG__Bastos2020__gemma-4-31b-it__T000__R01,gemma-4-31b-it,0.0,valid,strict_json
Bastos2020,NO_FIGURE_TEXT,1,LO,Alpha/Beta Mediated Suppression,1.0,NOFIG__Bastos2020__gemma-4-31b-it__T000__R01,gemma-4-31b-it,0.0,valid,strict_json
Bastos2020,NO_FIGURE_TEXT,1,GO,Alpha/Beta Mediated Suppression,1.0,NOFIG__Bastos2020__gemma-4-31b-it__T000__R01,gemma-4-31b-it,0.0,valid,strict_json
Bastos2020,NO_FIGURE_TEXT,1,LO,VIP-Mediated Disinhibition,,NOFIG__Bastos2020__gemma-4-31b-it__T000__R01,gemma-4-31b-it,0.0,valid,strict_json
Bastos2020,NO_FIGURE_TEXT,1,GO,VIP-Mediated Disinhibition,,NOFIG__Bastos2020__gemma-4-31b-it__T000__R01,gemma-4-31b-it,0.0,valid,strict_json
Bastos2020,NO_FIGURE_TEXT,1,LO,Precision Weighting (Gain),0.0,NOFIG__Bastos2020__gemma-4-31b-it__T000__R01,gemma-4-31b-it,0.0,valid,strict_json
Bastos2020,NO_FIGURE_TEXT,1,GO,Precision Weighting (Gain),0.0,NOFIG__Bastos2020__gemma-4-31b-it__T000__R01,gemma-4-31b-it,0.0,valid,strict_json
Bastos2020,NO_FIGURE_TEXT,1,LO,E/I Balance Shift,,NOFIG__Bastos2020__gemma-4-31b-it__T000__R01,gemma-4-31b-it,0.0,valid,strict_json
Bastos2020,NO_FIGURE_TEXT,1,GO,E/I Balance Shift,,NOFIG__Bastos2020__gemma-4-31b-it__T000__R01,gemma-4-31b-it,0.0,valid,strict_json
Bastos2020,NO_FIGURE_TEXT,1,LO,Omission Response,,NOFIG__Bastos2020__gemma-4-31b-it__T000__R01,gemma-4-31b-it,0.0,valid,strict_json
Bastos2020,NO_FIGURE_TEXT,1,GO,Omission Response,,NOFIG__Bastos2020__gemma-4-31b-it__T000__R01,gemma-4-31b-it,0.0,valid,strict_json
Bastos2020,NO_FIGURE_TEXT,1,LO,Feedforward Deviance Detection,1.0,NOFIG__Bastos2020__gemma-4-31b-it__T000__R01,gemma-4-31b-it,0.0,valid,strict_json
Bastos2020,NO_FIGURE_TEXT,1,GO,Feedforward Deviance Detection,1.0,NOFIG__Bastos2020__gemma-4-31b-it__T000__R01,gemma-4-31b-it,0.0,valid,strict_json
Bastos2020,NO_FIGURE_TEXT,1,LO,Feedforward AMPA,,NOFIG__Bastos2020__gemma-4-31b-it__T000__R01,gemma-4-31b-it,0.0,valid,strict_json
Bastos2020,NO_FIGURE_TEXT,1,GO,Feedforward AMPA,,NOFIG__Bastos2020__gemma-4-31b-it__T000__R01,gemma-4-31b-it,0.0,valid,strict_json
Bastos2020,NO_FIGURE_TEXT,1,LO,Feedforward NMDA,,NOFIG__Bastos2020__gemma-4-31b-it__T000__R01,gemma-4-31b-it,0.0,valid,strict_json
Bastos2020,NO_FIGURE_TEXT,1,GO,Feedforward NMDA,,NOFIG__Bastos2020__gemma-4-31b-it__T000__R01,gemma-4-31b-it,0.0,valid,strict_json
Bastos2020,NO_FIGURE_TEXT,1,LO,Feedforward Ascending Gamma,1.0,NOFIG__Bastos2020__gemma-4-31b-it__T000__R01,gemma-4-31b-it,0.0,valid,strict_json
Bastos2020,NO_FIGURE_TEXT,1,GO,Feedforward Ascending Gamma,1.0,NOFIG__Bastos2020__gemma-4-31b-it__T000__R01,gemma-4-31b-it,0.0,valid,strict_json
Bastos2020,NO_FIGURE_TEXT,1,LO,Absence of Feedback Error,1.0,NOFIG__Bastos2020__gemma-4-31b-it__T000__R01,gemma-4-31b-it,0.0,valid,strict_json
Bastos2020,NO_FIGURE_TEXT,1,GO,Absence of Feedback Error,1.0,NOFIG__Bastos2020__gemma-4-31b-it__T000__R01,gemma-4-31b-it,0.0,valid,strict_json
Bastos2020,NO_FIGURE_TEXT,1,LO,Feedforward Non-local Supragranular Activity (L2/3),1.0,NOFIG__Bastos2020__gemma-4-31b-it__T000__R01,gemma-4-31b-it,0.0,valid,strict_json
Bastos2020,NO_FIGURE_TEXT,1,GO,Feedforward Non-local Supragranular Activity (L2/3),1.0,NOFIG__Bastos2020__gemma-4-31b-it__T000__R01,gemma-4-31b-it,0.0,valid,strict_json
Bastos2020,NO_FIGURE_TEXT,1,LO,Feedforward Non-local Granular Activity (L4),,NOFIG__Bastos2020__gemma-4-31b-it__T000__R01,gemma-4-31b-it,0.0,valid,strict_json
Bastos2020,NO_FIGURE_TEXT,1,GO,Feedforward Non-local Granular Activity (L4),,NOFIG__Bastos2020__gemma-4-31b-it__T000__R01,gemma-4-31b-it,0.0,valid,strict_json
Bastos2020,NO_FIGURE_TEXT,1,LO,Feedforward Non-local Directed Connectivity,1.0,NOFIG__Bastos2020__gemma-4-31b-it__T000__R01,gemma-4-31b-it,0.0,valid,strict_json
Bastos2020,NO_FIGURE_TEXT,1,GO,Feedforward Non-local Directed Connectivity,1.0,NOFIG__Bastos2020__gemma-4-31b-it__T000__R01,gemma-4-31b-it,0.0,valid,strict_json
Bastos2020,NO_FIGURE_TEXT,1,LO,Feedforward Non-local Activation,1.0,NOFIG__Bastos2020__gemma-4-31b-it__T000__R01,gemma-4-31b-it,0.0,valid,strict_json
Bastos2020,NO_FIGURE_TEXT,1,GO,Feedforward Non-local Activation,1.0,NOFIG__Bastos2020__gemma-4-31b-it__T000__R01,gemma-4-31b-it,0.0,valid,strict_json
Bastos2020,NO_FIGURE_TEXT,1,LO,Ascending Latency Shift,,NOFIG__Bastos2020__gemma-4-31b-it__T000__R01,gemma-4-31b-it,0.0,valid,strict_json
Bastos2020,NO_FIGURE_TEXT,1,GO,Ascending Latency Shift,,NOFIG__Bastos2020__gemma-4-31b-it__T000__R01,gemma-4-31b-it,0.0,valid,strict_json
Bastos2020,NO_FIGURE_TEXT,1,LO,Feedforward Error Propagation,1.0,NOFIG__Bastos2020__gemma-4-31b-it__T000__R01,gemma-4-31b-it,0.0,valid,strict_json
Bastos2020,NO_FIGURE_TEXT,1,GO,Feedforward Error Propagation,1.0,NOFIG__Bastos2020__gemma-4-31b-it__T000__R01,gemma-4-31b-it,0.0,valid,strict_json
Bastos2020,NO_FIGURE_TEXT,1,LO,Subcortical Feedforward Relaying,,NOFIG__Bastos2020__gemma-4-31b-it__T000__R01,gemma-4-31b-it,0.0,valid,strict_json
Bastos2020,NO_FIGURE_TEXT,1,GO,Subcortical Feedforward Relaying,,NOFIG__Bastos2020__gemma-4-31b-it__T000__R01,gemma-4-31b-it,0.0,valid,strict_json
Bastos2020,NO_FIGURE_TEXT,1,LO,Canonical Microcircuit Ubiquity,0.5,NOFIG__Bastos2020__gemma-4-31b-it__T000__R01,gemma-4-31b-it,0.0,valid,strict_json
Bastos2020,NO_FIGURE_TEXT,1,GO,Canonical Microcircuit Ubiquity,0.5,NOFIG__Bastos2020__gemma-4-31b-it__T000__R01,gemma-4-31b-it,0.0,valid,strict_json
Bastos2020,NO_FIGURE_TEXT,1,LO,Hierarchical Mechanism Invariance,0.5,NOFIG__Bastos2020__gemma-4-31b-it__T000__R01,gemma-4-31b-it,0.0,valid,strict_json
Bastos2020,NO_FIGURE_TEXT,1,GO,Hierarchical Mechanism Invariance,0.5,NOFIG__Bastos2020__gemma-4-31b-it__T000__R01,gemma-4-31b-it,0.0,valid,strict_json
Bastos2020,NO_FIGURE_TEXT,1,LO,Hierarchical Activity Ubiquity,1.0,NOFIG__Bastos2020__gemma-4-31b-it__T000__R01,gemma-4-31b-it,0.0,valid,strict_json
Bastos2020,NO_FIGURE_TEXT,1,GO,Hierarchical Activity Ubiquity,1.0,NOFIG__Bastos2020__gemma-4-31b-it__T000__R01,gemma-4-31b-it,0.0,valid,strict_json
Bastos2020,NO_FIGURE_TEXT,1,LO,Hierarchical CSD Ubiquity,,NOFIG__Bastos2020__gemma-4-31b-it__T000__R01,gemma-4-31b-it,0.0,valid,strict_json
Bastos2020,NO_FIGURE_TEXT,1,GO,Hierarchical CSD Ubiquity,,NOFIG__Bastos2020__gemma-4-31b-it__T000__R01,gemma-4-31b-it,0.0,valid,strict_json
Bastos2020,NO_FIGURE_TEXT,1,LO,Cross-Scale Hierarchical Ubiquity,1.0,NOFIG__Bastos2020__gemma-4-31b-it__T000__R01,gemma-4-31b-it,0.0,valid,strict_json
Bastos2020,NO_FIGURE_TEXT,1,GO,Cross-Scale Hierarchical Ubiquity,1.0,NOFIG__Bastos2020__gemma-4-31b-it__T000__R01,gemma-4-31b-it,0.0,valid,strict_json
Bastos2020,NO_FIGURE_TEXT,1,LO,Hierarchical Presence (V1-PFC),1.0,NOFIG__Bastos2020__gemma-4-31b-it__T000__R01,gemma-4-31b-it,0.0,valid,strict_json
Bastos2020,NO_FIGURE_TEXT,1,GO,Hierarchical Presence (V1-PFC),1.0,NOFIG__Bastos2020__gemma-4-31b-it__T000__R01,gemma-4-31b-it,0.0,valid,strict_json
Bastos2020,NO_FIGURE_TEXT,1,LO,Cross-Modal Ubiquity,,NOFIG__Bastos2020__gemma-4-31b-it__T000__R01,gemma-4-31b-it,0.0,valid,strict_json
Bastos2020,NO_FIGURE_TEXT,1,GO,Cross-Modal Ubiquity,,NOFIG__Bastos2020__gemma-4-31b-it__T000__R01,gemma-4-31b-it,0.0,valid,strict_json
Bastos2020,NO_FIGURE_TEXT,1,LO,Interspecies Hierarchical Ubiquity,,NOFIG__Bastos2020__gemma-4-31b-it__T000__R01,gemma-4-31b-it,0.0,valid,strict_json
Bastos2020,NO_FIGURE_TEXT,1,GO,Interspecies Hierarchical Ubiquity,,NOFIG__Bastos2020__gemma-4-31b-it__T000__R01,gemma-4-31b-it,0.0,valid,strict_json
Bastos2020,NO_FIGURE_TEXT,1,LO,Temporal Stability of Ubiquity,,NOFIG__Bastos2020__gemma-4-31b-it__T000__R01,gemma-4-31b-it,0.0,valid,strict_json
Bastos2020,NO_FIGURE_TEXT,1,GO,Temporal Stability of Ubiquity,,NOFIG__Bastos2020__gemma-4-31b-it__T000__R01,gemma-4-31b-it,0.0,valid,strict_json
Bastos2020,NO_FIGURE_TEXT,1,LO,Hierarchical Order Stability,1.0,NOFIG__Bastos2020__gemma-4-31b-it__T000__R01,gemma-4-31b-it,0.0,valid,strict_json
Bastos2020,NO_FIGURE_TEXT,1,GO,Hierarchical Order Stability,1.0,NOFIG__Bastos2020__gemma-4-31b-it__T000__R01,gemma-4-31b-it,0.0,valid,strict_json
Bastos2020,NO_FIGURE_TEXT,1,LO,Population-Wide Ubiquity,,NOFIG__Bastos2020__gemma-4-31b-it__T000__R01,gemma-4-31b-it,0.0,valid,strict_json
Bastos2020,NO_FIGURE_TEXT,1,GO,Population-Wide Ubiquity,,NOFIG__Bastos2020__gemma-4-31b-it__T000__R01,gemma-4-31b-it,0.0,valid,strict_json
Bastos2020,NO_FIGURE_TEXT,1,LO,State-Independent Ubiquity,,NOFIG__Bastos2020__gemma-4-31b-it__T000__R01,gemma-4-31b-it,0.0,valid,strict_json
Bastos2020,NO_FIGURE_TEXT,1,GO,State-Independent Ubiquity,,NOFIG__Bastos2020__gemma-4-31b-it__T000__R01,gemma-4-31b-it,0.0,valid,strict_json
Bekinschtein2009,NO_FIGURE_TEXT,1,LO,Subtractive Inhibition (SST),,NOFIG__Bekinschtein2009__gemma-4-31b-it__T000__R01,gemma-4-31b-it,0.0,valid,strict_json
Bekinschtein2009,NO_FIGURE_TEXT,1,GO,Subtractive Inhibition (SST),,NOFIG__Bekinschtein2009__gemma-4-31b-it__T000__R01,gemma-4-31b-it,0.0,valid,strict_json
Bekinschtein2009,NO_FIGURE_TEXT,1,LO,Divisive Inhibition (PV),,NOFIG__Bekinschtein2009__gemma-4-31b-it__T000__R01,gemma-4-31b-it,0.0,valid,strict_json
Bekinschtein2009,NO_FIGURE_TEXT,1,GO,Divisive Inhibition (PV),,NOFIG__Bekinschtein2009__gemma-4-31b-it__T000__R01,gemma-4-31b-it,0.0,valid,strict_json
Bekinschtein2009,NO_FIGURE_TEXT,1,LO,Inhibition (GABA),,NOFIG__Bekinschtein2009__gemma-4-31b-it__T000__R01,gemma-4-31b-it,0.0,valid,strict_json
Bekinschtein2009,NO_FIGURE_TEXT,1,GO,Inhibition (GABA),,NOFIG__Bekinschtein2009__gemma-4-31b-it__T000__R01,gemma-4-31b-it,0.0,valid,strict_json
Bekinschtein2009,NO_FIGURE_TEXT,1,LO,Habituation to Sequence,,NOFIG__Bekinschtein2009__gemma-4-31b-it__T000__R01,gemma-4-31b-it,0.0,valid,strict_json
Bekinschtein2009,NO_FIGURE_TEXT,1,GO,Habituation to Sequence,,NOFIG__Bekinschtein2009__gemma-4-31b-it__T000__R01,gemma-4-31b-it,0.0,valid,strict_json
Bekinschtein2009,NO_FIGURE_TEXT,1,LO,Synaptic Depression (Adaptation),,NOFIG__Bekinschtein2009__gemma-4-31b-it__T000__R01,gemma-4-31b-it,0.0,valid,strict_json
Bekinschtein2009,NO_FIGURE_TEXT,1,GO,Synaptic Depression (Adaptation),,NOFIG__Bekinschtein2009__gemma-4-31b-it__T000__R01,gemma-4-31b-it,0.0,valid,strict_json
Bekinschtein2009,NO_FIGURE_TEXT,1,LO,Activity Suppression,,NOFIG__Bekinschtein2009__gemma-4-31b-it__T000__R01,gemma-4-31b-it,0.0,valid,strict_json
Bekinschtein2009,NO_FIGURE_TEXT,1,GO,Activity Suppression,,NOFIG__Bekinschtein2009__gemma-4-31b-it__T000__R01,gemma-4-31b-it,0.0,valid,strict_json
Bekinschtein2009,NO_FIGURE_TEXT,1,LO,Selective Sharpening,,NOFIG__Bekinschtein2009__gemma-4-31b-it__T000__R01,gemma-4-31b-it,0.0,valid,strict_json
Bekinschtein2009,NO_FIGURE_TEXT,1,GO,Selective Sharpening,,NOFIG__Bekinschtein2009__gemma-4-31b-it__T000__R01,gemma-4-31b-it,0.0,valid,strict_json
Bekinschtein2009,NO_FIGURE_TEXT,1,LO,Alpha/Beta Mediated Suppression,,NOFIG__Bekinschtein2009__gemma-4-31b-it__T000__R01,gemma-4-31b-it,0.0,valid,strict_json
Bekinschtein2009,NO_FIGURE_TEXT,1,GO,Alpha/Beta Mediated Suppression,,NOFIG__Bekinschtein2009__gemma-4-31b-it__T000__R01,gemma-4-31b-it,0.0,valid,strict_json
Bekinschtein2009,NO_FIGURE_TEXT,1,LO,VIP-Mediated Disinhibition,,NOFIG__Bekinschtein2009__gemma-4-31b-it__T000__R01,gemma-4-31b-it,0.0,valid,strict_json
Bekinschtein2009,NO_FIGURE_TEXT,1,GO,VIP-Mediated Disinhibition,,NOFIG__Bekinschtein2009__gemma-4-31b-it__T000__R01,gemma-4-31b-it,0.0,valid,strict_json
Bekinschtein2009,NO_FIGURE_TEXT,1,LO,Precision Weighting (Gain),,NOFIG__Bekinschtein2009__gemma-4-31b-it__T000__R01,gemma-4-31b-it,0.0,valid,strict_json
Bekinschtein2009,NO_FIGURE_TEXT,1,GO,Precision Weighting (Gain),,NOFIG__Bekinschtein2009__gemma-4-31b-it__T000__R01,gemma-4-31b-it,0.0,valid,strict_json
Bekinschtein2009,NO_FIGURE_TEXT,1,LO,E/I Balance Shift,,NOFIG__Bekinschtein2009__gemma-4-31b-it__T000__R01,gemma-4-31b-it,0.0,valid,strict_json
Bekinschtein2009,NO_FIGURE_TEXT,1,GO,E/I Balance Shift,,NOFIG__Bekinschtein2009__gemma-4-31b-it__T000__R01,gemma-4-31b-it,0.0,valid,strict_json
Bekinschtein2009,NO_FIGURE_TEXT,1,LO,Omission Response,,NOFIG__Bekinschtein2009__gemma-4-31b-it__T000__R01,gemma-4-31b-it,0.0,valid,strict_json
Bekinschtein2009,NO_FIGURE_TEXT,1,GO,Omission Response,,NOFIG__Bekinschtein2009__gemma-4-31b-it__T000__R01,gemma-4-31b-it,0.0,valid,strict_json
Bekinschtein2009,NO_FIGURE_TEXT,1,LO,Feedforward Deviance Detection,1.0,NOFIG__Bekinschtein2009__gemma-4-31b-it__T000__R01,gemma-4-31b-it,0.0,valid,strict_json
Bekinschtein2009,NO_FIGURE_TEXT,1,GO,Feedforward Deviance Detection,1.0,NOFIG__Bekinschtein2009__gemma-4-31b-it__T000__R01,gemma-4-31b-it,0.0,valid,strict_json
Bekinschtein2009,NO_FIGURE_TEXT,1,LO,Feedforward AMPA,,NOFIG__Bekinschtein2009__gemma-4-31b-it__T000__R01,gemma-4-31b-it,0.0,valid,strict_json
Bekinschtein2009,NO_FIGURE_TEXT,1,GO,Feedforward AMPA,,NOFIG__Bekinschtein2009__gemma-4-31b-it__T000__R01,gemma-4-31b-it,0.0,valid,strict_json
Bekinschtein2009,NO_FIGURE_TEXT,1,LO,Feedforward NMDA,,NOFIG__Bekinschtein2009__gemma-4-31b-it__T000__R01,gemma-4-31b-it,0.0,valid,strict_json
Bekinschtein2009,NO_FIGURE_TEXT,1,GO,Feedforward NMDA,,NOFIG__Bekinschtein2009__gemma-4-31b-it__T000__R01,gemma-4-31b-it,0.0,valid,strict_json
Bekinschtein2009,NO_FIGURE_TEXT,1,LO,Feedforward Ascending Gamma,,NOFIG__Bekinschtein2009__gemma-4-31b-it__T000__R01,gemma-4-31b-it,0.0,valid,strict_json
Bekinschtein2009,NO_FIGURE_TEXT,1,GO,Feedforward Ascending Gamma,,NOFIG__Bekinschtein2009__gemma-4-31b-it__T000__R01,gemma-4-31b-it,0.0,valid,strict_json
Bekinschtein2009,NO_FIGURE_TEXT,1,LO,Absence of Feedback Error,,NOFIG__Bekinschtein2009__gemma-4-31b-it__T000__R01,gemma-4-31b-it,0.0,valid,strict_json
Bekinschtein2009,NO_FIGURE_TEXT,1,GO,Absence of Feedback Error,,NOFIG__Bekinschtein2009__gemma-4-31b-it__T000__R01,gemma-4-31b-it,0.0,valid,strict_json
Bekinschtein2009,NO_FIGURE_TEXT,1,LO,Feedforward Non-local Supragranular Activity (L2/3),,NOFIG__Bekinschtein2009__gemma-4-31b-it__T000__R01,gemma-4-31b-it,0.0,valid,strict_json
Bekinschtein2009,NO_FIGURE_TEXT,1,GO,Feedforward Non-local Supragranular Activity (L2/3),,NOFIG__Bekinschtein2009__gemma-4-31b-it__T000__R01,gemma-4-31b-it,0.0,valid,strict_json
Bekinschtein2009,NO_FIGURE_TEXT,1,LO,Feedforward Non-local Granular Activity (L4),,NOFIG__Bekinschtein2009__gemma-4-31b-it__T000__R01,gemma-4-31b-it,0.0,valid,strict_json
Bekinschtein2009,NO_FIGURE_TEXT,1,GO,Feedforward Non-local Granular Activity (L4),,NOFIG__Bekinschtein2009__gemma-4-31b-it__T000__R01,gemma-4-31b-it,0.0,valid,strict_json
Bekinschtein2009,NO_FIGURE_TEXT,1,LO,Feedforward Non-local Directed Connectivity,,NOFIG__Bekinschtein2009__gemma-4-31b-it__T000__R01,gemma-4-31b-it,0.0,valid,strict_json
Bekinschtein2009,NO_FIGURE_TEXT,1,GO,Feedforward Non-local Directed Connectivity,,NOFIG__Bekinschtein2009__gemma-4-31b-it__T000__R01,gemma-4-31b-it,0.0,valid,strict_json
Bekinschtein2009,NO_FIGURE_TEXT,1,LO,Feedforward Non-local Activation,0.5,NOFIG__Bekinschtein2009__gemma-4-31b-it__T000__R01,gemma-4-31b-it,0.0,valid,strict_json
Bekinschtein2009,NO_FIGURE_TEXT,1,GO,Feedforward Non-local Activation,1.0,NOFIG__Bekinschtein2009__gemma-4-31b-it__T000__R01,gemma-4-31b-it,0.0,valid,strict_json
Bekinschtein2009,NO_FIGURE_TEXT,1,LO,Ascending Latency Shift,,NOFIG__Bekinschtein2009__gemma-4-31b-it__T000__R01,gemma-4-31b-it,0.0,valid,strict_json
Bekinschtein2009,NO_FIGURE_TEXT,1,GO,Ascending Latency Shift,,NOFIG__Bekinschtein2009__gemma-4-31b-it__T000__R01,gemma-4-31b-it,0.0,valid,strict_json
Bekinschtein2009,NO_FIGURE_TEXT,1,LO,Feedforward Error Propagation,0.5,NOFIG__Bekinschtein2009__gemma-4-31b-it__T000__R01,gemma-4-31b-it,0.0,valid,strict_json
Bekinschtein2009,NO_FIGURE_TEXT,1,GO,Feedforward Error Propagation,1.0,NOFIG__Bekinschtein2009__gemma-4-31b-it__T000__R01,gemma-4-31b-it,0.0,valid,strict_json
Bekinschtein2009,NO_FIGURE_TEXT,1,LO,Subcortical Feedforward Relaying,,NOFIG__Bekinschtein2009__gemma-4-31b-it__T000__R01,gemma-4-31b-it,0.0,valid,strict_json
Bekinschtein2009,NO_FIGURE_TEXT,1,GO,Subcortical Feedforward Relaying,,NOFIG__Bekinschtein2009__gemma-4-31b-it__T000__R01,gemma-4-31b-it,0.0,valid,strict_json
Bekinschtein2009,NO_FIGURE_TEXT,1,LO,Canonical Microcircuit Ubiquity,,NOFIG__Bekinschtein2009__gemma-4-31b-it__T000__R01,gemma-4-31b-it,0.0,valid,strict_json
Bekinschtein2009,NO_FIGURE_TEXT,1,GO,Canonical Microcircuit Ubiquity,,NOFIG__Bekinschtein2009__gemma-4-31b-it__T000__R01,gemma-4-31b-it,0.0,valid,strict_json
Bekinschtein2009,NO_FIGURE_TEXT,1,LO,Hierarchical Mechanism Invariance,,NOFIG__Bekinschtein2009__gemma-4-31b-it__T000__R01,gemma-4-31b-it,0.0,valid,strict_json
Bekinschtein2009,NO_FIGURE_TEXT,1,GO,Hierarchical Mechanism Invariance,,NOFIG__Bekinschtein2009__gemma-4-31b-it__T000__R01,gemma-4-31b-it,0.0,valid,strict_json
Bekinschtein2009,NO_FIGURE_TEXT,1,LO,Hierarchical Activity Ubiquity,,NOFIG__Bekinschtein2009__gemma-4-31b-it__T000__R01,gemma-4-31b-it,0.0,valid,strict_json
Bekinschtein2009,NO_FIGURE_TEXT,1,GO,Hierarchical Activity Ubiquity,1.0,NOFIG__Bekinschtein2009__gemma-4-31b-it__T000__R01,gemma-4-31b-it,0.0,valid,strict_json
Bekinschtein2009,NO_FIGURE_TEXT,1,LO,Hierarchical CSD Ubiquity,,NOFIG__Bekinschtein2009__gemma-4-31b-it__T000__R01,gemma-4-31b-it,0.0,valid,strict_json
Bekinschtein2009,NO_FIGURE_TEXT,1,GO,Hierarchical CSD Ubiquity,,NOFIG__Bekinschtein2009__gemma-4-31b-it__T000__R01,gemma-4-31b-it,0.0,valid,strict_json
Bekinschtein2009,NO_FIGURE_TEXT,1,LO,Cross-Scale Hierarchical Ubiquity,0.5,NOFIG__Bekinschtein2009__gemma-4-31b-it__T000__R01,gemma-4-31b-it,0.0,valid,strict_json
Bekinschtein2009,NO_FIGURE_TEXT,1,GO,Cross-Scale Hierarchical Ubiquity,1.0,NOFIG__Bekinschtein2009__gemma-4-31b-it__T000__R01,gemma-4-31b-it,0.0,valid,strict_json
Bekinschtein2009,NO_FIGURE_TEXT,1,LO,Hierarchical Presence (V1-PFC),,NOFIG__Bekinschtein2009__gemma-4-31b-it__T000__R01,gemma-4-31b-it,0.0,valid,strict_json
Bekinschtein2009,NO_FIGURE_TEXT,1,GO,Hierarchical Presence (V1-PFC),1.0,NOFIG__Bekinschtein2009__gemma-4-31b-it__T000__R01,gemma-4-31b-it,0.0,valid,strict_json
Bekinschtein2009,NO_FIGURE_TEXT,1,LO,Cross-Modal Ubiquity,,NOFIG__Bekinschtein2009__gemma-4-31b-it__T000__R01,gemma-4-31b-it,0.0,valid,strict_json
Bekinschtein2009,NO_FIGURE_TEXT,1,GO,Cross-Modal Ubiquity,,NOFIG__Bekinschtein2009__gemma-4-31b-it__T000__R01,gemma-4-31b-it,0.0,valid,strict_json
Bekinschtein2009,NO_FIGURE_TEXT,1,LO,Interspecies Hierarchical Ubiquity,,NOFIG__Bekinschtein2009__gemma-4-31b-it__T000__R01,gemma-4-31b-it,0.0,valid,strict_json
Bekinschtein2009,NO_FIGURE_TEXT,1,GO,Interspecies Hierarchical Ubiquity,,NOFIG__Bekinschtein2009__gemma-4-31b-it__T000__R01,gemma-4-31b-it,0.0,valid,strict_json
Bekinschtein2009,NO_FIGURE_TEXT,1,LO,Temporal Stability of Ubiquity,,NOFIG__Bekinschtein2009__gemma-4-31b-it__T000__R01,gemma-4-31b-it,0.0,valid,strict_json
Bekinschtein2009,NO_FIGURE_TEXT,1,GO,Temporal Stability of Ubiquity,,NOFIG__Bekinschtein2009__gemma-4-31b-it__T000__R01,gemma-4-31b-it,0.0,valid,strict_json
Bekinschtein2009,NO_FIGURE_TEXT,1,LO,Hierarchical Order Stability,,NOFIG__Bekinschtein2009__gemma-4-31b-it__T000__R01,gemma-4-31b-it,0.0,valid,strict_json
Bekinschtein2009,NO_FIGURE_TEXT,1,GO,Hierarchical Order Stability,1.0,NOFIG__Bekinschtein2009__gemma-4-31b-it__T000__R01,gemma-4-31b-it,0.0,valid,strict_json
Bekinschtein2009,NO_FIGURE_TEXT,1,LO,Population-Wide Ubiquity,,NOFIG__Bekinschtein2009__gemma-4-31b-it__T000__R01,gemma-4-31b-it,0.0,valid,strict_json
Bekinschtein2009,NO_FIGURE_TEXT,1,GO,Population-Wide Ubiquity,,NOFIG__Bekinschtein2009__gemma-4-31b-it__T000__R01,gemma-4-31b-it,0.0,valid,strict_json
Bekinschtein2009,NO_FIGURE_TEXT,1,LO,State-Independent Ubiquity,1.0,NOFIG__Bekinschtein2009__gemma-4-31b-it__T000__R01,gemma-4-31b-it,0.0,valid,strict_json
Bekinschtein2009,NO_FIGURE_TEXT,1,GO,State-Independent Ubiquity,-1.0,NOFIG__Bekinschtein2009__gemma-4-31b-it__T000__R01,gemma-4-31b-it,0.0,valid,strict_json
Chao2018,NO_FIGURE_TEXT,1,LO,Subtractive Inhibition (SST),,NOFIG__Chao2018__gemma-4-31b-it__T000__R01,gemma-4-31b-it,0.0,valid,strict_json
Chao2018,NO_FIGURE_TEXT,1,GO,Subtractive Inhibition (SST),,NOFIG__Chao2018__gemma-4-31b-it__T000__R01,gemma-4-31b-it,0.0,valid,strict_json
Chao2018,NO_FIGURE_TEXT,1,LO,Divisive Inhibition (PV),,NOFIG__Chao2018__gemma-4-31b-it__T000__R01,gemma-4-31b-it,0.0,valid,strict_json
Chao2018,NO_FIGURE_TEXT,1,GO,Divisive Inhibition (PV),,NOFIG__Chao2018__gemma-4-31b-it__T000__R01,gemma-4-31b-it,0.0,valid,strict_json
Chao2018,NO_FIGURE_TEXT,1,LO,Inhibition (GABA),,NOFIG__Chao2018__gemma-4-31b-it__T000__R01,gemma-4-31b-it,0.0,valid,strict_json
Chao2018,NO_FIGURE_TEXT,1,GO,Inhibition (GABA),,NOFIG__Chao2018__gemma-4-31b-it__T000__R01,gemma-4-31b-it,0.0,valid,strict_json
Chao2018,NO_FIGURE_TEXT,1,LO,Habituation to Sequence,0.0,NOFIG__Chao2018__gemma-4-31b-it__T000__R01,gemma-4-31b-it,0.0,valid,strict_json
Chao2018,NO_FIGURE_TEXT,1,GO,Habituation to Sequence,,NOFIG__Chao2018__gemma-4-31b-it__T000__R01,gemma-4-31b-it,0.0,valid,strict_json
Chao2018,NO_FIGURE_TEXT,1,LO,Synaptic Depression (Adaptation),,NOFIG__Chao2018__gemma-4-31b-it__T000__R01,gemma-4-31b-it,0.0,valid,strict_json
Chao2018,NO_FIGURE_TEXT,1,GO,Synaptic Depression (Adaptation),,NOFIG__Chao2018__gemma-4-31b-it__T000__R01,gemma-4-31b-it,0.0,valid,strict_json
Chao2018,NO_FIGURE_TEXT,1,LO,Activity Suppression,0.0,NOFIG__Chao2018__gemma-4-31b-it__T000__R01,gemma-4-31b-it,0.0,valid,strict_json
Chao2018,NO_FIGURE_TEXT,1,GO,Activity Suppression,0.0,NOFIG__Chao2018__gemma-4-31b-it__T000__R01,gemma-4-31b-it,0.0,valid,strict_json
Chao2018,NO_FIGURE_TEXT,1,LO,Selective Sharpening,,NOFIG__Chao2018__gemma-4-31b-it__T000__R01,gemma-4-31b-it,0.0,valid,strict_json
Chao2018,NO_FIGURE_TEXT,1,GO,Selective Sharpening,,NOFIG__Chao2018__gemma-4-31b-it__T000__R01,gemma-4-31b-it,0.0,valid,strict_json
Chao2018,NO_FIGURE_TEXT,1,LO,Alpha/Beta Mediated Suppression,0.0,NOFIG__Chao2018__gemma-4-31b-it__T000__R01,gemma-4-31b-it,0.0,valid,strict_json
Chao2018,NO_FIGURE_TEXT,1,GO,Alpha/Beta Mediated Suppression,1.0,NOFIG__Chao2018__gemma-4-31b-it__T000__R01,gemma-4-31b-it,0.0,valid,strict_json
Chao2018,NO_FIGURE_TEXT,1,LO,VIP-Mediated Disinhibition,,NOFIG__Chao2018__gemma-4-31b-it__T000__R01,gemma-4-31b-it,0.0,valid,strict_json
Chao2018,NO_FIGURE_TEXT,1,GO,VIP-Mediated Disinhibition,,NOFIG__Chao2018__gemma-4-31b-it__T000__R01,gemma-4-31b-it,0.0,valid,strict_json
Chao2018,NO_FIGURE_TEXT,1,LO,Precision Weighting (Gain),,NOFIG__Chao2018__gemma-4-31b-it__T000__R01,gemma-4-31b-it,0.0,valid,strict_json
Chao2018,NO_FIGURE_TEXT,1,GO,Precision Weighting (Gain),,NOFIG__Chao2018__gemma-4-31b-it__T000__R01,gemma-4-31b-it,0.0,valid,strict_json
Chao2018,NO_FIGURE_TEXT,1,LO,E/I Balance Shift,,NOFIG__Chao2018__gemma-4-31b-it__T000__R01,gemma-4-31b-it,0.0,valid,strict_json
Chao2018,NO_FIGURE_TEXT,1,GO,E/I Balance Shift,,NOFIG__Chao2018__gemma-4-31b-it__T000__R01,gemma-4-31b-it,0.0,valid,strict_json
Chao2018,NO_FIGURE_TEXT,1,LO,Omission Response,,NOFIG__Chao2018__gemma-4-31b-it__T000__R01,gemma-4-31b-it,0.0,valid,strict_json
Chao2018,NO_FIGURE_TEXT,1,GO,Omission Response,,NOFIG__Chao2018__gemma-4-31b-it__T000__R01,gemma-4-31b-it,0.0,valid,strict_json
Chao2018,NO_FIGURE_TEXT,1,LO,Feedforward Deviance Detection,1.0,NOFIG__Chao2018__gemma-4-31b-it__T000__R01,gemma-4-31b-it,0.0,valid,strict_json
Chao2018,NO_FIGURE_TEXT,1,GO,Feedforward Deviance Detection,1.0,NOFIG__Chao2018__gemma-4-31b-it__T000__R01,gemma-4-31b-it,0.0,valid,strict_json
Chao2018,NO_FIGURE_TEXT,1,LO,Feedforward AMPA,,NOFIG__Chao2018__gemma-4-31b-it__T000__R01,gemma-4-31b-it,0.0,valid,strict_json
Chao2018,NO_FIGURE_TEXT,1,GO,Feedforward AMPA,,NOFIG__Chao2018__gemma-4-31b-it__T000__R01,gemma-4-31b-it,0.0,valid,strict_json
Chao2018,NO_FIGURE_TEXT,1,LO,Feedforward NMDA,,NOFIG__Chao2018__gemma-4-31b-it__T000__R01,gemma-4-31b-it,0.0,valid,strict_json
Chao2018,NO_FIGURE_TEXT,1,GO,Feedforward NMDA,,NOFIG__Chao2018__gemma-4-31b-it__T000__R01,gemma-4-31b-it,0.0,valid,strict_json
Chao2018,NO_FIGURE_TEXT,1,LO,Feedforward Ascending Gamma,1.0,NOFIG__Chao2018__gemma-4-31b-it__T000__R01,gemma-4-31b-it,0.0,valid,strict_json
Chao2018,NO_FIGURE_TEXT,1,GO,Feedforward Ascending Gamma,1.0,NOFIG__Chao2018__gemma-4-31b-it__T000__R01,gemma-4-31b-it,0.0,valid,strict_json
Chao2018,NO_FIGURE_TEXT,1,LO,Absence of Feedback Error,,NOFIG__Chao2018__gemma-4-31b-it__T000__R01,gemma-4-31b-it,0.0,valid,strict_json
Chao2018,NO_FIGURE_TEXT,1,GO,Absence of Feedback Error,,NOFIG__Chao2018__gemma-4-31b-it__T000__R01,gemma-4-31b-it,0.0,valid,strict_json
Chao2018,NO_FIGURE_TEXT,1,LO,Feedforward Non-local Supragranular Activity (L2/3),,NOFIG__Chao2018__gemma-4-31b-it__T000__R01,gemma-4-31b-it,0.0,valid,strict_json
Chao2018,NO_FIGURE_TEXT,1,GO,Feedforward Non-local Supragranular Activity (L2/3),,NOFIG__Chao2018__gemma-4-31b-it__T000__R01,gemma-4-31b-it,0.0,valid,strict_json
Chao2018,NO_FIGURE_TEXT,1,LO,Feedforward Non-local Granular Activity (L4),,NOFIG__Chao2018__gemma-4-31b-it__T000__R01,gemma-4-31b-it,0.0,valid,strict_json
Chao2018,NO_FIGURE_TEXT,1,GO,Feedforward Non-local Granular Activity (L4),,NOFIG__Chao2018__gemma-4-31b-it__T000__R01,gemma-4-31b-it,0.0,valid,strict_json
Chao2018,NO_FIGURE_TEXT,1,LO,Feedforward Non-local Directed Connectivity,1.0,NOFIG__Chao2018__gemma-4-31b-it__T000__R01,gemma-4-31b-it,0.0,valid,strict_json
Chao2018,NO_FIGURE_TEXT,1,GO,Feedforward Non-local Directed Connectivity,1.0,NOFIG__Chao2018__gemma-4-31b-it__T000__R01,gemma-4-31b-it,0.0,valid,strict_json
Chao2018,NO_FIGURE_TEXT,1,LO,Feedforward Non-local Activation,1.0,NOFIG__Chao2018__gemma-4-31b-it__T000__R01,gemma-4-31b-it,0.0,valid,strict_json
Chao2018,NO_FIGURE_TEXT,1,GO,Feedforward Non-local Activation,1.0,NOFIG__Chao2018__gemma-4-31b-it__T000__R01,gemma-4-31b-it,0.0,valid,strict_json
Chao2018,NO_FIGURE_TEXT,1,LO,Ascending Latency Shift,0.5,NOFIG__Chao2018__gemma-4-31b-it__T000__R01,gemma-4-31b-it,0.0,valid,strict_json
Chao2018,NO_FIGURE_TEXT,1,GO,Ascending Latency Shift,0.5,NOFIG__Chao2018__gemma-4-31b-it__T000__R01,gemma-4-31b-it,0.0,valid,strict_json
Chao2018,NO_FIGURE_TEXT,1,LO,Feedforward Error Propagation,1.0,NOFIG__Chao2018__gemma-4-31b-it__T000__R01,gemma-4-31b-it,0.0,valid,strict_json
Chao2018,NO_FIGURE_TEXT,1,GO,Feedforward Error Propagation,1.0,NOFIG__Chao2018__gemma-4-31b-it__T000__R01,gemma-4-31b-it,0.0,valid,strict_json
Chao2018,NO_FIGURE_TEXT,1,LO,Subcortical Feedforward Relaying,,NOFIG__Chao2018__gemma-4-31b-it__T000__R01,gemma-4-31b-it,0.0,valid,strict_json
Chao2018,NO_FIGURE_TEXT,1,GO,Subcortical Feedforward Relaying,,NOFIG__Chao2018__gemma-4-31b-it__T000__R01,gemma-4-31b-it,0.0,valid,strict_json
Chao2018,NO_FIGURE_TEXT,1,LO,Canonical Microcircuit Ubiquity,,NOFIG__Chao2018__gemma-4-31b-it__T000__R01,gemma-4-31b-it,0.0,valid,strict_json
Chao2018,NO_FIGURE_TEXT,1,GO,Canonical Microcircuit Ubiquity,,NOFIG__Chao2018__gemma-4-31b-it__T000__R01,gemma-4-31b-it,0.0,valid,strict_json
Chao2018,NO_FIGURE_TEXT,1,LO,Hierarchical Mechanism Invariance,0.5,NOFIG__Chao2018__gemma-4-31b-it__T000__R01,gemma-4-31b-it,0.0,valid,strict_json
Chao2018,NO_FIGURE_TEXT,1,GO,Hierarchical Mechanism Invariance,0.5,NOFIG__Chao2018__gemma-4-31b-it__T000__R01,gemma-4-31b-it,0.0,valid,strict_json
Chao2018,NO_FIGURE_TEXT,1,LO,Hierarchical Activity Ubiquity,1.0,NOFIG__Chao2018__gemma-4-31b-it__T000__R01,gemma-4-31b-it,0.0,valid,strict_json
Chao2018,NO_FIGURE_TEXT,1,GO,Hierarchical Activity Ubiquity,1.0,NOFIG__Chao2018__gemma-4-31b-it__T000__R01,gemma-4-31b-it,0.0,valid,strict_json
Chao2018,NO_FIGURE_TEXT,1,LO,Hierarchical CSD Ubiquity,,NOFIG__Chao2018__gemma-4-31b-it__T000__R01,gemma-4-31b-it,0.0,valid,strict_json
Chao2018,NO_FIGURE_TEXT,1,GO,Hierarchical CSD Ubiquity,,NOFIG__Chao2018__gemma-4-31b-it__T000__R01,gemma-4-31b-it,0.0,valid,strict_json
Chao2018,NO_FIGURE_TEXT,1,LO,Cross-Scale Hierarchical Ubiquity,,NOFIG__Chao2018__gemma-4-31b-it__T000__R01,gemma-4-31b-it,0.0,valid,strict_json
Chao2018,NO_FIGURE_TEXT,1,GO,Cross-Scale Hierarchical Ubiquity,,NOFIG__Chao2018__gemma-4-31b-it__T000__R01,gemma-4-31b-it,0.0,valid,strict_json
Chao2018,NO_FIGURE_TEXT,1,LO,Hierarchical Presence (V1-PFC),1.0,NOFIG__Chao2018__gemma-4-31b-it__T000__R01,gemma-4-31b-it,0.0,valid,strict_json
Chao2018,NO_FIGURE_TEXT,1,GO,Hierarchical Presence (V1-PFC),1.0,NOFIG__Chao2018__gemma-4-31b-it__T000__R01,gemma-4-31b-it,0.0,valid,strict_json
Chao2018,NO_FIGURE_TEXT,1,LO,Cross-Modal Ubiquity,,NOFIG__Chao2018__gemma-4-31b-it__T000__R01,gemma-4-31b-it,0.0,valid,strict_json
Chao2018,NO_FIGURE_TEXT,1,GO,Cross-Modal Ubiquity,,NOFIG__Chao2018__gemma-4-31b-it__T000__R01,gemma-4-31b-it,0.0,valid,strict_json
Chao2018,NO_FIGURE_TEXT,1,LO,Interspecies Hierarchical Ubiquity,0.5,NOFIG__Chao2018__gemma-4-31b-it__T000__R01,gemma-4-31b-it,0.0,valid,strict_json
Chao2018,NO_FIGURE_TEXT,1,GO,Interspecies Hierarchical Ubiquity,0.5,NOFIG__Chao2018__gemma-4-31b-it__T000__R01,gemma-4-31b-it,0.0,valid,strict_json
Chao2018,NO_FIGURE_TEXT,1,LO,Temporal Stability of Ubiquity,,NOFIG__Chao2018__gemma-4-31b-it__T000__R01,gemma-4-31b-it,0.0,valid,strict_json
Chao2018,NO_FIGURE_TEXT,1,GO,Temporal Stability of Ubiquity,,NOFIG__Chao2018__gemma-4-31b-it__T000__R01,gemma-4-31b-it,0.0,valid,strict_json
Chao2018,NO_FIGURE_TEXT,1,LO,Hierarchical Order Stability,1.0,NOFIG__Chao2018__gemma-4-31b-it__T000__R01,gemma-4-31b-it,0.0,valid,strict_json
Chao2018,NO_FIGURE_TEXT,1,GO,Hierarchical Order Stability,1.0,NOFIG__Chao2018__gemma-4-31b-it__T000__R01,gemma-4-31b-it,0.0,valid,strict_json
Chao2018,NO_FIGURE_TEXT,1,LO,Population-Wide Ubiquity,,NOFIG__Chao2018__gemma-4-31b-it__T000__R01,gemma-4-31b-it,0.0,valid,strict_json
Chao2018,NO_FIGURE_TEXT,1,GO,Population-Wide Ubiquity,,NOFIG__Chao2018__gemma-4-31b-it__T000__R01,gemma-4-31b-it,0.0,valid,strict_json
Chao2018,NO_FIGURE_TEXT,1,LO,State-Independent Ubiquity,,NOFIG__Chao2018__gemma-4-31b-it__T000__R01,gemma-4-31b-it,0.0,valid,strict_json
Chao2018,NO_FIGURE_TEXT,1,GO,State-Independent Ubiquity,,NOFIG__Chao2018__gemma-4-31b-it__T000__R01,gemma-4-31b-it,0.0,valid,strict_json
Friston2010,NO_FIGURE_TEXT,1,LO,Subtractive Inhibition (SST),,NOFIG__Friston2010__gemma-4-31b-it__T000__R01,gemma-4-31b-it,0.0,valid,strict_json
Friston2010,NO_FIGURE_TEXT,1,GO,Subtractive Inhibition (SST),,NOFIG__Friston2010__gemma-4-31b-it__T000__R01,gemma-4-31b-it,0.0,valid,strict_json
Friston2010,NO_FIGURE_TEXT,1,LO,Divisive Inhibition (PV),,NOFIG__Friston2010__gemma-4-31b-it__T000__R01,gemma-4-31b-it,0.0,valid,strict_json
Friston2010,NO_FIGURE_TEXT,1,GO,Divisive Inhibition (PV),,NOFIG__Friston2010__gemma-4-31b-it__T000__R01,gemma-4-31b-it,0.0,valid,strict_json
Friston2010,NO_FIGURE_TEXT,1,LO,Inhibition (GABA),,NOFIG__Friston2010__gemma-4-31b-it__T000__R01,gemma-4-31b-it,0.0,valid,strict_json
Friston2010,NO_FIGURE_TEXT,1,GO,Inhibition (GABA),,NOFIG__Friston2010__gemma-4-31b-it__T000__R01,gemma-4-31b-it,0.0,valid,strict_json
Friston2010,NO_FIGURE_TEXT,1,LO,Habituation to Sequence,,NOFIG__Friston2010__gemma-4-31b-it__T000__R01,gemma-4-31b-it,0.0,valid,strict_json
Friston2010,NO_FIGURE_TEXT,1,GO,Habituation to Sequence,,NOFIG__Friston2010__gemma-4-31b-it__T000__R01,gemma-4-31b-it,0.0,valid,strict_json
Friston2010,NO_FIGURE_TEXT,1,LO,Synaptic Depression (Adaptation),,NOFIG__Friston2010__gemma-4-31b-it__T000__R01,gemma-4-31b-it,0.0,valid,strict_json
Friston2010,NO_FIGURE_TEXT,1,GO,Synaptic Depression (Adaptation),,NOFIG__Friston2010__gemma-4-31b-it__T000__R01,gemma-4-31b-it,0.0,valid,strict_json
Friston2010,NO_FIGURE_TEXT,1,LO,Activity Suppression,0.5,NOFIG__Friston2010__gemma-4-31b-it__T000__R01,gemma-4-31b-it,0.0,valid,strict_json
Friston2010,NO_FIGURE_TEXT,1,GO,Activity Suppression,0.5,NOFIG__Friston2010__gemma-4-31b-it__T000__R01,gemma-4-31b-it,0.0,valid,strict_json
Friston2010,NO_FIGURE_TEXT,1,LO,Selective Sharpening,,NOFIG__Friston2010__gemma-4-31b-it__T000__R01,gemma-4-31b-it,0.0,valid,strict_json
Friston2010,NO_FIGURE_TEXT,1,GO,Selective Sharpening,,NOFIG__Friston2010__gemma-4-31b-it__T000__R01,gemma-4-31b-it,0.0,valid,strict_json
Friston2010,NO_FIGURE_TEXT,1,LO,Alpha/Beta Mediated Suppression,,NOFIG__Friston2010__gemma-4-31b-it__T000__R01,gemma-4-31b-it,0.0,valid,strict_json
Friston2010,NO_FIGURE_TEXT,1,GO,Alpha/Beta Mediated Suppression,,NOFIG__Friston2010__gemma-4-31b-it__T000__R01,gemma-4-31b-it,0.0,valid,strict_json
Friston2010,NO_FIGURE_TEXT,1,LO,VIP-Mediated Disinhibition,,NOFIG__Friston2010__gemma-4-31b-it__T000__R01,gemma-4-31b-it,0.0,valid,strict_json
Friston2010,NO_FIGURE_TEXT,1,GO,VIP-Mediated Disinhibition,,NOFIG__Friston2010__gemma-4-31b-it__T000__R01,gemma-4-31b-it,0.0,valid,strict_json
Friston2010,NO_FIGURE_TEXT,1,LO,Precision Weighting (Gain),0.5,NOFIG__Friston2010__gemma-4-31b-it__T000__R01,gemma-4-31b-it,0.0,valid,strict_json
Friston2010,NO_FIGURE_TEXT,1,GO,Precision Weighting (Gain),0.5,NOFIG__Friston2010__gemma-4-31b-it__T000__R01,gemma-4-31b-it,0.0,valid,strict_json
Friston2010,NO_FIGURE_TEXT,1,LO,E/I Balance Shift,,NOFIG__Friston2010__gemma-4-31b-it__T000__R01,gemma-4-31b-it,0.0,valid,strict_json
Friston2010,NO_FIGURE_TEXT,1,GO,E/I Balance Shift,,NOFIG__Friston2010__gemma-4-31b-it__T000__R01,gemma-4-31b-it,0.0,valid,strict_json
Friston2010,NO_FIGURE_TEXT,1,LO,Omission Response,,NOFIG__Friston2010__gemma-4-31b-it__T000__R01,gemma-4-31b-it,0.0,valid,strict_json
Friston2010,NO_FIGURE_TEXT,1,GO,Omission Response,,NOFIG__Friston2010__gemma-4-31b-it__T000__R01,gemma-4-31b-it,0.0,valid,strict_json
Friston2010,NO_FIGURE_TEXT,1,LO,Feedforward Deviance Detection,0.5,NOFIG__Friston2010__gemma-4-31b-it__T000__R01,gemma-4-31b-it,0.0,valid,strict_json
Friston2010,NO_FIGURE_TEXT,1,GO,Feedforward Deviance Detection,0.5,NOFIG__Friston2010__gemma-4-31b-it__T000__R01,gemma-4-31b-it,0.0,valid,strict_json
Friston2010,NO_FIGURE_TEXT,1,LO,Feedforward AMPA,,NOFIG__Friston2010__gemma-4-31b-it__T000__R01,gemma-4-31b-it,0.0,valid,strict_json
Friston2010,NO_FIGURE_TEXT,1,GO,Feedforward AMPA,,NOFIG__Friston2010__gemma-4-31b-it__T000__R01,gemma-4-31b-it,0.0,valid,strict_json
Friston2010,NO_FIGURE_TEXT,1,LO,Feedforward NMDA,,NOFIG__Friston2010__gemma-4-31b-it__T000__R01,gemma-4-31b-it,0.0,valid,strict_json
Friston2010,NO_FIGURE_TEXT,1,GO,Feedforward NMDA,,NOFIG__Friston2010__gemma-4-31b-it__T000__R01,gemma-4-31b-it,0.0,valid,strict_json
Friston2010,NO_FIGURE_TEXT,1,LO,Feedforward Ascending Gamma,,NOFIG__Friston2010__gemma-4-31b-it__T000__R01,gemma-4-31b-it,0.0,valid,strict_json
Friston2010,NO_FIGURE_TEXT,1,GO,Feedforward Ascending Gamma,,NOFIG__Friston2010__gemma-4-31b-it__T000__R01,gemma-4-31b-it,0.0,valid,strict_json
Friston2010,NO_FIGURE_TEXT,1,LO,Absence of Feedback Error,,NOFIG__Friston2010__gemma-4-31b-it__T000__R01,gemma-4-31b-it,0.0,valid,strict_json
Friston2010,NO_FIGURE_TEXT,1,GO,Absence of Feedback Error,,NOFIG__Friston2010__gemma-4-31b-it__T000__R01,gemma-4-31b-it,0.0,valid,strict_json
Friston2010,NO_FIGURE_TEXT,1,LO,Feedforward Non-local Supragranular Activity (L2/3),,NOFIG__Friston2010__gemma-4-31b-it__T000__R01,gemma-4-31b-it,0.0,valid,strict_json
Friston2010,NO_FIGURE_TEXT,1,GO,Feedforward Non-local Supragranular Activity (L2/3),,NOFIG__Friston2010__gemma-4-31b-it__T000__R01,gemma-4-31b-it,0.0,valid,strict_json
Friston2010,NO_FIGURE_TEXT,1,LO,Feedforward Non-local Granular Activity (L4),,NOFIG__Friston2010__gemma-4-31b-it__T000__R01,gemma-4-31b-it,0.0,valid,strict_json
Friston2010,NO_FIGURE_TEXT,1,GO,Feedforward Non-local Granular Activity (L4),,NOFIG__Friston2010__gemma-4-31b-it__T000__R01,gemma-4-31b-it,0.0,valid,strict_json
Friston2010,NO_FIGURE_TEXT,1,LO,Feedforward Non-local Directed Connectivity,,NOFIG__Friston2010__gemma-4-31b-it__T000__R01,gemma-4-31b-it,0.0,valid,strict_json
Friston2010,NO_FIGURE_TEXT,1,GO,Feedforward Non-local Directed Connectivity,,NOFIG__Friston2010__gemma-4-31b-it__T000__R01,gemma-4-31b-it,0.0,valid,strict_json
Friston2010,NO_FIGURE_TEXT,1,LO,Feedforward Non-local Activation,,NOFIG__Friston2010__gemma-4-31b-it__T000__R01,gemma-4-31b-it,0.0,valid,strict_json
Friston2010,NO_FIGURE_TEXT,1,GO,Feedforward Non-local Activation,,NOFIG__Friston2010__gemma-4-31b-it__T000__R01,gemma-4-31b-it,0.0,valid,strict_json
Friston2010,NO_FIGURE_TEXT,1,LO,Ascending Latency Shift,,NOFIG__Friston2010__gemma-4-31b-it__T000__R01,gemma-4-31b-it,0.0,valid,strict_json
Friston2010,NO_FIGURE_TEXT,1,GO,Ascending Latency Shift,,NOFIG__Friston2010__gemma-4-31b-it__T000__R01,gemma-4-31b-it,0.0,valid,strict_json
Friston2010,NO_FIGURE_TEXT,1,LO,Feedforward Error Propagation,0.5,NOFIG__Friston2010__gemma-4-31b-it__T000__R01,gemma-4-31b-it,0.0,valid,strict_json
Friston2010,NO_FIGURE_TEXT,1,GO,Feedforward Error Propagation,0.5,NOFIG__Friston2010__gemma-4-31b-it__T000__R01,gemma-4-31b-it,0.0,valid,strict_json
Friston2010,NO_FIGURE_TEXT,1,LO,Subcortical Feedforward Relaying,,NOFIG__Friston2010__gemma-4-31b-it__T000__R01,gemma-4-31b-it,0.0,valid,strict_json
Friston2010,NO_FIGURE_TEXT,1,GO,Subcortical Feedforward Relaying,,NOFIG__Friston2010__gemma-4-31b-it__T000__R01,gemma-4-31b-it,0.0,valid,strict_json
Friston2010,NO_FIGURE_TEXT,1,LO,Canonical Microcircuit Ubiquity,0.5,NOFIG__Friston2010__gemma-4-31b-it__T000__R01,gemma-4-31b-it,0.0,valid,strict_json
Friston2010,NO_FIGURE_TEXT,1,GO,Canonical Microcircuit Ubiquity,0.5,NOFIG__Friston2010__gemma-4-31b-it__T000__R01,gemma-4-31b-it,0.0,valid,strict_json
Friston2010,NO_FIGURE_TEXT,1,LO,Hierarchical Mechanism Invariance,0.5,NOFIG__Friston2010__gemma-4-31b-it__T000__R01,gemma-4-31b-it,0.0,valid,strict_json
Friston2010,NO_FIGURE_TEXT,1,GO,Hierarchical Mechanism Invariance,0.5,NOFIG__Friston2010__gemma-4-31b-it__T000__R01,gemma-4-31b-it,0.0,valid,strict_json
Friston2010,NO_FIGURE_TEXT,1,LO,Hierarchical Activity Ubiquity,0.5,NOFIG__Friston2010__gemma-4-31b-it__T000__R01,gemma-4-31b-it,0.0,valid,strict_json
Friston2010,NO_FIGURE_TEXT,1,GO,Hierarchical Activity Ubiquity,0.5,NOFIG__Friston2010__gemma-4-31b-it__T000__R01,gemma-4-31b-it,0.0,valid,strict_json
Friston2010,NO_FIGURE_TEXT,1,LO,Hierarchical CSD Ubiquity,,NOFIG__Friston2010__gemma-4-31b-it__T000__R01,gemma-4-31b-it,0.0,valid,strict_json
Friston2010,NO_FIGURE_TEXT,1,GO,Hierarchical CSD Ubiquity,,NOFIG__Friston2010__gemma-4-31b-it__T000__R01,gemma-4-31b-it,0.0,valid,strict_json
Friston2010,NO_FIGURE_TEXT,1,LO,Cross-Scale Hierarchical Ubiquity,,NOFIG__Friston2010__gemma-4-31b-it__T000__R01,gemma-4-31b-it,0.0,valid,strict_json
Friston2010,NO_FIGURE_TEXT,1,GO,Cross-Scale Hierarchical Ubiquity,,NOFIG__Friston2010__gemma-4-31b-it__T000__R01,gemma-4-31b-it,0.0,valid,strict_json
Friston2010,NO_FIGURE_TEXT,1,LO,Hierarchical Presence (V1-PFC),0.5,NOFIG__Friston2010__gemma-4-31b-it__T000__R01,gemma-4-31b-it,0.0,valid,strict_json
Friston2010,NO_FIGURE_TEXT,1,GO,Hierarchical Presence (V1-PFC),0.5,NOFIG__Friston2010__gemma-4-31b-it__T000__R01,gemma-4-31b-it,0.0,valid,strict_json
Friston2010,NO_FIGURE_TEXT,1,LO,Cross-Modal Ubiquity,,NOFIG__Friston2010__gemma-4-31b-it__T000__R01,gemma-4-31b-it,0.0,valid,strict_json
Friston2010,NO_FIGURE_TEXT,1,GO,Cross-Modal Ubiquity,,NOFIG__Friston2010__gemma-4-31b-it__T000__R01,gemma-4-31b-it,0.0,valid,strict_json
Friston2010,NO_FIGURE_TEXT,1,LO,Interspecies Hierarchical Ubiquity,,NOFIG__Friston2010__gemma-4-31b-it__T000__R01,gemma-4-31b-it,0.0,valid,strict_json
Friston2010,NO_FIGURE_TEXT,1,GO,Interspecies Hierarchical Ubiquity,,NOFIG__Friston2010__gemma-4-31b-it__T000__R01,gemma-4-31b-it,0.0,valid,strict_json
Friston2010,NO_FIGURE_TEXT,1,LO,Temporal Stability of Ubiquity,,NOFIG__Friston2010__gemma-4-31b-it__T000__R01,gemma-4-31b-it,0.0,valid,strict_json
Friston2010,NO_FIGURE_TEXT,1,GO,Temporal Stability of Ubiquity,,NOFIG__Friston2010__gemma-4-31b-it__T000__R01,gemma-4-31b-it,0.0,valid,strict_json
Friston2010,NO_FIGURE_TEXT,1,LO,Hierarchical Order Stability,0.5,NOFIG__Friston2010__gemma-4-31b-it__T000__R01,gemma-4-31b-it,0.0,valid,strict_json
Friston2010,NO_FIGURE_TEXT,1,GO,Hierarchical Order Stability,0.5,NOFIG__Friston2010__gemma-4-31b-it__T000__R01,gemma-4-31b-it,0.0,valid,strict_json
Friston2010,NO_FIGURE_TEXT,1,LO,Population-Wide Ubiquity,,NOFIG__Friston2010__gemma-4-31b-it__T000__R01,gemma-4-31b-it,0.0,valid,strict_json
Friston2010,NO_FIGURE_TEXT,1,GO,Population-Wide Ubiquity,,NOFIG__Friston2010__gemma-4-31b-it__T000__R01,gemma-4-31b-it,0.0,valid,strict_json
Friston2010,NO_FIGURE_TEXT,1,LO,State-Independent Ubiquity,,NOFIG__Friston2010__gemma-4-31b-it__T000__R01,gemma-4-31b-it,0.0,valid,strict_json
Friston2010,NO_FIGURE_TEXT,1,GO,State-Independent Ubiquity,,NOFIG__Friston2010__gemma-4-31b-it__T000__R01,gemma-4-31b-it,0.0,valid,strict_json
Furutachi2024,NO_FIGURE_TEXT,1,LO,Subtractive Inhibition (SST),1.0,NOFIG__Furutachi2024__gemma-4-31b-it__T000__R01,gemma-4-31b-it,0.0,valid,cleaned_json
Furutachi2024,NO_FIGURE_TEXT,1,GO,Subtractive Inhibition (SST),1.0,NOFIG__Furutachi2024__gemma-4-31b-it__T000__R01,gemma-4-31b-it,0.0,valid,cleaned_json
Furutachi2024,NO_FIGURE_TEXT,1,LO,Divisive Inhibition (PV),,NOFIG__Furutachi2024__gemma-4-31b-it__T000__R01,gemma-4-31b-it,0.0,valid,cleaned_json
Furutachi2024,NO_FIGURE_TEXT,1,GO,Divisive Inhibition (PV),,NOFIG__Furutachi2024__gemma-4-31b-it__T000__R01,gemma-4-31b-it,0.0,valid,cleaned_json
Furutachi2024,NO_FIGURE_TEXT,1,LO,Inhibition (GABA),0.5,NOFIG__Furutachi2024__gemma-4-31b-it__T000__R01,gemma-4-31b-it,0.0,valid,cleaned_json
Furutachi2024,NO_FIGURE_TEXT,1,GO,Inhibition (GABA),0.5,NOFIG__Furutachi2024__gemma-4-31b-it__T000__R01,gemma-4-31b-it,0.0,valid,cleaned_json
Furutachi2024,NO_FIGURE_TEXT,1,LO,Habituation to Sequence,1.0,NOFIG__Furutachi2024__gemma-4-31b-it__T000__R01,gemma-4-31b-it,0.0,valid,cleaned_json
Furutachi2024,NO_FIGURE_TEXT,1,GO,Habituation to Sequence,,NOFIG__Furutachi2024__gemma-4-31b-it__T000__R01,gemma-4-31b-it,0.0,valid,cleaned_json
Furutachi2024,NO_FIGURE_TEXT,1,LO,Synaptic Depression (Adaptation),-0.5,NOFIG__Furutachi2024__gemma-4-31b-it__T000__R01,gemma-4-31b-it,0.0,valid,cleaned_json
Furutachi2024,NO_FIGURE_TEXT,1,GO,Synaptic Depression (Adaptation),,NOFIG__Furutachi2024__gemma-4-31b-it__T000__R01,gemma-4-31b-it,0.0,valid,cleaned_json
Furutachi2024,NO_FIGURE_TEXT,1,LO,Activity Suppression,1.0,NOFIG__Furutachi2024__gemma-4-31b-it__T000__R01,gemma-4-31b-it,0.0,valid,cleaned_json
Furutachi2024,NO_FIGURE_TEXT,1,GO,Activity Suppression,1.0,NOFIG__Furutachi2024__gemma-4-31b-it__T000__R01,gemma-4-31b-it,0.0,valid,cleaned_json
Furutachi2024,NO_FIGURE_TEXT,1,LO,Selective Sharpening,1.0,NOFIG__Furutachi2024__gemma-4-31b-it__T000__R01,gemma-4-31b-it,0.0,valid,cleaned_json
Furutachi2024,NO_FIGURE_TEXT,1,GO,Selective Sharpening,1.0,NOFIG__Furutachi2024__gemma-4-31b-it__T000__R01,gemma-4-31b-it,0.0,valid,cleaned_json
Furutachi2024,NO_FIGURE_TEXT,1,LO,Alpha/Beta Mediated Suppression,,NOFIG__Furutachi2024__gemma-4-31b-it__T000__R01,gemma-4-31b-it,0.0,valid,cleaned_json
Furutachi2024,NO_FIGURE_TEXT,1,GO,Alpha/Beta Mediated Suppression,,NOFIG__Furutachi2024__gemma-4-31b-it__T000__R01,gemma-4-31b-it,0.0,valid,cleaned_json
Furutachi2024,NO_FIGURE_TEXT,1,LO,VIP-Mediated Disinhibition,1.0,NOFIG__Furutachi2024__gemma-4-31b-it__T000__R01,gemma-4-31b-it,0.0,valid,cleaned_json
Furutachi2024,NO_FIGURE_TEXT,1,GO,VIP-Mediated Disinhibition,1.0,NOFIG__Furutachi2024__gemma-4-31b-it__T000__R01,gemma-4-31b-it,0.0,valid,cleaned_json
Furutachi2024,NO_FIGURE_TEXT,1,LO,Precision Weighting (Gain),0.5,NOFIG__Furutachi2024__gemma-4-31b-it__T000__R01,gemma-4-31b-it,0.0,valid,cleaned_json
Furutachi2024,NO_FIGURE_TEXT,1,GO,Precision Weighting (Gain),0.5,NOFIG__Furutachi2024__gemma-4-31b-it__T000__R01,gemma-4-31b-it,0.0,valid,cleaned_json
Furutachi2024,NO_FIGURE_TEXT,1,LO,E/I Balance Shift,0.5,NOFIG__Furutachi2024__gemma-4-31b-it__T000__R01,gemma-4-31b-it,0.0,valid,cleaned_json
Furutachi2024,NO_FIGURE_TEXT,1,GO,E/I Balance Shift,0.5,NOFIG__Furutachi2024__gemma-4-31b-it__T000__R01,gemma-4-31b-it,0.0,valid,cleaned_json
Furutachi2024,NO_FIGURE_TEXT,1,LO,Omission Response,1.0,NOFIG__Furutachi2024__gemma-4-31b-it__T000__R01,gemma-4-31b-it,0.0,valid,cleaned_json
Furutachi2024,NO_FIGURE_TEXT,1,GO,Omission Response,1.0,NOFIG__Furutachi2024__gemma-4-31b-it__T000__R01,gemma-4-31b-it,0.0,valid,cleaned_json
Furutachi2024,NO_FIGURE_TEXT,1,LO,Feedforward Deviance Detection,1.0,NOFIG__Furutachi2024__gemma-4-31b-it__T000__R01,gemma-4-31b-it,0.0,valid,cleaned_json
Furutachi2024,NO_FIGURE_TEXT,1,GO,Feedforward Deviance Detection,1.0,NOFIG__Furutachi2024__gemma-4-31b-it__T000__R01,gemma-4-31b-it,0.0,valid,cleaned_json
Furutachi2024,NO_FIGURE_TEXT,1,LO,Feedforward AMPA,,NOFIG__Furutachi2024__gemma-4-31b-it__T000__R01,gemma-4-31b-it,0.0,valid,cleaned_json
Furutachi2024,NO_FIGURE_TEXT,1,GO,Feedforward AMPA,,NOFIG__Furutachi2024__gemma-4-31b-it__T000__R01,gemma-4-31b-it,0.0,valid,cleaned_json
Furutachi2024,NO_FIGURE_TEXT,1,LO,Feedforward NMDA,,NOFIG__Furutachi2024__gemma-4-31b-it__T000__R01,gemma-4-31b-it,0.0,valid,cleaned_json
Furutachi2024,NO_FIGURE_TEXT,1,GO,Feedforward NMDA,,NOFIG__Furutachi2024__gemma-4-31b-it__T000__R01,gemma-4-31b-it,0.0,valid,cleaned_json
Furutachi2024,NO_FIGURE_TEXT,1,LO,Feedforward Ascending Gamma,,NOFIG__Furutachi2024__gemma-4-31b-it__T000__R01,gemma-4-31b-it,0.0,valid,cleaned_json
Furutachi2024,NO_FIGURE_TEXT,1,GO,Feedforward Ascending Gamma,,NOFIG__Furutachi2024__gemma-4-31b-it__T000__R01,gemma-4-31b-it,0.0,valid,cleaned_json
Furutachi2024,NO_FIGURE_TEXT,1,LO,Absence of Feedback Error,0.0,NOFIG__Furutachi2024__gemma-4-31b-it__T000__R01,gemma-4-31b-it,0.0,valid,cleaned_json
Furutachi2024,NO_FIGURE_TEXT,1,GO,Absence of Feedback Error,0.0,NOFIG__Furutachi2024__gemma-4-31b-it__T000__R01,gemma-4-31b-it,0.0,valid,cleaned_json
Furutachi2024,NO_FIGURE_TEXT,1,LO,Feedforward Non-local Supragranular Activity (L2/3),1.0,NOFIG__Furutachi2024__gemma-4-31b-it__T000__R01,gemma-4-31b-it,0.0,valid,cleaned_json
Furutachi2024,NO_FIGURE_TEXT,1,GO,Feedforward Non-local Supragranular Activity (L2/3),1.0,NOFIG__Furutachi2024__gemma-4-31b-it__T000__R01,gemma-4-31b-it,0.0,valid,cleaned_json
Furutachi2024,NO_FIGURE_TEXT,1,LO,Feedforward Non-local Granular Activity (L4),,NOFIG__Furutachi2024__gemma-4-31b-it__T000__R01,gemma-4-31b-it,0.0,valid,cleaned_json
Furutachi2024,NO_FIGURE_TEXT,1,GO,Feedforward Non-local Granular Activity (L4),,NOFIG__Furutachi2024__gemma-4-31b-it__T000__R01,gemma-4-31b-it,0.0,valid,cleaned_json
Furutachi2024,NO_FIGURE_TEXT,1,LO,Feedforward Non-local Directed Connectivity,,NOFIG__Furutachi2024__gemma-4-31b-it__T000__R01,gemma-4-31b-it,0.0,valid,cleaned_json
Furutachi2024,NO_FIGURE_TEXT,1,GO,Feedforward Non-local Directed Connectivity,,NOFIG__Furutachi2024__gemma-4-31b-it__T000__R01,gemma-4-31b-it,0.0,valid,cleaned_json
Furutachi2024,NO_FIGURE_TEXT,1,LO,Feedforward Non-local Activation,1.0,NOFIG__Furutachi2024__gemma-4-31b-it__T000__R01,gemma-4-31b-it,0.0,valid,cleaned_json
Furutachi2024,NO_FIGURE_TEXT,1,GO,Feedforward Non-local Activation,1.0,NOFIG__Furutachi2024__gemma-4-31b-it__T000__R01,gemma-4-31b-it,0.0,valid,cleaned_json
Furutachi2024,NO_FIGURE_TEXT,1,LO,Ascending Latency Shift,,NOFIG__Furutachi2024__gemma-4-31b-it__T000__R01,gemma-4-31b-it,0.0,valid,cleaned_json
Furutachi2024,NO_FIGURE_TEXT,1,GO,Ascending Latency Shift,,NOFIG__Furutachi2024__gemma-4-31b-it__T000__R01,gemma-4-31b-it,0.0,valid,cleaned_json
Furutachi2024,NO_FIGURE_TEXT,1,LO,Feedforward Error Propagation,1.0,NOFIG__Furutachi2024__gemma-4-31b-it__T000__R01,gemma-4-31b-it,0.0,valid,cleaned_json
Furutachi2024,NO_FIGURE_TEXT,1,GO,Feedforward Error Propagation,1.0,NOFIG__Furutachi2024__gemma-4-31b-it__T000__R01,gemma-4-31b-it,0.0,valid,cleaned_json
Furutachi2024,NO_FIGURE_TEXT,1,LO,Subcortical Feedforward Relaying,1.0,NOFIG__Furutachi2024__gemma-4-31b-it__T000__R01,gemma-4-31b-it,0.0,valid,cleaned_json
Furutachi2024,NO_FIGURE_TEXT,1,GO,Subcortical Feedforward Relaying,1.0,NOFIG__Furutachi2024__gemma-4-31b-it__T000__R01,gemma-4-31b-it,0.0,valid,cleaned_json
Furutachi2024,NO_FIGURE_TEXT,1,LO,Canonical Microcircuit Ubiquity,,NOFIG__Furutachi2024__gemma-4-31b-it__T000__R01,gemma-4-31b-it,0.0,valid,cleaned_json
Furutachi2024,NO_FIGURE_TEXT,1,GO,Canonical Microcircuit Ubiquity,,NOFIG__Furutachi2024__gemma-4-31b-it__T000__R01,gemma-4-31b-it,0.0,valid,cleaned_json
Furutachi2024,NO_FIGURE_TEXT,1,LO,Hierarchical Mechanism Invariance,,NOFIG__Furutachi2024__gemma-4-31b-it__T000__R01,gemma-4-31b-it,0.0,valid,cleaned_json
Furutachi2024,NO_FIGURE_TEXT,1,GO,Hierarchical Mechanism Invariance,,NOFIG__Furutachi2024__gemma-4-31b-it__T000__R01,gemma-4-31b-it,0.0,valid,cleaned_json
Furutachi2024,NO_FIGURE_TEXT,1,LO,Hierarchical Activity Ubiquity,0.5,NOFIG__Furutachi2024__gemma-4-31b-it__T000__R01,gemma-4-31b-it,0.0,valid,cleaned_json
Furutachi2024,NO_FIGURE_TEXT,1,GO,Hierarchical Activity Ubiquity,0.5,NOFIG__Furutachi2024__gemma-4-31b-it__T000__R01,gemma-4-31b-it,0.0,valid,cleaned_json
Furutachi2024,NO_FIGURE_TEXT,1,LO,Hierarchical CSD Ubiquity,,NOFIG__Furutachi2024__gemma-4-31b-it__T000__R01,gemma-4-31b-it,0.0,valid,cleaned_json
Furutachi2024,NO_FIGURE_TEXT,1,GO,Hierarchical CSD Ubiquity,,NOFIG__Furutachi2024__gemma-4-31b-it__T000__R01,gemma-4-31b-it,0.0,valid,cleaned_json
Furutachi2024,NO_FIGURE_TEXT,1,LO,Cross-Scale Hierarchical Ubiquity,,NOFIG__Furutachi2024__gemma-4-31b-it__T000__R01,gemma-4-31b-it,0.0,valid,cleaned_json
Furutachi2024,NO_FIGURE_TEXT,1,GO,Cross-Scale Hierarchical Ubiquity,,NOFIG__Furutachi2024__gemma-4-31b-it__T000__R01,gemma-4-31b-it,0.0,valid,cleaned_json
Furutachi2024,NO_FIGURE_TEXT,1,LO,Hierarchical Presence (V1-PFC),0.5,NOFIG__Furutachi2024__gemma-4-31b-it__T000__R01,gemma-4-31b-it,0.0,valid,cleaned_json
Furutachi2024,NO_FIGURE_TEXT,1,GO,Hierarchical Presence (V1-PFC),0.5,NOFIG__Furutachi2024__gemma-4-31b-it__T000__R01,gemma-4-31b-it,0.0,valid,cleaned_json
Furutachi2024,NO_FIGURE_TEXT,1,LO,Cross-Modal Ubiquity,,NOFIG__Furutachi2024__gemma-4-31b-it__T000__R01,gemma-4-31b-it,0.0,valid,cleaned_json
Furutachi2024,NO_FIGURE_TEXT,1,GO,Cross-Modal Ubiquity,,NOFIG__Furutachi2024__gemma-4-31b-it__T000__R01,gemma-4-31b-it,0.0,valid,cleaned_json
Furutachi2024,NO_FIGURE_TEXT,1,LO,Interspecies Hierarchical Ubiquity,,NOFIG__Furutachi2024__gemma-4-31b-it__T000__R01,gemma-4-31b-it,0.0,valid,cleaned_json
Furutachi2024,NO_FIGURE_TEXT,1,GO,Interspecies Hierarchical Ubiquity,,NOFIG__Furutachi2024__gemma-4-31b-it__T000__R01,gemma-4-31b-it,0.0,valid,cleaned_json
Furutachi2024,NO_FIGURE_TEXT,1,LO,Temporal Stability of Ubiquity,0.5,NOFIG__Furutachi2024__gemma-4-31b-it__T000__R01,gemma-4-31b-it,0.0,valid,cleaned_json
Furutachi2024,NO_FIGURE_TEXT,1,GO,Temporal Stability of Ubiquity,0.5,NOFIG__Furutachi2024__gemma-4-31b-it__T000__R01,gemma-4-31b-it,0.0,valid,cleaned_json
Furutachi2024,NO_FIGURE_TEXT,1,LO,Hierarchical Order Stability,,NOFIG__Furutachi2024__gemma-4-31b-it__T000__R01,gemma-4-31b-it,0.0,valid,cleaned_json
Furutachi2024,NO_FIGURE_TEXT,1,GO,Hierarchical Order Stability,,NOFIG__Furutachi2024__gemma-4-31b-it__T000__R01,gemma-4-31b-it,0.0,valid,cleaned_json
Furutachi2024,NO_FIGURE_TEXT,1,LO,Population-Wide Ubiquity,0.5,NOFIG__Furutachi2024__gemma-4-31b-it__T000__R01,gemma-4-31b-it,0.0,valid,cleaned_json
Furutachi2024,NO_FIGURE_TEXT,1,GO,Population-Wide Ubiquity,0.5,NOFIG__Furutachi2024__gemma-4-31b-it__T000__R01,gemma-4-31b-it,0.0,valid,cleaned_json
Furutachi2024,NO_FIGURE_TEXT,1,LO,State-Independent Ubiquity,,NOFIG__Furutachi2024__gemma-4-31b-it__T000__R01,gemma-4-31b-it,0.0,valid,cleaned_json
Furutachi2024,NO_FIGURE_TEXT,1,GO,State-Independent Ubiquity,,NOFIG__Furutachi2024__gemma-4-31b-it__T000__R01,gemma-4-31b-it,0.0,valid,cleaned_json
Garret2020,NO_FIGURE_TEXT,1,LO,Subtractive Inhibition (SST),,NOFIG__Garret2020__gemma-4-31b-it__T000__R01,gemma-4-31b-it,0.0,valid,strict_json
Garret2020,NO_FIGURE_TEXT,1,GO,Subtractive Inhibition (SST),,NOFIG__Garret2020__gemma-4-31b-it__T000__R01,gemma-4-31b-it,0.0,valid,strict_json
Garret2020,NO_FIGURE_TEXT,1,LO,Divisive Inhibition (PV),,NOFIG__Garret2020__gemma-4-31b-it__T000__R01,gemma-4-31b-it,0.0,valid,strict_json
Garret2020,NO_FIGURE_TEXT,1,GO,Divisive Inhibition (PV),,NOFIG__Garret2020__gemma-4-31b-it__T000__R01,gemma-4-31b-it,0.0,valid,strict_json
Garret2020,NO_FIGURE_TEXT,1,LO,Inhibition (GABA),,NOFIG__Garret2020__gemma-4-31b-it__T000__R01,gemma-4-31b-it,0.0,valid,strict_json
Garret2020,NO_FIGURE_TEXT,1,GO,Inhibition (GABA),,NOFIG__Garret2020__gemma-4-31b-it__T000__R01,gemma-4-31b-it,0.0,valid,strict_json
Garret2020,NO_FIGURE_TEXT,1,LO,Habituation to Sequence,,NOFIG__Garret2020__gemma-4-31b-it__T000__R01,gemma-4-31b-it,0.0,valid,strict_json
Garret2020,NO_FIGURE_TEXT,1,GO,Habituation to Sequence,,NOFIG__Garret2020__gemma-4-31b-it__T000__R01,gemma-4-31b-it,0.0,valid,strict_json
Garret2020,NO_FIGURE_TEXT,1,LO,Synaptic Depression (Adaptation),,NOFIG__Garret2020__gemma-4-31b-it__T000__R01,gemma-4-31b-it,0.0,valid,strict_json
Garret2020,NO_FIGURE_TEXT,1,GO,Synaptic Depression (Adaptation),,NOFIG__Garret2020__gemma-4-31b-it__T000__R01,gemma-4-31b-it,0.0,valid,strict_json
Garret2020,NO_FIGURE_TEXT,1,LO,Activity Suppression,1.0,NOFIG__Garret2020__gemma-4-31b-it__T000__R01,gemma-4-31b-it,0.0,valid,strict_json
Garret2020,NO_FIGURE_TEXT,1,GO,Activity Suppression,1.0,NOFIG__Garret2020__gemma-4-31b-it__T000__R01,gemma-4-31b-it,0.0,valid,strict_json
Garret2020,NO_FIGURE_TEXT,1,LO,Selective Sharpening,1.0,NOFIG__Garret2020__gemma-4-31b-it__T000__R01,gemma-4-31b-it,0.0,valid,strict_json
Garret2020,NO_FIGURE_TEXT,1,GO,Selective Sharpening,,NOFIG__Garret2020__gemma-4-31b-it__T000__R01,gemma-4-31b-it,0.0,valid,strict_json
Garret2020,NO_FIGURE_TEXT,1,LO,Alpha/Beta Mediated Suppression,,NOFIG__Garret2020__gemma-4-31b-it__T000__R01,gemma-4-31b-it,0.0,valid,strict_json
Garret2020,NO_FIGURE_TEXT,1,GO,Alpha/Beta Mediated Suppression,,NOFIG__Garret2020__gemma-4-31b-it__T000__R01,gemma-4-31b-it,0.0,valid,strict_json
Garret2020,NO_FIGURE_TEXT,1,LO,VIP-Mediated Disinhibition,1.0,NOFIG__Garret2020__gemma-4-31b-it__T000__R01,gemma-4-31b-it,0.0,valid,strict_json
Garret2020,NO_FIGURE_TEXT,1,GO,VIP-Mediated Disinhibition,1.0,NOFIG__Garret2020__gemma-4-31b-it__T000__R01,gemma-4-31b-it,0.0,valid,strict_json
Garret2020,NO_FIGURE_TEXT,1,LO,Precision Weighting (Gain),,NOFIG__Garret2020__gemma-4-31b-it__T000__R01,gemma-4-31b-it,0.0,valid,strict_json
Garret2020,NO_FIGURE_TEXT,1,GO,Precision Weighting (Gain),,NOFIG__Garret2020__gemma-4-31b-it__T000__R01,gemma-4-31b-it,0.0,valid,strict_json
Garret2020,NO_FIGURE_TEXT,1,LO,E/I Balance Shift,,NOFIG__Garret2020__gemma-4-31b-it__T000__R01,gemma-4-31b-it,0.0,valid,strict_json
Garret2020,NO_FIGURE_TEXT,1,GO,E/I Balance Shift,,NOFIG__Garret2020__gemma-4-31b-it__T000__R01,gemma-4-31b-it,0.0,valid,strict_json
Garret2020,NO_FIGURE_TEXT,1,LO,Omission Response,1.0,NOFIG__Garret2020__gemma-4-31b-it__T000__R01,gemma-4-31b-it,0.0,valid,strict_json
Garret2020,NO_FIGURE_TEXT,1,GO,Omission Response,1.0,NOFIG__Garret2020__gemma-4-31b-it__T000__R01,gemma-4-31b-it,0.0,valid,strict_json
Garret2020,NO_FIGURE_TEXT,1,LO,Feedforward Deviance Detection,,NOFIG__Garret2020__gemma-4-31b-it__T000__R01,gemma-4-31b-it,0.0,valid,strict_json
Garret2020,NO_FIGURE_TEXT,1,GO,Feedforward Deviance Detection,,NOFIG__Garret2020__gemma-4-31b-it__T000__R01,gemma-4-31b-it,0.0,valid,strict_json
Garret2020,NO_FIGURE_TEXT,1,LO,Feedforward AMPA,,NOFIG__Garret2020__gemma-4-31b-it__T000__R01,gemma-4-31b-it,0.0,valid,strict_json
Garret2020,NO_FIGURE_TEXT,1,GO,Feedforward AMPA,,NOFIG__Garret2020__gemma-4-31b-it__T000__R01,gemma-4-31b-it,0.0,valid,strict_json
Garret2020,NO_FIGURE_TEXT,1,LO,Feedforward NMDA,,NOFIG__Garret2020__gemma-4-31b-it__T000__R01,gemma-4-31b-it,0.0,valid,strict_json
Garret2020,NO_FIGURE_TEXT,1,GO,Feedforward NMDA,,NOFIG__Garret2020__gemma-4-31b-it__T000__R01,gemma-4-31b-it,0.0,valid,strict_json
Garret2020,NO_FIGURE_TEXT,1,LO,Feedforward Ascending Gamma,,NOFIG__Garret2020__gemma-4-31b-it__T000__R01,gemma-4-31b-it,0.0,valid,strict_json
Garret2020,NO_FIGURE_TEXT,1,GO,Feedforward Ascending Gamma,,NOFIG__Garret2020__gemma-4-31b-it__T000__R01,gemma-4-31b-it,0.0,valid,strict_json
Garret2020,NO_FIGURE_TEXT,1,LO,Absence of Feedback Error,,NOFIG__Garret2020__gemma-4-31b-it__T000__R01,gemma-4-31b-it,0.0,valid,strict_json
Garret2020,NO_FIGURE_TEXT,1,GO,Absence of Feedback Error,,NOFIG__Garret2020__gemma-4-31b-it__T000__R01,gemma-4-31b-it,0.0,valid,strict_json
Garret2020,NO_FIGURE_TEXT,1,LO,Feedforward Non-local Supragranular Activity (L2/3),,NOFIG__Garret2020__gemma-4-31b-it__T000__R01,gemma-4-31b-it,0.0,valid,strict_json
Garret2020,NO_FIGURE_TEXT,1,GO,Feedforward Non-local Supragranular Activity (L2/3),,NOFIG__Garret2020__gemma-4-31b-it__T000__R01,gemma-4-31b-it,0.0,valid,strict_json
Garret2020,NO_FIGURE_TEXT,1,LO,Feedforward Non-local Granular Activity (L4),,NOFIG__Garret2020__gemma-4-31b-it__T000__R01,gemma-4-31b-it,0.0,valid,strict_json
Garret2020,NO_FIGURE_TEXT,1,GO,Feedforward Non-local Granular Activity (L4),,NOFIG__Garret2020__gemma-4-31b-it__T000__R01,gemma-4-31b-it,0.0,valid,strict_json
Garret2020,NO_FIGURE_TEXT,1,LO,Feedforward Non-local Directed Connectivity,,NOFIG__Garret2020__gemma-4-31b-it__T000__R01,gemma-4-31b-it,0.0,valid,strict_json
Garret2020,NO_FIGURE_TEXT,1,GO,Feedforward Non-local Directed Connectivity,,NOFIG__Garret2020__gemma-4-31b-it__T000__R01,gemma-4-31b-it,0.0,valid,strict_json
Garret2020,NO_FIGURE_TEXT,1,LO,Feedforward Non-local Activation,,NOFIG__Garret2020__gemma-4-31b-it__T000__R01,gemma-4-31b-it,0.0,valid,strict_json
Garret2020,NO_FIGURE_TEXT,1,GO,Feedforward Non-local Activation,,NOFIG__Garret2020__gemma-4-31b-it__T000__R01,gemma-4-31b-it,0.0,valid,strict_json
Garret2020,NO_FIGURE_TEXT,1,LO,Ascending Latency Shift,,NOFIG__Garret2020__gemma-4-31b-it__T000__R01,gemma-4-31b-it,0.0,valid,strict_json
Garret2020,NO_FIGURE_TEXT,1,GO,Ascending Latency Shift,,NOFIG__Garret2020__gemma-4-31b-it__T000__R01,gemma-4-31b-it,0.0,valid,strict_json
Garret2020,NO_FIGURE_TEXT,1,LO,Feedforward Error Propagation,,NOFIG__Garret2020__gemma-4-31b-it__T000__R01,gemma-4-31b-it,0.0,valid,strict_json
Garret2020,NO_FIGURE_TEXT,1,GO,Feedforward Error Propagation,,NOFIG__Garret2020__gemma-4-31b-it__T000__R01,gemma-4-31b-it,0.0,valid,strict_json
Garret2020,NO_FIGURE_TEXT,1,LO,Subcortical Feedforward Relaying,,NOFIG__Garret2020__gemma-4-31b-it__T000__R01,gemma-4-31b-it,0.0,valid,strict_json
Garret2020,NO_FIGURE_TEXT,1,GO,Subcortical Feedforward Relaying,,NOFIG__Garret2020__gemma-4-31b-it__T000__R01,gemma-4-31b-it,0.0,valid,strict_json
Garret2020,NO_FIGURE_TEXT,1,LO,Canonical Microcircuit Ubiquity,,NOFIG__Garret2020__gemma-4-31b-it__T000__R01,gemma-4-31b-it,0.0,valid,strict_json
Garret2020,NO_FIGURE_TEXT,1,GO,Canonical Microcircuit Ubiquity,,NOFIG__Garret2020__gemma-4-31b-it__T000__R01,gemma-4-31b-it,0.0,valid,strict_json
Garret2020,NO_FIGURE_TEXT,1,LO,Hierarchical Mechanism Invariance,,NOFIG__Garret2020__gemma-4-31b-it__T000__R01,gemma-4-31b-it,0.0,valid,strict_json
Garret2020,NO_FIGURE_TEXT,1,GO,Hierarchical Mechanism Invariance,,NOFIG__Garret2020__gemma-4-31b-it__T000__R01,gemma-4-31b-it,0.0,valid,strict_json
Garret2020,NO_FIGURE_TEXT,1,LO,Hierarchical Activity Ubiquity,,NOFIG__Garret2020__gemma-4-31b-it__T000__R01,gemma-4-31b-it,0.0,valid,strict_json
Garret2020,NO_FIGURE_TEXT,1,GO,Hierarchical Activity Ubiquity,,NOFIG__Garret2020__gemma-4-31b-it__T000__R01,gemma-4-31b-it,0.0,valid,strict_json
Garret2020,NO_FIGURE_TEXT,1,LO,Hierarchical CSD Ubiquity,,NOFIG__Garret2020__gemma-4-31b-it__T000__R01,gemma-4-31b-it,0.0,valid,strict_json
Garret2020,NO_FIGURE_TEXT,1,GO,Hierarchical CSD Ubiquity,,NOFIG__Garret2020__gemma-4-31b-it__T000__R01,gemma-4-31b-it,0.0,valid,strict_json
Garret2020,NO_FIGURE_TEXT,1,LO,Cross-Scale Hierarchical Ubiquity,,NOFIG__Garret2020__gemma-4-31b-it__T000__R01,gemma-4-31b-it,0.0,valid,strict_json
Garret2020,NO_FIGURE_TEXT,1,GO,Cross-Scale Hierarchical Ubiquity,,NOFIG__Garret2020__gemma-4-31b-it__T000__R01,gemma-4-31b-it,0.0,valid,strict_json
Garret2020,NO_FIGURE_TEXT,1,LO,Hierarchical Presence (V1-PFC),,NOFIG__Garret2020__gemma-4-31b-it__T000__R01,gemma-4-31b-it,0.0,valid,strict_json
Garret2020,NO_FIGURE_TEXT,1,GO,Hierarchical Presence (V1-PFC),,NOFIG__Garret2020__gemma-4-31b-it__T000__R01,gemma-4-31b-it,0.0,valid,strict_json
Garret2020,NO_FIGURE_TEXT,1,LO,Cross-Modal Ubiquity,,NOFIG__Garret2020__gemma-4-31b-it__T000__R01,gemma-4-31b-it,0.0,valid,strict_json
Garret2020,NO_FIGURE_TEXT,1,GO,Cross-Modal Ubiquity,,NOFIG__Garret2020__gemma-4-31b-it__T000__R01,gemma-4-31b-it,0.0,valid,strict_json
Garret2020,NO_FIGURE_TEXT,1,LO,Interspecies Hierarchical Ubiquity,,NOFIG__Garret2020__gemma-4-31b-it__T000__R01,gemma-4-31b-it,0.0,valid,strict_json
Garret2020,NO_FIGURE_TEXT,1,GO,Interspecies Hierarchical Ubiquity,,NOFIG__Garret2020__gemma-4-31b-it__T000__R01,gemma-4-31b-it,0.0,valid,strict_json
Garret2020,NO_FIGURE_TEXT,1,LO,Temporal Stability of Ubiquity,,NOFIG__Garret2020__gemma-4-31b-it__T000__R01,gemma-4-31b-it,0.0,valid,strict_json
Garret2020,NO_FIGURE_TEXT,1,GO,Temporal Stability of Ubiquity,,NOFIG__Garret2020__gemma-4-31b-it__T000__R01,gemma-4-31b-it,0.0,valid,strict_json
Garret2020,NO_FIGURE_TEXT,1,LO,Hierarchical Order Stability,,NOFIG__Garret2020__gemma-4-31b-it__T000__R01,gemma-4-31b-it,0.0,valid,strict_json
Garret2020,NO_FIGURE_TEXT,1,GO,Hierarchical Order Stability,,NOFIG__Garret2020__gemma-4-31b-it__T000__R01,gemma-4-31b-it,0.0,valid,strict_json
Garret2020,NO_FIGURE_TEXT,1,LO,Population-Wide Ubiquity,,NOFIG__Garret2020__gemma-4-31b-it__T000__R01,gemma-4-31b-it,0.0,valid,strict_json
Garret2020,NO_FIGURE_TEXT,1,GO,Population-Wide Ubiquity,,NOFIG__Garret2020__gemma-4-31b-it__T000__R01,gemma-4-31b-it,0.0,valid,strict_json
Garret2020,NO_FIGURE_TEXT,1,LO,State-Independent Ubiquity,,NOFIG__Garret2020__gemma-4-31b-it__T000__R01,gemma-4-31b-it,0.0,valid,strict_json
Garret2020,NO_FIGURE_TEXT,1,GO,State-Independent Ubiquity,,NOFIG__Garret2020__gemma-4-31b-it__T000__R01,gemma-4-31b-it,0.0,valid,strict_json
Greedy2022,NO_FIGURE_TEXT,1,LO,Subtractive Inhibition (SST),,NOFIG__Greedy2022__gemma-4-31b-it__T000__R01,gemma-4-31b-it,0.0,valid,strict_json
Greedy2022,NO_FIGURE_TEXT,1,GO,Subtractive Inhibition (SST),0.5,NOFIG__Greedy2022__gemma-4-31b-it__T000__R01,gemma-4-31b-it,0.0,valid,strict_json
Greedy2022,NO_FIGURE_TEXT,1,LO,Divisive Inhibition (PV),,NOFIG__Greedy2022__gemma-4-31b-it__T000__R01,gemma-4-31b-it,0.0,valid,strict_json
Greedy2022,NO_FIGURE_TEXT,1,GO,Divisive Inhibition (PV),,NOFIG__Greedy2022__gemma-4-31b-it__T000__R01,gemma-4-31b-it,0.0,valid,strict_json
Greedy2022,NO_FIGURE_TEXT,1,LO,Inhibition (GABA),,NOFIG__Greedy2022__gemma-4-31b-it__T000__R01,gemma-4-31b-it,0.0,valid,strict_json
Greedy2022,NO_FIGURE_TEXT,1,GO,Inhibition (GABA),,NOFIG__Greedy2022__gemma-4-31b-it__T000__R01,gemma-4-31b-it,0.0,valid,strict_json
Greedy2022,NO_FIGURE_TEXT,1,LO,Habituation to Sequence,,NOFIG__Greedy2022__gemma-4-31b-it__T000__R01,gemma-4-31b-it,0.0,valid,strict_json
Greedy2022,NO_FIGURE_TEXT,1,GO,Habituation to Sequence,,NOFIG__Greedy2022__gemma-4-31b-it__T000__R01,gemma-4-31b-it,0.0,valid,strict_json
Greedy2022,NO_FIGURE_TEXT,1,LO,Synaptic Depression (Adaptation),,NOFIG__Greedy2022__gemma-4-31b-it__T000__R01,gemma-4-31b-it,0.0,valid,strict_json
Greedy2022,NO_FIGURE_TEXT,1,GO,Synaptic Depression (Adaptation),,NOFIG__Greedy2022__gemma-4-31b-it__T000__R01,gemma-4-31b-it,0.0,valid,strict_json
Greedy2022,NO_FIGURE_TEXT,1,LO,Activity Suppression,,NOFIG__Greedy2022__gemma-4-31b-it__T000__R01,gemma-4-31b-it,0.0,valid,strict_json
Greedy2022,NO_FIGURE_TEXT,1,GO,Activity Suppression,,NOFIG__Greedy2022__gemma-4-31b-it__T000__R01,gemma-4-31b-it,0.0,valid,strict_json
Greedy2022,NO_FIGURE_TEXT,1,LO,Selective Sharpening,,NOFIG__Greedy2022__gemma-4-31b-it__T000__R01,gemma-4-31b-it,0.0,valid,strict_json
Greedy2022,NO_FIGURE_TEXT,1,GO,Selective Sharpening,,NOFIG__Greedy2022__gemma-4-31b-it__T000__R01,gemma-4-31b-it,0.0,valid,strict_json
Greedy2022,NO_FIGURE_TEXT,1,LO,Alpha/Beta Mediated Suppression,,NOFIG__Greedy2022__gemma-4-31b-it__T000__R01,gemma-4-31b-it,0.0,valid,strict_json
Greedy2022,NO_FIGURE_TEXT,1,GO,Alpha/Beta Mediated Suppression,,NOFIG__Greedy2022__gemma-4-31b-it__T000__R01,gemma-4-31b-it,0.0,valid,strict_json
Greedy2022,NO_FIGURE_TEXT,1,LO,VIP-Mediated Disinhibition,,NOFIG__Greedy2022__gemma-4-31b-it__T000__R01,gemma-4-31b-it,0.0,valid,strict_json
Greedy2022,NO_FIGURE_TEXT,1,GO,VIP-Mediated Disinhibition,,NOFIG__Greedy2022__gemma-4-31b-it__T000__R01,gemma-4-31b-it,0.0,valid,strict_json
Greedy2022,NO_FIGURE_TEXT,1,LO,Precision Weighting (Gain),,NOFIG__Greedy2022__gemma-4-31b-it__T000__R01,gemma-4-31b-it,0.0,valid,strict_json
Greedy2022,NO_FIGURE_TEXT,1,GO,Precision Weighting (Gain),,NOFIG__Greedy2022__gemma-4-31b-it__T000__R01,gemma-4-31b-it,0.0,valid,strict_json
Greedy2022,NO_FIGURE_TEXT,1,LO,E/I Balance Shift,,NOFIG__Greedy2022__gemma-4-31b-it__T000__R01,gemma-4-31b-it,0.0,valid,strict_json
Greedy2022,NO_FIGURE_TEXT,1,GO,E/I Balance Shift,,NOFIG__Greedy2022__gemma-4-31b-it__T000__R01,gemma-4-31b-it,0.0,valid,strict_json
Greedy2022,NO_FIGURE_TEXT,1,LO,Omission Response,,NOFIG__Greedy2022__gemma-4-31b-it__T000__R01,gemma-4-31b-it,0.0,valid,strict_json
Greedy2022,NO_FIGURE_TEXT,1,GO,Omission Response,,NOFIG__Greedy2022__gemma-4-31b-it__T000__R01,gemma-4-31b-it,0.0,valid,strict_json
Greedy2022,NO_FIGURE_TEXT,1,LO,Feedforward Deviance Detection,,NOFIG__Greedy2022__gemma-4-31b-it__T000__R01,gemma-4-31b-it,0.0,valid,strict_json
Greedy2022,NO_FIGURE_TEXT,1,GO,Feedforward Deviance Detection,,NOFIG__Greedy2022__gemma-4-31b-it__T000__R01,gemma-4-31b-it,0.0,valid,strict_json
Greedy2022,NO_FIGURE_TEXT,1,LO,Feedforward AMPA,,NOFIG__Greedy2022__gemma-4-31b-it__T000__R01,gemma-4-31b-it,0.0,valid,strict_json
Greedy2022,NO_FIGURE_TEXT,1,GO,Feedforward AMPA,,NOFIG__Greedy2022__gemma-4-31b-it__T000__R01,gemma-4-31b-it,0.0,valid,strict_json
Greedy2022,NO_FIGURE_TEXT,1,LO,Feedforward NMDA,,NOFIG__Greedy2022__gemma-4-31b-it__T000__R01,gemma-4-31b-it,0.0,valid,strict_json
Greedy2022,NO_FIGURE_TEXT,1,GO,Feedforward NMDA,,NOFIG__Greedy2022__gemma-4-31b-it__T000__R01,gemma-4-31b-it,0.0,valid,strict_json
Greedy2022,NO_FIGURE_TEXT,1,LO,Feedforward Ascending Gamma,,NOFIG__Greedy2022__gemma-4-31b-it__T000__R01,gemma-4-31b-it,0.0,valid,strict_json
Greedy2022,NO_FIGURE_TEXT,1,GO,Feedforward Ascending Gamma,,NOFIG__Greedy2022__gemma-4-31b-it__T000__R01,gemma-4-31b-it,0.0,valid,strict_json
Greedy2022,NO_FIGURE_TEXT,1,LO,Absence of Feedback Error,,NOFIG__Greedy2022__gemma-4-31b-it__T000__R01,gemma-4-31b-it,0.0,valid,strict_json
Greedy2022,NO_FIGURE_TEXT,1,GO,Absence of Feedback Error,,NOFIG__Greedy2022__gemma-4-31b-it__T000__R01,gemma-4-31b-it,0.0,valid,strict_json
Greedy2022,NO_FIGURE_TEXT,1,LO,Feedforward Non-local Supragranular Activity (L2/3),,NOFIG__Greedy2022__gemma-4-31b-it__T000__R01,gemma-4-31b-it,0.0,valid,strict_json
Greedy2022,NO_FIGURE_TEXT,1,GO,Feedforward Non-local Supragranular Activity (L2/3),,NOFIG__Greedy2022__gemma-4-31b-it__T000__R01,gemma-4-31b-it,0.0,valid,strict_json
Greedy2022,NO_FIGURE_TEXT,1,LO,Feedforward Non-local Granular Activity (L4),,NOFIG__Greedy2022__gemma-4-31b-it__T000__R01,gemma-4-31b-it,0.0,valid,strict_json
Greedy2022,NO_FIGURE_TEXT,1,GO,Feedforward Non-local Granular Activity (L4),,NOFIG__Greedy2022__gemma-4-31b-it__T000__R01,gemma-4-31b-it,0.0,valid,strict_json
Greedy2022,NO_FIGURE_TEXT,1,LO,Feedforward Non-local Directed Connectivity,,NOFIG__Greedy2022__gemma-4-31b-it__T000__R01,gemma-4-31b-it,0.0,valid,strict_json
Greedy2022,NO_FIGURE_TEXT,1,GO,Feedforward Non-local Directed Connectivity,,NOFIG__Greedy2022__gemma-4-31b-it__T000__R01,gemma-4-31b-it,0.0,valid,strict_json
Greedy2022,NO_FIGURE_TEXT,1,LO,Feedforward Non-local Activation,,NOFIG__Greedy2022__gemma-4-31b-it__T000__R01,gemma-4-31b-it,0.0,valid,strict_json
Greedy2022,NO_FIGURE_TEXT,1,GO,Feedforward Non-local Activation,,NOFIG__Greedy2022__gemma-4-31b-it__T000__R01,gemma-4-31b-it,0.0,valid,strict_json
Greedy2022,NO_FIGURE_TEXT,1,LO,Ascending Latency Shift,,NOFIG__Greedy2022__gemma-4-31b-it__T000__R01,gemma-4-31b-it,0.0,valid,strict_json
Greedy2022,NO_FIGURE_TEXT,1,GO,Ascending Latency Shift,,NOFIG__Greedy2022__gemma-4-31b-it__T000__R01,gemma-4-31b-it,0.0,valid,strict_json
Greedy2022,NO_FIGURE_TEXT,1,LO,Feedforward Error Propagation,,NOFIG__Greedy2022__gemma-4-31b-it__T000__R01,gemma-4-31b-it,0.0,valid,strict_json
Greedy2022,NO_FIGURE_TEXT,1,GO,Feedforward Error Propagation,,NOFIG__Greedy2022__gemma-4-31b-it__T000__R01,gemma-4-31b-it,0.0,valid,strict_json
Greedy2022,NO_FIGURE_TEXT,1,LO,Subcortical Feedforward Relaying,,NOFIG__Greedy2022__gemma-4-31b-it__T000__R01,gemma-4-31b-it,0.0,valid,strict_json
Greedy2022,NO_FIGURE_TEXT,1,GO,Subcortical Feedforward Relaying,,NOFIG__Greedy2022__gemma-4-31b-it__T000__R01,gemma-4-31b-it,0.0,valid,strict_json
Greedy2022,NO_FIGURE_TEXT,1,LO,Canonical Microcircuit Ubiquity,,NOFIG__Greedy2022__gemma-4-31b-it__T000__R01,gemma-4-31b-it,0.0,valid,strict_json
Greedy2022,NO_FIGURE_TEXT,1,GO,Canonical Microcircuit Ubiquity,,NOFIG__Greedy2022__gemma-4-31b-it__T000__R01,gemma-4-31b-it,0.0,valid,strict_json
Greedy2022,NO_FIGURE_TEXT,1,LO,Hierarchical Mechanism Invariance,,NOFIG__Greedy2022__gemma-4-31b-it__T000__R01,gemma-4-31b-it,0.0,valid,strict_json
Greedy2022,NO_FIGURE_TEXT,1,GO,Hierarchical Mechanism Invariance,,NOFIG__Greedy2022__gemma-4-31b-it__T000__R01,gemma-4-31b-it,0.0,valid,strict_json
Greedy2022,NO_FIGURE_TEXT,1,LO,Hierarchical Activity Ubiquity,,NOFIG__Greedy2022__gemma-4-31b-it__T000__R01,gemma-4-31b-it,0.0,valid,strict_json
Greedy2022,NO_FIGURE_TEXT,1,GO,Hierarchical Activity Ubiquity,,NOFIG__Greedy2022__gemma-4-31b-it__T000__R01,gemma-4-31b-it,0.0,valid,strict_json
Greedy2022,NO_FIGURE_TEXT,1,LO,Hierarchical CSD Ubiquity,,NOFIG__Greedy2022__gemma-4-31b-it__T000__R01,gemma-4-31b-it,0.0,valid,strict_json
Greedy2022,NO_FIGURE_TEXT,1,GO,Hierarchical CSD Ubiquity,,NOFIG__Greedy2022__gemma-4-31b-it__T000__R01,gemma-4-31b-it,0.0,valid,strict_json
Greedy2022,NO_FIGURE_TEXT,1,LO,Cross-Scale Hierarchical Ubiquity,,NOFIG__Greedy2022__gemma-4-31b-it__T000__R01,gemma-4-31b-it,0.0,valid,strict_json
Greedy2022,NO_FIGURE_TEXT,1,GO,Cross-Scale Hierarchical Ubiquity,,NOFIG__Greedy2022__gemma-4-31b-it__T000__R01,gemma-4-31b-it,0.0,valid,strict_json
Greedy2022,NO_FIGURE_TEXT,1,LO,Hierarchical Presence (V1-PFC),,NOFIG__Greedy2022__gemma-4-31b-it__T000__R01,gemma-4-31b-it,0.0,valid,strict_json
Greedy2022,NO_FIGURE_TEXT,1,GO,Hierarchical Presence (V1-PFC),,NOFIG__Greedy2022__gemma-4-31b-it__T000__R01,gemma-4-31b-it,0.0,valid,strict_json
Greedy2022,NO_FIGURE_TEXT,1,LO,Cross-Modal Ubiquity,,NOFIG__Greedy2022__gemma-4-31b-it__T000__R01,gemma-4-31b-it,0.0,valid,strict_json
Greedy2022,NO_FIGURE_TEXT,1,GO,Cross-Modal Ubiquity,,NOFIG__Greedy2022__gemma-4-31b-it__T000__R01,gemma-4-31b-it,0.0,valid,strict_json
Greedy2022,NO_FIGURE_TEXT,1,LO,Interspecies Hierarchical Ubiquity,,NOFIG__Greedy2022__gemma-4-31b-it__T000__R01,gemma-4-31b-it,0.0,valid,strict_json
Greedy2022,NO_FIGURE_TEXT,1,GO,Interspecies Hierarchical Ubiquity,,NOFIG__Greedy2022__gemma-4-31b-it__T000__R01,gemma-4-31b-it,0.0,valid,strict_json
Greedy2022,NO_FIGURE_TEXT,1,LO,Temporal Stability of Ubiquity,,NOFIG__Greedy2022__gemma-4-31b-it__T000__R01,gemma-4-31b-it,0.0,valid,strict_json
Greedy2022,NO_FIGURE_TEXT,1,GO,Temporal Stability of Ubiquity,,NOFIG__Greedy2022__gemma-4-31b-it__T000__R01,gemma-4-31b-it,0.0,valid,strict_json
Greedy2022,NO_FIGURE_TEXT,1,LO,Hierarchical Order Stability,,NOFIG__Greedy2022__gemma-4-31b-it__T000__R01,gemma-4-31b-it,0.0,valid,strict_json
Greedy2022,NO_FIGURE_TEXT,1,GO,Hierarchical Order Stability,,NOFIG__Greedy2022__gemma-4-31b-it__T000__R01,gemma-4-31b-it,0.0,valid,strict_json
Greedy2022,NO_FIGURE_TEXT,1,LO,Population-Wide Ubiquity,,NOFIG__Greedy2022__gemma-4-31b-it__T000__R01,gemma-4-31b-it,0.0,valid,strict_json
Greedy2022,NO_FIGURE_TEXT,1,GO,Population-Wide Ubiquity,,NOFIG__Greedy2022__gemma-4-31b-it__T000__R01,gemma-4-31b-it,0.0,valid,strict_json
Greedy2022,NO_FIGURE_TEXT,1,LO,State-Independent Ubiquity,,NOFIG__Greedy2022__gemma-4-31b-it__T000__R01,gemma-4-31b-it,0.0,valid,strict_json
Greedy2022,NO_FIGURE_TEXT,1,GO,State-Independent Ubiquity,,NOFIG__Greedy2022__gemma-4-31b-it__T000__R01,gemma-4-31b-it,0.0,valid,strict_json
Hertag2020,NO_FIGURE_TEXT,1,LO,Subtractive Inhibition (SST),1.0,NOFIG__Hertag2020__gemma-4-31b-it__T000__R01,gemma-4-31b-it,0.0,valid,strict_json
Hertag2020,NO_FIGURE_TEXT,1,GO,Subtractive Inhibition (SST),1.0,NOFIG__Hertag2020__gemma-4-31b-it__T000__R01,gemma-4-31b-it,0.0,valid,strict_json
Hertag2020,NO_FIGURE_TEXT,1,LO,Divisive Inhibition (PV),-1.0,NOFIG__Hertag2020__gemma-4-31b-it__T000__R01,gemma-4-31b-it,0.0,valid,strict_json
Hertag2020,NO_FIGURE_TEXT,1,GO,Divisive Inhibition (PV),-1.0,NOFIG__Hertag2020__gemma-4-31b-it__T000__R01,gemma-4-31b-it,0.0,valid,strict_json
Hertag2020,NO_FIGURE_TEXT,1,LO,Inhibition (GABA),1.0,NOFIG__Hertag2020__gemma-4-31b-it__T000__R01,gemma-4-31b-it,0.0,valid,strict_json
Hertag2020,NO_FIGURE_TEXT,1,GO,Inhibition (GABA),1.0,NOFIG__Hertag2020__gemma-4-31b-it__T000__R01,gemma-4-31b-it,0.0,valid,strict_json
Hertag2020,NO_FIGURE_TEXT,1,LO,Habituation to Sequence,,NOFIG__Hertag2020__gemma-4-31b-it__T000__R01,gemma-4-31b-it,0.0,valid,strict_json
Hertag2020,NO_FIGURE_TEXT,1,GO,Habituation to Sequence,,NOFIG__Hertag2020__gemma-4-31b-it__T000__R01,gemma-4-31b-it,0.0,valid,strict_json
Hertag2020,NO_FIGURE_TEXT,1,LO,Synaptic Depression (Adaptation),,NOFIG__Hertag2020__gemma-4-31b-it__T000__R01,gemma-4-31b-it,0.0,valid,strict_json
Hertag2020,NO_FIGURE_TEXT,1,GO,Synaptic Depression (Adaptation),,NOFIG__Hertag2020__gemma-4-31b-it__T000__R01,gemma-4-31b-it,0.0,valid,strict_json
Hertag2020,NO_FIGURE_TEXT,1,LO,Activity Suppression,1.0,NOFIG__Hertag2020__gemma-4-31b-it__T000__R01,gemma-4-31b-it,0.0,valid,strict_json
Hertag2020,NO_FIGURE_TEXT,1,GO,Activity Suppression,1.0,NOFIG__Hertag2020__gemma-4-31b-it__T000__R01,gemma-4-31b-it,0.0,valid,strict_json
Hertag2020,NO_FIGURE_TEXT,1,LO,Selective Sharpening,,NOFIG__Hertag2020__gemma-4-31b-it__T000__R01,gemma-4-31b-it,0.0,valid,strict_json
Hertag2020,NO_FIGURE_TEXT,1,GO,Selective Sharpening,,NOFIG__Hertag2020__gemma-4-31b-it__T000__R01,gemma-4-31b-it,0.0,valid,strict_json
Hertag2020,NO_FIGURE_TEXT,1,LO,Alpha/Beta Mediated Suppression,,NOFIG__Hertag2020__gemma-4-31b-it__T000__R01,gemma-4-31b-it,0.0,valid,strict_json
Hertag2020,NO_FIGURE_TEXT,1,GO,Alpha/Beta Mediated Suppression,,NOFIG__Hertag2020__gemma-4-31b-it__T000__R01,gemma-4-31b-it,0.0,valid,strict_json
Hertag2020,NO_FIGURE_TEXT,1,LO,VIP-Mediated Disinhibition,1.0,NOFIG__Hertag2020__gemma-4-31b-it__T000__R01,gemma-4-31b-it,0.0,valid,strict_json
Hertag2020,NO_FIGURE_TEXT,1,GO,VIP-Mediated Disinhibition,1.0,NOFIG__Hertag2020__gemma-4-31b-it__T000__R01,gemma-4-31b-it,0.0,valid,strict_json
Hertag2020,NO_FIGURE_TEXT,1,LO,Precision Weighting (Gain),,NOFIG__Hertag2020__gemma-4-31b-it__T000__R01,gemma-4-31b-it,0.0,valid,strict_json
Hertag2020,NO_FIGURE_TEXT,1,GO,Precision Weighting (Gain),,NOFIG__Hertag2020__gemma-4-31b-it__T000__R01,gemma-4-31b-it,0.0,valid,strict_json
Hertag2020,NO_FIGURE_TEXT,1,LO,E/I Balance Shift,1.0,NOFIG__Hertag2020__gemma-4-31b-it__T000__R01,gemma-4-31b-it,0.0,valid,strict_json
Hertag2020,NO_FIGURE_TEXT,1,GO,E/I Balance Shift,1.0,NOFIG__Hertag2020__gemma-4-31b-it__T000__R01,gemma-4-31b-it,0.0,valid,strict_json
Hertag2020,NO_FIGURE_TEXT,1,LO,Omission Response,,NOFIG__Hertag2020__gemma-4-31b-it__T000__R01,gemma-4-31b-it,0.0,valid,strict_json
Hertag2020,NO_FIGURE_TEXT,1,GO,Omission Response,,NOFIG__Hertag2020__gemma-4-31b-it__T000__R01,gemma-4-31b-it,0.0,valid,strict_json
Hertag2020,NO_FIGURE_TEXT,1,LO,Feedforward Deviance Detection,1.0,NOFIG__Hertag2020__gemma-4-31b-it__T000__R01,gemma-4-31b-it,0.0,valid,strict_json
Hertag2020,NO_FIGURE_TEXT,1,GO,Feedforward Deviance Detection,1.0,NOFIG__Hertag2020__gemma-4-31b-it__T000__R01,gemma-4-31b-it,0.0,valid,strict_json
Hertag2020,NO_FIGURE_TEXT,1,LO,Feedforward AMPA,,NOFIG__Hertag2020__gemma-4-31b-it__T000__R01,gemma-4-31b-it,0.0,valid,strict_json
Hertag2020,NO_FIGURE_TEXT,1,GO,Feedforward AMPA,,NOFIG__Hertag2020__gemma-4-31b-it__T000__R01,gemma-4-31b-it,0.0,valid,strict_json
Hertag2020,NO_FIGURE_TEXT,1,LO,Feedforward NMDA,,NOFIG__Hertag2020__gemma-4-31b-it__T000__R01,gemma-4-31b-it,0.0,valid,strict_json
Hertag2020,NO_FIGURE_TEXT,1,GO,Feedforward NMDA,,NOFIG__Hertag2020__gemma-4-31b-it__T000__R01,gemma-4-31b-it,0.0,valid,strict_json
Hertag2020,NO_FIGURE_TEXT,1,LO,Feedforward Ascending Gamma,,NOFIG__Hertag2020__gemma-4-31b-it__T000__R01,gemma-4-31b-it,0.0,valid,strict_json
Hertag2020,NO_FIGURE_TEXT,1,GO,Feedforward Ascending Gamma,,NOFIG__Hertag2020__gemma-4-31b-it__T000__R01,gemma-4-31b-it,0.0,valid,strict_json
Hertag2020,NO_FIGURE_TEXT,1,LO,Absence of Feedback Error,1.0,NOFIG__Hertag2020__gemma-4-31b-it__T000__R01,gemma-4-31b-it,0.0,valid,strict_json
Hertag2020,NO_FIGURE_TEXT,1,GO,Absence of Feedback Error,1.0,NOFIG__Hertag2020__gemma-4-31b-it__T000__R01,gemma-4-31b-it,0.0,valid,strict_json
Hertag2020,NO_FIGURE_TEXT,1,LO,Feedforward Non-local Supragranular Activity (L2/3),1.0,NOFIG__Hertag2020__gemma-4-31b-it__T000__R01,gemma-4-31b-it,0.0,valid,strict_json
Hertag2020,NO_FIGURE_TEXT,1,GO,Feedforward Non-local Supragranular Activity (L2/3),1.0,NOFIG__Hertag2020__gemma-4-31b-it__T000__R01,gemma-4-31b-it,0.0,valid,strict_json
Hertag2020,NO_FIGURE_TEXT,1,LO,Feedforward Non-local Granular Activity (L4),,NOFIG__Hertag2020__gemma-4-31b-it__T000__R01,gemma-4-31b-it,0.0,valid,strict_json
Hertag2020,NO_FIGURE_TEXT,1,GO,Feedforward Non-local Granular Activity (L4),,NOFIG__Hertag2020__gemma-4-31b-it__T000__R01,gemma-4-31b-it,0.0,valid,strict_json
Hertag2020,NO_FIGURE_TEXT,1,LO,Feedforward Non-local Directed Connectivity,,NOFIG__Hertag2020__gemma-4-31b-it__T000__R01,gemma-4-31b-it,0.0,valid,strict_json
Hertag2020,NO_FIGURE_TEXT,1,GO,Feedforward Non-local Directed Connectivity,,NOFIG__Hertag2020__gemma-4-31b-it__T000__R01,gemma-4-31b-it,0.0,valid,strict_json
Hertag2020,NO_FIGURE_TEXT,1,LO,Feedforward Non-local Activation,1.0,NOFIG__Hertag2020__gemma-4-31b-it__T000__R01,gemma-4-31b-it,0.0,valid,strict_json
Hertag2020,NO_FIGURE_TEXT,1,GO,Feedforward Non-local Activation,1.0,NOFIG__Hertag2020__gemma-4-31b-it__T000__R01,gemma-4-31b-it,0.0,valid,strict_json
Hertag2020,NO_FIGURE_TEXT,1,LO,Ascending Latency Shift,,NOFIG__Hertag2020__gemma-4-31b-it__T000__R01,gemma-4-31b-it,0.0,valid,strict_json
Hertag2020,NO_FIGURE_TEXT,1,GO,Ascending Latency Shift,,NOFIG__Hertag2020__gemma-4-31b-it__T000__R01,gemma-4-31b-it,0.0,valid,strict_json
Hertag2020,NO_FIGURE_TEXT,1,LO,Feedforward Error Propagation,1.0,NOFIG__Hertag2020__gemma-4-31b-it__T000__R01,gemma-4-31b-it,0.0,valid,strict_json
Hertag2020,NO_FIGURE_TEXT,1,GO,Feedforward Error Propagation,1.0,NOFIG__Hertag2020__gemma-4-31b-it__T000__R01,gemma-4-31b-it,0.0,valid,strict_json
Hertag2020,NO_FIGURE_TEXT,1,LO,Subcortical Feedforward Relaying,,NOFIG__Hertag2020__gemma-4-31b-it__T000__R01,gemma-4-31b-it,0.0,valid,strict_json
Hertag2020,NO_FIGURE_TEXT,1,GO,Subcortical Feedforward Relaying,,NOFIG__Hertag2020__gemma-4-31b-it__T000__R01,gemma-4-31b-it,0.0,valid,strict_json
Hertag2020,NO_FIGURE_TEXT,1,LO,Canonical Microcircuit Ubiquity,0.5,NOFIG__Hertag2020__gemma-4-31b-it__T000__R01,gemma-4-31b-it,0.0,valid,strict_json
Hertag2020,NO_FIGURE_TEXT,1,GO,Canonical Microcircuit Ubiquity,0.5,NOFIG__Hertag2020__gemma-4-31b-it__T000__R01,gemma-4-31b-it,0.0,valid,strict_json
Hertag2020,NO_FIGURE_TEXT,1,LO,Hierarchical Mechanism Invariance,,NOFIG__Hertag2020__gemma-4-31b-it__T000__R01,gemma-4-31b-it,0.0,valid,strict_json
Hertag2020,NO_FIGURE_TEXT,1,GO,Hierarchical Mechanism Invariance,,NOFIG__Hertag2020__gemma-4-31b-it__T000__R01,gemma-4-31b-it,0.0,valid,strict_json
Hertag2020,NO_FIGURE_TEXT,1,LO,Hierarchical Activity Ubiquity,,NOFIG__Hertag2020__gemma-4-31b-it__T000__R01,gemma-4-31b-it,0.0,valid,strict_json
Hertag2020,NO_FIGURE_TEXT,1,GO,Hierarchical Activity Ubiquity,,NOFIG__Hertag2020__gemma-4-31b-it__T000__R01,gemma-4-31b-it,0.0,valid,strict_json
Hertag2020,NO_FIGURE_TEXT,1,LO,Hierarchical CSD Ubiquity,,NOFIG__Hertag2020__gemma-4-31b-it__T000__R01,gemma-4-31b-it,0.0,valid,strict_json
Hertag2020,NO_FIGURE_TEXT,1,GO,Hierarchical CSD Ubiquity,,NOFIG__Hertag2020__gemma-4-31b-it__T000__R01,gemma-4-31b-it,0.0,valid,strict_json
Hertag2020,NO_FIGURE_TEXT,1,LO,Cross-Scale Hierarchical Ubiquity,,NOFIG__Hertag2020__gemma-4-31b-it__T000__R01,gemma-4-31b-it,0.0,valid,strict_json
Hertag2020,NO_FIGURE_TEXT,1,GO,Cross-Scale Hierarchical Ubiquity,,NOFIG__Hertag2020__gemma-4-31b-it__T000__R01,gemma-4-31b-it,0.0,valid,strict_json
Hertag2020,NO_FIGURE_TEXT,1,LO,Hierarchical Presence (V1-PFC),,NOFIG__Hertag2020__gemma-4-31b-it__T000__R01,gemma-4-31b-it,0.0,valid,strict_json
Hertag2020,NO_FIGURE_TEXT,1,GO,Hierarchical Presence (V1-PFC),,NOFIG__Hertag2020__gemma-4-31b-it__T000__R01,gemma-4-31b-it,0.0,valid,strict_json
Hertag2020,NO_FIGURE_TEXT,1,LO,Cross-Modal Ubiquity,,NOFIG__Hertag2020__gemma-4-31b-it__T000__R01,gemma-4-31b-it,0.0,valid,strict_json
Hertag2020,NO_FIGURE_TEXT,1,GO,Cross-Modal Ubiquity,,NOFIG__Hertag2020__gemma-4-31b-it__T000__R01,gemma-4-31b-it,0.0,valid,strict_json
Hertag2020,NO_FIGURE_TEXT,1,LO,Interspecies Hierarchical Ubiquity,,NOFIG__Hertag2020__gemma-4-31b-it__T000__R01,gemma-4-31b-it,0.0,valid,strict_json
Hertag2020,NO_FIGURE_TEXT,1,GO,Interspecies Hierarchical Ubiquity,,NOFIG__Hertag2020__gemma-4-31b-it__T000__R01,gemma-4-31b-it,0.0,valid,strict_json
Hertag2020,NO_FIGURE_TEXT,1,LO,Temporal Stability of Ubiquity,,NOFIG__Hertag2020__gemma-4-31b-it__T000__R01,gemma-4-31b-it,0.0,valid,strict_json
Hertag2020,NO_FIGURE_TEXT,1,GO,Temporal Stability of Ubiquity,,NOFIG__Hertag2020__gemma-4-31b-it__T000__R01,gemma-4-31b-it,0.0,valid,strict_json
Hertag2020,NO_FIGURE_TEXT,1,LO,Hierarchical Order Stability,,NOFIG__Hertag2020__gemma-4-31b-it__T000__R01,gemma-4-31b-it,0.0,valid,strict_json
Hertag2020,NO_FIGURE_TEXT,1,GO,Hierarchical Order Stability,,NOFIG__Hertag2020__gemma-4-31b-it__T000__R01,gemma-4-31b-it,0.0,valid,strict_json
Hertag2020,NO_FIGURE_TEXT,1,LO,Population-Wide Ubiquity,,NOFIG__Hertag2020__gemma-4-31b-it__T000__R01,gemma-4-31b-it,0.0,valid,strict_json
Hertag2020,NO_FIGURE_TEXT,1,GO,Population-Wide Ubiquity,,NOFIG__Hertag2020__gemma-4-31b-it__T000__R01,gemma-4-31b-it,0.0,valid,strict_json
Hertag2020,NO_FIGURE_TEXT,1,LO,State-Independent Ubiquity,,NOFIG__Hertag2020__gemma-4-31b-it__T000__R01,gemma-4-31b-it,0.0,valid,strict_json
Hertag2020,NO_FIGURE_TEXT,1,GO,State-Independent Ubiquity,,NOFIG__Hertag2020__gemma-4-31b-it__T000__R01,gemma-4-31b-it,0.0,valid,strict_json
Jiang&Rao2024,NO_FIGURE_TEXT,1,LO,Subtractive Inhibition (SST),,NOFIG__Jiang&Rao2024__gemma-4-31b-it__T000__R01,gemma-4-31b-it,0.0,valid,strict_json
Jiang&Rao2024,NO_FIGURE_TEXT,1,GO,Subtractive Inhibition (SST),,NOFIG__Jiang&Rao2024__gemma-4-31b-it__T000__R01,gemma-4-31b-it,0.0,valid,strict_json
Jiang&Rao2024,NO_FIGURE_TEXT,1,LO,Divisive Inhibition (PV),,NOFIG__Jiang&Rao2024__gemma-4-31b-it__T000__R01,gemma-4-31b-it,0.0,valid,strict_json
Jiang&Rao2024,NO_FIGURE_TEXT,1,GO,Divisive Inhibition (PV),,NOFIG__Jiang&Rao2024__gemma-4-31b-it__T000__R01,gemma-4-31b-it,0.0,valid,strict_json
Jiang&Rao2024,NO_FIGURE_TEXT,1,LO,Inhibition (GABA),,NOFIG__Jiang&Rao2024__gemma-4-31b-it__T000__R01,gemma-4-31b-it,0.0,valid,strict_json
Jiang&Rao2024,NO_FIGURE_TEXT,1,GO,Inhibition (GABA),,NOFIG__Jiang&Rao2024__gemma-4-31b-it__T000__R01,gemma-4-31b-it,0.0,valid,strict_json
Jiang&Rao2024,NO_FIGURE_TEXT,1,LO,Habituation to Sequence,,NOFIG__Jiang&Rao2024__gemma-4-31b-it__T000__R01,gemma-4-31b-it,0.0,valid,strict_json
Jiang&Rao2024,NO_FIGURE_TEXT,1,GO,Habituation to Sequence,,NOFIG__Jiang&Rao2024__gemma-4-31b-it__T000__R01,gemma-4-31b-it,0.0,valid,strict_json
Jiang&Rao2024,NO_FIGURE_TEXT,1,LO,Synaptic Depression (Adaptation),,NOFIG__Jiang&Rao2024__gemma-4-31b-it__T000__R01,gemma-4-31b-it,0.0,valid,strict_json
Jiang&Rao2024,NO_FIGURE_TEXT,1,GO,Synaptic Depression (Adaptation),,NOFIG__Jiang&Rao2024__gemma-4-31b-it__T000__R01,gemma-4-31b-it,0.0,valid,strict_json
Jiang&Rao2024,NO_FIGURE_TEXT,1,LO,Activity Suppression,0.0,NOFIG__Jiang&Rao2024__gemma-4-31b-it__T000__R01,gemma-4-31b-it,0.0,valid,strict_json
Jiang&Rao2024,NO_FIGURE_TEXT,1,GO,Activity Suppression,0.0,NOFIG__Jiang&Rao2024__gemma-4-31b-it__T000__R01,gemma-4-31b-it,0.0,valid,strict_json
Jiang&Rao2024,NO_FIGURE_TEXT,1,LO,Selective Sharpening,,NOFIG__Jiang&Rao2024__gemma-4-31b-it__T000__R01,gemma-4-31b-it,0.0,valid,strict_json
Jiang&Rao2024,NO_FIGURE_TEXT,1,GO,Selective Sharpening,,NOFIG__Jiang&Rao2024__gemma-4-31b-it__T000__R01,gemma-4-31b-it,0.0,valid,strict_json
Jiang&Rao2024,NO_FIGURE_TEXT,1,LO,Alpha/Beta Mediated Suppression,,NOFIG__Jiang&Rao2024__gemma-4-31b-it__T000__R01,gemma-4-31b-it,0.0,valid,strict_json
Jiang&Rao2024,NO_FIGURE_TEXT,1,GO,Alpha/Beta Mediated Suppression,,NOFIG__Jiang&Rao2024__gemma-4-31b-it__T000__R01,gemma-4-31b-it,0.0,valid,strict_json
Jiang&Rao2024,NO_FIGURE_TEXT,1,LO,VIP-Mediated Disinhibition,,NOFIG__Jiang&Rao2024__gemma-4-31b-it__T000__R01,gemma-4-31b-it,0.0,valid,strict_json
Jiang&Rao2024,NO_FIGURE_TEXT,1,GO,VIP-Mediated Disinhibition,,NOFIG__Jiang&Rao2024__gemma-4-31b-it__T000__R01,gemma-4-31b-it,0.0,valid,strict_json
Jiang&Rao2024,NO_FIGURE_TEXT,1,LO,Precision Weighting (Gain),0.5,NOFIG__Jiang&Rao2024__gemma-4-31b-it__T000__R01,gemma-4-31b-it,0.0,valid,strict_json
Jiang&Rao2024,NO_FIGURE_TEXT,1,GO,Precision Weighting (Gain),0.5,NOFIG__Jiang&Rao2024__gemma-4-31b-it__T000__R01,gemma-4-31b-it,0.0,valid,strict_json
Jiang&Rao2024,NO_FIGURE_TEXT,1,LO,E/I Balance Shift,,NOFIG__Jiang&Rao2024__gemma-4-31b-it__T000__R01,gemma-4-31b-it,0.0,valid,strict_json
Jiang&Rao2024,NO_FIGURE_TEXT,1,GO,E/I Balance Shift,,NOFIG__Jiang&Rao2024__gemma-4-31b-it__T000__R01,gemma-4-31b-it,0.0,valid,strict_json
Jiang&Rao2024,NO_FIGURE_TEXT,1,LO,Omission Response,,NOFIG__Jiang&Rao2024__gemma-4-31b-it__T000__R01,gemma-4-31b-it,0.0,valid,strict_json
Jiang&Rao2024,NO_FIGURE_TEXT,1,GO,Omission Response,,NOFIG__Jiang&Rao2024__gemma-4-31b-it__T000__R01,gemma-4-31b-it,0.0,valid,strict_json
Jiang&Rao2024,NO_FIGURE_TEXT,1,LO,Feedforward Deviance Detection,1.0,NOFIG__Jiang&Rao2024__gemma-4-31b-it__T000__R01,gemma-4-31b-it,0.0,valid,strict_json
Jiang&Rao2024,NO_FIGURE_TEXT,1,GO,Feedforward Deviance Detection,1.0,NOFIG__Jiang&Rao2024__gemma-4-31b-it__T000__R01,gemma-4-31b-it,0.0,valid,strict_json
Jiang&Rao2024,NO_FIGURE_TEXT,1,LO,Feedforward AMPA,,NOFIG__Jiang&Rao2024__gemma-4-31b-it__T000__R01,gemma-4-31b-it,0.0,valid,strict_json
Jiang&Rao2024,NO_FIGURE_TEXT,1,GO,Feedforward AMPA,,NOFIG__Jiang&Rao2024__gemma-4-31b-it__T000__R01,gemma-4-31b-it,0.0,valid,strict_json
Jiang&Rao2024,NO_FIGURE_TEXT,1,LO,Feedforward NMDA,,NOFIG__Jiang&Rao2024__gemma-4-31b-it__T000__R01,gemma-4-31b-it,0.0,valid,strict_json
Jiang&Rao2024,NO_FIGURE_TEXT,1,GO,Feedforward NMDA,,NOFIG__Jiang&Rao2024__gemma-4-31b-it__T000__R01,gemma-4-31b-it,0.0,valid,strict_json
Jiang&Rao2024,NO_FIGURE_TEXT,1,LO,Feedforward Ascending Gamma,,NOFIG__Jiang&Rao2024__gemma-4-31b-it__T000__R01,gemma-4-31b-it,0.0,valid,strict_json
Jiang&Rao2024,NO_FIGURE_TEXT,1,GO,Feedforward Ascending Gamma,,NOFIG__Jiang&Rao2024__gemma-4-31b-it__T000__R01,gemma-4-31b-it,0.0,valid,strict_json
Jiang&Rao2024,NO_FIGURE_TEXT,1,LO,Absence of Feedback Error,,NOFIG__Jiang&Rao2024__gemma-4-31b-it__T000__R01,gemma-4-31b-it,0.0,valid,strict_json
Jiang&Rao2024,NO_FIGURE_TEXT,1,GO,Absence of Feedback Error,,NOFIG__Jiang&Rao2024__gemma-4-31b-it__T000__R01,gemma-4-31b-it,0.0,valid,strict_json
Jiang&Rao2024,NO_FIGURE_TEXT,1,LO,Feedforward Non-local Supragranular Activity (L2/3),,NOFIG__Jiang&Rao2024__gemma-4-31b-it__T000__R01,gemma-4-31b-it,0.0,valid,strict_json
Jiang&Rao2024,NO_FIGURE_TEXT,1,GO,Feedforward Non-local Supragranular Activity (L2/3),,NOFIG__Jiang&Rao2024__gemma-4-31b-it__T000__R01,gemma-4-31b-it,0.0,valid,strict_json
Jiang&Rao2024,NO_FIGURE_TEXT,1,LO,Feedforward Non-local Granular Activity (L4),,NOFIG__Jiang&Rao2024__gemma-4-31b-it__T000__R01,gemma-4-31b-it,0.0,valid,strict_json
Jiang&Rao2024,NO_FIGURE_TEXT,1,GO,Feedforward Non-local Granular Activity (L4),,NOFIG__Jiang&Rao2024__gemma-4-31b-it__T000__R01,gemma-4-31b-it,0.0,valid,strict_json
Jiang&Rao2024,NO_FIGURE_TEXT,1,LO,Feedforward Non-local Directed Connectivity,,NOFIG__Jiang&Rao2024__gemma-4-31b-it__T000__R01,gemma-4-31b-it,0.0,valid,strict_json
Jiang&Rao2024,NO_FIGURE_TEXT,1,GO,Feedforward Non-local Directed Connectivity,,NOFIG__Jiang&Rao2024__gemma-4-31b-it__T000__R01,gemma-4-31b-it,0.0,valid,strict_json
Jiang&Rao2024,NO_FIGURE_TEXT,1,LO,Feedforward Non-local Activation,0.5,NOFIG__Jiang&Rao2024__gemma-4-31b-it__T000__R01,gemma-4-31b-it,0.0,valid,strict_json
Jiang&Rao2024,NO_FIGURE_TEXT,1,GO,Feedforward Non-local Activation,0.5,NOFIG__Jiang&Rao2024__gemma-4-31b-it__T000__R01,gemma-4-31b-it,0.0,valid,strict_json
Jiang&Rao2024,NO_FIGURE_TEXT,1,LO,Ascending Latency Shift,,NOFIG__Jiang&Rao2024__gemma-4-31b-it__T000__R01,gemma-4-31b-it,0.0,valid,strict_json
Jiang&Rao2024,NO_FIGURE_TEXT,1,GO,Ascending Latency Shift,,NOFIG__Jiang&Rao2024__gemma-4-31b-it__T000__R01,gemma-4-31b-it,0.0,valid,strict_json
Jiang&Rao2024,NO_FIGURE_TEXT,1,LO,Feedforward Error Propagation,1.0,NOFIG__Jiang&Rao2024__gemma-4-31b-it__T000__R01,gemma-4-31b-it,0.0,valid,strict_json
Jiang&Rao2024,NO_FIGURE_TEXT,1,GO,Feedforward Error Propagation,1.0,NOFIG__Jiang&Rao2024__gemma-4-31b-it__T000__R01,gemma-4-31b-it,0.0,valid,strict_json
Jiang&Rao2024,NO_FIGURE_TEXT,1,LO,Subcortical Feedforward Relaying,,NOFIG__Jiang&Rao2024__gemma-4-31b-it__T000__R01,gemma-4-31b-it,0.0,valid,strict_json
Jiang&Rao2024,NO_FIGURE_TEXT,1,GO,Subcortical Feedforward Relaying,,NOFIG__Jiang&Rao2024__gemma-4-31b-it__T000__R01,gemma-4-31b-it,0.0,valid,strict_json
Jiang&Rao2024,NO_FIGURE_TEXT,1,LO,Canonical Microcircuit Ubiquity,,NOFIG__Jiang&Rao2024__gemma-4-31b-it__T000__R01,gemma-4-31b-it,0.0,valid,strict_json
Jiang&Rao2024,NO_FIGURE_TEXT,1,GO,Canonical Microcircuit Ubiquity,,NOFIG__Jiang&Rao2024__gemma-4-31b-it__T000__R01,gemma-4-31b-it,0.0,valid,strict_json
Jiang&Rao2024,NO_FIGURE_TEXT,1,LO,Hierarchical Mechanism Invariance,0.5,NOFIG__Jiang&Rao2024__gemma-4-31b-it__T000__R01,gemma-4-31b-it,0.0,valid,strict_json
Jiang&Rao2024,NO_FIGURE_TEXT,1,GO,Hierarchical Mechanism Invariance,0.5,NOFIG__Jiang&Rao2024__gemma-4-31b-it__T000__R01,gemma-4-31b-it,0.0,valid,strict_json
Jiang&Rao2024,NO_FIGURE_TEXT,1,LO,Hierarchical Activity Ubiquity,1.0,NOFIG__Jiang&Rao2024__gemma-4-31b-it__T000__R01,gemma-4-31b-it,0.0,valid,strict_json
Jiang&Rao2024,NO_FIGURE_TEXT,1,GO,Hierarchical Activity Ubiquity,1.0,NOFIG__Jiang&Rao2024__gemma-4-31b-it__T000__R01,gemma-4-31b-it,0.0,valid,strict_json
Jiang&Rao2024,NO_FIGURE_TEXT,1,LO,Hierarchical CSD Ubiquity,,NOFIG__Jiang&Rao2024__gemma-4-31b-it__T000__R01,gemma-4-31b-it,0.0,valid,strict_json
Jiang&Rao2024,NO_FIGURE_TEXT,1,GO,Hierarchical CSD Ubiquity,,NOFIG__Jiang&Rao2024__gemma-4-31b-it__T000__R01,gemma-4-31b-it,0.0,valid,strict_json
Jiang&Rao2024,NO_FIGURE_TEXT,1,LO,Cross-Scale Hierarchical Ubiquity,,NOFIG__Jiang&Rao2024__gemma-4-31b-it__T000__R01,gemma-4-31b-it,0.0,valid,strict_json
Jiang&Rao2024,NO_FIGURE_TEXT,1,GO,Cross-Scale Hierarchical Ubiquity,,NOFIG__Jiang&Rao2024__gemma-4-31b-it__T000__R01,gemma-4-31b-it,0.0,valid,strict_json
Jiang&Rao2024,NO_FIGURE_TEXT,1,LO,Hierarchical Presence (V1-PFC),0.5,NOFIG__Jiang&Rao2024__gemma-4-31b-it__T000__R01,gemma-4-31b-it,0.0,valid,strict_json
Jiang&Rao2024,NO_FIGURE_TEXT,1,GO,Hierarchical Presence (V1-PFC),0.5,NOFIG__Jiang&Rao2024__gemma-4-31b-it__T000__R01,gemma-4-31b-it,0.0,valid,strict_json
Jiang&Rao2024,NO_FIGURE_TEXT,1,LO,Cross-Modal Ubiquity,,NOFIG__Jiang&Rao2024__gemma-4-31b-it__T000__R01,gemma-4-31b-it,0.0,valid,strict_json
Jiang&Rao2024,NO_FIGURE_TEXT,1,GO,Cross-Modal Ubiquity,,NOFIG__Jiang&Rao2024__gemma-4-31b-it__T000__R01,gemma-4-31b-it,0.0,valid,strict_json
Jiang&Rao2024,NO_FIGURE_TEXT,1,LO,Interspecies Hierarchical Ubiquity,,NOFIG__Jiang&Rao2024__gemma-4-31b-it__T000__R01,gemma-4-31b-it,0.0,valid,strict_json
Jiang&Rao2024,NO_FIGURE_TEXT,1,GO,Interspecies Hierarchical Ubiquity,,NOFIG__Jiang&Rao2024__gemma-4-31b-it__T000__R01,gemma-4-31b-it,0.0,valid,strict_json
Jiang&Rao2024,NO_FIGURE_TEXT,1,LO,Temporal Stability of Ubiquity,,NOFIG__Jiang&Rao2024__gemma-4-31b-it__T000__R01,gemma-4-31b-it,0.0,valid,strict_json
Jiang&Rao2024,NO_FIGURE_TEXT,1,GO,Temporal Stability of Ubiquity,,NOFIG__Jiang&Rao2024__gemma-4-31b-it__T000__R01,gemma-4-31b-it,0.0,valid,strict_json
Jiang&Rao2024,NO_FIGURE_TEXT,1,LO,Hierarchical Order Stability,1.0,NOFIG__Jiang&Rao2024__gemma-4-31b-it__T000__R01,gemma-4-31b-it,0.0,valid,strict_json
Jiang&Rao2024,NO_FIGURE_TEXT,1,GO,Hierarchical Order Stability,1.0,NOFIG__Jiang&Rao2024__gemma-4-31b-it__T000__R01,gemma-4-31b-it,0.0,valid,strict_json
Jiang&Rao2024,NO_FIGURE_TEXT,1,LO,Population-Wide Ubiquity,,NOFIG__Jiang&Rao2024__gemma-4-31b-it__T000__R01,gemma-4-31b-it,0.0,valid,strict_json
Jiang&Rao2024,NO_FIGURE_TEXT,1,GO,Population-Wide Ubiquity,,NOFIG__Jiang&Rao2024__gemma-4-31b-it__T000__R01,gemma-4-31b-it,0.0,valid,strict_json
Jiang&Rao2024,NO_FIGURE_TEXT,1,LO,State-Independent Ubiquity,,NOFIG__Jiang&Rao2024__gemma-4-31b-it__T000__R01,gemma-4-31b-it,0.0,valid,strict_json
Jiang&Rao2024,NO_FIGURE_TEXT,1,GO,State-Independent Ubiquity,,NOFIG__Jiang&Rao2024__gemma-4-31b-it__T000__R01,gemma-4-31b-it,0.0,valid,strict_json
Keller2012,NO_FIGURE_TEXT,1,LO,Subtractive Inhibition (SST),,NOFIG__Keller2012__gemma-4-31b-it__T000__R01,gemma-4-31b-it,0.0,valid,strict_json
Keller2012,NO_FIGURE_TEXT,1,GO,Subtractive Inhibition (SST),,NOFIG__Keller2012__gemma-4-31b-it__T000__R01,gemma-4-31b-it,0.0,valid,strict_json
Keller2012,NO_FIGURE_TEXT,1,LO,Divisive Inhibition (PV),,NOFIG__Keller2012__gemma-4-31b-it__T000__R01,gemma-4-31b-it,0.0,valid,strict_json
Keller2012,NO_FIGURE_TEXT,1,GO,Divisive Inhibition (PV),,NOFIG__Keller2012__gemma-4-31b-it__T000__R01,gemma-4-31b-it,0.0,valid,strict_json
Keller2012,NO_FIGURE_TEXT,1,LO,Inhibition (GABA),,NOFIG__Keller2012__gemma-4-31b-it__T000__R01,gemma-4-31b-it,0.0,valid,strict_json
Keller2012,NO_FIGURE_TEXT,1,GO,Inhibition (GABA),,NOFIG__Keller2012__gemma-4-31b-it__T000__R01,gemma-4-31b-it,0.0,valid,strict_json
Keller2012,NO_FIGURE_TEXT,1,LO,Habituation to Sequence,,NOFIG__Keller2012__gemma-4-31b-it__T000__R01,gemma-4-31b-it,0.0,valid,strict_json
Keller2012,NO_FIGURE_TEXT,1,GO,Habituation to Sequence,,NOFIG__Keller2012__gemma-4-31b-it__T000__R01,gemma-4-31b-it,0.0,valid,strict_json
Keller2012,NO_FIGURE_TEXT,1,LO,Synaptic Depression (Adaptation),,NOFIG__Keller2012__gemma-4-31b-it__T000__R01,gemma-4-31b-it,0.0,valid,strict_json
Keller2012,NO_FIGURE_TEXT,1,GO,Synaptic Depression (Adaptation),,NOFIG__Keller2012__gemma-4-31b-it__T000__R01,gemma-4-31b-it,0.0,valid,strict_json
Keller2012,NO_FIGURE_TEXT,1,LO,Activity Suppression,,NOFIG__Keller2012__gemma-4-31b-it__T000__R01,gemma-4-31b-it,0.0,valid,strict_json
Keller2012,NO_FIGURE_TEXT,1,GO,Activity Suppression,,NOFIG__Keller2012__gemma-4-31b-it__T000__R01,gemma-4-31b-it,0.0,valid,strict_json
Keller2012,NO_FIGURE_TEXT,1,LO,Selective Sharpening,,NOFIG__Keller2012__gemma-4-31b-it__T000__R01,gemma-4-31b-it,0.0,valid,strict_json
Keller2012,NO_FIGURE_TEXT,1,GO,Selective Sharpening,,NOFIG__Keller2012__gemma-4-31b-it__T000__R01,gemma-4-31b-it,0.0,valid,strict_json
Keller2012,NO_FIGURE_TEXT,1,LO,Alpha/Beta Mediated Suppression,,NOFIG__Keller2012__gemma-4-31b-it__T000__R01,gemma-4-31b-it,0.0,valid,strict_json
Keller2012,NO_FIGURE_TEXT,1,GO,Alpha/Beta Mediated Suppression,,NOFIG__Keller2012__gemma-4-31b-it__T000__R01,gemma-4-31b-it,0.0,valid,strict_json
Keller2012,NO_FIGURE_TEXT,1,LO,VIP-Mediated Disinhibition,,NOFIG__Keller2012__gemma-4-31b-it__T000__R01,gemma-4-31b-it,0.0,valid,strict_json
Keller2012,NO_FIGURE_TEXT,1,GO,VIP-Mediated Disinhibition,,NOFIG__Keller2012__gemma-4-31b-it__T000__R01,gemma-4-31b-it,0.0,valid,strict_json
Keller2012,NO_FIGURE_TEXT,1,LO,Precision Weighting (Gain),,NOFIG__Keller2012__gemma-4-31b-it__T000__R01,gemma-4-31b-it,0.0,valid,strict_json
Keller2012,NO_FIGURE_TEXT,1,GO,Precision Weighting (Gain),,NOFIG__Keller2012__gemma-4-31b-it__T000__R01,gemma-4-31b-it,0.0,valid,strict_json
Keller2012,NO_FIGURE_TEXT,1,LO,E/I Balance Shift,,NOFIG__Keller2012__gemma-4-31b-it__T000__R01,gemma-4-31b-it,0.0,valid,strict_json
Keller2012,NO_FIGURE_TEXT,1,GO,E/I Balance Shift,,NOFIG__Keller2012__gemma-4-31b-it__T000__R01,gemma-4-31b-it,0.0,valid,strict_json
Keller2012,NO_FIGURE_TEXT,1,LO,Omission Response,,NOFIG__Keller2012__gemma-4-31b-it__T000__R01,gemma-4-31b-it,0.0,valid,strict_json
Keller2012,NO_FIGURE_TEXT,1,GO,Omission Response,,NOFIG__Keller2012__gemma-4-31b-it__T000__R01,gemma-4-31b-it,0.0,valid,strict_json
Keller2012,NO_FIGURE_TEXT,1,LO,Feedforward Deviance Detection,,NOFIG__Keller2012__gemma-4-31b-it__T000__R01,gemma-4-31b-it,0.0,valid,strict_json
Keller2012,NO_FIGURE_TEXT,1,GO,Feedforward Deviance Detection,,NOFIG__Keller2012__gemma-4-31b-it__T000__R01,gemma-4-31b-it,0.0,valid,strict_json
Keller2012,NO_FIGURE_TEXT,1,LO,Feedforward AMPA,,NOFIG__Keller2012__gemma-4-31b-it__T000__R01,gemma-4-31b-it,0.0,valid,strict_json
Keller2012,NO_FIGURE_TEXT,1,GO,Feedforward AMPA,,NOFIG__Keller2012__gemma-4-31b-it__T000__R01,gemma-4-31b-it,0.0,valid,strict_json
Keller2012,NO_FIGURE_TEXT,1,LO,Feedforward NMDA,,NOFIG__Keller2012__gemma-4-31b-it__T000__R01,gemma-4-31b-it,0.0,valid,strict_json
Keller2012,NO_FIGURE_TEXT,1,GO,Feedforward NMDA,,NOFIG__Keller2012__gemma-4-31b-it__T000__R01,gemma-4-31b-it,0.0,valid,strict_json
Keller2012,NO_FIGURE_TEXT,1,LO,Feedforward Ascending Gamma,,NOFIG__Keller2012__gemma-4-31b-it__T000__R01,gemma-4-31b-it,0.0,valid,strict_json
Keller2012,NO_FIGURE_TEXT,1,GO,Feedforward Ascending Gamma,,NOFIG__Keller2012__gemma-4-31b-it__T000__R01,gemma-4-31b-it,0.0,valid,strict_json
Keller2012,NO_FIGURE_TEXT,1,LO,Absence of Feedback Error,,NOFIG__Keller2012__gemma-4-31b-it__T000__R01,gemma-4-31b-it,0.0,valid,strict_json
Keller2012,NO_FIGURE_TEXT,1,GO,Absence of Feedback Error,,NOFIG__Keller2012__gemma-4-31b-it__T000__R01,gemma-4-31b-it,0.0,valid,strict_json
Keller2012,NO_FIGURE_TEXT,1,LO,Feedforward Non-local Supragranular Activity (L2/3),,NOFIG__Keller2012__gemma-4-31b-it__T000__R01,gemma-4-31b-it,0.0,valid,strict_json
Keller2012,NO_FIGURE_TEXT,1,GO,Feedforward Non-local Supragranular Activity (L2/3),,NOFIG__Keller2012__gemma-4-31b-it__T000__R01,gemma-4-31b-it,0.0,valid,strict_json
Keller2012,NO_FIGURE_TEXT,1,LO,Feedforward Non-local Granular Activity (L4),,NOFIG__Keller2012__gemma-4-31b-it__T000__R01,gemma-4-31b-it,0.0,valid,strict_json
Keller2012,NO_FIGURE_TEXT,1,GO,Feedforward Non-local Granular Activity (L4),,NOFIG__Keller2012__gemma-4-31b-it__T000__R01,gemma-4-31b-it,0.0,valid,strict_json
Keller2012,NO_FIGURE_TEXT,1,LO,Feedforward Non-local Directed Connectivity,,NOFIG__Keller2012__gemma-4-31b-it__T000__R01,gemma-4-31b-it,0.0,valid,strict_json
Keller2012,NO_FIGURE_TEXT,1,GO,Feedforward Non-local Directed Connectivity,,NOFIG__Keller2012__gemma-4-31b-it__T000__R01,gemma-4-31b-it,0.0,valid,strict_json
Keller2012,NO_FIGURE_TEXT,1,LO,Feedforward Non-local Activation,,NOFIG__Keller2012__gemma-4-31b-it__T000__R01,gemma-4-31b-it,0.0,valid,strict_json
Keller2012,NO_FIGURE_TEXT,1,GO,Feedforward Non-local Activation,,NOFIG__Keller2012__gemma-4-31b-it__T000__R01,gemma-4-31b-it,0.0,valid,strict_json
Keller2012,NO_FIGURE_TEXT,1,LO,Ascending Latency Shift,,NOFIG__Keller2012__gemma-4-31b-it__T000__R01,gemma-4-31b-it,0.0,valid,strict_json
Keller2012,NO_FIGURE_TEXT,1,GO,Ascending Latency Shift,,NOFIG__Keller2012__gemma-4-31b-it__T000__R01,gemma-4-31b-it,0.0,valid,strict_json
Keller2012,NO_FIGURE_TEXT,1,LO,Feedforward Error Propagation,,NOFIG__Keller2012__gemma-4-31b-it__T000__R01,gemma-4-31b-it,0.0,valid,strict_json
Keller2012,NO_FIGURE_TEXT,1,GO,Feedforward Error Propagation,,NOFIG__Keller2012__gemma-4-31b-it__T000__R01,gemma-4-31b-it,0.0,valid,strict_json
Keller2012,NO_FIGURE_TEXT,1,LO,Subcortical Feedforward Relaying,,NOFIG__Keller2012__gemma-4-31b-it__T000__R01,gemma-4-31b-it,0.0,valid,strict_json
Keller2012,NO_FIGURE_TEXT,1,GO,Subcortical Feedforward Relaying,,NOFIG__Keller2012__gemma-4-31b-it__T000__R01,gemma-4-31b-it,0.0,valid,strict_json
Keller2012,NO_FIGURE_TEXT,1,LO,Canonical Microcircuit Ubiquity,,NOFIG__Keller2012__gemma-4-31b-it__T000__R01,gemma-4-31b-it,0.0,valid,strict_json
Keller2012,NO_FIGURE_TEXT,1,GO,Canonical Microcircuit Ubiquity,,NOFIG__Keller2012__gemma-4-31b-it__T000__R01,gemma-4-31b-it,0.0,valid,strict_json
Keller2012,NO_FIGURE_TEXT,1,LO,Hierarchical Mechanism Invariance,,NOFIG__Keller2012__gemma-4-31b-it__T000__R01,gemma-4-31b-it,0.0,valid,strict_json
Keller2012,NO_FIGURE_TEXT,1,GO,Hierarchical Mechanism Invariance,,NOFIG__Keller2012__gemma-4-31b-it__T000__R01,gemma-4-31b-it,0.0,valid,strict_json
Keller2012,NO_FIGURE_TEXT,1,LO,Hierarchical Activity Ubiquity,,NOFIG__Keller2012__gemma-4-31b-it__T000__R01,gemma-4-31b-it,0.0,valid,strict_json
Keller2012,NO_FIGURE_TEXT,1,GO,Hierarchical Activity Ubiquity,,NOFIG__Keller2012__gemma-4-31b-it__T000__R01,gemma-4-31b-it,0.0,valid,strict_json
Keller2012,NO_FIGURE_TEXT,1,LO,Hierarchical CSD Ubiquity,,NOFIG__Keller2012__gemma-4-31b-it__T000__R01,gemma-4-31b-it,0.0,valid,strict_json
Keller2012,NO_FIGURE_TEXT,1,GO,Hierarchical CSD Ubiquity,,NOFIG__Keller2012__gemma-4-31b-it__T000__R01,gemma-4-31b-it,0.0,valid,strict_json
Keller2012,NO_FIGURE_TEXT,1,LO,Cross-Scale Hierarchical Ubiquity,,NOFIG__Keller2012__gemma-4-31b-it__T000__R01,gemma-4-31b-it,0.0,valid,strict_json
Keller2012,NO_FIGURE_TEXT,1,GO,Cross-Scale Hierarchical Ubiquity,,NOFIG__Keller2012__gemma-4-31b-it__T000__R01,gemma-4-31b-it,0.0,valid,strict_json
Keller2012,NO_FIGURE_TEXT,1,LO,Hierarchical Presence (V1-PFC),,NOFIG__Keller2012__gemma-4-31b-it__T000__R01,gemma-4-31b-it,0.0,valid,strict_json
Keller2012,NO_FIGURE_TEXT,1,GO,Hierarchical Presence (V1-PFC),,NOFIG__Keller2012__gemma-4-31b-it__T000__R01,gemma-4-31b-it,0.0,valid,strict_json
Keller2012,NO_FIGURE_TEXT,1,LO,Cross-Modal Ubiquity,,NOFIG__Keller2012__gemma-4-31b-it__T000__R01,gemma-4-31b-it,0.0,valid,strict_json
Keller2012,NO_FIGURE_TEXT,1,GO,Cross-Modal Ubiquity,,NOFIG__Keller2012__gemma-4-31b-it__T000__R01,gemma-4-31b-it,0.0,valid,strict_json
Keller2012,NO_FIGURE_TEXT,1,LO,Interspecies Hierarchical Ubiquity,,NOFIG__Keller2012__gemma-4-31b-it__T000__R01,gemma-4-31b-it,0.0,valid,strict_json
Keller2012,NO_FIGURE_TEXT,1,GO,Interspecies Hierarchical Ubiquity,,NOFIG__Keller2012__gemma-4-31b-it__T000__R01,gemma-4-31b-it,0.0,valid,strict_json
Keller2012,NO_FIGURE_TEXT,1,LO,Temporal Stability of Ubiquity,,NOFIG__Keller2012__gemma-4-31b-it__T000__R01,gemma-4-31b-it,0.0,valid,strict_json
Keller2012,NO_FIGURE_TEXT,1,GO,Temporal Stability of Ubiquity,,NOFIG__Keller2012__gemma-4-31b-it__T000__R01,gemma-4-31b-it,0.0,valid,strict_json
Keller2012,NO_FIGURE_TEXT,1,LO,Hierarchical Order Stability,,NOFIG__Keller2012__gemma-4-31b-it__T000__R01,gemma-4-31b-it,0.0,valid,strict_json
Keller2012,NO_FIGURE_TEXT,1,GO,Hierarchical Order Stability,,NOFIG__Keller2012__gemma-4-31b-it__T000__R01,gemma-4-31b-it,0.0,valid,strict_json
Keller2012,NO_FIGURE_TEXT,1,LO,Population-Wide Ubiquity,,NOFIG__Keller2012__gemma-4-31b-it__T000__R01,gemma-4-31b-it,0.0,valid,strict_json
Keller2012,NO_FIGURE_TEXT,1,GO,Population-Wide Ubiquity,,NOFIG__Keller2012__gemma-4-31b-it__T000__R01,gemma-4-31b-it,0.0,valid,strict_json
Keller2012,NO_FIGURE_TEXT,1,LO,State-Independent Ubiquity,,NOFIG__Keller2012__gemma-4-31b-it__T000__R01,gemma-4-31b-it,0.0,valid,strict_json
Keller2012,NO_FIGURE_TEXT,1,GO,State-Independent Ubiquity,,NOFIG__Keller2012__gemma-4-31b-it__T000__R01,gemma-4-31b-it,0.0,valid,strict_json
Keller2018,NO_FIGURE_TEXT,1,LO,Subtractive Inhibition (SST),0.5,NOFIG__Keller2018__gemma-4-31b-it__T000__R01,gemma-4-31b-it,0.0,valid,strict_json
Keller2018,NO_FIGURE_TEXT,1,GO,Subtractive Inhibition (SST),0.5,NOFIG__Keller2018__gemma-4-31b-it__T000__R01,gemma-4-31b-it,0.0,valid,strict_json
Keller2018,NO_FIGURE_TEXT,1,LO,Divisive Inhibition (PV),,NOFIG__Keller2018__gemma-4-31b-it__T000__R01,gemma-4-31b-it,0.0,valid,strict_json
Keller2018,NO_FIGURE_TEXT,1,GO,Divisive Inhibition (PV),,NOFIG__Keller2018__gemma-4-31b-it__T000__R01,gemma-4-31b-it,0.0,valid,strict_json
Keller2018,NO_FIGURE_TEXT,1,LO,Inhibition (GABA),0.5,NOFIG__Keller2018__gemma-4-31b-it__T000__R01,gemma-4-31b-it,0.0,valid,strict_json
Keller2018,NO_FIGURE_TEXT,1,GO,Inhibition (GABA),0.5,NOFIG__Keller2018__gemma-4-31b-it__T000__R01,gemma-4-31b-it,0.0,valid,strict_json
Keller2018,NO_FIGURE_TEXT,1,LO,Habituation to Sequence,,NOFIG__Keller2018__gemma-4-31b-it__T000__R01,gemma-4-31b-it,0.0,valid,strict_json
Keller2018,NO_FIGURE_TEXT,1,GO,Habituation to Sequence,,NOFIG__Keller2018__gemma-4-31b-it__T000__R01,gemma-4-31b-it,0.0,valid,strict_json
Keller2018,NO_FIGURE_TEXT,1,LO,Synaptic Depression (Adaptation),0.5,NOFIG__Keller2018__gemma-4-31b-it__T000__R01,gemma-4-31b-it,0.0,valid,strict_json
Keller2018,NO_FIGURE_TEXT,1,GO,Synaptic Depression (Adaptation),,NOFIG__Keller2018__gemma-4-31b-it__T000__R01,gemma-4-31b-it,0.0,valid,strict_json
Keller2018,NO_FIGURE_TEXT,1,LO,Activity Suppression,1.0,NOFIG__Keller2018__gemma-4-31b-it__T000__R01,gemma-4-31b-it,0.0,valid,strict_json
Keller2018,NO_FIGURE_TEXT,1,GO,Activity Suppression,1.0,NOFIG__Keller2018__gemma-4-31b-it__T000__R01,gemma-4-31b-it,0.0,valid,strict_json
Keller2018,NO_FIGURE_TEXT,1,LO,Selective Sharpening,,NOFIG__Keller2018__gemma-4-31b-it__T000__R01,gemma-4-31b-it,0.0,valid,strict_json
Keller2018,NO_FIGURE_TEXT,1,GO,Selective Sharpening,,NOFIG__Keller2018__gemma-4-31b-it__T000__R01,gemma-4-31b-it,0.0,valid,strict_json
Keller2018,NO_FIGURE_TEXT,1,LO,Alpha/Beta Mediated Suppression,,NOFIG__Keller2018__gemma-4-31b-it__T000__R01,gemma-4-31b-it,0.0,valid,strict_json
Keller2018,NO_FIGURE_TEXT,1,GO,Alpha/Beta Mediated Suppression,,NOFIG__Keller2018__gemma-4-31b-it__T000__R01,gemma-4-31b-it,0.0,valid,strict_json
Keller2018,NO_FIGURE_TEXT,1,LO,VIP-Mediated Disinhibition,,NOFIG__Keller2018__gemma-4-31b-it__T000__R01,gemma-4-31b-it,0.0,valid,strict_json
Keller2018,NO_FIGURE_TEXT,1,GO,VIP-Mediated Disinhibition,,NOFIG__Keller2018__gemma-4-31b-it__T000__R01,gemma-4-31b-it,0.0,valid,strict_json
Keller2018,NO_FIGURE_TEXT,1,LO,Precision Weighting (Gain),0.5,NOFIG__Keller2018__gemma-4-31b-it__T000__R01,gemma-4-31b-it,0.0,valid,strict_json
Keller2018,NO_FIGURE_TEXT,1,GO,Precision Weighting (Gain),0.5,NOFIG__Keller2018__gemma-4-31b-it__T000__R01,gemma-4-31b-it,0.0,valid,strict_json
Keller2018,NO_FIGURE_TEXT,1,LO,E/I Balance Shift,0.5,NOFIG__Keller2018__gemma-4-31b-it__T000__R01,gemma-4-31b-it,0.0,valid,strict_json
Keller2018,NO_FIGURE_TEXT,1,GO,E/I Balance Shift,0.5,NOFIG__Keller2018__gemma-4-31b-it__T000__R01,gemma-4-31b-it,0.0,valid,strict_json
Keller2018,NO_FIGURE_TEXT,1,LO,Omission Response,1.0,NOFIG__Keller2018__gemma-4-31b-it__T000__R01,gemma-4-31b-it,0.0,valid,strict_json
Keller2018,NO_FIGURE_TEXT,1,GO,Omission Response,1.0,NOFIG__Keller2018__gemma-4-31b-it__T000__R01,gemma-4-31b-it,0.0,valid,strict_json
Keller2018,NO_FIGURE_TEXT,1,LO,Feedforward Deviance Detection,1.0,NOFIG__Keller2018__gemma-4-31b-it__T000__R01,gemma-4-31b-it,0.0,valid,strict_json
Keller2018,NO_FIGURE_TEXT,1,GO,Feedforward Deviance Detection,1.0,NOFIG__Keller2018__gemma-4-31b-it__T000__R01,gemma-4-31b-it,0.0,valid,strict_json
Keller2018,NO_FIGURE_TEXT,1,LO,Feedforward AMPA,,NOFIG__Keller2018__gemma-4-31b-it__T000__R01,gemma-4-31b-it,0.0,valid,strict_json
Keller2018,NO_FIGURE_TEXT,1,GO,Feedforward AMPA,,NOFIG__Keller2018__gemma-4-31b-it__T000__R01,gemma-4-31b-it,0.0,valid,strict_json
Keller2018,NO_FIGURE_TEXT,1,LO,Feedforward NMDA,,NOFIG__Keller2018__gemma-4-31b-it__T000__R01,gemma-4-31b-it,0.0,valid,strict_json
Keller2018,NO_FIGURE_TEXT,1,GO,Feedforward NMDA,,NOFIG__Keller2018__gemma-4-31b-it__T000__R01,gemma-4-31b-it,0.0,valid,strict_json
Keller2018,NO_FIGURE_TEXT,1,LO,Feedforward Ascending Gamma,,NOFIG__Keller2018__gemma-4-31b-it__T000__R01,gemma-4-31b-it,0.0,valid,strict_json
Keller2018,NO_FIGURE_TEXT,1,GO,Feedforward Ascending Gamma,,NOFIG__Keller2018__gemma-4-31b-it__T000__R01,gemma-4-31b-it,0.0,valid,strict_json
Keller2018,NO_FIGURE_TEXT,1,LO,Absence of Feedback Error,,NOFIG__Keller2018__gemma-4-31b-it__T000__R01,gemma-4-31b-it,0.0,valid,strict_json
Keller2018,NO_FIGURE_TEXT,1,GO,Absence of Feedback Error,,NOFIG__Keller2018__gemma-4-31b-it__T000__R01,gemma-4-31b-it,0.0,valid,strict_json
Keller2018,NO_FIGURE_TEXT,1,LO,Feedforward Non-local Supragranular Activity (L2/3),0.5,NOFIG__Keller2018__gemma-4-31b-it__T000__R01,gemma-4-31b-it,0.0,valid,strict_json
Keller2018,NO_FIGURE_TEXT,1,GO,Feedforward Non-local Supragranular Activity (L2/3),0.5,NOFIG__Keller2018__gemma-4-31b-it__T000__R01,gemma-4-31b-it,0.0,valid,strict_json
Keller2018,NO_FIGURE_TEXT,1,LO,Feedforward Non-local Granular Activity (L4),,NOFIG__Keller2018__gemma-4-31b-it__T000__R01,gemma-4-31b-it,0.0,valid,strict_json
Keller2018,NO_FIGURE_TEXT,1,GO,Feedforward Non-local Granular Activity (L4),,NOFIG__Keller2018__gemma-4-31b-it__T000__R01,gemma-4-31b-it,0.0,valid,strict_json
Keller2018,NO_FIGURE_TEXT,1,LO,Feedforward Non-local Directed Connectivity,,NOFIG__Keller2018__gemma-4-31b-it__T000__R01,gemma-4-31b-it,0.0,valid,strict_json
Keller2018,NO_FIGURE_TEXT,1,GO,Feedforward Non-local Directed Connectivity,,NOFIG__Keller2018__gemma-4-31b-it__T000__R01,gemma-4-31b-it,0.0,valid,strict_json
Keller2018,NO_FIGURE_TEXT,1,LO,Feedforward Non-local Activation,0.5,NOFIG__Keller2018__gemma-4-31b-it__T000__R01,gemma-4-31b-it,0.0,valid,strict_json
Keller2018,NO_FIGURE_TEXT,1,GO,Feedforward Non-local Activation,0.5,NOFIG__Keller2018__gemma-4-31b-it__T000__R01,gemma-4-31b-it,0.0,valid,strict_json
Keller2018,NO_FIGURE_TEXT,1,LO,Ascending Latency Shift,,NOFIG__Keller2018__gemma-4-31b-it__T000__R01,gemma-4-31b-it,0.0,valid,strict_json
Keller2018,NO_FIGURE_TEXT,1,GO,Ascending Latency Shift,,NOFIG__Keller2018__gemma-4-31b-it__T000__R01,gemma-4-31b-it,0.0,valid,strict_json
Keller2018,NO_FIGURE_TEXT,1,LO,Feedforward Error Propagation,1.0,NOFIG__Keller2018__gemma-4-31b-it__T000__R01,gemma-4-31b-it,0.0,valid,strict_json
Keller2018,NO_FIGURE_TEXT,1,GO,Feedforward Error Propagation,1.0,NOFIG__Keller2018__gemma-4-31b-it__T000__R01,gemma-4-31b-it,0.0,valid,strict_json
Keller2018,NO_FIGURE_TEXT,1,LO,Subcortical Feedforward Relaying,,NOFIG__Keller2018__gemma-4-31b-it__T000__R01,gemma-4-31b-it,0.0,valid,strict_json
Keller2018,NO_FIGURE_TEXT,1,GO,Subcortical Feedforward Relaying,,NOFIG__Keller2018__gemma-4-31b-it__T000__R01,gemma-4-31b-it,0.0,valid,strict_json
Keller2018,NO_FIGURE_TEXT,1,LO,Canonical Microcircuit Ubiquity,0.5,NOFIG__Keller2018__gemma-4-31b-it__T000__R01,gemma-4-31b-it,0.0,valid,strict_json
Keller2018,NO_FIGURE_TEXT,1,GO,Canonical Microcircuit Ubiquity,0.5,NOFIG__Keller2018__gemma-4-31b-it__T000__R01,gemma-4-31b-it,0.0,valid,strict_json
Keller2018,NO_FIGURE_TEXT,1,LO,Hierarchical Mechanism Invariance,0.5,NOFIG__Keller2018__gemma-4-31b-it__T000__R01,gemma-4-31b-it,0.0,valid,strict_json
Keller2018,NO_FIGURE_TEXT,1,GO,Hierarchical Mechanism Invariance,0.5,NOFIG__Keller2018__gemma-4-31b-it__T000__R01,gemma-4-31b-it,0.0,valid,strict_json
Keller2018,NO_FIGURE_TEXT,1,LO,Hierarchical Activity Ubiquity,0.5,NOFIG__Keller2018__gemma-4-31b-it__T000__R01,gemma-4-31b-it,0.0,valid,strict_json
Keller2018,NO_FIGURE_TEXT,1,GO,Hierarchical Activity Ubiquity,0.5,NOFIG__Keller2018__gemma-4-31b-it__T000__R01,gemma-4-31b-it,0.0,valid,strict_json
Keller2018,NO_FIGURE_TEXT,1,LO,Hierarchical CSD Ubiquity,,NOFIG__Keller2018__gemma-4-31b-it__T000__R01,gemma-4-31b-it,0.0,valid,strict_json
Keller2018,NO_FIGURE_TEXT,1,GO,Hierarchical CSD Ubiquity,,NOFIG__Keller2018__gemma-4-31b-it__T000__R01,gemma-4-31b-it,0.0,valid,strict_json
Keller2018,NO_FIGURE_TEXT,1,LO,Cross-Scale Hierarchical Ubiquity,,NOFIG__Keller2018__gemma-4-31b-it__T000__R01,gemma-4-31b-it,0.0,valid,strict_json
Keller2018,NO_FIGURE_TEXT,1,GO,Cross-Scale Hierarchical Ubiquity,,NOFIG__Keller2018__gemma-4-31b-it__T000__R01,gemma-4-31b-it,0.0,valid,strict_json
Keller2018,NO_FIGURE_TEXT,1,LO,Hierarchical Presence (V1-PFC),0.5,NOFIG__Keller2018__gemma-4-31b-it__T000__R01,gemma-4-31b-it,0.0,valid,strict_json
Keller2018,NO_FIGURE_TEXT,1,GO,Hierarchical Presence (V1-PFC),0.5,NOFIG__Keller2018__gemma-4-31b-it__T000__R01,gemma-4-31b-it,0.0,valid,strict_json
Keller2018,NO_FIGURE_TEXT,1,LO,Cross-Modal Ubiquity,1.0,NOFIG__Keller2018__gemma-4-31b-it__T000__R01,gemma-4-31b-it,0.0,valid,strict_json
Keller2018,NO_FIGURE_TEXT,1,GO,Cross-Modal Ubiquity,1.0,NOFIG__Keller2018__gemma-4-31b-it__T000__R01,gemma-4-31b-it,0.0,valid,strict_json
Keller2018,NO_FIGURE_TEXT,1,LO,Interspecies Hierarchical Ubiquity,0.5,NOFIG__Keller2018__gemma-4-31b-it__T000__R01,gemma-4-31b-it,0.0,valid,strict_json
Keller2018,NO_FIGURE_TEXT,1,GO,Interspecies Hierarchical Ubiquity,0.5,NOFIG__Keller2018__gemma-4-31b-it__T000__R01,gemma-4-31b-it,0.0,valid,strict_json
Keller2018,NO_FIGURE_TEXT,1,LO,Temporal Stability of Ubiquity,,NOFIG__Keller2018__gemma-4-31b-it__T000__R01,gemma-4-31b-it,0.0,valid,strict_json
Keller2018,NO_FIGURE_TEXT,1,GO,Temporal Stability of Ubiquity,,NOFIG__Keller2018__gemma-4-31b-it__T000__R01,gemma-4-31b-it,0.0,valid,strict_json
Keller2018,NO_FIGURE_TEXT,1,LO,Hierarchical Order Stability,0.5,NOFIG__Keller2018__gemma-4-31b-it__T000__R01,gemma-4-31b-it,0.0,valid,strict_json
Keller2018,NO_FIGURE_TEXT,1,GO,Hierarchical Order Stability,0.5,NOFIG__Keller2018__gemma-4-31b-it__T000__R01,gemma-4-31b-it,0.0,valid,strict_json
Keller2018,NO_FIGURE_TEXT,1,LO,Population-Wide Ubiquity,,NOFIG__Keller2018__gemma-4-31b-it__T000__R01,gemma-4-31b-it,0.0,valid,strict_json
Keller2018,NO_FIGURE_TEXT,1,GO,Population-Wide Ubiquity,,NOFIG__Keller2018__gemma-4-31b-it__T000__R01,gemma-4-31b-it,0.0,valid,strict_json
Keller2018,NO_FIGURE_TEXT,1,LO,State-Independent Ubiquity,0.0,NOFIG__Keller2018__gemma-4-31b-it__T000__R01,gemma-4-31b-it,0.0,valid,strict_json
Keller2018,NO_FIGURE_TEXT,1,GO,State-Independent Ubiquity,0.0,NOFIG__Keller2018__gemma-4-31b-it__T000__R01,gemma-4-31b-it,0.0,valid,strict_json
Kiebel2008,NO_FIGURE_TEXT,1,LO,Subtractive Inhibition (SST),,NOFIG__Kiebel2008__gemma-4-31b-it__T000__R01,gemma-4-31b-it,0.0,recovered,extracted_json_block
Kiebel2008,NO_FIGURE_TEXT,1,GO,Subtractive Inhibition (SST),,NOFIG__Kiebel2008__gemma-4-31b-it__T000__R01,gemma-4-31b-it,0.0,recovered,extracted_json_block
Kiebel2008,NO_FIGURE_TEXT,1,LO,Divisive Inhibition (PV),,NOFIG__Kiebel2008__gemma-4-31b-it__T000__R01,gemma-4-31b-it,0.0,recovered,extracted_json_block
Kiebel2008,NO_FIGURE_TEXT,1,GO,Divisive Inhibition (PV),,NOFIG__Kiebel2008__gemma-4-31b-it__T000__R01,gemma-4-31b-it,0.0,recovered,extracted_json_block
Kiebel2008,NO_FIGURE_TEXT,1,LO,Inhibition (GABA),,NOFIG__Kiebel2008__gemma-4-31b-it__T000__R01,gemma-4-31b-it,0.0,recovered,extracted_json_block
Kiebel2008,NO_FIGURE_TEXT,1,GO,Inhibition (GABA),,NOFIG__Kiebel2008__gemma-4-31b-it__T000__R01,gemma-4-31b-it,0.0,recovered,extracted_json_block
Kiebel2008,NO_FIGURE_TEXT,1,LO,Habituation to Sequence,,NOFIG__Kiebel2008__gemma-4-31b-it__T000__R01,gemma-4-31b-it,0.0,recovered,extracted_json_block
Kiebel2008,NO_FIGURE_TEXT,1,GO,Habituation to Sequence,,NOFIG__Kiebel2008__gemma-4-31b-it__T000__R01,gemma-4-31b-it,0.0,recovered,extracted_json_block
Kiebel2008,NO_FIGURE_TEXT,1,LO,Synaptic Depression (Adaptation),,NOFIG__Kiebel2008__gemma-4-31b-it__T000__R01,gemma-4-31b-it,0.0,recovered,extracted_json_block
Kiebel2008,NO_FIGURE_TEXT,1,GO,Synaptic Depression (Adaptation),,NOFIG__Kiebel2008__gemma-4-31b-it__T000__R01,gemma-4-31b-it,0.0,recovered,extracted_json_block
Kiebel2008,NO_FIGURE_TEXT,1,LO,Activity Suppression,,NOFIG__Kiebel2008__gemma-4-31b-it__T000__R01,gemma-4-31b-it,0.0,recovered,extracted_json_block
Kiebel2008,NO_FIGURE_TEXT,1,GO,Activity Suppression,,NOFIG__Kiebel2008__gemma-4-31b-it__T000__R01,gemma-4-31b-it,0.0,recovered,extracted_json_block
Kiebel2008,NO_FIGURE_TEXT,1,LO,Selective Sharpening,,NOFIG__Kiebel2008__gemma-4-31b-it__T000__R01,gemma-4-31b-it,0.0,recovered,extracted_json_block
Kiebel2008,NO_FIGURE_TEXT,1,GO,Selective Sharpening,,NOFIG__Kiebel2008__gemma-4-31b-it__T000__R01,gemma-4-31b-it,0.0,recovered,extracted_json_block
Kiebel2008,NO_FIGURE_TEXT,1,LO,Alpha/Beta Mediated Suppression,,NOFIG__Kiebel2008__gemma-4-31b-it__T000__R01,gemma-4-31b-it,0.0,recovered,extracted_json_block
Kiebel2008,NO_FIGURE_TEXT,1,GO,Alpha/Beta Mediated Suppression,,NOFIG__Kiebel2008__gemma-4-31b-it__T000__R01,gemma-4-31b-it,0.0,recovered,extracted_json_block
Kiebel2008,NO_FIGURE_TEXT,1,LO,VIP-Mediated Disinhibition,,NOFIG__Kiebel2008__gemma-4-31b-it__T000__R01,gemma-4-31b-it,0.0,recovered,extracted_json_block
Kiebel2008,NO_FIGURE_TEXT,1,GO,VIP-Mediated Disinhibition,,NOFIG__Kiebel2008__gemma-4-31b-it__T000__R01,gemma-4-31b-it,0.0,recovered,extracted_json_block
Kiebel2008,NO_FIGURE_TEXT,1,LO,Precision Weighting (Gain),,NOFIG__Kiebel2008__gemma-4-31b-it__T000__R01,gemma-4-31b-it,0.0,recovered,extracted_json_block
Kiebel2008,NO_FIGURE_TEXT,1,GO,Precision Weighting (Gain),,NOFIG__Kiebel2008__gemma-4-31b-it__T000__R01,gemma-4-31b-it,0.0,recovered,extracted_json_block
Kiebel2008,NO_FIGURE_TEXT,1,LO,E/I Balance Shift,,NOFIG__Kiebel2008__gemma-4-31b-it__T000__R01,gemma-4-31b-it,0.0,recovered,extracted_json_block
Kiebel2008,NO_FIGURE_TEXT,1,GO,E/I Balance Shift,,NOFIG__Kiebel2008__gemma-4-31b-it__T000__R01,gemma-4-31b-it,0.0,recovered,extracted_json_block
Kiebel2008,NO_FIGURE_TEXT,1,LO,Omission Response,1.0,NOFIG__Kiebel2008__gemma-4-31b-it__T000__R01,gemma-4-31b-it,0.0,recovered,extracted_json_block
Kiebel2008,NO_FIGURE_TEXT,1,GO,Omission Response,1.0,NOFIG__Kiebel2008__gemma-4-31b-it__T000__R01,gemma-4-31b-it,0.0,recovered,extracted_json_block
Kiebel2008,NO_FIGURE_TEXT,1,LO,Feedforward Deviance Detection,,NOFIG__Kiebel2008__gemma-4-31b-it__T000__R01,gemma-4-31b-it,0.0,recovered,extracted_json_block
Kiebel2008,NO_FIGURE_TEXT,1,GO,Feedforward Deviance Detection,0.5,NOFIG__Kiebel2008__gemma-4-31b-it__T000__R01,gemma-4-31b-it,0.0,recovered,extracted_json_block
Kiebel2008,NO_FIGURE_TEXT,1,LO,Feedforward AMPA,,NOFIG__Kiebel2008__gemma-4-31b-it__T000__R01,gemma-4-31b-it,0.0,recovered,extracted_json_block
Kiebel2008,NO_FIGURE_TEXT,1,GO,Feedforward AMPA,,NOFIG__Kiebel2008__gemma-4-31b-it__T000__R01,gemma-4-31b-it,0.0,recovered,extracted_json_block
Kiebel2008,NO_FIGURE_TEXT,1,LO,Feedforward NMDA,,NOFIG__Kiebel2008__gemma-4-31b-it__T000__R01,gemma-4-31b-it,0.0,recovered,extracted_json_block
Kiebel2008,NO_FIGURE_TEXT,1,GO,Feedforward NMDA,0.5,NOFIG__Kiebel2008__gemma-4-31b-it__T000__R01,gemma-4-31b-it,0.0,recovered,extracted_json_block
Kiebel2008,NO_FIGURE_TEXT,1,LO,Feedforward Ascending Gamma,,NOFIG__Kiebel2008__gemma-4-31b-it__T000__R01,gemma-4-31b-it,0.0,recovered,extracted_json_block
Kiebel2008,NO_FIGURE_TEXT,1,GO,Feedforward Ascending Gamma,,NOFIG__Kiebel2008__gemma-4-31b-it__T000__R01,gemma-4-31b-it,0.0,recovered,extracted_json_block
Kiebel2008,NO_FIGURE_TEXT,1,LO,Absence of Feedback Error,,NOFIG__Kiebel2008__gemma-4-31b-it__T000__R01,gemma-4-31b-it,0.0,recovered,extracted_json_block
Kiebel2008,NO_FIGURE_TEXT,1,GO,Absence of Feedback Error,,NOFIG__Kiebel2008__gemma-4-31b-it__T000__R01,gemma-4-31b-it,0.0,recovered,extracted_json_block
Kiebel2008,NO_FIGURE_TEXT,1,LO,Feedforward Non-local Supragranular Activity (L2/3),,NOFIG__Kiebel2008__gemma-4-31b-it__T000__R01,gemma-4-31b-it,0.0,recovered,extracted_json_block
Kiebel2008,NO_FIGURE_TEXT,1,GO,Feedforward Non-local Supragranular Activity (L2/3),,NOFIG__Kiebel2008__gemma-4-31b-it__T000__R01,gemma-4-31b-it,0.0,recovered,extracted_json_block
Kiebel2008,NO_FIGURE_TEXT,1,LO,Feedforward Non-local Granular Activity (L4),,NOFIG__Kiebel2008__gemma-4-31b-it__T000__R01,gemma-4-31b-it,0.0,recovered,extracted_json_block
Kiebel2008,NO_FIGURE_TEXT,1,GO,Feedforward Non-local Granular Activity (L4),,NOFIG__Kiebel2008__gemma-4-31b-it__T000__R01,gemma-4-31b-it,0.0,recovered,extracted_json_block
Kiebel2008,NO_FIGURE_TEXT,1,LO,Feedforward Non-local Directed Connectivity,,NOFIG__Kiebel2008__gemma-4-31b-it__T000__R01,gemma-4-31b-it,0.0,recovered,extracted_json_block
Kiebel2008,NO_FIGURE_TEXT,1,GO,Feedforward Non-local Directed Connectivity,,NOFIG__Kiebel2008__gemma-4-31b-it__T000__R01,gemma-4-31b-it,0.0,recovered,extracted_json_block
Kiebel2008,NO_FIGURE_TEXT,1,LO,Feedforward Non-local Activation,,NOFIG__Kiebel2008__gemma-4-31b-it__T000__R01,gemma-4-31b-it,0.0,recovered,extracted_json_block
Kiebel2008,NO_FIGURE_TEXT,1,GO,Feedforward Non-local Activation,,NOFIG__Kiebel2008__gemma-4-31b-it__T000__R01,gemma-4-31b-it,0.0,recovered,extracted_json_block
Kiebel2008,NO_FIGURE_TEXT,1,LO,Ascending Latency Shift,,NOFIG__Kiebel2008__gemma-4-31b-it__T000__R01,gemma-4-31b-it,0.0,recovered,extracted_json_block
Kiebel2008,NO_FIGURE_TEXT,1,GO,Ascending Latency Shift,,NOFIG__Kiebel2008__gemma-4-31b-it__T000__R01,gemma-4-31b-it,0.0,recovered,extracted_json_block
Kiebel2008,NO_FIGURE_TEXT,1,LO,Feedforward Error Propagation,,NOFIG__Kiebel2008__gemma-4-31b-it__T000__R01,gemma-4-31b-it,0.0,recovered,extracted_json_block
Kiebel2008,NO_FIGURE_TEXT,1,GO,Feedforward Error Propagation,0.5,NOFIG__Kiebel2008__gemma-4-31b-it__T000__R01,gemma-4-31b-it,0.0,recovered,extracted_json_block
Kiebel2008,NO_FIGURE_TEXT,1,LO,Subcortical Feedforward Relaying,,NOFIG__Kiebel2008__gemma-4-31b-it__T000__R01,gemma-4-31b-it,0.0,recovered,extracted_json_block
Kiebel2008,NO_FIGURE_TEXT,1,GO,Subcortical Feedforward Relaying,,NOFIG__Kiebel2008__gemma-4-31b-it__T000__R01,gemma-4-31b-it,0.0,recovered,extracted_json_block
Kiebel2008,NO_FIGURE_TEXT,1,LO,Canonical Microcircuit Ubiquity,,NOFIG__Kiebel2008__gemma-4-31b-it__T000__R01,gemma-4-31b-it,0.0,recovered,extracted_json_block
Kiebel2008,NO_FIGURE_TEXT,1,GO,Canonical Microcircuit Ubiquity,0.5,NOFIG__Kiebel2008__gemma-4-31b-it__T000__R01,gemma-4-31b-it,0.0,recovered,extracted_json_block
Kiebel2008,NO_FIGURE_TEXT,1,LO,Hierarchical Mechanism Invariance,,NOFIG__Kiebel2008__gemma-4-31b-it__T000__R01,gemma-4-31b-it,0.0,recovered,extracted_json_block
Kiebel2008,NO_FIGURE_TEXT,1,GO,Hierarchical Mechanism Invariance,0.5,NOFIG__Kiebel2008__gemma-4-31b-it__T000__R01,gemma-4-31b-it,0.0,recovered,extracted_json_block
Kiebel2008,NO_FIGURE_TEXT,1,LO,Hierarchical Activity Ubiquity,,NOFIG__Kiebel2008__gemma-4-31b-it__T000__R01,gemma-4-31b-it,0.0,recovered,extracted_json_block
Kiebel2008,NO_FIGURE_TEXT,1,GO,Hierarchical Activity Ubiquity,0.5,NOFIG__Kiebel2008__gemma-4-31b-it__T000__R01,gemma-4-31b-it,0.0,recovered,extracted_json_block
Kiebel2008,NO_FIGURE_TEXT,1,LO,Hierarchical CSD Ubiquity,,NOFIG__Kiebel2008__gemma-4-31b-it__T000__R01,gemma-4-31b-it,0.0,recovered,extracted_json_block
Kiebel2008,NO_FIGURE_TEXT,1,GO,Hierarchical CSD Ubiquity,,NOFIG__Kiebel2008__gemma-4-31b-it__T000__R01,gemma-4-31b-it,0.0,recovered,extracted_json_block
Kiebel2008,NO_FIGURE_TEXT,1,LO,Cross-Scale Hierarchical Ubiquity,,NOFIG__Kiebel2008__gemma-4-31b-it__T000__R01,gemma-4-31b-it,0.0,recovered,extracted_json_block
Kiebel2008,NO_FIGURE_TEXT,1,GO,Cross-Scale Hierarchical Ubiquity,,NOFIG__Kiebel2008__gemma-4-31b-it__T000__R01,gemma-4-31b-it,0.0,recovered,extracted_json_block
Kiebel2008,NO_FIGURE_TEXT,1,LO,Hierarchical Presence (V1-PFC),,NOFIG__Kiebel2008__gemma-4-31b-it__T000__R01,gemma-4-31b-it,0.0,recovered,extracted_json_block
Kiebel2008,NO_FIGURE_TEXT,1,GO,Hierarchical Presence (V1-PFC),1.0,NOFIG__Kiebel2008__gemma-4-31b-it__T000__R01,gemma-4-31b-it,0.0,recovered,extracted_json_block
Kiebel2008,NO_FIGURE_TEXT,1,LO,Cross-Modal Ubiquity,,NOFIG__Kiebel2008__gemma-4-31b-it__T000__R01,gemma-4-31b-it,0.0,recovered,extracted_json_block
Kiebel2008,NO_FIGURE_TEXT,1,GO,Cross-Modal Ubiquity,0.5,NOFIG__Kiebel2008__gemma-4-31b-it__T000__R01,gemma-4-31b-it,0.0,recovered,extracted_json_block
Kiebel2008,NO_FIGURE_TEXT,1,LO,Interspecies Hierarchical Ubiquity,,NOFIG__Kiebel2008__gemma-4-31b-it__T000__R01,gemma-4-31b-it,0.0,recovered,extracted_json_block
Kiebel2008,NO_FIGURE_TEXT,1,GO,Interspecies Hierarchical Ubiquity,,NOFIG__Kiebel2008__gemma-4-31b-it__T000__R01,gemma-4-31b-it,0.0,recovered,extracted_json_block
Kiebel2008,NO_FIGURE_TEXT,1,LO,Temporal Stability of Ubiquity,,NOFIG__Kiebel2008__gemma-4-31b-it__T000__R01,gemma-4-31b-it,0.0,recovered,extracted_json_block
Kiebel2008,NO_FIGURE_TEXT,1,GO,Temporal Stability of Ubiquity,,NOFIG__Kiebel2008__gemma-4-31b-it__T000__R01,gemma-4-31b-it,0.0,recovered,extracted_json_block
Kiebel2008,NO_FIGURE_TEXT,1,LO,Hierarchical Order Stability,,NOFIG__Kiebel2008__gemma-4-31b-it__T000__R01,gemma-4-31b-it,0.0,recovered,extracted_json_block
Kiebel2008,NO_FIGURE_TEXT,1,GO,Hierarchical Order Stability,0.5,NOFIG__Kiebel2008__gemma-4-31b-it__T000__R01,gemma-4-31b-it,0.0,recovered,extracted_json_block
Kiebel2008,NO_FIGURE_TEXT,1,LO,Population-Wide Ubiquity,,NOFIG__Kiebel2008__gemma-4-31b-it__T000__R01,gemma-4-31b-it,0.0,recovered,extracted_json_block
Kiebel2008,NO_FIGURE_TEXT,1,GO,Population-Wide Ubiquity,,NOFIG__Kiebel2008__gemma-4-31b-it__T000__R01,gemma-4-31b-it,0.0,recovered,extracted_json_block
Kiebel2008,NO_FIGURE_TEXT,1,LO,State-Independent Ubiquity,,NOFIG__Kiebel2008__gemma-4-31b-it__T000__R01,gemma-4-31b-it,0.0,recovered,extracted_json_block
Kiebel2008,NO_FIGURE_TEXT,1,GO,State-Independent Ubiquity,,NOFIG__Kiebel2008__gemma-4-31b-it__T000__R01,gemma-4-31b-it,0.0,recovered,extracted_json_block
LaoRodriguez2023,NO_FIGURE_TEXT,1,LO,Subtractive Inhibition (SST),,NOFIG__LaoRodriguez2023__gemma-4-31b-it__T000__R01,gemma-4-31b-it,0.0,valid,strict_json
LaoRodriguez2023,NO_FIGURE_TEXT,1,GO,Subtractive Inhibition (SST),,NOFIG__LaoRodriguez2023__gemma-4-31b-it__T000__R01,gemma-4-31b-it,0.0,valid,strict_json
LaoRodriguez2023,NO_FIGURE_TEXT,1,LO,Divisive Inhibition (PV),,NOFIG__LaoRodriguez2023__gemma-4-31b-it__T000__R01,gemma-4-31b-it,0.0,valid,strict_json
LaoRodriguez2023,NO_FIGURE_TEXT,1,GO,Divisive Inhibition (PV),,NOFIG__LaoRodriguez2023__gemma-4-31b-it__T000__R01,gemma-4-31b-it,0.0,valid,strict_json
LaoRodriguez2023,NO_FIGURE_TEXT,1,LO,Inhibition (GABA),,NOFIG__LaoRodriguez2023__gemma-4-31b-it__T000__R01,gemma-4-31b-it,0.0,valid,strict_json
LaoRodriguez2023,NO_FIGURE_TEXT,1,GO,Inhibition (GABA),,NOFIG__LaoRodriguez2023__gemma-4-31b-it__T000__R01,gemma-4-31b-it,0.0,valid,strict_json
LaoRodriguez2023,NO_FIGURE_TEXT,1,LO,Habituation to Sequence,0.5,NOFIG__LaoRodriguez2023__gemma-4-31b-it__T000__R01,gemma-4-31b-it,0.0,valid,strict_json
LaoRodriguez2023,NO_FIGURE_TEXT,1,GO,Habituation to Sequence,,NOFIG__LaoRodriguez2023__gemma-4-31b-it__T000__R01,gemma-4-31b-it,0.0,valid,strict_json
LaoRodriguez2023,NO_FIGURE_TEXT,1,LO,Synaptic Depression (Adaptation),0.5,NOFIG__LaoRodriguez2023__gemma-4-31b-it__T000__R01,gemma-4-31b-it,0.0,valid,strict_json
LaoRodriguez2023,NO_FIGURE_TEXT,1,GO,Synaptic Depression (Adaptation),,NOFIG__LaoRodriguez2023__gemma-4-31b-it__T000__R01,gemma-4-31b-it,0.0,valid,strict_json
LaoRodriguez2023,NO_FIGURE_TEXT,1,LO,Activity Suppression,0.5,NOFIG__LaoRodriguez2023__gemma-4-31b-it__T000__R01,gemma-4-31b-it,0.0,valid,strict_json
LaoRodriguez2023,NO_FIGURE_TEXT,1,GO,Activity Suppression,0.5,NOFIG__LaoRodriguez2023__gemma-4-31b-it__T000__R01,gemma-4-31b-it,0.0,valid,strict_json
LaoRodriguez2023,NO_FIGURE_TEXT,1,LO,Selective Sharpening,,NOFIG__LaoRodriguez2023__gemma-4-31b-it__T000__R01,gemma-4-31b-it,0.0,valid,strict_json
LaoRodriguez2023,NO_FIGURE_TEXT,1,GO,Selective Sharpening,,NOFIG__LaoRodriguez2023__gemma-4-31b-it__T000__R01,gemma-4-31b-it,0.0,valid,strict_json
LaoRodriguez2023,NO_FIGURE_TEXT,1,LO,Alpha/Beta Mediated Suppression,,NOFIG__LaoRodriguez2023__gemma-4-31b-it__T000__R01,gemma-4-31b-it,0.0,valid,strict_json
LaoRodriguez2023,NO_FIGURE_TEXT,1,GO,Alpha/Beta Mediated Suppression,,NOFIG__LaoRodriguez2023__gemma-4-31b-it__T000__R01,gemma-4-31b-it,0.0,valid,strict_json
LaoRodriguez2023,NO_FIGURE_TEXT,1,LO,VIP-Mediated Disinhibition,,NOFIG__LaoRodriguez2023__gemma-4-31b-it__T000__R01,gemma-4-31b-it,0.0,valid,strict_json
LaoRodriguez2023,NO_FIGURE_TEXT,1,GO,VIP-Mediated Disinhibition,,NOFIG__LaoRodriguez2023__gemma-4-31b-it__T000__R01,gemma-4-31b-it,0.0,valid,strict_json
LaoRodriguez2023,NO_FIGURE_TEXT,1,LO,Precision Weighting (Gain),,NOFIG__LaoRodriguez2023__gemma-4-31b-it__T000__R01,gemma-4-31b-it,0.0,valid,strict_json
LaoRodriguez2023,NO_FIGURE_TEXT,1,GO,Precision Weighting (Gain),,NOFIG__LaoRodriguez2023__gemma-4-31b-it__T000__R01,gemma-4-31b-it,0.0,valid,strict_json
LaoRodriguez2023,NO_FIGURE_TEXT,1,LO,E/I Balance Shift,,NOFIG__LaoRodriguez2023__gemma-4-31b-it__T000__R01,gemma-4-31b-it,0.0,valid,strict_json
LaoRodriguez2023,NO_FIGURE_TEXT,1,GO,E/I Balance Shift,,NOFIG__LaoRodriguez2023__gemma-4-31b-it__T000__R01,gemma-4-31b-it,0.0,valid,strict_json
LaoRodriguez2023,NO_FIGURE_TEXT,1,LO,Omission Response,1.0,NOFIG__LaoRodriguez2023__gemma-4-31b-it__T000__R01,gemma-4-31b-it,0.0,valid,strict_json
LaoRodriguez2023,NO_FIGURE_TEXT,1,GO,Omission Response,1.0,NOFIG__LaoRodriguez2023__gemma-4-31b-it__T000__R01,gemma-4-31b-it,0.0,valid,strict_json
LaoRodriguez2023,NO_FIGURE_TEXT,1,LO,Feedforward Deviance Detection,,NOFIG__LaoRodriguez2023__gemma-4-31b-it__T000__R01,gemma-4-31b-it,0.0,valid,strict_json
LaoRodriguez2023,NO_FIGURE_TEXT,1,GO,Feedforward Deviance Detection,,NOFIG__LaoRodriguez2023__gemma-4-31b-it__T000__R01,gemma-4-31b-it,0.0,valid,strict_json
LaoRodriguez2023,NO_FIGURE_TEXT,1,LO,Feedforward AMPA,,NOFIG__LaoRodriguez2023__gemma-4-31b-it__T000__R01,gemma-4-31b-it,0.0,valid,strict_json
LaoRodriguez2023,NO_FIGURE_TEXT,1,GO,Feedforward AMPA,,NOFIG__LaoRodriguez2023__gemma-4-31b-it__T000__R01,gemma-4-31b-it,0.0,valid,strict_json
LaoRodriguez2023,NO_FIGURE_TEXT,1,LO,Feedforward NMDA,,NOFIG__LaoRodriguez2023__gemma-4-31b-it__T000__R01,gemma-4-31b-it,0.0,valid,strict_json
LaoRodriguez2023,NO_FIGURE_TEXT,1,GO,Feedforward NMDA,,NOFIG__LaoRodriguez2023__gemma-4-31b-it__T000__R01,gemma-4-31b-it,0.0,valid,strict_json
LaoRodriguez2023,NO_FIGURE_TEXT,1,LO,Feedforward Ascending Gamma,,NOFIG__LaoRodriguez2023__gemma-4-31b-it__T000__R01,gemma-4-31b-it,0.0,valid,strict_json
LaoRodriguez2023,NO_FIGURE_TEXT,1,GO,Feedforward Ascending Gamma,,NOFIG__LaoRodriguez2023__gemma-4-31b-it__T000__R01,gemma-4-31b-it,0.0,valid,strict_json
LaoRodriguez2023,NO_FIGURE_TEXT,1,LO,Absence of Feedback Error,,NOFIG__LaoRodriguez2023__gemma-4-31b-it__T000__R01,gemma-4-31b-it,0.0,valid,strict_json
LaoRodriguez2023,NO_FIGURE_TEXT,1,GO,Absence of Feedback Error,,NOFIG__LaoRodriguez2023__gemma-4-31b-it__T000__R01,gemma-4-31b-it,0.0,valid,strict_json
LaoRodriguez2023,NO_FIGURE_TEXT,1,LO,Feedforward Non-local Supragranular Activity (L2/3),,NOFIG__LaoRodriguez2023__gemma-4-31b-it__T000__R01,gemma-4-31b-it,0.0,valid,strict_json
LaoRodriguez2023,NO_FIGURE_TEXT,1,GO,Feedforward Non-local Supragranular Activity (L2/3),,NOFIG__LaoRodriguez2023__gemma-4-31b-it__T000__R01,gemma-4-31b-it,0.0,valid,strict_json
LaoRodriguez2023,NO_FIGURE_TEXT,1,LO,Feedforward Non-local Granular Activity (L4),,NOFIG__LaoRodriguez2023__gemma-4-31b-it__T000__R01,gemma-4-31b-it,0.0,valid,strict_json
LaoRodriguez2023,NO_FIGURE_TEXT,1,GO,Feedforward Non-local Granular Activity (L4),,NOFIG__LaoRodriguez2023__gemma-4-31b-it__T000__R01,gemma-4-31b-it,0.0,valid,strict_json
LaoRodriguez2023,NO_FIGURE_TEXT,1,LO,Feedforward Non-local Directed Connectivity,,NOFIG__LaoRodriguez2023__gemma-4-31b-it__T000__R01,gemma-4-31b-it,0.0,valid,strict_json
LaoRodriguez2023,NO_FIGURE_TEXT,1,GO,Feedforward Non-local Directed Connectivity,,NOFIG__LaoRodriguez2023__gemma-4-31b-it__T000__R01,gemma-4-31b-it,0.0,valid,strict_json
LaoRodriguez2023,NO_FIGURE_TEXT,1,LO,Feedforward Non-local Activation,,NOFIG__LaoRodriguez2023__gemma-4-31b-it__T000__R01,gemma-4-31b-it,0.0,valid,strict_json
LaoRodriguez2023,NO_FIGURE_TEXT,1,GO,Feedforward Non-local Activation,,NOFIG__LaoRodriguez2023__gemma-4-31b-it__T000__R01,gemma-4-31b-it,0.0,valid,strict_json
LaoRodriguez2023,NO_FIGURE_TEXT,1,LO,Ascending Latency Shift,,NOFIG__LaoRodriguez2023__gemma-4-31b-it__T000__R01,gemma-4-31b-it,0.0,valid,strict_json
LaoRodriguez2023,NO_FIGURE_TEXT,1,GO,Ascending Latency Shift,,NOFIG__LaoRodriguez2023__gemma-4-31b-it__T000__R01,gemma-4-31b-it,0.0,valid,strict_json
LaoRodriguez2023,NO_FIGURE_TEXT,1,LO,Feedforward Error Propagation,,NOFIG__LaoRodriguez2023__gemma-4-31b-it__T000__R01,gemma-4-31b-it,0.0,valid,strict_json
LaoRodriguez2023,NO_FIGURE_TEXT,1,GO,Feedforward Error Propagation,,NOFIG__LaoRodriguez2023__gemma-4-31b-it__T000__R01,gemma-4-31b-it,0.0,valid,strict_json
LaoRodriguez2023,NO_FIGURE_TEXT,1,LO,Subcortical Feedforward Relaying,0.5,NOFIG__LaoRodriguez2023__gemma-4-31b-it__T000__R01,gemma-4-31b-it,0.0,valid,strict_json
LaoRodriguez2023,NO_FIGURE_TEXT,1,GO,Subcortical Feedforward Relaying,0.5,NOFIG__LaoRodriguez2023__gemma-4-31b-it__T000__R01,gemma-4-31b-it,0.0,valid,strict_json
LaoRodriguez2023,NO_FIGURE_TEXT,1,LO,Canonical Microcircuit Ubiquity,,NOFIG__LaoRodriguez2023__gemma-4-31b-it__T000__R01,gemma-4-31b-it,0.0,valid,strict_json
LaoRodriguez2023,NO_FIGURE_TEXT,1,GO,Canonical Microcircuit Ubiquity,,NOFIG__LaoRodriguez2023__gemma-4-31b-it__T000__R01,gemma-4-31b-it,0.0,valid,strict_json
LaoRodriguez2023,NO_FIGURE_TEXT,1,LO,Hierarchical Mechanism Invariance,,NOFIG__LaoRodriguez2023__gemma-4-31b-it__T000__R01,gemma-4-31b-it,0.0,valid,strict_json
LaoRodriguez2023,NO_FIGURE_TEXT,1,GO,Hierarchical Mechanism Invariance,,NOFIG__LaoRodriguez2023__gemma-4-31b-it__T000__R01,gemma-4-31b-it,0.0,valid,strict_json
LaoRodriguez2023,NO_FIGURE_TEXT,1,LO,Hierarchical Activity Ubiquity,0.5,NOFIG__LaoRodriguez2023__gemma-4-31b-it__T000__R01,gemma-4-31b-it,0.0,valid,strict_json
LaoRodriguez2023,NO_FIGURE_TEXT,1,GO,Hierarchical Activity Ubiquity,0.5,NOFIG__LaoRodriguez2023__gemma-4-31b-it__T000__R01,gemma-4-31b-it,0.0,valid,strict_json
LaoRodriguez2023,NO_FIGURE_TEXT,1,LO,Hierarchical CSD Ubiquity,,NOFIG__LaoRodriguez2023__gemma-4-31b-it__T000__R01,gemma-4-31b-it,0.0,valid,strict_json
LaoRodriguez2023,NO_FIGURE_TEXT,1,GO,Hierarchical CSD Ubiquity,,NOFIG__LaoRodriguez2023__gemma-4-31b-it__T000__R01,gemma-4-31b-it,0.0,valid,strict_json
LaoRodriguez2023,NO_FIGURE_TEXT,1,LO,Cross-Scale Hierarchical Ubiquity,,NOFIG__LaoRodriguez2023__gemma-4-31b-it__T000__R01,gemma-4-31b-it,0.0,valid,strict_json
LaoRodriguez2023,NO_FIGURE_TEXT,1,GO,Cross-Scale Hierarchical Ubiquity,,NOFIG__LaoRodriguez2023__gemma-4-31b-it__T000__R01,gemma-4-31b-it,0.0,valid,strict_json
LaoRodriguez2023,NO_FIGURE_TEXT,1,LO,Hierarchical Presence (V1-PFC),,NOFIG__LaoRodriguez2023__gemma-4-31b-it__T000__R01,gemma-4-31b-it,0.0,valid,strict_json
LaoRodriguez2023,NO_FIGURE_TEXT,1,GO,Hierarchical Presence (V1-PFC),,NOFIG__LaoRodriguez2023__gemma-4-31b-it__T000__R01,gemma-4-31b-it,0.0,valid,strict_json
LaoRodriguez2023,NO_FIGURE_TEXT,1,LO,Cross-Modal Ubiquity,,NOFIG__LaoRodriguez2023__gemma-4-31b-it__T000__R01,gemma-4-31b-it,0.0,valid,strict_json
LaoRodriguez2023,NO_FIGURE_TEXT,1,GO,Cross-Modal Ubiquity,,NOFIG__LaoRodriguez2023__gemma-4-31b-it__T000__R01,gemma-4-31b-it,0.0,valid,strict_json
LaoRodriguez2023,NO_FIGURE_TEXT,1,LO,Interspecies Hierarchical Ubiquity,1.0,NOFIG__LaoRodriguez2023__gemma-4-31b-it__T000__R01,gemma-4-31b-it,0.0,valid,strict_json
LaoRodriguez2023,NO_FIGURE_TEXT,1,GO,Interspecies Hierarchical Ubiquity,1.0,NOFIG__LaoRodriguez2023__gemma-4-31b-it__T000__R01,gemma-4-31b-it,0.0,valid,strict_json
LaoRodriguez2023,NO_FIGURE_TEXT,1,LO,Temporal Stability of Ubiquity,,NOFIG__LaoRodriguez2023__gemma-4-31b-it__T000__R01,gemma-4-31b-it,0.0,valid,strict_json
LaoRodriguez2023,NO_FIGURE_TEXT,1,GO,Temporal Stability of Ubiquity,,NOFIG__LaoRodriguez2023__gemma-4-31b-it__T000__R01,gemma-4-31b-it,0.0,valid,strict_json
LaoRodriguez2023,NO_FIGURE_TEXT,1,LO,Hierarchical Order Stability,,NOFIG__LaoRodriguez2023__gemma-4-31b-it__T000__R01,gemma-4-31b-it,0.0,valid,strict_json
LaoRodriguez2023,NO_FIGURE_TEXT,1,GO,Hierarchical Order Stability,,NOFIG__LaoRodriguez2023__gemma-4-31b-it__T000__R01,gemma-4-31b-it,0.0,valid,strict_json
LaoRodriguez2023,NO_FIGURE_TEXT,1,LO,Population-Wide Ubiquity,,NOFIG__LaoRodriguez2023__gemma-4-31b-it__T000__R01,gemma-4-31b-it,0.0,valid,strict_json
LaoRodriguez2023,NO_FIGURE_TEXT,1,GO,Population-Wide Ubiquity,,NOFIG__LaoRodriguez2023__gemma-4-31b-it__T000__R01,gemma-4-31b-it,0.0,valid,strict_json
LaoRodriguez2023,NO_FIGURE_TEXT,1,LO,State-Independent Ubiquity,0.5,NOFIG__LaoRodriguez2023__gemma-4-31b-it__T000__R01,gemma-4-31b-it,0.0,valid,strict_json
LaoRodriguez2023,NO_FIGURE_TEXT,1,GO,State-Independent Ubiquity,0.5,NOFIG__LaoRodriguez2023__gemma-4-31b-it__T000__R01,gemma-4-31b-it,0.0,valid,strict_json
LeeMejias2025,NO_FIGURE_TEXT,1,LO,Subtractive Inhibition (SST),1.0,NOFIG__LeeMejias2025__gemma-4-31b-it__T000__R01,gemma-4-31b-it,0.0,valid,strict_json
LeeMejias2025,NO_FIGURE_TEXT,1,GO,Subtractive Inhibition (SST),1.0,NOFIG__LeeMejias2025__gemma-4-31b-it__T000__R01,gemma-4-31b-it,0.0,valid,strict_json
LeeMejias2025,NO_FIGURE_TEXT,1,LO,Divisive Inhibition (PV),1.0,NOFIG__LeeMejias2025__gemma-4-31b-it__T000__R01,gemma-4-31b-it,0.0,valid,strict_json
LeeMejias2025,NO_FIGURE_TEXT,1,GO,Divisive Inhibition (PV),1.0,NOFIG__LeeMejias2025__gemma-4-31b-it__T000__R01,gemma-4-31b-it,0.0,valid,strict_json
LeeMejias2025,NO_FIGURE_TEXT,1,LO,Inhibition (GABA),1.0,NOFIG__LeeMejias2025__gemma-4-31b-it__T000__R01,gemma-4-31b-it,0.0,valid,strict_json
LeeMejias2025,NO_FIGURE_TEXT,1,GO,Inhibition (GABA),1.0,NOFIG__LeeMejias2025__gemma-4-31b-it__T000__R01,gemma-4-31b-it,0.0,valid,strict_json
LeeMejias2025,NO_FIGURE_TEXT,1,LO,Habituation to Sequence,1.0,NOFIG__LeeMejias2025__gemma-4-31b-it__T000__R01,gemma-4-31b-it,0.0,valid,strict_json
LeeMejias2025,NO_FIGURE_TEXT,1,GO,Habituation to Sequence,,NOFIG__LeeMejias2025__gemma-4-31b-it__T000__R01,gemma-4-31b-it,0.0,valid,strict_json
LeeMejias2025,NO_FIGURE_TEXT,1,LO,Synaptic Depression (Adaptation),,NOFIG__LeeMejias2025__gemma-4-31b-it__T000__R01,gemma-4-31b-it,0.0,valid,strict_json
LeeMejias2025,NO_FIGURE_TEXT,1,GO,Synaptic Depression (Adaptation),,NOFIG__LeeMejias2025__gemma-4-31b-it__T000__R01,gemma-4-31b-it,0.0,valid,strict_json
LeeMejias2025,NO_FIGURE_TEXT,1,LO,Activity Suppression,1.0,NOFIG__LeeMejias2025__gemma-4-31b-it__T000__R01,gemma-4-31b-it,0.0,valid,strict_json
LeeMejias2025,NO_FIGURE_TEXT,1,GO,Activity Suppression,1.0,NOFIG__LeeMejias2025__gemma-4-31b-it__T000__R01,gemma-4-31b-it,0.0,valid,strict_json
LeeMejias2025,NO_FIGURE_TEXT,1,LO,Selective Sharpening,,NOFIG__LeeMejias2025__gemma-4-31b-it__T000__R01,gemma-4-31b-it,0.0,valid,strict_json
LeeMejias2025,NO_FIGURE_TEXT,1,GO,Selective Sharpening,,NOFIG__LeeMejias2025__gemma-4-31b-it__T000__R01,gemma-4-31b-it,0.0,valid,strict_json
LeeMejias2025,NO_FIGURE_TEXT,1,LO,Alpha/Beta Mediated Suppression,0.5,NOFIG__LeeMejias2025__gemma-4-31b-it__T000__R01,gemma-4-31b-it,0.0,valid,strict_json
LeeMejias2025,NO_FIGURE_TEXT,1,GO,Alpha/Beta Mediated Suppression,0.5,NOFIG__LeeMejias2025__gemma-4-31b-it__T000__R01,gemma-4-31b-it,0.0,valid,strict_json
LeeMejias2025,NO_FIGURE_TEXT,1,LO,VIP-Mediated Disinhibition,1.0,NOFIG__LeeMejias2025__gemma-4-31b-it__T000__R01,gemma-4-31b-it,0.0,valid,strict_json
LeeMejias2025,NO_FIGURE_TEXT,1,GO,VIP-Mediated Disinhibition,1.0,NOFIG__LeeMejias2025__gemma-4-31b-it__T000__R01,gemma-4-31b-it,0.0,valid,strict_json
LeeMejias2025,NO_FIGURE_TEXT,1,LO,Precision Weighting (Gain),0.5,NOFIG__LeeMejias2025__gemma-4-31b-it__T000__R01,gemma-4-31b-it,0.0,valid,strict_json
LeeMejias2025,NO_FIGURE_TEXT,1,GO,Precision Weighting (Gain),0.5,NOFIG__LeeMejias2025__gemma-4-31b-it__T000__R01,gemma-4-31b-it,0.0,valid,strict_json
LeeMejias2025,NO_FIGURE_TEXT,1,LO,E/I Balance Shift,1.0,NOFIG__LeeMejias2025__gemma-4-31b-it__T000__R01,gemma-4-31b-it,0.0,valid,strict_json
LeeMejias2025,NO_FIGURE_TEXT,1,GO,E/I Balance Shift,1.0,NOFIG__LeeMejias2025__gemma-4-31b-it__T000__R01,gemma-4-31b-it,0.0,valid,strict_json
LeeMejias2025,NO_FIGURE_TEXT,1,LO,Omission Response,1.0,NOFIG__LeeMejias2025__gemma-4-31b-it__T000__R01,gemma-4-31b-it,0.0,valid,strict_json
LeeMejias2025,NO_FIGURE_TEXT,1,GO,Omission Response,1.0,NOFIG__LeeMejias2025__gemma-4-31b-it__T000__R01,gemma-4-31b-it,0.0,valid,strict_json
LeeMejias2025,NO_FIGURE_TEXT,1,LO,Feedforward Deviance Detection,1.0,NOFIG__LeeMejias2025__gemma-4-31b-it__T000__R01,gemma-4-31b-it,0.0,valid,strict_json
LeeMejias2025,NO_FIGURE_TEXT,1,GO,Feedforward Deviance Detection,1.0,NOFIG__LeeMejias2025__gemma-4-31b-it__T000__R01,gemma-4-31b-it,0.0,valid,strict_json
LeeMejias2025,NO_FIGURE_TEXT,1,LO,Feedforward AMPA,,NOFIG__LeeMejias2025__gemma-4-31b-it__T000__R01,gemma-4-31b-it,0.0,valid,strict_json
LeeMejias2025,NO_FIGURE_TEXT,1,GO,Feedforward AMPA,,NOFIG__LeeMejias2025__gemma-4-31b-it__T000__R01,gemma-4-31b-it,0.0,valid,strict_json
LeeMejias2025,NO_FIGURE_TEXT,1,LO,Feedforward NMDA,,NOFIG__LeeMejias2025__gemma-4-31b-it__T000__R01,gemma-4-31b-it,0.0,valid,strict_json
LeeMejias2025,NO_FIGURE_TEXT,1,GO,Feedforward NMDA,,NOFIG__LeeMejias2025__gemma-4-31b-it__T000__R01,gemma-4-31b-it,0.0,valid,strict_json
LeeMejias2025,NO_FIGURE_TEXT,1,LO,Feedforward Ascending Gamma,0.5,NOFIG__LeeMejias2025__gemma-4-31b-it__T000__R01,gemma-4-31b-it,0.0,valid,strict_json
LeeMejias2025,NO_FIGURE_TEXT,1,GO,Feedforward Ascending Gamma,0.5,NOFIG__LeeMejias2025__gemma-4-31b-it__T000__R01,gemma-4-31b-it,0.0,valid,strict_json
LeeMejias2025,NO_FIGURE_TEXT,1,LO,Absence of Feedback Error,1.0,NOFIG__LeeMejias2025__gemma-4-31b-it__T000__R01,gemma-4-31b-it,0.0,valid,strict_json
LeeMejias2025,NO_FIGURE_TEXT,1,GO,Absence of Feedback Error,1.0,NOFIG__LeeMejias2025__gemma-4-31b-it__T000__R01,gemma-4-31b-it,0.0,valid,strict_json
LeeMejias2025,NO_FIGURE_TEXT,1,LO,Feedforward Non-local Supragranular Activity (L2/3),1.0,NOFIG__LeeMejias2025__gemma-4-31b-it__T000__R01,gemma-4-31b-it,0.0,valid,strict_json
LeeMejias2025,NO_FIGURE_TEXT,1,GO,Feedforward Non-local Supragranular Activity (L2/3),1.0,NOFIG__LeeMejias2025__gemma-4-31b-it__T000__R01,gemma-4-31b-it,0.0,valid,strict_json
LeeMejias2025,NO_FIGURE_TEXT,1,LO,Feedforward Non-local Granular Activity (L4),1.0,NOFIG__LeeMejias2025__gemma-4-31b-it__T000__R01,gemma-4-31b-it,0.0,valid,strict_json
LeeMejias2025,NO_FIGURE_TEXT,1,GO,Feedforward Non-local Granular Activity (L4),1.0,NOFIG__LeeMejias2025__gemma-4-31b-it__T000__R01,gemma-4-31b-it,0.0,valid,strict_json
LeeMejias2025,NO_FIGURE_TEXT,1,LO,Feedforward Non-local Directed Connectivity,1.0,NOFIG__LeeMejias2025__gemma-4-31b-it__T000__R01,gemma-4-31b-it,0.0,valid,strict_json
LeeMejias2025,NO_FIGURE_TEXT,1,GO,Feedforward Non-local Directed Connectivity,1.0,NOFIG__LeeMejias2025__gemma-4-31b-it__T000__R01,gemma-4-31b-it,0.0,valid,strict_json
LeeMejias2025,NO_FIGURE_TEXT,1,LO,Feedforward Non-local Activation,1.0,NOFIG__LeeMejias2025__gemma-4-31b-it__T000__R01,gemma-4-31b-it,0.0,valid,strict_json
LeeMejias2025,NO_FIGURE_TEXT,1,GO,Feedforward Non-local Activation,1.0,NOFIG__LeeMejias2025__gemma-4-31b-it__T000__R01,gemma-4-31b-it,0.0,valid,strict_json
LeeMejias2025,NO_FIGURE_TEXT,1,LO,Ascending Latency Shift,,NOFIG__LeeMejias2025__gemma-4-31b-it__T000__R01,gemma-4-31b-it,0.0,valid,strict_json
LeeMejias2025,NO_FIGURE_TEXT,1,GO,Ascending Latency Shift,,NOFIG__LeeMejias2025__gemma-4-31b-it__T000__R01,gemma-4-31b-it,0.0,valid,strict_json
LeeMejias2025,NO_FIGURE_TEXT,1,LO,Feedforward Error Propagation,1.0,NOFIG__LeeMejias2025__gemma-4-31b-it__T000__R01,gemma-4-31b-it,0.0,valid,strict_json
LeeMejias2025,NO_FIGURE_TEXT,1,GO,Feedforward Error Propagation,1.0,NOFIG__LeeMejias2025__gemma-4-31b-it__T000__R01,gemma-4-31b-it,0.0,valid,strict_json
LeeMejias2025,NO_FIGURE_TEXT,1,LO,Subcortical Feedforward Relaying,,NOFIG__LeeMejias2025__gemma-4-31b-it__T000__R01,gemma-4-31b-it,0.0,valid,strict_json
LeeMejias2025,NO_FIGURE_TEXT,1,GO,Subcortical Feedforward Relaying,,NOFIG__LeeMejias2025__gemma-4-31b-it__T000__R01,gemma-4-31b-it,0.0,valid,strict_json
LeeMejias2025,NO_FIGURE_TEXT,1,LO,Canonical Microcircuit Ubiquity,0.5,NOFIG__LeeMejias2025__gemma-4-31b-it__T000__R01,gemma-4-31b-it,0.0,valid,strict_json
LeeMejias2025,NO_FIGURE_TEXT,1,GO,Canonical Microcircuit Ubiquity,0.5,NOFIG__LeeMejias2025__gemma-4-31b-it__T000__R01,gemma-4-31b-it,0.0,valid,strict_json
LeeMejias2025,NO_FIGURE_TEXT,1,LO,Hierarchical Mechanism Invariance,0.5,NOFIG__LeeMejias2025__gemma-4-31b-it__T000__R01,gemma-4-31b-it,0.0,valid,strict_json
LeeMejias2025,NO_FIGURE_TEXT,1,GO,Hierarchical Mechanism Invariance,0.5,NOFIG__LeeMejias2025__gemma-4-31b-it__T000__R01,gemma-4-31b-it,0.0,valid,strict_json
LeeMejias2025,NO_FIGURE_TEXT,1,LO,Hierarchical Activity Ubiquity,1.0,NOFIG__LeeMejias2025__gemma-4-31b-it__T000__R01,gemma-4-31b-it,0.0,valid,strict_json
LeeMejias2025,NO_FIGURE_TEXT,1,GO,Hierarchical Activity Ubiquity,1.0,NOFIG__LeeMejias2025__gemma-4-31b-it__T000__R01,gemma-4-31b-it,0.0,valid,strict_json
LeeMejias2025,NO_FIGURE_TEXT,1,LO,Hierarchical CSD Ubiquity,,NOFIG__LeeMejias2025__gemma-4-31b-it__T000__R01,gemma-4-31b-it,0.0,valid,strict_json
LeeMejias2025,NO_FIGURE_TEXT,1,GO,Hierarchical CSD Ubiquity,,NOFIG__LeeMejias2025__gemma-4-31b-it__T000__R01,gemma-4-31b-it,0.0,valid,strict_json
LeeMejias2025,NO_FIGURE_TEXT,1,LO,Cross-Scale Hierarchical Ubiquity,,NOFIG__LeeMejias2025__gemma-4-31b-it__T000__R01,gemma-4-31b-it,0.0,valid,strict_json
LeeMejias2025,NO_FIGURE_TEXT,1,GO,Cross-Scale Hierarchical Ubiquity,,NOFIG__LeeMejias2025__gemma-4-31b-it__T000__R01,gemma-4-31b-it,0.0,valid,strict_json
LeeMejias2025,NO_FIGURE_TEXT,1,LO,Hierarchical Presence (V1-PFC),0.5,NOFIG__LeeMejias2025__gemma-4-31b-it__T000__R01,gemma-4-31b-it,0.0,valid,strict_json
LeeMejias2025,NO_FIGURE_TEXT,1,GO,Hierarchical Presence (V1-PFC),0.5,NOFIG__LeeMejias2025__gemma-4-31b-it__T000__R01,gemma-4-31b-it,0.0,valid,strict_json
LeeMejias2025,NO_FIGURE_TEXT,1,LO,Cross-Modal Ubiquity,,NOFIG__LeeMejias2025__gemma-4-31b-it__T000__R01,gemma-4-31b-it,0.0,valid,strict_json
LeeMejias2025,NO_FIGURE_TEXT,1,GO,Cross-Modal Ubiquity,,NOFIG__LeeMejias2025__gemma-4-31b-it__T000__R01,gemma-4-31b-it,0.0,valid,strict_json
LeeMejias2025,NO_FIGURE_TEXT,1,LO,Interspecies Hierarchical Ubiquity,,NOFIG__LeeMejias2025__gemma-4-31b-it__T000__R01,gemma-4-31b-it,0.0,valid,strict_json
LeeMejias2025,NO_FIGURE_TEXT,1,GO,Interspecies Hierarchical Ubiquity,,NOFIG__LeeMejias2025__gemma-4-31b-it__T000__R01,gemma-4-31b-it,0.0,valid,strict_json
LeeMejias2025,NO_FIGURE_TEXT,1,LO,Temporal Stability of Ubiquity,,NOFIG__LeeMejias2025__gemma-4-31b-it__T000__R01,gemma-4-31b-it,0.0,valid,strict_json
LeeMejias2025,NO_FIGURE_TEXT,1,GO,Temporal Stability of Ubiquity,,NOFIG__LeeMejias2025__gemma-4-31b-it__T000__R01,gemma-4-31b-it,0.0,valid,strict_json
LeeMejias2025,NO_FIGURE_TEXT,1,LO,Hierarchical Order Stability,1.0,NOFIG__LeeMejias2025__gemma-4-31b-it__T000__R01,gemma-4-31b-it,0.0,valid,strict_json
LeeMejias2025,NO_FIGURE_TEXT,1,GO,Hierarchical Order Stability,1.0,NOFIG__LeeMejias2025__gemma-4-31b-it__T000__R01,gemma-4-31b-it,0.0,valid,strict_json
LeeMejias2025,NO_FIGURE_TEXT,1,LO,Population-Wide Ubiquity,0.5,NOFIG__LeeMejias2025__gemma-4-31b-it__T000__R01,gemma-4-31b-it,0.0,valid,strict_json
LeeMejias2025,NO_FIGURE_TEXT,1,GO,Population-Wide Ubiquity,0.5,NOFIG__LeeMejias2025__gemma-4-31b-it__T000__R01,gemma-4-31b-it,0.0,valid,strict_json
LeeMejias2025,NO_FIGURE_TEXT,1,LO,State-Independent Ubiquity,,NOFIG__LeeMejias2025__gemma-4-31b-it__T000__R01,gemma-4-31b-it,0.0,valid,strict_json
LeeMejias2025,NO_FIGURE_TEXT,1,GO,State-Independent Ubiquity,,NOFIG__LeeMejias2025__gemma-4-31b-it__T000__R01,gemma-4-31b-it,0.0,valid,strict_json
Mikulasch2023,NO_FIGURE_TEXT,1,LO,Subtractive Inhibition (SST),,NOFIG__Mikulasch2023__gemma-4-31b-it__T000__R01,gemma-4-31b-it,0.0,valid,strict_json
Mikulasch2023,NO_FIGURE_TEXT,1,GO,Subtractive Inhibition (SST),,NOFIG__Mikulasch2023__gemma-4-31b-it__T000__R01,gemma-4-31b-it,0.0,valid,strict_json
Mikulasch2023,NO_FIGURE_TEXT,1,LO,Divisive Inhibition (PV),,NOFIG__Mikulasch2023__gemma-4-31b-it__T000__R01,gemma-4-31b-it,0.0,valid,strict_json
Mikulasch2023,NO_FIGURE_TEXT,1,GO,Divisive Inhibition (PV),,NOFIG__Mikulasch2023__gemma-4-31b-it__T000__R01,gemma-4-31b-it,0.0,valid,strict_json
Mikulasch2023,NO_FIGURE_TEXT,1,LO,Inhibition (GABA),,NOFIG__Mikulasch2023__gemma-4-31b-it__T000__R01,gemma-4-31b-it,0.0,valid,strict_json
Mikulasch2023,NO_FIGURE_TEXT,1,GO,Inhibition (GABA),,NOFIG__Mikulasch2023__gemma-4-31b-it__T000__R01,gemma-4-31b-it,0.0,valid,strict_json
Mikulasch2023,NO_FIGURE_TEXT,1,LO,Habituation to Sequence,,NOFIG__Mikulasch2023__gemma-4-31b-it__T000__R01,gemma-4-31b-it,0.0,valid,strict_json
Mikulasch2023,NO_FIGURE_TEXT,1,GO,Habituation to Sequence,,NOFIG__Mikulasch2023__gemma-4-31b-it__T000__R01,gemma-4-31b-it,0.0,valid,strict_json
Mikulasch2023,NO_FIGURE_TEXT,1,LO,Synaptic Depression (Adaptation),,NOFIG__Mikulasch2023__gemma-4-31b-it__T000__R01,gemma-4-31b-it,0.0,valid,strict_json
Mikulasch2023,NO_FIGURE_TEXT,1,GO,Synaptic Depression (Adaptation),,NOFIG__Mikulasch2023__gemma-4-31b-it__T000__R01,gemma-4-31b-it,0.0,valid,strict_json
Mikulasch2023,NO_FIGURE_TEXT,1,LO,Activity Suppression,0.0,NOFIG__Mikulasch2023__gemma-4-31b-it__T000__R01,gemma-4-31b-it,0.0,valid,strict_json
Mikulasch2023,NO_FIGURE_TEXT,1,GO,Activity Suppression,0.0,NOFIG__Mikulasch2023__gemma-4-31b-it__T000__R01,gemma-4-31b-it,0.0,valid,strict_json
Mikulasch2023,NO_FIGURE_TEXT,1,LO,Selective Sharpening,,NOFIG__Mikulasch2023__gemma-4-31b-it__T000__R01,gemma-4-31b-it,0.0,valid,strict_json
Mikulasch2023,NO_FIGURE_TEXT,1,GO,Selective Sharpening,,NOFIG__Mikulasch2023__gemma-4-31b-it__T000__R01,gemma-4-31b-it,0.0,valid,strict_json
Mikulasch2023,NO_FIGURE_TEXT,1,LO,Alpha/Beta Mediated Suppression,,NOFIG__Mikulasch2023__gemma-4-31b-it__T000__R01,gemma-4-31b-it,0.0,valid,strict_json
Mikulasch2023,NO_FIGURE_TEXT,1,GO,Alpha/Beta Mediated Suppression,,NOFIG__Mikulasch2023__gemma-4-31b-it__T000__R01,gemma-4-31b-it,0.0,valid,strict_json
Mikulasch2023,NO_FIGURE_TEXT,1,LO,VIP-Mediated Disinhibition,,NOFIG__Mikulasch2023__gemma-4-31b-it__T000__R01,gemma-4-31b-it,0.0,valid,strict_json
Mikulasch2023,NO_FIGURE_TEXT,1,GO,VIP-Mediated Disinhibition,,NOFIG__Mikulasch2023__gemma-4-31b-it__T000__R01,gemma-4-31b-it,0.0,valid,strict_json
Mikulasch2023,NO_FIGURE_TEXT,1,LO,Precision Weighting (Gain),,NOFIG__Mikulasch2023__gemma-4-31b-it__T000__R01,gemma-4-31b-it,0.0,valid,strict_json
Mikulasch2023,NO_FIGURE_TEXT,1,GO,Precision Weighting (Gain),,NOFIG__Mikulasch2023__gemma-4-31b-it__T000__R01,gemma-4-31b-it,0.0,valid,strict_json
Mikulasch2023,NO_FIGURE_TEXT,1,LO,E/I Balance Shift,,NOFIG__Mikulasch2023__gemma-4-31b-it__T000__R01,gemma-4-31b-it,0.0,valid,strict_json
Mikulasch2023,NO_FIGURE_TEXT,1,GO,E/I Balance Shift,,NOFIG__Mikulasch2023__gemma-4-31b-it__T000__R01,gemma-4-31b-it,0.0,valid,strict_json
Mikulasch2023,NO_FIGURE_TEXT,1,LO,Omission Response,0.5,NOFIG__Mikulasch2023__gemma-4-31b-it__T000__R01,gemma-4-31b-it,0.0,valid,strict_json
Mikulasch2023,NO_FIGURE_TEXT,1,GO,Omission Response,0.5,NOFIG__Mikulasch2023__gemma-4-31b-it__T000__R01,gemma-4-31b-it,0.0,valid,strict_json
Mikulasch2023,NO_FIGURE_TEXT,1,LO,Feedforward Deviance Detection,,NOFIG__Mikulasch2023__gemma-4-31b-it__T000__R01,gemma-4-31b-it,0.0,valid,strict_json
Mikulasch2023,NO_FIGURE_TEXT,1,GO,Feedforward Deviance Detection,,NOFIG__Mikulasch2023__gemma-4-31b-it__T000__R01,gemma-4-31b-it,0.0,valid,strict_json
Mikulasch2023,NO_FIGURE_TEXT,1,LO,Feedforward AMPA,,NOFIG__Mikulasch2023__gemma-4-31b-it__T000__R01,gemma-4-31b-it,0.0,valid,strict_json
Mikulasch2023,NO_FIGURE_TEXT,1,GO,Feedforward AMPA,,NOFIG__Mikulasch2023__gemma-4-31b-it__T000__R01,gemma-4-31b-it,0.0,valid,strict_json
Mikulasch2023,NO_FIGURE_TEXT,1,LO,Feedforward NMDA,,NOFIG__Mikulasch2023__gemma-4-31b-it__T000__R01,gemma-4-31b-it,0.0,valid,strict_json
Mikulasch2023,NO_FIGURE_TEXT,1,GO,Feedforward NMDA,,NOFIG__Mikulasch2023__gemma-4-31b-it__T000__R01,gemma-4-31b-it,0.0,valid,strict_json
Mikulasch2023,NO_FIGURE_TEXT,1,LO,Feedforward Ascending Gamma,,NOFIG__Mikulasch2023__gemma-4-31b-it__T000__R01,gemma-4-31b-it,0.0,valid,strict_json
Mikulasch2023,NO_FIGURE_TEXT,1,GO,Feedforward Ascending Gamma,,NOFIG__Mikulasch2023__gemma-4-31b-it__T000__R01,gemma-4-31b-it,0.0,valid,strict_json
Mikulasch2023,NO_FIGURE_TEXT,1,LO,Absence of Feedback Error,,NOFIG__Mikulasch2023__gemma-4-31b-it__T000__R01,gemma-4-31b-it,0.0,valid,strict_json
Mikulasch2023,NO_FIGURE_TEXT,1,GO,Absence of Feedback Error,,NOFIG__Mikulasch2023__gemma-4-31b-it__T000__R01,gemma-4-31b-it,0.0,valid,strict_json
Mikulasch2023,NO_FIGURE_TEXT,1,LO,Feedforward Non-local Supragranular Activity (L2/3),,NOFIG__Mikulasch2023__gemma-4-31b-it__T000__R01,gemma-4-31b-it,0.0,valid,strict_json
Mikulasch2023,NO_FIGURE_TEXT,1,GO,Feedforward Non-local Supragranular Activity (L2/3),,NOFIG__Mikulasch2023__gemma-4-31b-it__T000__R01,gemma-4-31b-it,0.0,valid,strict_json
Mikulasch2023,NO_FIGURE_TEXT,1,LO,Feedforward Non-local Granular Activity (L4),,NOFIG__Mikulasch2023__gemma-4-31b-it__T000__R01,gemma-4-31b-it,0.0,valid,strict_json
Mikulasch2023,NO_FIGURE_TEXT,1,GO,Feedforward Non-local Granular Activity (L4),,NOFIG__Mikulasch2023__gemma-4-31b-it__T000__R01,gemma-4-31b-it,0.0,valid,strict_json
Mikulasch2023,NO_FIGURE_TEXT,1,LO,Feedforward Non-local Directed Connectivity,,NOFIG__Mikulasch2023__gemma-4-31b-it__T000__R01,gemma-4-31b-it,0.0,valid,strict_json
Mikulasch2023,NO_FIGURE_TEXT,1,GO,Feedforward Non-local Directed Connectivity,,NOFIG__Mikulasch2023__gemma-4-31b-it__T000__R01,gemma-4-31b-it,0.0,valid,strict_json
Mikulasch2023,NO_FIGURE_TEXT,1,LO,Feedforward Non-local Activation,,NOFIG__Mikulasch2023__gemma-4-31b-it__T000__R01,gemma-4-31b-it,0.0,valid,strict_json
Mikulasch2023,NO_FIGURE_TEXT,1,GO,Feedforward Non-local Activation,,NOFIG__Mikulasch2023__gemma-4-31b-it__T000__R01,gemma-4-31b-it,0.0,valid,strict_json
Mikulasch2023,NO_FIGURE_TEXT,1,LO,Ascending Latency Shift,,NOFIG__Mikulasch2023__gemma-4-31b-it__T000__R01,gemma-4-31b-it,0.0,valid,strict_json
Mikulasch2023,NO_FIGURE_TEXT,1,GO,Ascending Latency Shift,,NOFIG__Mikulasch2023__gemma-4-31b-it__T000__R01,gemma-4-31b-it,0.0,valid,strict_json
Mikulasch2023,NO_FIGURE_TEXT,1,LO,Feedforward Error Propagation,,NOFIG__Mikulasch2023__gemma-4-31b-it__T000__R01,gemma-4-31b-it,0.0,valid,strict_json
Mikulasch2023,NO_FIGURE_TEXT,1,GO,Feedforward Error Propagation,,NOFIG__Mikulasch2023__gemma-4-31b-it__T000__R01,gemma-4-31b-it,0.0,valid,strict_json
Mikulasch2023,NO_FIGURE_TEXT,1,LO,Subcortical Feedforward Relaying,,NOFIG__Mikulasch2023__gemma-4-31b-it__T000__R01,gemma-4-31b-it,0.0,valid,strict_json
Mikulasch2023,NO_FIGURE_TEXT,1,GO,Subcortical Feedforward Relaying,,NOFIG__Mikulasch2023__gemma-4-31b-it__T000__R01,gemma-4-31b-it,0.0,valid,strict_json
Mikulasch2023,NO_FIGURE_TEXT,1,LO,Canonical Microcircuit Ubiquity,,NOFIG__Mikulasch2023__gemma-4-31b-it__T000__R01,gemma-4-31b-it,0.0,valid,strict_json
Mikulasch2023,NO_FIGURE_TEXT,1,GO,Canonical Microcircuit Ubiquity,,NOFIG__Mikulasch2023__gemma-4-31b-it__T000__R01,gemma-4-31b-it,0.0,valid,strict_json
Mikulasch2023,NO_FIGURE_TEXT,1,LO,Hierarchical Mechanism Invariance,,NOFIG__Mikulasch2023__gemma-4-31b-it__T000__R01,gemma-4-31b-it,0.0,valid,strict_json
Mikulasch2023,NO_FIGURE_TEXT,1,GO,Hierarchical Mechanism Invariance,,NOFIG__Mikulasch2023__gemma-4-31b-it__T000__R01,gemma-4-31b-it,0.0,valid,strict_json
Mikulasch2023,NO_FIGURE_TEXT,1,LO,Hierarchical Activity Ubiquity,,NOFIG__Mikulasch2023__gemma-4-31b-it__T000__R01,gemma-4-31b-it,0.0,valid,strict_json
Mikulasch2023,NO_FIGURE_TEXT,1,GO,Hierarchical Activity Ubiquity,,NOFIG__Mikulasch2023__gemma-4-31b-it__T000__R01,gemma-4-31b-it,0.0,valid,strict_json
Mikulasch2023,NO_FIGURE_TEXT,1,LO,Hierarchical CSD Ubiquity,,NOFIG__Mikulasch2023__gemma-4-31b-it__T000__R01,gemma-4-31b-it,0.0,valid,strict_json
Mikulasch2023,NO_FIGURE_TEXT,1,GO,Hierarchical CSD Ubiquity,,NOFIG__Mikulasch2023__gemma-4-31b-it__T000__R01,gemma-4-31b-it,0.0,valid,strict_json
Mikulasch2023,NO_FIGURE_TEXT,1,LO,Cross-Scale Hierarchical Ubiquity,,NOFIG__Mikulasch2023__gemma-4-31b-it__T000__R01,gemma-4-31b-it,0.0,valid,strict_json
Mikulasch2023,NO_FIGURE_TEXT,1,GO,Cross-Scale Hierarchical Ubiquity,,NOFIG__Mikulasch2023__gemma-4-31b-it__T000__R01,gemma-4-31b-it,0.0,valid,strict_json
Mikulasch2023,NO_FIGURE_TEXT,1,LO,Hierarchical Presence (V1-PFC),,NOFIG__Mikulasch2023__gemma-4-31b-it__T000__R01,gemma-4-31b-it,0.0,valid,strict_json
Mikulasch2023,NO_FIGURE_TEXT,1,GO,Hierarchical Presence (V1-PFC),,NOFIG__Mikulasch2023__gemma-4-31b-it__T000__R01,gemma-4-31b-it,0.0,valid,strict_json
Mikulasch2023,NO_FIGURE_TEXT,1,LO,Cross-Modal Ubiquity,,NOFIG__Mikulasch2023__gemma-4-31b-it__T000__R01,gemma-4-31b-it,0.0,valid,strict_json
Mikulasch2023,NO_FIGURE_TEXT,1,GO,Cross-Modal Ubiquity,,NOFIG__Mikulasch2023__gemma-4-31b-it__T000__R01,gemma-4-31b-it,0.0,valid,strict_json
Mikulasch2023,NO_FIGURE_TEXT,1,LO,Interspecies Hierarchical Ubiquity,,NOFIG__Mikulasch2023__gemma-4-31b-it__T000__R01,gemma-4-31b-it,0.0,valid,strict_json
Mikulasch2023,NO_FIGURE_TEXT,1,GO,Interspecies Hierarchical Ubiquity,,NOFIG__Mikulasch2023__gemma-4-31b-it__T000__R01,gemma-4-31b-it,0.0,valid,strict_json
Mikulasch2023,NO_FIGURE_TEXT,1,LO,Temporal Stability of Ubiquity,,NOFIG__Mikulasch2023__gemma-4-31b-it__T000__R01,gemma-4-31b-it,0.0,valid,strict_json
Mikulasch2023,NO_FIGURE_TEXT,1,GO,Temporal Stability of Ubiquity,,NOFIG__Mikulasch2023__gemma-4-31b-it__T000__R01,gemma-4-31b-it,0.0,valid,strict_json
Mikulasch2023,NO_FIGURE_TEXT,1,LO,Hierarchical Order Stability,,NOFIG__Mikulasch2023__gemma-4-31b-it__T000__R01,gemma-4-31b-it,0.0,valid,strict_json
Mikulasch2023,NO_FIGURE_TEXT,1,GO,Hierarchical Order Stability,,NOFIG__Mikulasch2023__gemma-4-31b-it__T000__R01,gemma-4-31b-it,0.0,valid,strict_json
Mikulasch2023,NO_FIGURE_TEXT,1,LO,Population-Wide Ubiquity,,NOFIG__Mikulasch2023__gemma-4-31b-it__T000__R01,gemma-4-31b-it,0.0,valid,strict_json
Mikulasch2023,NO_FIGURE_TEXT,1,GO,Population-Wide Ubiquity,,NOFIG__Mikulasch2023__gemma-4-31b-it__T000__R01,gemma-4-31b-it,0.0,valid,strict_json
Mikulasch2023,NO_FIGURE_TEXT,1,LO,State-Independent Ubiquity,,NOFIG__Mikulasch2023__gemma-4-31b-it__T000__R01,gemma-4-31b-it,0.0,valid,strict_json
Mikulasch2023,NO_FIGURE_TEXT,1,GO,State-Independent Ubiquity,,NOFIG__Mikulasch2023__gemma-4-31b-it__T000__R01,gemma-4-31b-it,0.0,valid,strict_json
Nejad2025,NO_FIGURE_TEXT,1,LO,Subtractive Inhibition (SST),,NOFIG__Nejad2025__gemma-4-31b-it__T000__R01,gemma-4-31b-it,0.0,valid,strict_json
Nejad2025,NO_FIGURE_TEXT,1,GO,Subtractive Inhibition (SST),,NOFIG__Nejad2025__gemma-4-31b-it__T000__R01,gemma-4-31b-it,0.0,valid,strict_json
Nejad2025,NO_FIGURE_TEXT,1,LO,Divisive Inhibition (PV),,NOFIG__Nejad2025__gemma-4-31b-it__T000__R01,gemma-4-31b-it,0.0,valid,strict_json
Nejad2025,NO_FIGURE_TEXT,1,GO,Divisive Inhibition (PV),,NOFIG__Nejad2025__gemma-4-31b-it__T000__R01,gemma-4-31b-it,0.0,valid,strict_json
Nejad2025,NO_FIGURE_TEXT,1,LO,Inhibition (GABA),,NOFIG__Nejad2025__gemma-4-31b-it__T000__R01,gemma-4-31b-it,0.0,valid,strict_json
Nejad2025,NO_FIGURE_TEXT,1,GO,Inhibition (GABA),,NOFIG__Nejad2025__gemma-4-31b-it__T000__R01,gemma-4-31b-it,0.0,valid,strict_json
Nejad2025,NO_FIGURE_TEXT,1,LO,Habituation to Sequence,,NOFIG__Nejad2025__gemma-4-31b-it__T000__R01,gemma-4-31b-it,0.0,valid,strict_json
Nejad2025,NO_FIGURE_TEXT,1,GO,Habituation to Sequence,,NOFIG__Nejad2025__gemma-4-31b-it__T000__R01,gemma-4-31b-it,0.0,valid,strict_json
Nejad2025,NO_FIGURE_TEXT,1,LO,Synaptic Depression (Adaptation),,NOFIG__Nejad2025__gemma-4-31b-it__T000__R01,gemma-4-31b-it,0.0,valid,strict_json
Nejad2025,NO_FIGURE_TEXT,1,GO,Synaptic Depression (Adaptation),,NOFIG__Nejad2025__gemma-4-31b-it__T000__R01,gemma-4-31b-it,0.0,valid,strict_json
Nejad2025,NO_FIGURE_TEXT,1,LO,Activity Suppression,,NOFIG__Nejad2025__gemma-4-31b-it__T000__R01,gemma-4-31b-it,0.0,valid,strict_json
Nejad2025,NO_FIGURE_TEXT,1,GO,Activity Suppression,,NOFIG__Nejad2025__gemma-4-31b-it__T000__R01,gemma-4-31b-it,0.0,valid,strict_json
Nejad2025,NO_FIGURE_TEXT,1,LO,Selective Sharpening,,NOFIG__Nejad2025__gemma-4-31b-it__T000__R01,gemma-4-31b-it,0.0,valid,strict_json
Nejad2025,NO_FIGURE_TEXT,1,GO,Selective Sharpening,,NOFIG__Nejad2025__gemma-4-31b-it__T000__R01,gemma-4-31b-it,0.0,valid,strict_json
Nejad2025,NO_FIGURE_TEXT,1,LO,Alpha/Beta Mediated Suppression,,NOFIG__Nejad2025__gemma-4-31b-it__T000__R01,gemma-4-31b-it,0.0,valid,strict_json
Nejad2025,NO_FIGURE_TEXT,1,GO,Alpha/Beta Mediated Suppression,,NOFIG__Nejad2025__gemma-4-31b-it__T000__R01,gemma-4-31b-it,0.0,valid,strict_json
Nejad2025,NO_FIGURE_TEXT,1,LO,VIP-Mediated Disinhibition,,NOFIG__Nejad2025__gemma-4-31b-it__T000__R01,gemma-4-31b-it,0.0,valid,strict_json
Nejad2025,NO_FIGURE_TEXT,1,GO,VIP-Mediated Disinhibition,,NOFIG__Nejad2025__gemma-4-31b-it__T000__R01,gemma-4-31b-it,0.0,valid,strict_json
Nejad2025,NO_FIGURE_TEXT,1,LO,Precision Weighting (Gain),,NOFIG__Nejad2025__gemma-4-31b-it__T000__R01,gemma-4-31b-it,0.0,valid,strict_json
Nejad2025,NO_FIGURE_TEXT,1,GO,Precision Weighting (Gain),,NOFIG__Nejad2025__gemma-4-31b-it__T000__R01,gemma-4-31b-it,0.0,valid,strict_json
Nejad2025,NO_FIGURE_TEXT,1,LO,E/I Balance Shift,,NOFIG__Nejad2025__gemma-4-31b-it__T000__R01,gemma-4-31b-it,0.0,valid,strict_json
Nejad2025,NO_FIGURE_TEXT,1,GO,E/I Balance Shift,,NOFIG__Nejad2025__gemma-4-31b-it__T000__R01,gemma-4-31b-it,0.0,valid,strict_json
Nejad2025,NO_FIGURE_TEXT,1,LO,Omission Response,,NOFIG__Nejad2025__gemma-4-31b-it__T000__R01,gemma-4-31b-it,0.0,valid,strict_json
Nejad2025,NO_FIGURE_TEXT,1,GO,Omission Response,,NOFIG__Nejad2025__gemma-4-31b-it__T000__R01,gemma-4-31b-it,0.0,valid,strict_json
Nejad2025,NO_FIGURE_TEXT,1,LO,Feedforward Deviance Detection,1.0,NOFIG__Nejad2025__gemma-4-31b-it__T000__R01,gemma-4-31b-it,0.0,valid,strict_json
Nejad2025,NO_FIGURE_TEXT,1,GO,Feedforward Deviance Detection,1.0,NOFIG__Nejad2025__gemma-4-31b-it__T000__R01,gemma-4-31b-it,0.0,valid,strict_json
Nejad2025,NO_FIGURE_TEXT,1,LO,Feedforward AMPA,,NOFIG__Nejad2025__gemma-4-31b-it__T000__R01,gemma-4-31b-it,0.0,valid,strict_json
Nejad2025,NO_FIGURE_TEXT,1,GO,Feedforward AMPA,,NOFIG__Nejad2025__gemma-4-31b-it__T000__R01,gemma-4-31b-it,0.0,valid,strict_json
Nejad2025,NO_FIGURE_TEXT,1,LO,Feedforward NMDA,,NOFIG__Nejad2025__gemma-4-31b-it__T000__R01,gemma-4-31b-it,0.0,valid,strict_json
Nejad2025,NO_FIGURE_TEXT,1,GO,Feedforward NMDA,,NOFIG__Nejad2025__gemma-4-31b-it__T000__R01,gemma-4-31b-it,0.0,valid,strict_json
Nejad2025,NO_FIGURE_TEXT,1,LO,Feedforward Ascending Gamma,,NOFIG__Nejad2025__gemma-4-31b-it__T000__R01,gemma-4-31b-it,0.0,valid,strict_json
Nejad2025,NO_FIGURE_TEXT,1,GO,Feedforward Ascending Gamma,,NOFIG__Nejad2025__gemma-4-31b-it__T000__R01,gemma-4-31b-it,0.0,valid,strict_json
Nejad2025,NO_FIGURE_TEXT,1,LO,Absence of Feedback Error,-1.0,NOFIG__Nejad2025__gemma-4-31b-it__T000__R01,gemma-4-31b-it,0.0,valid,strict_json
Nejad2025,NO_FIGURE_TEXT,1,GO,Absence of Feedback Error,-1.0,NOFIG__Nejad2025__gemma-4-31b-it__T000__R01,gemma-4-31b-it,0.0,valid,strict_json
Nejad2025,NO_FIGURE_TEXT,1,LO,Feedforward Non-local Supragranular Activity (L2/3),1.0,NOFIG__Nejad2025__gemma-4-31b-it__T000__R01,gemma-4-31b-it,0.0,valid,strict_json
Nejad2025,NO_FIGURE_TEXT,1,GO,Feedforward Non-local Supragranular Activity (L2/3),1.0,NOFIG__Nejad2025__gemma-4-31b-it__T000__R01,gemma-4-31b-it,0.0,valid,strict_json
Nejad2025,NO_FIGURE_TEXT,1,LO,Feedforward Non-local Granular Activity (L4),1.0,NOFIG__Nejad2025__gemma-4-31b-it__T000__R01,gemma-4-31b-it,0.0,valid,strict_json
Nejad2025,NO_FIGURE_TEXT,1,GO,Feedforward Non-local Granular Activity (L4),1.0,NOFIG__Nejad2025__gemma-4-31b-it__T000__R01,gemma-4-31b-it,0.0,valid,strict_json
Nejad2025,NO_FIGURE_TEXT,1,LO,Feedforward Non-local Directed Connectivity,1.0,NOFIG__Nejad2025__gemma-4-31b-it__T000__R01,gemma-4-31b-it,0.0,valid,strict_json
Nejad2025,NO_FIGURE_TEXT,1,GO,Feedforward Non-local Directed Connectivity,1.0,NOFIG__Nejad2025__gemma-4-31b-it__T000__R01,gemma-4-31b-it,0.0,valid,strict_json
Nejad2025,NO_FIGURE_TEXT,1,LO,Feedforward Non-local Activation,1.0,NOFIG__Nejad2025__gemma-4-31b-it__T000__R01,gemma-4-31b-it,0.0,valid,strict_json
Nejad2025,NO_FIGURE_TEXT,1,GO,Feedforward Non-local Activation,1.0,NOFIG__Nejad2025__gemma-4-31b-it__T000__R01,gemma-4-31b-it,0.0,valid,strict_json
Nejad2025,NO_FIGURE_TEXT,1,LO,Ascending Latency Shift,1.0,NOFIG__Nejad2025__gemma-4-31b-it__T000__R01,gemma-4-31b-it,0.0,valid,strict_json
Nejad2025,NO_FIGURE_TEXT,1,GO,Ascending Latency Shift,1.0,NOFIG__Nejad2025__gemma-4-31b-it__T000__R01,gemma-4-31b-it,0.0,valid,strict_json
Nejad2025,NO_FIGURE_TEXT,1,LO,Feedforward Error Propagation,1.0,NOFIG__Nejad2025__gemma-4-31b-it__T000__R01,gemma-4-31b-it,0.0,valid,strict_json
Nejad2025,NO_FIGURE_TEXT,1,GO,Feedforward Error Propagation,1.0,NOFIG__Nejad2025__gemma-4-31b-it__T000__R01,gemma-4-31b-it,0.0,valid,strict_json
Nejad2025,NO_FIGURE_TEXT,1,LO,Subcortical Feedforward Relaying,1.0,NOFIG__Nejad2025__gemma-4-31b-it__T000__R01,gemma-4-31b-it,0.0,valid,strict_json
Nejad2025,NO_FIGURE_TEXT,1,GO,Subcortical Feedforward Relaying,1.0,NOFIG__Nejad2025__gemma-4-31b-it__T000__R01,gemma-4-31b-it,0.0,valid,strict_json
Nejad2025,NO_FIGURE_TEXT,1,LO,Canonical Microcircuit Ubiquity,,NOFIG__Nejad2025__gemma-4-31b-it__T000__R01,gemma-4-31b-it,0.0,valid,strict_json
Nejad2025,NO_FIGURE_TEXT,1,GO,Canonical Microcircuit Ubiquity,,NOFIG__Nejad2025__gemma-4-31b-it__T000__R01,gemma-4-31b-it,0.0,valid,strict_json
Nejad2025,NO_FIGURE_TEXT,1,LO,Hierarchical Mechanism Invariance,,NOFIG__Nejad2025__gemma-4-31b-it__T000__R01,gemma-4-31b-it,0.0,valid,strict_json
Nejad2025,NO_FIGURE_TEXT,1,GO,Hierarchical Mechanism Invariance,,NOFIG__Nejad2025__gemma-4-31b-it__T000__R01,gemma-4-31b-it,0.0,valid,strict_json
Nejad2025,NO_FIGURE_TEXT,1,LO,Hierarchical Activity Ubiquity,,NOFIG__Nejad2025__gemma-4-31b-it__T000__R01,gemma-4-31b-it,0.0,valid,strict_json
Nejad2025,NO_FIGURE_TEXT,1,GO,Hierarchical Activity Ubiquity,,NOFIG__Nejad2025__gemma-4-31b-it__T000__R01,gemma-4-31b-it,0.0,valid,strict_json
Nejad2025,NO_FIGURE_TEXT,1,LO,Hierarchical CSD Ubiquity,,NOFIG__Nejad2025__gemma-4-31b-it__T000__R01,gemma-4-31b-it,0.0,valid,strict_json
Nejad2025,NO_FIGURE_TEXT,1,GO,Hierarchical CSD Ubiquity,,NOFIG__Nejad2025__gemma-4-31b-it__T000__R01,gemma-4-31b-it,0.0,valid,strict_json
Nejad2025,NO_FIGURE_TEXT,1,LO,Cross-Scale Hierarchical Ubiquity,,NOFIG__Nejad2025__gemma-4-31b-it__T000__R01,gemma-4-31b-it,0.0,valid,strict_json
Nejad2025,NO_FIGURE_TEXT,1,GO,Cross-Scale Hierarchical Ubiquity,,NOFIG__Nejad2025__gemma-4-31b-it__T000__R01,gemma-4-31b-it,0.0,valid,strict_json
Nejad2025,NO_FIGURE_TEXT,1,LO,Hierarchical Presence (V1-PFC),,NOFIG__Nejad2025__gemma-4-31b-it__T000__R01,gemma-4-31b-it,0.0,valid,strict_json
Nejad2025,NO_FIGURE_TEXT,1,GO,Hierarchical Presence (V1-PFC),,NOFIG__Nejad2025__gemma-4-31b-it__T000__R01,gemma-4-31b-it,0.0,valid,strict_json
Nejad2025,NO_FIGURE_TEXT,1,LO,Cross-Modal Ubiquity,,NOFIG__Nejad2025__gemma-4-31b-it__T000__R01,gemma-4-31b-it,0.0,valid,strict_json
Nejad2025,NO_FIGURE_TEXT,1,GO,Cross-Modal Ubiquity,,NOFIG__Nejad2025__gemma-4-31b-it__T000__R01,gemma-4-31b-it,0.0,valid,strict_json
Nejad2025,NO_FIGURE_TEXT,1,LO,Interspecies Hierarchical Ubiquity,,NOFIG__Nejad2025__gemma-4-31b-it__T000__R01,gemma-4-31b-it,0.0,valid,strict_json
Nejad2025,NO_FIGURE_TEXT,1,GO,Interspecies Hierarchical Ubiquity,,NOFIG__Nejad2025__gemma-4-31b-it__T000__R01,gemma-4-31b-it,0.0,valid,strict_json
Nejad2025,NO_FIGURE_TEXT,1,LO,Temporal Stability of Ubiquity,,NOFIG__Nejad2025__gemma-4-31b-it__T000__R01,gemma-4-31b-it,0.0,valid,strict_json
Nejad2025,NO_FIGURE_TEXT,1,GO,Temporal Stability of Ubiquity,,NOFIG__Nejad2025__gemma-4-31b-it__T000__R01,gemma-4-31b-it,0.0,valid,strict_json
Nejad2025,NO_FIGURE_TEXT,1,LO,Hierarchical Order Stability,,NOFIG__Nejad2025__gemma-4-31b-it__T000__R01,gemma-4-31b-it,0.0,valid,strict_json
Nejad2025,NO_FIGURE_TEXT,1,GO,Hierarchical Order Stability,,NOFIG__Nejad2025__gemma-4-31b-it__T000__R01,gemma-4-31b-it,0.0,valid,strict_json
Nejad2025,NO_FIGURE_TEXT,1,LO,Population-Wide Ubiquity,,NOFIG__Nejad2025__gemma-4-31b-it__T000__R01,gemma-4-31b-it,0.0,valid,strict_json
Nejad2025,NO_FIGURE_TEXT,1,GO,Population-Wide Ubiquity,,NOFIG__Nejad2025__gemma-4-31b-it__T000__R01,gemma-4-31b-it,0.0,valid,strict_json
Nejad2025,NO_FIGURE_TEXT,1,LO,State-Independent Ubiquity,,NOFIG__Nejad2025__gemma-4-31b-it__T000__R01,gemma-4-31b-it,0.0,valid,strict_json
Nejad2025,NO_FIGURE_TEXT,1,GO,State-Independent Ubiquity,,NOFIG__Nejad2025__gemma-4-31b-it__T000__R01,gemma-4-31b-it,0.0,valid,strict_json
Payeur2021,NO_FIGURE_TEXT,1,LO,Subtractive Inhibition (SST),,NOFIG__Payeur2021__gemma-4-31b-it__T000__R01,gemma-4-31b-it,0.0,valid,strict_json
Payeur2021,NO_FIGURE_TEXT,1,GO,Subtractive Inhibition (SST),0.5,NOFIG__Payeur2021__gemma-4-31b-it__T000__R01,gemma-4-31b-it,0.0,valid,strict_json
Payeur2021,NO_FIGURE_TEXT,1,LO,Divisive Inhibition (PV),,NOFIG__Payeur2021__gemma-4-31b-it__T000__R01,gemma-4-31b-it,0.0,valid,strict_json
Payeur2021,NO_FIGURE_TEXT,1,GO,Divisive Inhibition (PV),,NOFIG__Payeur2021__gemma-4-31b-it__T000__R01,gemma-4-31b-it,0.0,valid,strict_json
Payeur2021,NO_FIGURE_TEXT,1,LO,Inhibition (GABA),,NOFIG__Payeur2021__gemma-4-31b-it__T000__R01,gemma-4-31b-it,0.0,valid,strict_json
Payeur2021,NO_FIGURE_TEXT,1,GO,Inhibition (GABA),,NOFIG__Payeur2021__gemma-4-31b-it__T000__R01,gemma-4-31b-it,0.0,valid,strict_json
Payeur2021,NO_FIGURE_TEXT,1,LO,Habituation to Sequence,,NOFIG__Payeur2021__gemma-4-31b-it__T000__R01,gemma-4-31b-it,0.0,valid,strict_json
Payeur2021,NO_FIGURE_TEXT,1,GO,Habituation to Sequence,,NOFIG__Payeur2021__gemma-4-31b-it__T000__R01,gemma-4-31b-it,0.0,valid,strict_json
Payeur2021,NO_FIGURE_TEXT,1,LO,Synaptic Depression (Adaptation),,NOFIG__Payeur2021__gemma-4-31b-it__T000__R01,gemma-4-31b-it,0.0,valid,strict_json
Payeur2021,NO_FIGURE_TEXT,1,GO,Synaptic Depression (Adaptation),,NOFIG__Payeur2021__gemma-4-31b-it__T000__R01,gemma-4-31b-it,0.0,valid,strict_json
Payeur2021,NO_FIGURE_TEXT,1,LO,Activity Suppression,,NOFIG__Payeur2021__gemma-4-31b-it__T000__R01,gemma-4-31b-it,0.0,valid,strict_json
Payeur2021,NO_FIGURE_TEXT,1,GO,Activity Suppression,,NOFIG__Payeur2021__gemma-4-31b-it__T000__R01,gemma-4-31b-it,0.0,valid,strict_json
Payeur2021,NO_FIGURE_TEXT,1,LO,Selective Sharpening,,NOFIG__Payeur2021__gemma-4-31b-it__T000__R01,gemma-4-31b-it,0.0,valid,strict_json
Payeur2021,NO_FIGURE_TEXT,1,GO,Selective Sharpening,,NOFIG__Payeur2021__gemma-4-31b-it__T000__R01,gemma-4-31b-it,0.0,valid,strict_json
Payeur2021,NO_FIGURE_TEXT,1,LO,Alpha/Beta Mediated Suppression,,NOFIG__Payeur2021__gemma-4-31b-it__T000__R01,gemma-4-31b-it,0.0,valid,strict_json
Payeur2021,NO_FIGURE_TEXT,1,GO,Alpha/Beta Mediated Suppression,,NOFIG__Payeur2021__gemma-4-31b-it__T000__R01,gemma-4-31b-it,0.0,valid,strict_json
Payeur2021,NO_FIGURE_TEXT,1,LO,VIP-Mediated Disinhibition,,NOFIG__Payeur2021__gemma-4-31b-it__T000__R01,gemma-4-31b-it,0.0,valid,strict_json
Payeur2021,NO_FIGURE_TEXT,1,GO,VIP-Mediated Disinhibition,,NOFIG__Payeur2021__gemma-4-31b-it__T000__R01,gemma-4-31b-it,0.0,valid,strict_json
Payeur2021,NO_FIGURE_TEXT,1,LO,Precision Weighting (Gain),,NOFIG__Payeur2021__gemma-4-31b-it__T000__R01,gemma-4-31b-it,0.0,valid,strict_json
Payeur2021,NO_FIGURE_TEXT,1,GO,Precision Weighting (Gain),,NOFIG__Payeur2021__gemma-4-31b-it__T000__R01,gemma-4-31b-it,0.0,valid,strict_json
Payeur2021,NO_FIGURE_TEXT,1,LO,E/I Balance Shift,,NOFIG__Payeur2021__gemma-4-31b-it__T000__R01,gemma-4-31b-it,0.0,valid,strict_json
Payeur2021,NO_FIGURE_TEXT,1,GO,E/I Balance Shift,,NOFIG__Payeur2021__gemma-4-31b-it__T000__R01,gemma-4-31b-it,0.0,valid,strict_json
Payeur2021,NO_FIGURE_TEXT,1,LO,Omission Response,,NOFIG__Payeur2021__gemma-4-31b-it__T000__R01,gemma-4-31b-it,0.0,valid,strict_json
Payeur2021,NO_FIGURE_TEXT,1,GO,Omission Response,,NOFIG__Payeur2021__gemma-4-31b-it__T000__R01,gemma-4-31b-it,0.0,valid,strict_json
Payeur2021,NO_FIGURE_TEXT,1,LO,Feedforward Deviance Detection,,NOFIG__Payeur2021__gemma-4-31b-it__T000__R01,gemma-4-31b-it,0.0,valid,strict_json
Payeur2021,NO_FIGURE_TEXT,1,GO,Feedforward Deviance Detection,,NOFIG__Payeur2021__gemma-4-31b-it__T000__R01,gemma-4-31b-it,0.0,valid,strict_json
Payeur2021,NO_FIGURE_TEXT,1,LO,Feedforward AMPA,,NOFIG__Payeur2021__gemma-4-31b-it__T000__R01,gemma-4-31b-it,0.0,valid,strict_json
Payeur2021,NO_FIGURE_TEXT,1,GO,Feedforward AMPA,,NOFIG__Payeur2021__gemma-4-31b-it__T000__R01,gemma-4-31b-it,0.0,valid,strict_json
Payeur2021,NO_FIGURE_TEXT,1,LO,Feedforward NMDA,,NOFIG__Payeur2021__gemma-4-31b-it__T000__R01,gemma-4-31b-it,0.0,valid,strict_json
Payeur2021,NO_FIGURE_TEXT,1,GO,Feedforward NMDA,,NOFIG__Payeur2021__gemma-4-31b-it__T000__R01,gemma-4-31b-it,0.0,valid,strict_json
Payeur2021,NO_FIGURE_TEXT,1,LO,Feedforward Ascending Gamma,,NOFIG__Payeur2021__gemma-4-31b-it__T000__R01,gemma-4-31b-it,0.0,valid,strict_json
Payeur2021,NO_FIGURE_TEXT,1,GO,Feedforward Ascending Gamma,,NOFIG__Payeur2021__gemma-4-31b-it__T000__R01,gemma-4-31b-it,0.0,valid,strict_json
Payeur2021,NO_FIGURE_TEXT,1,LO,Absence of Feedback Error,,NOFIG__Payeur2021__gemma-4-31b-it__T000__R01,gemma-4-31b-it,0.0,valid,strict_json
Payeur2021,NO_FIGURE_TEXT,1,GO,Absence of Feedback Error,,NOFIG__Payeur2021__gemma-4-31b-it__T000__R01,gemma-4-31b-it,0.0,valid,strict_json
Payeur2021,NO_FIGURE_TEXT,1,LO,Feedforward Non-local Supragranular Activity (L2/3),,NOFIG__Payeur2021__gemma-4-31b-it__T000__R01,gemma-4-31b-it,0.0,valid,strict_json
Payeur2021,NO_FIGURE_TEXT,1,GO,Feedforward Non-local Supragranular Activity (L2/3),,NOFIG__Payeur2021__gemma-4-31b-it__T000__R01,gemma-4-31b-it,0.0,valid,strict_json
Payeur2021,NO_FIGURE_TEXT,1,LO,Feedforward Non-local Granular Activity (L4),,NOFIG__Payeur2021__gemma-4-31b-it__T000__R01,gemma-4-31b-it,0.0,valid,strict_json
Payeur2021,NO_FIGURE_TEXT,1,GO,Feedforward Non-local Granular Activity (L4),,NOFIG__Payeur2021__gemma-4-31b-it__T000__R01,gemma-4-31b-it,0.0,valid,strict_json
Payeur2021,NO_FIGURE_TEXT,1,LO,Feedforward Non-local Directed Connectivity,,NOFIG__Payeur2021__gemma-4-31b-it__T000__R01,gemma-4-31b-it,0.0,valid,strict_json
Payeur2021,NO_FIGURE_TEXT,1,GO,Feedforward Non-local Directed Connectivity,,NOFIG__Payeur2021__gemma-4-31b-it__T000__R01,gemma-4-31b-it,0.0,valid,strict_json
Payeur2021,NO_FIGURE_TEXT,1,LO,Feedforward Non-local Activation,,NOFIG__Payeur2021__gemma-4-31b-it__T000__R01,gemma-4-31b-it,0.0,valid,strict_json
Payeur2021,NO_FIGURE_TEXT,1,GO,Feedforward Non-local Activation,,NOFIG__Payeur2021__gemma-4-31b-it__T000__R01,gemma-4-31b-it,0.0,valid,strict_json
Payeur2021,NO_FIGURE_TEXT,1,LO,Ascending Latency Shift,,NOFIG__Payeur2021__gemma-4-31b-it__T000__R01,gemma-4-31b-it,0.0,valid,strict_json
Payeur2021,NO_FIGURE_TEXT,1,GO,Ascending Latency Shift,,NOFIG__Payeur2021__gemma-4-31b-it__T000__R01,gemma-4-31b-it,0.0,valid,strict_json
Payeur2021,NO_FIGURE_TEXT,1,LO,Feedforward Error Propagation,,NOFIG__Payeur2021__gemma-4-31b-it__T000__R01,gemma-4-31b-it,0.0,valid,strict_json
Payeur2021,NO_FIGURE_TEXT,1,GO,Feedforward Error Propagation,1.0,NOFIG__Payeur2021__gemma-4-31b-it__T000__R01,gemma-4-31b-it,0.0,valid,strict_json
Payeur2021,NO_FIGURE_TEXT,1,LO,Subcortical Feedforward Relaying,,NOFIG__Payeur2021__gemma-4-31b-it__T000__R01,gemma-4-31b-it,0.0,valid,strict_json
Payeur2021,NO_FIGURE_TEXT,1,GO,Subcortical Feedforward Relaying,,NOFIG__Payeur2021__gemma-4-31b-it__T000__R01,gemma-4-31b-it,0.0,valid,strict_json
Payeur2021,NO_FIGURE_TEXT,1,LO,Canonical Microcircuit Ubiquity,,NOFIG__Payeur2021__gemma-4-31b-it__T000__R01,gemma-4-31b-it,0.0,valid,strict_json
Payeur2021,NO_FIGURE_TEXT,1,GO,Canonical Microcircuit Ubiquity,0.5,NOFIG__Payeur2021__gemma-4-31b-it__T000__R01,gemma-4-31b-it,0.0,valid,strict_json
Payeur2021,NO_FIGURE_TEXT,1,LO,Hierarchical Mechanism Invariance,,NOFIG__Payeur2021__gemma-4-31b-it__T000__R01,gemma-4-31b-it,0.0,valid,strict_json
Payeur2021,NO_FIGURE_TEXT,1,GO,Hierarchical Mechanism Invariance,,NOFIG__Payeur2021__gemma-4-31b-it__T000__R01,gemma-4-31b-it,0.0,valid,strict_json
Payeur2021,NO_FIGURE_TEXT,1,LO,Hierarchical Activity Ubiquity,,NOFIG__Payeur2021__gemma-4-31b-it__T000__R01,gemma-4-31b-it,0.0,valid,strict_json
Payeur2021,NO_FIGURE_TEXT,1,GO,Hierarchical Activity Ubiquity,0.5,NOFIG__Payeur2021__gemma-4-31b-it__T000__R01,gemma-4-31b-it,0.0,valid,strict_json
Payeur2021,NO_FIGURE_TEXT,1,LO,Hierarchical CSD Ubiquity,,NOFIG__Payeur2021__gemma-4-31b-it__T000__R01,gemma-4-31b-it,0.0,valid,strict_json
Payeur2021,NO_FIGURE_TEXT,1,GO,Hierarchical CSD Ubiquity,,NOFIG__Payeur2021__gemma-4-31b-it__T000__R01,gemma-4-31b-it,0.0,valid,strict_json
Payeur2021,NO_FIGURE_TEXT,1,LO,Cross-Scale Hierarchical Ubiquity,,NOFIG__Payeur2021__gemma-4-31b-it__T000__R01,gemma-4-31b-it,0.0,valid,strict_json
Payeur2021,NO_FIGURE_TEXT,1,GO,Cross-Scale Hierarchical Ubiquity,,NOFIG__Payeur2021__gemma-4-31b-it__T000__R01,gemma-4-31b-it,0.0,valid,strict_json
Payeur2021,NO_FIGURE_TEXT,1,LO,Hierarchical Presence (V1-PFC),,NOFIG__Payeur2021__gemma-4-31b-it__T000__R01,gemma-4-31b-it,0.0,valid,strict_json
Payeur2021,NO_FIGURE_TEXT,1,GO,Hierarchical Presence (V1-PFC),,NOFIG__Payeur2021__gemma-4-31b-it__T000__R01,gemma-4-31b-it,0.0,valid,strict_json
Payeur2021,NO_FIGURE_TEXT,1,LO,Cross-Modal Ubiquity,,NOFIG__Payeur2021__gemma-4-31b-it__T000__R01,gemma-4-31b-it,0.0,valid,strict_json
Payeur2021,NO_FIGURE_TEXT,1,GO,Cross-Modal Ubiquity,,NOFIG__Payeur2021__gemma-4-31b-it__T000__R01,gemma-4-31b-it,0.0,valid,strict_json
Payeur2021,NO_FIGURE_TEXT,1,LO,Interspecies Hierarchical Ubiquity,,NOFIG__Payeur2021__gemma-4-31b-it__T000__R01,gemma-4-31b-it,0.0,valid,strict_json
Payeur2021,NO_FIGURE_TEXT,1,GO,Interspecies Hierarchical Ubiquity,,NOFIG__Payeur2021__gemma-4-31b-it__T000__R01,gemma-4-31b-it,0.0,valid,strict_json
Payeur2021,NO_FIGURE_TEXT,1,LO,Temporal Stability of Ubiquity,,NOFIG__Payeur2021__gemma-4-31b-it__T000__R01,gemma-4-31b-it,0.0,valid,strict_json
Payeur2021,NO_FIGURE_TEXT,1,GO,Temporal Stability of Ubiquity,,NOFIG__Payeur2021__gemma-4-31b-it__T000__R01,gemma-4-31b-it,0.0,valid,strict_json
Payeur2021,NO_FIGURE_TEXT,1,LO,Hierarchical Order Stability,,NOFIG__Payeur2021__gemma-4-31b-it__T000__R01,gemma-4-31b-it,0.0,valid,strict_json
Payeur2021,NO_FIGURE_TEXT,1,GO,Hierarchical Order Stability,0.5,NOFIG__Payeur2021__gemma-4-31b-it__T000__R01,gemma-4-31b-it,0.0,valid,strict_json
Payeur2021,NO_FIGURE_TEXT,1,LO,Population-Wide Ubiquity,,NOFIG__Payeur2021__gemma-4-31b-it__T000__R01,gemma-4-31b-it,0.0,valid,strict_json
Payeur2021,NO_FIGURE_TEXT,1,GO,Population-Wide Ubiquity,,NOFIG__Payeur2021__gemma-4-31b-it__T000__R01,gemma-4-31b-it,0.0,valid,strict_json
Payeur2021,NO_FIGURE_TEXT,1,LO,State-Independent Ubiquity,,NOFIG__Payeur2021__gemma-4-31b-it__T000__R01,gemma-4-31b-it,0.0,valid,strict_json
Payeur2021,NO_FIGURE_TEXT,1,GO,State-Independent Ubiquity,,NOFIG__Payeur2021__gemma-4-31b-it__T000__R01,gemma-4-31b-it,0.0,valid,strict_json
Rao&Ballard1999,NO_FIGURE_TEXT,1,LO,Subtractive Inhibition (SST),,NOFIG__Rao&Ballard1999__gemma-4-31b-it__T000__R01,gemma-4-31b-it,0.0,valid,strict_json
Rao&Ballard1999,NO_FIGURE_TEXT,1,GO,Subtractive Inhibition (SST),,NOFIG__Rao&Ballard1999__gemma-4-31b-it__T000__R01,gemma-4-31b-it,0.0,valid,strict_json
Rao&Ballard1999,NO_FIGURE_TEXT,1,LO,Divisive Inhibition (PV),,NOFIG__Rao&Ballard1999__gemma-4-31b-it__T000__R01,gemma-4-31b-it,0.0,valid,strict_json
Rao&Ballard1999,NO_FIGURE_TEXT,1,GO,Divisive Inhibition (PV),,NOFIG__Rao&Ballard1999__gemma-4-31b-it__T000__R01,gemma-4-31b-it,0.0,valid,strict_json
Rao&Ballard1999,NO_FIGURE_TEXT,1,LO,Inhibition (GABA),,NOFIG__Rao&Ballard1999__gemma-4-31b-it__T000__R01,gemma-4-31b-it,0.0,valid,strict_json
Rao&Ballard1999,NO_FIGURE_TEXT,1,GO,Inhibition (GABA),,NOFIG__Rao&Ballard1999__gemma-4-31b-it__T000__R01,gemma-4-31b-it,0.0,valid,strict_json
Rao&Ballard1999,NO_FIGURE_TEXT,1,LO,Habituation to Sequence,,NOFIG__Rao&Ballard1999__gemma-4-31b-it__T000__R01,gemma-4-31b-it,0.0,valid,strict_json
Rao&Ballard1999,NO_FIGURE_TEXT,1,GO,Habituation to Sequence,,NOFIG__Rao&Ballard1999__gemma-4-31b-it__T000__R01,gemma-4-31b-it,0.0,valid,strict_json
Rao&Ballard1999,NO_FIGURE_TEXT,1,LO,Synaptic Depression (Adaptation),,NOFIG__Rao&Ballard1999__gemma-4-31b-it__T000__R01,gemma-4-31b-it,0.0,valid,strict_json
Rao&Ballard1999,NO_FIGURE_TEXT,1,GO,Synaptic Depression (Adaptation),,NOFIG__Rao&Ballard1999__gemma-4-31b-it__T000__R01,gemma-4-31b-it,0.0,valid,strict_json
Rao&Ballard1999,NO_FIGURE_TEXT,1,LO,Activity Suppression,1.0,NOFIG__Rao&Ballard1999__gemma-4-31b-it__T000__R01,gemma-4-31b-it,0.0,valid,strict_json
Rao&Ballard1999,NO_FIGURE_TEXT,1,GO,Activity Suppression,1.0,NOFIG__Rao&Ballard1999__gemma-4-31b-it__T000__R01,gemma-4-31b-it,0.0,valid,strict_json
Rao&Ballard1999,NO_FIGURE_TEXT,1,LO,Selective Sharpening,,NOFIG__Rao&Ballard1999__gemma-4-31b-it__T000__R01,gemma-4-31b-it,0.0,valid,strict_json
Rao&Ballard1999,NO_FIGURE_TEXT,1,GO,Selective Sharpening,,NOFIG__Rao&Ballard1999__gemma-4-31b-it__T000__R01,gemma-4-31b-it,0.0,valid,strict_json
Rao&Ballard1999,NO_FIGURE_TEXT,1,LO,Alpha/Beta Mediated Suppression,,NOFIG__Rao&Ballard1999__gemma-4-31b-it__T000__R01,gemma-4-31b-it,0.0,valid,strict_json
Rao&Ballard1999,NO_FIGURE_TEXT,1,GO,Alpha/Beta Mediated Suppression,,NOFIG__Rao&Ballard1999__gemma-4-31b-it__T000__R01,gemma-4-31b-it,0.0,valid,strict_json
Rao&Ballard1999,NO_FIGURE_TEXT,1,LO,VIP-Mediated Disinhibition,,NOFIG__Rao&Ballard1999__gemma-4-31b-it__T000__R01,gemma-4-31b-it,0.0,valid,strict_json
Rao&Ballard1999,NO_FIGURE_TEXT,1,GO,VIP-Mediated Disinhibition,,NOFIG__Rao&Ballard1999__gemma-4-31b-it__T000__R01,gemma-4-31b-it,0.0,valid,strict_json
Rao&Ballard1999,NO_FIGURE_TEXT,1,LO,Precision Weighting (Gain),,NOFIG__Rao&Ballard1999__gemma-4-31b-it__T000__R01,gemma-4-31b-it,0.0,valid,strict_json
Rao&Ballard1999,NO_FIGURE_TEXT,1,GO,Precision Weighting (Gain),,NOFIG__Rao&Ballard1999__gemma-4-31b-it__T000__R01,gemma-4-31b-it,0.0,valid,strict_json
Rao&Ballard1999,NO_FIGURE_TEXT,1,LO,E/I Balance Shift,,NOFIG__Rao&Ballard1999__gemma-4-31b-it__T000__R01,gemma-4-31b-it,0.0,valid,strict_json
Rao&Ballard1999,NO_FIGURE_TEXT,1,GO,E/I Balance Shift,,NOFIG__Rao&Ballard1999__gemma-4-31b-it__T000__R01,gemma-4-31b-it,0.0,valid,strict_json
Rao&Ballard1999,NO_FIGURE_TEXT,1,LO,Omission Response,,NOFIG__Rao&Ballard1999__gemma-4-31b-it__T000__R01,gemma-4-31b-it,0.0,valid,strict_json
Rao&Ballard1999,NO_FIGURE_TEXT,1,GO,Omission Response,,NOFIG__Rao&Ballard1999__gemma-4-31b-it__T000__R01,gemma-4-31b-it,0.0,valid,strict_json
Rao&Ballard1999,NO_FIGURE_TEXT,1,LO,Feedforward Deviance Detection,1.0,NOFIG__Rao&Ballard1999__gemma-4-31b-it__T000__R01,gemma-4-31b-it,0.0,valid,strict_json
Rao&Ballard1999,NO_FIGURE_TEXT,1,GO,Feedforward Deviance Detection,1.0,NOFIG__Rao&Ballard1999__gemma-4-31b-it__T000__R01,gemma-4-31b-it,0.0,valid,strict_json
Rao&Ballard1999,NO_FIGURE_TEXT,1,LO,Feedforward AMPA,,NOFIG__Rao&Ballard1999__gemma-4-31b-it__T000__R01,gemma-4-31b-it,0.0,valid,strict_json
Rao&Ballard1999,NO_FIGURE_TEXT,1,GO,Feedforward AMPA,,NOFIG__Rao&Ballard1999__gemma-4-31b-it__T000__R01,gemma-4-31b-it,0.0,valid,strict_json
Rao&Ballard1999,NO_FIGURE_TEXT,1,LO,Feedforward NMDA,,NOFIG__Rao&Ballard1999__gemma-4-31b-it__T000__R01,gemma-4-31b-it,0.0,valid,strict_json
Rao&Ballard1999,NO_FIGURE_TEXT,1,GO,Feedforward NMDA,,NOFIG__Rao&Ballard1999__gemma-4-31b-it__T000__R01,gemma-4-31b-it,0.0,valid,strict_json
Rao&Ballard1999,NO_FIGURE_TEXT,1,LO,Feedforward Ascending Gamma,,NOFIG__Rao&Ballard1999__gemma-4-31b-it__T000__R01,gemma-4-31b-it,0.0,valid,strict_json
Rao&Ballard1999,NO_FIGURE_TEXT,1,GO,Feedforward Ascending Gamma,,NOFIG__Rao&Ballard1999__gemma-4-31b-it__T000__R01,gemma-4-31b-it,0.0,valid,strict_json
Rao&Ballard1999,NO_FIGURE_TEXT,1,LO,Absence of Feedback Error,0.5,NOFIG__Rao&Ballard1999__gemma-4-31b-it__T000__R01,gemma-4-31b-it,0.0,valid,strict_json
Rao&Ballard1999,NO_FIGURE_TEXT,1,GO,Absence of Feedback Error,0.5,NOFIG__Rao&Ballard1999__gemma-4-31b-it__T000__R01,gemma-4-31b-it,0.0,valid,strict_json
Rao&Ballard1999,NO_FIGURE_TEXT,1,LO,Feedforward Non-local Supragranular Activity (L2/3),1.0,NOFIG__Rao&Ballard1999__gemma-4-31b-it__T000__R01,gemma-4-31b-it,0.0,valid,strict_json
Rao&Ballard1999,NO_FIGURE_TEXT,1,GO,Feedforward Non-local Supragranular Activity (L2/3),1.0,NOFIG__Rao&Ballard1999__gemma-4-31b-it__T000__R01,gemma-4-31b-it,0.0,valid,strict_json
Rao&Ballard1999,NO_FIGURE_TEXT,1,LO,Feedforward Non-local Granular Activity (L4),,NOFIG__Rao&Ballard1999__gemma-4-31b-it__T000__R01,gemma-4-31b-it,0.0,valid,strict_json
Rao&Ballard1999,NO_FIGURE_TEXT,1,GO,Feedforward Non-local Granular Activity (L4),,NOFIG__Rao&Ballard1999__gemma-4-31b-it__T000__R01,gemma-4-31b-it,0.0,valid,strict_json
Rao&Ballard1999,NO_FIGURE_TEXT,1,LO,Feedforward Non-local Directed Connectivity,,NOFIG__Rao&Ballard1999__gemma-4-31b-it__T000__R01,gemma-4-31b-it,0.0,valid,strict_json
Rao&Ballard1999,NO_FIGURE_TEXT,1,GO,Feedforward Non-local Directed Connectivity,,NOFIG__Rao&Ballard1999__gemma-4-31b-it__T000__R01,gemma-4-31b-it,0.0,valid,strict_json
Rao&Ballard1999,NO_FIGURE_TEXT,1,LO,Feedforward Non-local Activation,1.0,NOFIG__Rao&Ballard1999__gemma-4-31b-it__T000__R01,gemma-4-31b-it,0.0,valid,strict_json
Rao&Ballard1999,NO_FIGURE_TEXT,1,GO,Feedforward Non-local Activation,1.0,NOFIG__Rao&Ballard1999__gemma-4-31b-it__T000__R01,gemma-4-31b-it,0.0,valid,strict_json
Rao&Ballard1999,NO_FIGURE_TEXT,1,LO,Ascending Latency Shift,,NOFIG__Rao&Ballard1999__gemma-4-31b-it__T000__R01,gemma-4-31b-it,0.0,valid,strict_json
Rao&Ballard1999,NO_FIGURE_TEXT,1,GO,Ascending Latency Shift,,NOFIG__Rao&Ballard1999__gemma-4-31b-it__T000__R01,gemma-4-31b-it,0.0,valid,strict_json
Rao&Ballard1999,NO_FIGURE_TEXT,1,LO,Feedforward Error Propagation,1.0,NOFIG__Rao&Ballard1999__gemma-4-31b-it__T000__R01,gemma-4-31b-it,0.0,valid,strict_json
Rao&Ballard1999,NO_FIGURE_TEXT,1,GO,Feedforward Error Propagation,1.0,NOFIG__Rao&Ballard1999__gemma-4-31b-it__T000__R01,gemma-4-31b-it,0.0,valid,strict_json
Rao&Ballard1999,NO_FIGURE_TEXT,1,LO,Subcortical Feedforward Relaying,,NOFIG__Rao&Ballard1999__gemma-4-31b-it__T000__R01,gemma-4-31b-it,0.0,valid,strict_json
Rao&Ballard1999,NO_FIGURE_TEXT,1,GO,Subcortical Feedforward Relaying,,NOFIG__Rao&Ballard1999__gemma-4-31b-it__T000__R01,gemma-4-31b-it,0.0,valid,strict_json
Rao&Ballard1999,NO_FIGURE_TEXT,1,LO,Canonical Microcircuit Ubiquity,0.5,NOFIG__Rao&Ballard1999__gemma-4-31b-it__T000__R01,gemma-4-31b-it,0.0,valid,strict_json
Rao&Ballard1999,NO_FIGURE_TEXT,1,GO,Canonical Microcircuit Ubiquity,0.5,NOFIG__Rao&Ballard1999__gemma-4-31b-it__T000__R01,gemma-4-31b-it,0.0,valid,strict_json
Rao&Ballard1999,NO_FIGURE_TEXT,1,LO,Hierarchical Mechanism Invariance,0.5,NOFIG__Rao&Ballard1999__gemma-4-31b-it__T000__R01,gemma-4-31b-it,0.0,valid,strict_json
Rao&Ballard1999,NO_FIGURE_TEXT,1,GO,Hierarchical Mechanism Invariance,0.5,NOFIG__Rao&Ballard1999__gemma-4-31b-it__T000__R01,gemma-4-31b-it,0.0,valid,strict_json
Rao&Ballard1999,NO_FIGURE_TEXT,1,LO,Hierarchical Activity Ubiquity,1.0,NOFIG__Rao&Ballard1999__gemma-4-31b-it__T000__R01,gemma-4-31b-it,0.0,valid,strict_json
Rao&Ballard1999,NO_FIGURE_TEXT,1,GO,Hierarchical Activity Ubiquity,1.0,NOFIG__Rao&Ballard1999__gemma-4-31b-it__T000__R01,gemma-4-31b-it,0.0,valid,strict_json
Rao&Ballard1999,NO_FIGURE_TEXT,1,LO,Hierarchical CSD Ubiquity,,NOFIG__Rao&Ballard1999__gemma-4-31b-it__T000__R01,gemma-4-31b-it,0.0,valid,strict_json
Rao&Ballard1999,NO_FIGURE_TEXT,1,GO,Hierarchical CSD Ubiquity,,NOFIG__Rao&Ballard1999__gemma-4-31b-it__T000__R01,gemma-4-31b-it,0.0,valid,strict_json
Rao&Ballard1999,NO_FIGURE_TEXT,1,LO,Cross-Scale Hierarchical Ubiquity,,NOFIG__Rao&Ballard1999__gemma-4-31b-it__T000__R01,gemma-4-31b-it,0.0,valid,strict_json
Rao&Ballard1999,NO_FIGURE_TEXT,1,GO,Cross-Scale Hierarchical Ubiquity,,NOFIG__Rao&Ballard1999__gemma-4-31b-it__T000__R01,gemma-4-31b-it,0.0,valid,strict_json
Rao&Ballard1999,NO_FIGURE_TEXT,1,LO,Hierarchical Presence (V1-PFC),0.5,NOFIG__Rao&Ballard1999__gemma-4-31b-it__T000__R01,gemma-4-31b-it,0.0,valid,strict_json
Rao&Ballard1999,NO_FIGURE_TEXT,1,GO,Hierarchical Presence (V1-PFC),0.5,NOFIG__Rao&Ballard1999__gemma-4-31b-it__T000__R01,gemma-4-31b-it,0.0,valid,strict_json
Rao&Ballard1999,NO_FIGURE_TEXT,1,LO,Cross-Modal Ubiquity,1.0,NOFIG__Rao&Ballard1999__gemma-4-31b-it__T000__R01,gemma-4-31b-it,0.0,valid,strict_json
Rao&Ballard1999,NO_FIGURE_TEXT,1,GO,Cross-Modal Ubiquity,1.0,NOFIG__Rao&Ballard1999__gemma-4-31b-it__T000__R01,gemma-4-31b-it,0.0,valid,strict_json
Rao&Ballard1999,NO_FIGURE_TEXT,1,LO,Interspecies Hierarchical Ubiquity,1.0,NOFIG__Rao&Ballard1999__gemma-4-31b-it__T000__R01,gemma-4-31b-it,0.0,valid,strict_json
Rao&Ballard1999,NO_FIGURE_TEXT,1,GO,Interspecies Hierarchical Ubiquity,1.0,NOFIG__Rao&Ballard1999__gemma-4-31b-it__T000__R01,gemma-4-31b-it,0.0,valid,strict_json
Rao&Ballard1999,NO_FIGURE_TEXT,1,LO,Temporal Stability of Ubiquity,,NOFIG__Rao&Ballard1999__gemma-4-31b-it__T000__R01,gemma-4-31b-it,0.0,valid,strict_json
Rao&Ballard1999,NO_FIGURE_TEXT,1,GO,Temporal Stability of Ubiquity,,NOFIG__Rao&Ballard1999__gemma-4-31b-it__T000__R01,gemma-4-31b-it,0.0,valid,strict_json
Rao&Ballard1999,NO_FIGURE_TEXT,1,LO,Hierarchical Order Stability,1.0,NOFIG__Rao&Ballard1999__gemma-4-31b-it__T000__R01,gemma-4-31b-it,0.0,valid,strict_json
Rao&Ballard1999,NO_FIGURE_TEXT,1,GO,Hierarchical Order Stability,1.0,NOFIG__Rao&Ballard1999__gemma-4-31b-it__T000__R01,gemma-4-31b-it,0.0,valid,strict_json
Rao&Ballard1999,NO_FIGURE_TEXT,1,LO,Population-Wide Ubiquity,,NOFIG__Rao&Ballard1999__gemma-4-31b-it__T000__R01,gemma-4-31b-it,0.0,valid,strict_json
Rao&Ballard1999,NO_FIGURE_TEXT,1,GO,Population-Wide Ubiquity,,NOFIG__Rao&Ballard1999__gemma-4-31b-it__T000__R01,gemma-4-31b-it,0.0,valid,strict_json
Rao&Ballard1999,NO_FIGURE_TEXT,1,LO,State-Independent Ubiquity,0.5,NOFIG__Rao&Ballard1999__gemma-4-31b-it__T000__R01,gemma-4-31b-it,0.0,valid,strict_json
Rao&Ballard1999,NO_FIGURE_TEXT,1,GO,State-Independent Ubiquity,0.5,NOFIG__Rao&Ballard1999__gemma-4-31b-it__T000__R01,gemma-4-31b-it,0.0,valid,strict_json
Rao2024,NO_FIGURE_TEXT,1,LO,Subtractive Inhibition (SST),,NOFIG__Rao2024__gemma-4-31b-it__T000__R01,gemma-4-31b-it,0.0,valid,strict_json
Rao2024,NO_FIGURE_TEXT,1,GO,Subtractive Inhibition (SST),,NOFIG__Rao2024__gemma-4-31b-it__T000__R01,gemma-4-31b-it,0.0,valid,strict_json
Rao2024,NO_FIGURE_TEXT,1,LO,Divisive Inhibition (PV),,NOFIG__Rao2024__gemma-4-31b-it__T000__R01,gemma-4-31b-it,0.0,valid,strict_json
Rao2024,NO_FIGURE_TEXT,1,GO,Divisive Inhibition (PV),,NOFIG__Rao2024__gemma-4-31b-it__T000__R01,gemma-4-31b-it,0.0,valid,strict_json
Rao2024,NO_FIGURE_TEXT,1,LO,Inhibition (GABA),,NOFIG__Rao2024__gemma-4-31b-it__T000__R01,gemma-4-31b-it,0.0,valid,strict_json
Rao2024,NO_FIGURE_TEXT,1,GO,Inhibition (GABA),,NOFIG__Rao2024__gemma-4-31b-it__T000__R01,gemma-4-31b-it,0.0,valid,strict_json
Rao2024,NO_FIGURE_TEXT,1,LO,Habituation to Sequence,,NOFIG__Rao2024__gemma-4-31b-it__T000__R01,gemma-4-31b-it,0.0,valid,strict_json
Rao2024,NO_FIGURE_TEXT,1,GO,Habituation to Sequence,,NOFIG__Rao2024__gemma-4-31b-it__T000__R01,gemma-4-31b-it,0.0,valid,strict_json
Rao2024,NO_FIGURE_TEXT,1,LO,Synaptic Depression (Adaptation),,NOFIG__Rao2024__gemma-4-31b-it__T000__R01,gemma-4-31b-it,0.0,valid,strict_json
Rao2024,NO_FIGURE_TEXT,1,GO,Synaptic Depression (Adaptation),,NOFIG__Rao2024__gemma-4-31b-it__T000__R01,gemma-4-31b-it,0.0,valid,strict_json
Rao2024,NO_FIGURE_TEXT,1,LO,Activity Suppression,0.5,NOFIG__Rao2024__gemma-4-31b-it__T000__R01,gemma-4-31b-it,0.0,valid,strict_json
Rao2024,NO_FIGURE_TEXT,1,GO,Activity Suppression,0.5,NOFIG__Rao2024__gemma-4-31b-it__T000__R01,gemma-4-31b-it,0.0,valid,strict_json
Rao2024,NO_FIGURE_TEXT,1,LO,Selective Sharpening,,NOFIG__Rao2024__gemma-4-31b-it__T000__R01,gemma-4-31b-it,0.0,valid,strict_json
Rao2024,NO_FIGURE_TEXT,1,GO,Selective Sharpening,,NOFIG__Rao2024__gemma-4-31b-it__T000__R01,gemma-4-31b-it,0.0,valid,strict_json
Rao2024,NO_FIGURE_TEXT,1,LO,Alpha/Beta Mediated Suppression,,NOFIG__Rao2024__gemma-4-31b-it__T000__R01,gemma-4-31b-it,0.0,valid,strict_json
Rao2024,NO_FIGURE_TEXT,1,GO,Alpha/Beta Mediated Suppression,,NOFIG__Rao2024__gemma-4-31b-it__T000__R01,gemma-4-31b-it,0.0,valid,strict_json
Rao2024,NO_FIGURE_TEXT,1,LO,VIP-Mediated Disinhibition,,NOFIG__Rao2024__gemma-4-31b-it__T000__R01,gemma-4-31b-it,0.0,valid,strict_json
Rao2024,NO_FIGURE_TEXT,1,GO,VIP-Mediated Disinhibition,,NOFIG__Rao2024__gemma-4-31b-it__T000__R01,gemma-4-31b-it,0.0,valid,strict_json
Rao2024,NO_FIGURE_TEXT,1,LO,Precision Weighting (Gain),0.5,NOFIG__Rao2024__gemma-4-31b-it__T000__R01,gemma-4-31b-it,0.0,valid,strict_json
Rao2024,NO_FIGURE_TEXT,1,GO,Precision Weighting (Gain),0.5,NOFIG__Rao2024__gemma-4-31b-it__T000__R01,gemma-4-31b-it,0.0,valid,strict_json
Rao2024,NO_FIGURE_TEXT,1,LO,E/I Balance Shift,,NOFIG__Rao2024__gemma-4-31b-it__T000__R01,gemma-4-31b-it,0.0,valid,strict_json
Rao2024,NO_FIGURE_TEXT,1,GO,E/I Balance Shift,,NOFIG__Rao2024__gemma-4-31b-it__T000__R01,gemma-4-31b-it,0.0,valid,strict_json
Rao2024,NO_FIGURE_TEXT,1,LO,Omission Response,1.0,NOFIG__Rao2024__gemma-4-31b-it__T000__R01,gemma-4-31b-it,0.0,valid,strict_json
Rao2024,NO_FIGURE_TEXT,1,GO,Omission Response,1.0,NOFIG__Rao2024__gemma-4-31b-it__T000__R01,gemma-4-31b-it,0.0,valid,strict_json
Rao2024,NO_FIGURE_TEXT,1,LO,Feedforward Deviance Detection,0.5,NOFIG__Rao2024__gemma-4-31b-it__T000__R01,gemma-4-31b-it,0.0,valid,strict_json
Rao2024,NO_FIGURE_TEXT,1,GO,Feedforward Deviance Detection,0.5,NOFIG__Rao2024__gemma-4-31b-it__T000__R01,gemma-4-31b-it,0.0,valid,strict_json
Rao2024,NO_FIGURE_TEXT,1,LO,Feedforward AMPA,,NOFIG__Rao2024__gemma-4-31b-it__T000__R01,gemma-4-31b-it,0.0,valid,strict_json
Rao2024,NO_FIGURE_TEXT,1,GO,Feedforward AMPA,,NOFIG__Rao2024__gemma-4-31b-it__T000__R01,gemma-4-31b-it,0.0,valid,strict_json
Rao2024,NO_FIGURE_TEXT,1,LO,Feedforward NMDA,,NOFIG__Rao2024__gemma-4-31b-it__T000__R01,gemma-4-31b-it,0.0,valid,strict_json
Rao2024,NO_FIGURE_TEXT,1,GO,Feedforward NMDA,,NOFIG__Rao2024__gemma-4-31b-it__T000__R01,gemma-4-31b-it,0.0,valid,strict_json
Rao2024,NO_FIGURE_TEXT,1,LO,Feedforward Ascending Gamma,,NOFIG__Rao2024__gemma-4-31b-it__T000__R01,gemma-4-31b-it,0.0,valid,strict_json
Rao2024,NO_FIGURE_TEXT,1,GO,Feedforward Ascending Gamma,,NOFIG__Rao2024__gemma-4-31b-it__T000__R01,gemma-4-31b-it,0.0,valid,strict_json
Rao2024,NO_FIGURE_TEXT,1,LO,Absence of Feedback Error,,NOFIG__Rao2024__gemma-4-31b-it__T000__R01,gemma-4-31b-it,0.0,valid,strict_json
Rao2024,NO_FIGURE_TEXT,1,GO,Absence of Feedback Error,,NOFIG__Rao2024__gemma-4-31b-it__T000__R01,gemma-4-31b-it,0.0,valid,strict_json
Rao2024,NO_FIGURE_TEXT,1,LO,Feedforward Non-local Supragranular Activity (L2/3),0.5,NOFIG__Rao2024__gemma-4-31b-it__T000__R01,gemma-4-31b-it,0.0,valid,strict_json
Rao2024,NO_FIGURE_TEXT,1,GO,Feedforward Non-local Supragranular Activity (L2/3),0.5,NOFIG__Rao2024__gemma-4-31b-it__T000__R01,gemma-4-31b-it,0.0,valid,strict_json
Rao2024,NO_FIGURE_TEXT,1,LO,Feedforward Non-local Granular Activity (L4),0.5,NOFIG__Rao2024__gemma-4-31b-it__T000__R01,gemma-4-31b-it,0.0,valid,strict_json
Rao2024,NO_FIGURE_TEXT,1,GO,Feedforward Non-local Granular Activity (L4),0.5,NOFIG__Rao2024__gemma-4-31b-it__T000__R01,gemma-4-31b-it,0.0,valid,strict_json
Rao2024,NO_FIGURE_TEXT,1,LO,Feedforward Non-local Directed Connectivity,,NOFIG__Rao2024__gemma-4-31b-it__T000__R01,gemma-4-31b-it,0.0,valid,strict_json
Rao2024,NO_FIGURE_TEXT,1,GO,Feedforward Non-local Directed Connectivity,,NOFIG__Rao2024__gemma-4-31b-it__T000__R01,gemma-4-31b-it,0.0,valid,strict_json
Rao2024,NO_FIGURE_TEXT,1,LO,Feedforward Non-local Activation,0.5,NOFIG__Rao2024__gemma-4-31b-it__T000__R01,gemma-4-31b-it,0.0,valid,strict_json
Rao2024,NO_FIGURE_TEXT,1,GO,Feedforward Non-local Activation,0.5,NOFIG__Rao2024__gemma-4-31b-it__T000__R01,gemma-4-31b-it,0.0,valid,strict_json
Rao2024,NO_FIGURE_TEXT,1,LO,Ascending Latency Shift,,NOFIG__Rao2024__gemma-4-31b-it__T000__R01,gemma-4-31b-it,0.0,valid,strict_json
Rao2024,NO_FIGURE_TEXT,1,GO,Ascending Latency Shift,,NOFIG__Rao2024__gemma-4-31b-it__T000__R01,gemma-4-31b-it,0.0,valid,strict_json
Rao2024,NO_FIGURE_TEXT,1,LO,Feedforward Error Propagation,0.5,NOFIG__Rao2024__gemma-4-31b-it__T000__R01,gemma-4-31b-it,0.0,valid,strict_json
Rao2024,NO_FIGURE_TEXT,1,GO,Feedforward Error Propagation,0.5,NOFIG__Rao2024__gemma-4-31b-it__T000__R01,gemma-4-31b-it,0.0,valid,strict_json
Rao2024,NO_FIGURE_TEXT,1,LO,Subcortical Feedforward Relaying,1.0,NOFIG__Rao2024__gemma-4-31b-it__T000__R01,gemma-4-31b-it,0.0,valid,strict_json
Rao2024,NO_FIGURE_TEXT,1,GO,Subcortical Feedforward Relaying,1.0,NOFIG__Rao2024__gemma-4-31b-it__T000__R01,gemma-4-31b-it,0.0,valid,strict_json
Rao2024,NO_FIGURE_TEXT,1,LO,Canonical Microcircuit Ubiquity,1.0,NOFIG__Rao2024__gemma-4-31b-it__T000__R01,gemma-4-31b-it,0.0,valid,strict_json
Rao2024,NO_FIGURE_TEXT,1,GO,Canonical Microcircuit Ubiquity,1.0,NOFIG__Rao2024__gemma-4-31b-it__T000__R01,gemma-4-31b-it,0.0,valid,strict_json
Rao2024,NO_FIGURE_TEXT,1,LO,Hierarchical Mechanism Invariance,1.0,NOFIG__Rao2024__gemma-4-31b-it__T000__R01,gemma-4-31b-it,0.0,valid,strict_json
Rao2024,NO_FIGURE_TEXT,1,GO,Hierarchical Mechanism Invariance,1.0,NOFIG__Rao2024__gemma-4-31b-it__T000__R01,gemma-4-31b-it,0.0,valid,strict_json
Rao2024,NO_FIGURE_TEXT,1,LO,Hierarchical Activity Ubiquity,1.0,NOFIG__Rao2024__gemma-4-31b-it__T000__R01,gemma-4-31b-it,0.0,valid,strict_json
Rao2024,NO_FIGURE_TEXT,1,GO,Hierarchical Activity Ubiquity,1.0,NOFIG__Rao2024__gemma-4-31b-it__T000__R01,gemma-4-31b-it,0.0,valid,strict_json
Rao2024,NO_FIGURE_TEXT,1,LO,Hierarchical CSD Ubiquity,,NOFIG__Rao2024__gemma-4-31b-it__T000__R01,gemma-4-31b-it,0.0,valid,strict_json
Rao2024,NO_FIGURE_TEXT,1,GO,Hierarchical CSD Ubiquity,,NOFIG__Rao2024__gemma-4-31b-it__T000__R01,gemma-4-31b-it,0.0,valid,strict_json
Rao2024,NO_FIGURE_TEXT,1,LO,Cross-Scale Hierarchical Ubiquity,0.5,NOFIG__Rao2024__gemma-4-31b-it__T000__R01,gemma-4-31b-it,0.0,valid,strict_json
Rao2024,NO_FIGURE_TEXT,1,GO,Cross-Scale Hierarchical Ubiquity,0.5,NOFIG__Rao2024__gemma-4-31b-it__T000__R01,gemma-4-31b-it,0.0,valid,strict_json
Rao2024,NO_FIGURE_TEXT,1,LO,Hierarchical Presence (V1-PFC),1.0,NOFIG__Rao2024__gemma-4-31b-it__T000__R01,gemma-4-31b-it,0.0,valid,strict_json
Rao2024,NO_FIGURE_TEXT,1,GO,Hierarchical Presence (V1-PFC),1.0,NOFIG__Rao2024__gemma-4-31b-it__T000__R01,gemma-4-31b-it,0.0,valid,strict_json
Rao2024,NO_FIGURE_TEXT,1,LO,Cross-Modal Ubiquity,1.0,NOFIG__Rao2024__gemma-4-31b-it__T000__R01,gemma-4-31b-it,0.0,valid,strict_json
Rao2024,NO_FIGURE_TEXT,1,GO,Cross-Modal Ubiquity,1.0,NOFIG__Rao2024__gemma-4-31b-it__T000__R01,gemma-4-31b-it,0.0,valid,strict_json
Rao2024,NO_FIGURE_TEXT,1,LO,Interspecies Hierarchical Ubiquity,1.0,NOFIG__Rao2024__gemma-4-31b-it__T000__R01,gemma-4-31b-it,0.0,valid,strict_json
Rao2024,NO_FIGURE_TEXT,1,GO,Interspecies Hierarchical Ubiquity,1.0,NOFIG__Rao2024__gemma-4-31b-it__T000__R01,gemma-4-31b-it,0.0,valid,strict_json
Rao2024,NO_FIGURE_TEXT,1,LO,Temporal Stability of Ubiquity,,NOFIG__Rao2024__gemma-4-31b-it__T000__R01,gemma-4-31b-it,0.0,valid,strict_json
Rao2024,NO_FIGURE_TEXT,1,GO,Temporal Stability of Ubiquity,,NOFIG__Rao2024__gemma-4-31b-it__T000__R01,gemma-4-31b-it,0.0,valid,strict_json
Rao2024,NO_FIGURE_TEXT,1,LO,Hierarchical Order Stability,1.0,NOFIG__Rao2024__gemma-4-31b-it__T000__R01,gemma-4-31b-it,0.0,valid,strict_json
Rao2024,NO_FIGURE_TEXT,1,GO,Hierarchical Order Stability,1.0,NOFIG__Rao2024__gemma-4-31b-it__T000__R01,gemma-4-31b-it,0.0,valid,strict_json
Rao2024,NO_FIGURE_TEXT,1,LO,Population-Wide Ubiquity,0.5,NOFIG__Rao2024__gemma-4-31b-it__T000__R01,gemma-4-31b-it,0.0,valid,strict_json
Rao2024,NO_FIGURE_TEXT,1,GO,Population-Wide Ubiquity,0.5,NOFIG__Rao2024__gemma-4-31b-it__T000__R01,gemma-4-31b-it,0.0,valid,strict_json
Rao2024,NO_FIGURE_TEXT,1,LO,State-Independent Ubiquity,,NOFIG__Rao2024__gemma-4-31b-it__T000__R01,gemma-4-31b-it,0.0,valid,strict_json
Rao2024,NO_FIGURE_TEXT,1,GO,State-Independent Ubiquity,,NOFIG__Rao2024__gemma-4-31b-it__T000__R01,gemma-4-31b-it,0.0,valid,strict_json
Sacramento2018,NO_FIGURE_TEXT,1,LO,Subtractive Inhibition (SST),1.0,NOFIG__Sacramento2018__gemma-4-31b-it__T000__R01,gemma-4-31b-it,0.0,valid,strict_json
Sacramento2018,NO_FIGURE_TEXT,1,GO,Subtractive Inhibition (SST),1.0,NOFIG__Sacramento2018__gemma-4-31b-it__T000__R01,gemma-4-31b-it,0.0,valid,strict_json
Sacramento2018,NO_FIGURE_TEXT,1,LO,Divisive Inhibition (PV),,NOFIG__Sacramento2018__gemma-4-31b-it__T000__R01,gemma-4-31b-it,0.0,valid,strict_json
Sacramento2018,NO_FIGURE_TEXT,1,GO,Divisive Inhibition (PV),,NOFIG__Sacramento2018__gemma-4-31b-it__T000__R01,gemma-4-31b-it,0.0,valid,strict_json
Sacramento2018,NO_FIGURE_TEXT,1,LO,Inhibition (GABA),0.5,NOFIG__Sacramento2018__gemma-4-31b-it__T000__R01,gemma-4-31b-it,0.0,valid,strict_json
Sacramento2018,NO_FIGURE_TEXT,1,GO,Inhibition (GABA),0.5,NOFIG__Sacramento2018__gemma-4-31b-it__T000__R01,gemma-4-31b-it,0.0,valid,strict_json
Sacramento2018,NO_FIGURE_TEXT,1,LO,Habituation to Sequence,,NOFIG__Sacramento2018__gemma-4-31b-it__T000__R01,gemma-4-31b-it,0.0,valid,strict_json
Sacramento2018,NO_FIGURE_TEXT,1,GO,Habituation to Sequence,,NOFIG__Sacramento2018__gemma-4-31b-it__T000__R01,gemma-4-31b-it,0.0,valid,strict_json
Sacramento2018,NO_FIGURE_TEXT,1,LO,Synaptic Depression (Adaptation),,NOFIG__Sacramento2018__gemma-4-31b-it__T000__R01,gemma-4-31b-it,0.0,valid,strict_json
Sacramento2018,NO_FIGURE_TEXT,1,GO,Synaptic Depression (Adaptation),,NOFIG__Sacramento2018__gemma-4-31b-it__T000__R01,gemma-4-31b-it,0.0,valid,strict_json
Sacramento2018,NO_FIGURE_TEXT,1,LO,Activity Suppression,0.5,NOFIG__Sacramento2018__gemma-4-31b-it__T000__R01,gemma-4-31b-it,0.0,valid,strict_json
Sacramento2018,NO_FIGURE_TEXT,1,GO,Activity Suppression,0.5,NOFIG__Sacramento2018__gemma-4-31b-it__T000__R01,gemma-4-31b-it,0.0,valid,strict_json
Sacramento2018,NO_FIGURE_TEXT,1,LO,Selective Sharpening,,NOFIG__Sacramento2018__gemma-4-31b-it__T000__R01,gemma-4-31b-it,0.0,valid,strict_json
Sacramento2018,NO_FIGURE_TEXT,1,GO,Selective Sharpening,,NOFIG__Sacramento2018__gemma-4-31b-it__T000__R01,gemma-4-31b-it,0.0,valid,strict_json
Sacramento2018,NO_FIGURE_TEXT,1,LO,Alpha/Beta Mediated Suppression,,NOFIG__Sacramento2018__gemma-4-31b-it__T000__R01,gemma-4-31b-it,0.0,valid,strict_json
Sacramento2018,NO_FIGURE_TEXT,1,GO,Alpha/Beta Mediated Suppression,,NOFIG__Sacramento2018__gemma-4-31b-it__T000__R01,gemma-4-31b-it,0.0,valid,strict_json
Sacramento2018,NO_FIGURE_TEXT,1,LO,VIP-Mediated Disinhibition,,NOFIG__Sacramento2018__gemma-4-31b-it__T000__R01,gemma-4-31b-it,0.0,valid,strict_json
Sacramento2018,NO_FIGURE_TEXT,1,GO,VIP-Mediated Disinhibition,,NOFIG__Sacramento2018__gemma-4-31b-it__T000__R01,gemma-4-31b-it,0.0,valid,strict_json
Sacramento2018,NO_FIGURE_TEXT,1,LO,Precision Weighting (Gain),,NOFIG__Sacramento2018__gemma-4-31b-it__T000__R01,gemma-4-31b-it,0.0,valid,strict_json
Sacramento2018,NO_FIGURE_TEXT,1,GO,Precision Weighting (Gain),,NOFIG__Sacramento2018__gemma-4-31b-it__T000__R01,gemma-4-31b-it,0.0,valid,strict_json
Sacramento2018,NO_FIGURE_TEXT,1,LO,E/I Balance Shift,0.5,NOFIG__Sacramento2018__gemma-4-31b-it__T000__R01,gemma-4-31b-it,0.0,valid,strict_json
Sacramento2018,NO_FIGURE_TEXT,1,GO,E/I Balance Shift,0.5,NOFIG__Sacramento2018__gemma-4-31b-it__T000__R01,gemma-4-31b-it,0.0,valid,strict_json
Sacramento2018,NO_FIGURE_TEXT,1,LO,Omission Response,,NOFIG__Sacramento2018__gemma-4-31b-it__T000__R01,gemma-4-31b-it,0.0,valid,strict_json
Sacramento2018,NO_FIGURE_TEXT,1,GO,Omission Response,,NOFIG__Sacramento2018__gemma-4-31b-it__T000__R01,gemma-4-31b-it,0.0,valid,strict_json
Sacramento2018,NO_FIGURE_TEXT,1,LO,Feedforward Deviance Detection,1.0,NOFIG__Sacramento2018__gemma-4-31b-it__T000__R01,gemma-4-31b-it,0.0,valid,strict_json
Sacramento2018,NO_FIGURE_TEXT,1,GO,Feedforward Deviance Detection,1.0,NOFIG__Sacramento2018__gemma-4-31b-it__T000__R01,gemma-4-31b-it,0.0,valid,strict_json
Sacramento2018,NO_FIGURE_TEXT,1,LO,Feedforward AMPA,,NOFIG__Sacramento2018__gemma-4-31b-it__T000__R01,gemma-4-31b-it,0.0,valid,strict_json
Sacramento2018,NO_FIGURE_TEXT,1,GO,Feedforward AMPA,,NOFIG__Sacramento2018__gemma-4-31b-it__T000__R01,gemma-4-31b-it,0.0,valid,strict_json
Sacramento2018,NO_FIGURE_TEXT,1,LO,Feedforward NMDA,,NOFIG__Sacramento2018__gemma-4-31b-it__T000__R01,gemma-4-31b-it,0.0,valid,strict_json
Sacramento2018,NO_FIGURE_TEXT,1,GO,Feedforward NMDA,,NOFIG__Sacramento2018__gemma-4-31b-it__T000__R01,gemma-4-31b-it,0.0,valid,strict_json
Sacramento2018,NO_FIGURE_TEXT,1,LO,Feedforward Ascending Gamma,,NOFIG__Sacramento2018__gemma-4-31b-it__T000__R01,gemma-4-31b-it,0.0,valid,strict_json
Sacramento2018,NO_FIGURE_TEXT,1,GO,Feedforward Ascending Gamma,,NOFIG__Sacramento2018__gemma-4-31b-it__T000__R01,gemma-4-31b-it,0.0,valid,strict_json
Sacramento2018,NO_FIGURE_TEXT,1,LO,Absence of Feedback Error,0.5,NOFIG__Sacramento2018__gemma-4-31b-it__T000__R01,gemma-4-31b-it,0.0,valid,strict_json
Sacramento2018,NO_FIGURE_TEXT,1,GO,Absence of Feedback Error,0.5,NOFIG__Sacramento2018__gemma-4-31b-it__T000__R01,gemma-4-31b-it,0.0,valid,strict_json
Sacramento2018,NO_FIGURE_TEXT,1,LO,Feedforward Non-local Supragranular Activity (L2/3),0.5,NOFIG__Sacramento2018__gemma-4-31b-it__T000__R01,gemma-4-31b-it,0.0,valid,strict_json
Sacramento2018,NO_FIGURE_TEXT,1,GO,Feedforward Non-local Supragranular Activity (L2/3),0.5,NOFIG__Sacramento2018__gemma-4-31b-it__T000__R01,gemma-4-31b-it,0.0,valid,strict_json
Sacramento2018,NO_FIGURE_TEXT,1,LO,Feedforward Non-local Granular Activity (L4),,NOFIG__Sacramento2018__gemma-4-31b-it__T000__R01,gemma-4-31b-it,0.0,valid,strict_json
Sacramento2018,NO_FIGURE_TEXT,1,GO,Feedforward Non-local Granular Activity (L4),,NOFIG__Sacramento2018__gemma-4-31b-it__T000__R01,gemma-4-31b-it,0.0,valid,strict_json
Sacramento2018,NO_FIGURE_TEXT,1,LO,Feedforward Non-local Directed Connectivity,0.5,NOFIG__Sacramento2018__gemma-4-31b-it__T000__R01,gemma-4-31b-it,0.0,valid,strict_json
Sacramento2018,NO_FIGURE_TEXT,1,GO,Feedforward Non-local Directed Connectivity,0.5,NOFIG__Sacramento2018__gemma-4-31b-it__T000__R01,gemma-4-31b-it,0.0,valid,strict_json
Sacramento2018,NO_FIGURE_TEXT,1,LO,Feedforward Non-local Activation,1.0,NOFIG__Sacramento2018__gemma-4-31b-it__T000__R01,gemma-4-31b-it,0.0,valid,strict_json
Sacramento2018,NO_FIGURE_TEXT,1,GO,Feedforward Non-local Activation,1.0,NOFIG__Sacramento2018__gemma-4-31b-it__T000__R01,gemma-4-31b-it,0.0,valid,strict_json
Sacramento2018,NO_FIGURE_TEXT,1,LO,Ascending Latency Shift,,NOFIG__Sacramento2018__gemma-4-31b-it__T000__R01,gemma-4-31b-it,0.0,valid,strict_json
Sacramento2018,NO_FIGURE_TEXT,1,GO,Ascending Latency Shift,,NOFIG__Sacramento2018__gemma-4-31b-it__T000__R01,gemma-4-31b-it,0.0,valid,strict_json
Sacramento2018,NO_FIGURE_TEXT,1,LO,Feedforward Error Propagation,1.0,NOFIG__Sacramento2018__gemma-4-31b-it__T000__R01,gemma-4-31b-it,0.0,valid,strict_json
Sacramento2018,NO_FIGURE_TEXT,1,GO,Feedforward Error Propagation,1.0,NOFIG__Sacramento2018__gemma-4-31b-it__T000__R01,gemma-4-31b-it,0.0,valid,strict_json
Sacramento2018,NO_FIGURE_TEXT,1,LO,Subcortical Feedforward Relaying,,NOFIG__Sacramento2018__gemma-4-31b-it__T000__R01,gemma-4-31b-it,0.0,valid,strict_json
Sacramento2018,NO_FIGURE_TEXT,1,GO,Subcortical Feedforward Relaying,,NOFIG__Sacramento2018__gemma-4-31b-it__T000__R01,gemma-4-31b-it,0.0,valid,strict_json
Sacramento2018,NO_FIGURE_TEXT,1,LO,Canonical Microcircuit Ubiquity,0.5,NOFIG__Sacramento2018__gemma-4-31b-it__T000__R01,gemma-4-31b-it,0.0,valid,strict_json
Sacramento2018,NO_FIGURE_TEXT,1,GO,Canonical Microcircuit Ubiquity,0.5,NOFIG__Sacramento2018__gemma-4-31b-it__T000__R01,gemma-4-31b-it,0.0,valid,strict_json
Sacramento2018,NO_FIGURE_TEXT,1,LO,Hierarchical Mechanism Invariance,0.5,NOFIG__Sacramento2018__gemma-4-31b-it__T000__R01,gemma-4-31b-it,0.0,valid,strict_json
Sacramento2018,NO_FIGURE_TEXT,1,GO,Hierarchical Mechanism Invariance,0.5,NOFIG__Sacramento2018__gemma-4-31b-it__T000__R01,gemma-4-31b-it,0.0,valid,strict_json
Sacramento2018,NO_FIGURE_TEXT,1,LO,Hierarchical Activity Ubiquity,1.0,NOFIG__Sacramento2018__gemma-4-31b-it__T000__R01,gemma-4-31b-it,0.0,valid,strict_json
Sacramento2018,NO_FIGURE_TEXT,1,GO,Hierarchical Activity Ubiquity,1.0,NOFIG__Sacramento2018__gemma-4-31b-it__T000__R01,gemma-4-31b-it,0.0,valid,strict_json
Sacramento2018,NO_FIGURE_TEXT,1,LO,Hierarchical CSD Ubiquity,,NOFIG__Sacramento2018__gemma-4-31b-it__T000__R01,gemma-4-31b-it,0.0,valid,strict_json
Sacramento2018,NO_FIGURE_TEXT,1,GO,Hierarchical CSD Ubiquity,,NOFIG__Sacramento2018__gemma-4-31b-it__T000__R01,gemma-4-31b-it,0.0,valid,strict_json
Sacramento2018,NO_FIGURE_TEXT,1,LO,Cross-Scale Hierarchical Ubiquity,,NOFIG__Sacramento2018__gemma-4-31b-it__T000__R01,gemma-4-31b-it,0.0,valid,strict_json
Sacramento2018,NO_FIGURE_TEXT,1,GO,Cross-Scale Hierarchical Ubiquity,,NOFIG__Sacramento2018__gemma-4-31b-it__T000__R01,gemma-4-31b-it,0.0,valid,strict_json
Sacramento2018,NO_FIGURE_TEXT,1,LO,Hierarchical Presence (V1-PFC),0.5,NOFIG__Sacramento2018__gemma-4-31b-it__T000__R01,gemma-4-31b-it,0.0,valid,strict_json
Sacramento2018,NO_FIGURE_TEXT,1,GO,Hierarchical Presence (V1-PFC),0.5,NOFIG__Sacramento2018__gemma-4-31b-it__T000__R01,gemma-4-31b-it,0.0,valid,strict_json
Sacramento2018,NO_FIGURE_TEXT,1,LO,Cross-Modal Ubiquity,,NOFIG__Sacramento2018__gemma-4-31b-it__T000__R01,gemma-4-31b-it,0.0,valid,strict_json
Sacramento2018,NO_FIGURE_TEXT,1,GO,Cross-Modal Ubiquity,,NOFIG__Sacramento2018__gemma-4-31b-it__T000__R01,gemma-4-31b-it,0.0,valid,strict_json
Sacramento2018,NO_FIGURE_TEXT,1,LO,Interspecies Hierarchical Ubiquity,0.5,NOFIG__Sacramento2018__gemma-4-31b-it__T000__R01,gemma-4-31b-it,0.0,valid,strict_json
Sacramento2018,NO_FIGURE_TEXT,1,GO,Interspecies Hierarchical Ubiquity,0.5,NOFIG__Sacramento2018__gemma-4-31b-it__T000__R01,gemma-4-31b-it,0.0,valid,strict_json
Sacramento2018,NO_FIGURE_TEXT,1,LO,Temporal Stability of Ubiquity,,NOFIG__Sacramento2018__gemma-4-31b-it__T000__R01,gemma-4-31b-it,0.0,valid,strict_json
Sacramento2018,NO_FIGURE_TEXT,1,GO,Temporal Stability of Ubiquity,,NOFIG__Sacramento2018__gemma-4-31b-it__T000__R01,gemma-4-31b-it,0.0,valid,strict_json
Sacramento2018,NO_FIGURE_TEXT,1,LO,Hierarchical Order Stability,0.5,NOFIG__Sacramento2018__gemma-4-31b-it__T000__R01,gemma-4-31b-it,0.0,valid,strict_json
Sacramento2018,NO_FIGURE_TEXT,1,GO,Hierarchical Order Stability,0.5,NOFIG__Sacramento2018__gemma-4-31b-it__T000__R01,gemma-4-31b-it,0.0,valid,strict_json
Sacramento2018,NO_FIGURE_TEXT,1,LO,Population-Wide Ubiquity,,NOFIG__Sacramento2018__gemma-4-31b-it__T000__R01,gemma-4-31b-it,0.0,valid,strict_json
Sacramento2018,NO_FIGURE_TEXT,1,GO,Population-Wide Ubiquity,,NOFIG__Sacramento2018__gemma-4-31b-it__T000__R01,gemma-4-31b-it,0.0,valid,strict_json
Sacramento2018,NO_FIGURE_TEXT,1,LO,State-Independent Ubiquity,,NOFIG__Sacramento2018__gemma-4-31b-it__T000__R01,gemma-4-31b-it,0.0,valid,strict_json
Sacramento2018,NO_FIGURE_TEXT,1,GO,State-Independent Ubiquity,,NOFIG__Sacramento2018__gemma-4-31b-it__T000__R01,gemma-4-31b-it,0.0,valid,strict_json
Spratling2008,NO_FIGURE_TEXT,1,LO,Subtractive Inhibition (SST),1.0,NOFIG__Spratling2008__gemma-4-31b-it__T000__R01,gemma-4-31b-it,0.0,valid,strict_json
Spratling2008,NO_FIGURE_TEXT,1,GO,Subtractive Inhibition (SST),1.0,NOFIG__Spratling2008__gemma-4-31b-it__T000__R01,gemma-4-31b-it,0.0,valid,strict_json
Spratling2008,NO_FIGURE_TEXT,1,LO,Divisive Inhibition (PV),0.5,NOFIG__Spratling2008__gemma-4-31b-it__T000__R01,gemma-4-31b-it,0.0,valid,strict_json
Spratling2008,NO_FIGURE_TEXT,1,GO,Divisive Inhibition (PV),0.5,NOFIG__Spratling2008__gemma-4-31b-it__T000__R01,gemma-4-31b-it,0.0,valid,strict_json
Spratling2008,NO_FIGURE_TEXT,1,LO,Inhibition (GABA),,NOFIG__Spratling2008__gemma-4-31b-it__T000__R01,gemma-4-31b-it,0.0,valid,strict_json
Spratling2008,NO_FIGURE_TEXT,1,GO,Inhibition (GABA),,NOFIG__Spratling2008__gemma-4-31b-it__T000__R01,gemma-4-31b-it,0.0,valid,strict_json
Spratling2008,NO_FIGURE_TEXT,1,LO,Habituation to Sequence,,NOFIG__Spratling2008__gemma-4-31b-it__T000__R01,gemma-4-31b-it,0.0,valid,strict_json
Spratling2008,NO_FIGURE_TEXT,1,GO,Habituation to Sequence,,NOFIG__Spratling2008__gemma-4-31b-it__T000__R01,gemma-4-31b-it,0.0,valid,strict_json
Spratling2008,NO_FIGURE_TEXT,1,LO,Synaptic Depression (Adaptation),,NOFIG__Spratling2008__gemma-4-31b-it__T000__R01,gemma-4-31b-it,0.0,valid,strict_json
Spratling2008,NO_FIGURE_TEXT,1,GO,Synaptic Depression (Adaptation),,NOFIG__Spratling2008__gemma-4-31b-it__T000__R01,gemma-4-31b-it,0.0,valid,strict_json
Spratling2008,NO_FIGURE_TEXT,1,LO,Activity Suppression,1.0,NOFIG__Spratling2008__gemma-4-31b-it__T000__R01,gemma-4-31b-it,0.0,valid,strict_json
Spratling2008,NO_FIGURE_TEXT,1,GO,Activity Suppression,1.0,NOFIG__Spratling2008__gemma-4-31b-it__T000__R01,gemma-4-31b-it,0.0,valid,strict_json
Spratling2008,NO_FIGURE_TEXT,1,LO,Selective Sharpening,,NOFIG__Spratling2008__gemma-4-31b-it__T000__R01,gemma-4-31b-it,0.0,valid,strict_json
Spratling2008,NO_FIGURE_TEXT,1,GO,Selective Sharpening,,NOFIG__Spratling2008__gemma-4-31b-it__T000__R01,gemma-4-31b-it,0.0,valid,strict_json
Spratling2008,NO_FIGURE_TEXT,1,LO,Alpha/Beta Mediated Suppression,,NOFIG__Spratling2008__gemma-4-31b-it__T000__R01,gemma-4-31b-it,0.0,valid,strict_json
Spratling2008,NO_FIGURE_TEXT,1,GO,Alpha/Beta Mediated Suppression,,NOFIG__Spratling2008__gemma-4-31b-it__T000__R01,gemma-4-31b-it,0.0,valid,strict_json
Spratling2008,NO_FIGURE_TEXT,1,LO,VIP-Mediated Disinhibition,,NOFIG__Spratling2008__gemma-4-31b-it__T000__R01,gemma-4-31b-it,0.0,valid,strict_json
Spratling2008,NO_FIGURE_TEXT,1,GO,VIP-Mediated Disinhibition,,NOFIG__Spratling2008__gemma-4-31b-it__T000__R01,gemma-4-31b-it,0.0,valid,strict_json
Spratling2008,NO_FIGURE_TEXT,1,LO,Precision Weighting (Gain),1.0,NOFIG__Spratling2008__gemma-4-31b-it__T000__R01,gemma-4-31b-it,0.0,valid,strict_json
Spratling2008,NO_FIGURE_TEXT,1,GO,Precision Weighting (Gain),1.0,NOFIG__Spratling2008__gemma-4-31b-it__T000__R01,gemma-4-31b-it,0.0,valid,strict_json
Spratling2008,NO_FIGURE_TEXT,1,LO,E/I Balance Shift,,NOFIG__Spratling2008__gemma-4-31b-it__T000__R01,gemma-4-31b-it,0.0,valid,strict_json
Spratling2008,NO_FIGURE_TEXT,1,GO,E/I Balance Shift,,NOFIG__Spratling2008__gemma-4-31b-it__T000__R01,gemma-4-31b-it,0.0,valid,strict_json
Spratling2008,NO_FIGURE_TEXT,1,LO,Omission Response,,NOFIG__Spratling2008__gemma-4-31b-it__T000__R01,gemma-4-31b-it,0.0,valid,strict_json
Spratling2008,NO_FIGURE_TEXT,1,GO,Omission Response,,NOFIG__Spratling2008__gemma-4-31b-it__T000__R01,gemma-4-31b-it,0.0,valid,strict_json
Spratling2008,NO_FIGURE_TEXT,1,LO,Feedforward Deviance Detection,1.0,NOFIG__Spratling2008__gemma-4-31b-it__T000__R01,gemma-4-31b-it,0.0,valid,strict_json
Spratling2008,NO_FIGURE_TEXT,1,GO,Feedforward Deviance Detection,1.0,NOFIG__Spratling2008__gemma-4-31b-it__T000__R01,gemma-4-31b-it,0.0,valid,strict_json
Spratling2008,NO_FIGURE_TEXT,1,LO,Feedforward AMPA,,NOFIG__Spratling2008__gemma-4-31b-it__T000__R01,gemma-4-31b-it,0.0,valid,strict_json
Spratling2008,NO_FIGURE_TEXT,1,GO,Feedforward AMPA,,NOFIG__Spratling2008__gemma-4-31b-it__T000__R01,gemma-4-31b-it,0.0,valid,strict_json
Spratling2008,NO_FIGURE_TEXT,1,LO,Feedforward NMDA,,NOFIG__Spratling2008__gemma-4-31b-it__T000__R01,gemma-4-31b-it,0.0,valid,strict_json
Spratling2008,NO_FIGURE_TEXT,1,GO,Feedforward NMDA,,NOFIG__Spratling2008__gemma-4-31b-it__T000__R01,gemma-4-31b-it,0.0,valid,strict_json
Spratling2008,NO_FIGURE_TEXT,1,LO,Feedforward Ascending Gamma,,NOFIG__Spratling2008__gemma-4-31b-it__T000__R01,gemma-4-31b-it,0.0,valid,strict_json
Spratling2008,NO_FIGURE_TEXT,1,GO,Feedforward Ascending Gamma,,NOFIG__Spratling2008__gemma-4-31b-it__T000__R01,gemma-4-31b-it,0.0,valid,strict_json
Spratling2008,NO_FIGURE_TEXT,1,LO,Absence of Feedback Error,1.0,NOFIG__Spratling2008__gemma-4-31b-it__T000__R01,gemma-4-31b-it,0.0,valid,strict_json
Spratling2008,NO_FIGURE_TEXT,1,GO,Absence of Feedback Error,1.0,NOFIG__Spratling2008__gemma-4-31b-it__T000__R01,gemma-4-31b-it,0.0,valid,strict_json
Spratling2008,NO_FIGURE_TEXT,1,LO,Feedforward Non-local Supragranular Activity (L2/3),,NOFIG__Spratling2008__gemma-4-31b-it__T000__R01,gemma-4-31b-it,0.0,valid,strict_json
Spratling2008,NO_FIGURE_TEXT,1,GO,Feedforward Non-local Supragranular Activity (L2/3),,NOFIG__Spratling2008__gemma-4-31b-it__T000__R01,gemma-4-31b-it,0.0,valid,strict_json
Spratling2008,NO_FIGURE_TEXT,1,LO,Feedforward Non-local Granular Activity (L4),,NOFIG__Spratling2008__gemma-4-31b-it__T000__R01,gemma-4-31b-it,0.0,valid,strict_json
Spratling2008,NO_FIGURE_TEXT,1,GO,Feedforward Non-local Granular Activity (L4),,NOFIG__Spratling2008__gemma-4-31b-it__T000__R01,gemma-4-31b-it,0.0,valid,strict_json
Spratling2008,NO_FIGURE_TEXT,1,LO,Feedforward Non-local Directed Connectivity,,NOFIG__Spratling2008__gemma-4-31b-it__T000__R01,gemma-4-31b-it,0.0,valid,strict_json
Spratling2008,NO_FIGURE_TEXT,1,GO,Feedforward Non-local Directed Connectivity,,NOFIG__Spratling2008__gemma-4-31b-it__T000__R01,gemma-4-31b-it,0.0,valid,strict_json
Spratling2008,NO_FIGURE_TEXT,1,LO,Feedforward Non-local Activation,1.0,NOFIG__Spratling2008__gemma-4-31b-it__T000__R01,gemma-4-31b-it,0.0,valid,strict_json
Spratling2008,NO_FIGURE_TEXT,1,GO,Feedforward Non-local Activation,1.0,NOFIG__Spratling2008__gemma-4-31b-it__T000__R01,gemma-4-31b-it,0.0,valid,strict_json
Spratling2008,NO_FIGURE_TEXT,1,LO,Ascending Latency Shift,,NOFIG__Spratling2008__gemma-4-31b-it__T000__R01,gemma-4-31b-it,0.0,valid,strict_json
Spratling2008,NO_FIGURE_TEXT,1,GO,Ascending Latency Shift,,NOFIG__Spratling2008__gemma-4-31b-it__T000__R01,gemma-4-31b-it,0.0,valid,strict_json
Spratling2008,NO_FIGURE_TEXT,1,LO,Feedforward Error Propagation,1.0,NOFIG__Spratling2008__gemma-4-31b-it__T000__R01,gemma-4-31b-it,0.0,valid,strict_json
Spratling2008,NO_FIGURE_TEXT,1,GO,Feedforward Error Propagation,1.0,NOFIG__Spratling2008__gemma-4-31b-it__T000__R01,gemma-4-31b-it,0.0,valid,strict_json
Spratling2008,NO_FIGURE_TEXT,1,LO,Subcortical Feedforward Relaying,,NOFIG__Spratling2008__gemma-4-31b-it__T000__R01,gemma-4-31b-it,0.0,valid,strict_json
Spratling2008,NO_FIGURE_TEXT,1,GO,Subcortical Feedforward Relaying,,NOFIG__Spratling2008__gemma-4-31b-it__T000__R01,gemma-4-31b-it,0.0,valid,strict_json
Spratling2008,NO_FIGURE_TEXT,1,LO,Canonical Microcircuit Ubiquity,0.5,NOFIG__Spratling2008__gemma-4-31b-it__T000__R01,gemma-4-31b-it,0.0,valid,strict_json
Spratling2008,NO_FIGURE_TEXT,1,GO,Canonical Microcircuit Ubiquity,0.5,NOFIG__Spratling2008__gemma-4-31b-it__T000__R01,gemma-4-31b-it,0.0,valid,strict_json
Spratling2008,NO_FIGURE_TEXT,1,LO,Hierarchical Mechanism Invariance,,NOFIG__Spratling2008__gemma-4-31b-it__T000__R01,gemma-4-31b-it,0.0,valid,strict_json
Spratling2008,NO_FIGURE_TEXT,1,GO,Hierarchical Mechanism Invariance,,NOFIG__Spratling2008__gemma-4-31b-it__T000__R01,gemma-4-31b-it,0.0,valid,strict_json
Spratling2008,NO_FIGURE_TEXT,1,LO,Hierarchical Activity Ubiquity,0.5,NOFIG__Spratling2008__gemma-4-31b-it__T000__R01,gemma-4-31b-it,0.0,valid,strict_json
Spratling2008,NO_FIGURE_TEXT,1,GO,Hierarchical Activity Ubiquity,0.5,NOFIG__Spratling2008__gemma-4-31b-it__T000__R01,gemma-4-31b-it,0.0,valid,strict_json
Spratling2008,NO_FIGURE_TEXT,1,LO,Hierarchical CSD Ubiquity,,NOFIG__Spratling2008__gemma-4-31b-it__T000__R01,gemma-4-31b-it,0.0,valid,strict_json
Spratling2008,NO_FIGURE_TEXT,1,GO,Hierarchical CSD Ubiquity,,NOFIG__Spratling2008__gemma-4-31b-it__T000__R01,gemma-4-31b-it,0.0,valid,strict_json
Spratling2008,NO_FIGURE_TEXT,1,LO,Cross-Scale Hierarchical Ubiquity,,NOFIG__Spratling2008__gemma-4-31b-it__T000__R01,gemma-4-31b-it,0.0,valid,strict_json
Spratling2008,NO_FIGURE_TEXT,1,GO,Cross-Scale Hierarchical Ubiquity,,NOFIG__Spratling2008__gemma-4-31b-it__T000__R01,gemma-4-31b-it,0.0,valid,strict_json
Spratling2008,NO_FIGURE_TEXT,1,LO,Hierarchical Presence (V1-PFC),0.5,NOFIG__Spratling2008__gemma-4-31b-it__T000__R01,gemma-4-31b-it,0.0,valid,strict_json
Spratling2008,NO_FIGURE_TEXT,1,GO,Hierarchical Presence (V1-PFC),0.5,NOFIG__Spratling2008__gemma-4-31b-it__T000__R01,gemma-4-31b-it,0.0,valid,strict_json
Spratling2008,NO_FIGURE_TEXT,1,LO,Cross-Modal Ubiquity,,NOFIG__Spratling2008__gemma-4-31b-it__T000__R01,gemma-4-31b-it,0.0,valid,strict_json
Spratling2008,NO_FIGURE_TEXT,1,GO,Cross-Modal Ubiquity,,NOFIG__Spratling2008__gemma-4-31b-it__T000__R01,gemma-4-31b-it,0.0,valid,strict_json
Spratling2008,NO_FIGURE_TEXT,1,LO,Interspecies Hierarchical Ubiquity,,NOFIG__Spratling2008__gemma-4-31b-it__T000__R01,gemma-4-31b-it,0.0,valid,strict_json
Spratling2008,NO_FIGURE_TEXT,1,GO,Interspecies Hierarchical Ubiquity,,NOFIG__Spratling2008__gemma-4-31b-it__T000__R01,gemma-4-31b-it,0.0,valid,strict_json
Spratling2008,NO_FIGURE_TEXT,1,LO,Temporal Stability of Ubiquity,,NOFIG__Spratling2008__gemma-4-31b-it__T000__R01,gemma-4-31b-it,0.0,valid,strict_json
Spratling2008,NO_FIGURE_TEXT,1,GO,Temporal Stability of Ubiquity,,NOFIG__Spratling2008__gemma-4-31b-it__T000__R01,gemma-4-31b-it,0.0,valid,strict_json
Spratling2008,NO_FIGURE_TEXT,1,LO,Hierarchical Order Stability,0.5,NOFIG__Spratling2008__gemma-4-31b-it__T000__R01,gemma-4-31b-it,0.0,valid,strict_json
Spratling2008,NO_FIGURE_TEXT,1,GO,Hierarchical Order Stability,0.5,NOFIG__Spratling2008__gemma-4-31b-it__T000__R01,gemma-4-31b-it,0.0,valid,strict_json
Spratling2008,NO_FIGURE_TEXT,1,LO,Population-Wide Ubiquity,,NOFIG__Spratling2008__gemma-4-31b-it__T000__R01,gemma-4-31b-it,0.0,valid,strict_json
Spratling2008,NO_FIGURE_TEXT,1,GO,Population-Wide Ubiquity,,NOFIG__Spratling2008__gemma-4-31b-it__T000__R01,gemma-4-31b-it,0.0,valid,strict_json
Spratling2008,NO_FIGURE_TEXT,1,LO,State-Independent Ubiquity,,NOFIG__Spratling2008__gemma-4-31b-it__T000__R01,gemma-4-31b-it,0.0,valid,strict_json
Spratling2008,NO_FIGURE_TEXT,1,GO,State-Independent Ubiquity,,NOFIG__Spratling2008__gemma-4-31b-it__T000__R01,gemma-4-31b-it,0.0,valid,strict_json
Spratling2010,NO_FIGURE_TEXT,1,LO,Subtractive Inhibition (SST),,NOFIG__Spratling2010__gemma-4-31b-it__T000__R01,gemma-4-31b-it,0.0,valid,cleaned_json
Spratling2010,NO_FIGURE_TEXT,1,GO,Subtractive Inhibition (SST),,NOFIG__Spratling2010__gemma-4-31b-it__T000__R01,gemma-4-31b-it,0.0,valid,cleaned_json
Spratling2010,NO_FIGURE_TEXT,1,LO,Divisive Inhibition (PV),,NOFIG__Spratling2010__gemma-4-31b-it__T000__R01,gemma-4-31b-it,0.0,valid,cleaned_json
Spratling2010,NO_FIGURE_TEXT,1,GO,Divisive Inhibition (PV),,NOFIG__Spratling2010__gemma-4-31b-it__T000__R01,gemma-4-31b-it,0.0,valid,cleaned_json
Spratling2010,NO_FIGURE_TEXT,1,LO,Inhibition (GABA),,NOFIG__Spratling2010__gemma-4-31b-it__T000__R01,gemma-4-31b-it,0.0,valid,cleaned_json
Spratling2010,NO_FIGURE_TEXT,1,GO,Inhibition (GABA),,NOFIG__Spratling2010__gemma-4-31b-it__T000__R01,gemma-4-31b-it,0.0,valid,cleaned_json
Spratling2010,NO_FIGURE_TEXT,1,LO,Habituation to Sequence,,NOFIG__Spratling2010__gemma-4-31b-it__T000__R01,gemma-4-31b-it,0.0,valid,cleaned_json
Spratling2010,NO_FIGURE_TEXT,1,GO,Habituation to Sequence,,NOFIG__Spratling2010__gemma-4-31b-it__T000__R01,gemma-4-31b-it,0.0,valid,cleaned_json
Spratling2010,NO_FIGURE_TEXT,1,LO,Synaptic Depression (Adaptation),-1.0,NOFIG__Spratling2010__gemma-4-31b-it__T000__R01,gemma-4-31b-it,0.0,valid,cleaned_json
Spratling2010,NO_FIGURE_TEXT,1,GO,Synaptic Depression (Adaptation),,NOFIG__Spratling2010__gemma-4-31b-it__T000__R01,gemma-4-31b-it,0.0,valid,cleaned_json
Spratling2010,NO_FIGURE_TEXT,1,LO,Activity Suppression,1.0,NOFIG__Spratling2010__gemma-4-31b-it__T000__R01,gemma-4-31b-it,0.0,valid,cleaned_json
Spratling2010,NO_FIGURE_TEXT,1,GO,Activity Suppression,1.0,NOFIG__Spratling2010__gemma-4-31b-it__T000__R01,gemma-4-31b-it,0.0,valid,cleaned_json
Spratling2010,NO_FIGURE_TEXT,1,LO,Selective Sharpening,1.0,NOFIG__Spratling2010__gemma-4-31b-it__T000__R01,gemma-4-31b-it,0.0,valid,cleaned_json
Spratling2010,NO_FIGURE_TEXT,1,GO,Selective Sharpening,1.0,NOFIG__Spratling2010__gemma-4-31b-it__T000__R01,gemma-4-31b-it,0.0,valid,cleaned_json
Spratling2010,NO_FIGURE_TEXT,1,LO,Alpha/Beta Mediated Suppression,,NOFIG__Spratling2010__gemma-4-31b-it__T000__R01,gemma-4-31b-it,0.0,valid,cleaned_json
Spratling2010,NO_FIGURE_TEXT,1,GO,Alpha/Beta Mediated Suppression,,NOFIG__Spratling2010__gemma-4-31b-it__T000__R01,gemma-4-31b-it,0.0,valid,cleaned_json
Spratling2010,NO_FIGURE_TEXT,1,LO,VIP-Mediated Disinhibition,,NOFIG__Spratling2010__gemma-4-31b-it__T000__R01,gemma-4-31b-it,0.0,valid,cleaned_json
Spratling2010,NO_FIGURE_TEXT,1,GO,VIP-Mediated Disinhibition,,NOFIG__Spratling2010__gemma-4-31b-it__T000__R01,gemma-4-31b-it,0.0,valid,cleaned_json
Spratling2010,NO_FIGURE_TEXT,1,LO,Precision Weighting (Gain),,NOFIG__Spratling2010__gemma-4-31b-it__T000__R01,gemma-4-31b-it,0.0,valid,cleaned_json
Spratling2010,NO_FIGURE_TEXT,1,GO,Precision Weighting (Gain),,NOFIG__Spratling2010__gemma-4-31b-it__T000__R01,gemma-4-31b-it,0.0,valid,cleaned_json
Spratling2010,NO_FIGURE_TEXT,1,LO,E/I Balance Shift,,NOFIG__Spratling2010__gemma-4-31b-it__T000__R01,gemma-4-31b-it,0.0,valid,cleaned_json
Spratling2010,NO_FIGURE_TEXT,1,GO,E/I Balance Shift,,NOFIG__Spratling2010__gemma-4-31b-it__T000__R01,gemma-4-31b-it,0.0,valid,cleaned_json
Spratling2010,NO_FIGURE_TEXT,1,LO,Omission Response,,NOFIG__Spratling2010__gemma-4-31b-it__T000__R01,gemma-4-31b-it,0.0,valid,cleaned_json
Spratling2010,NO_FIGURE_TEXT,1,GO,Omission Response,,NOFIG__Spratling2010__gemma-4-31b-it__T000__R01,gemma-4-31b-it,0.0,valid,cleaned_json
Spratling2010,NO_FIGURE_TEXT,1,LO,Feedforward Deviance Detection,1.0,NOFIG__Spratling2010__gemma-4-31b-it__T000__R01,gemma-4-31b-it,0.0,valid,cleaned_json
Spratling2010,NO_FIGURE_TEXT,1,GO,Feedforward Deviance Detection,1.0,NOFIG__Spratling2010__gemma-4-31b-it__T000__R01,gemma-4-31b-it,0.0,valid,cleaned_json
Spratling2010,NO_FIGURE_TEXT,1,LO,Feedforward AMPA,,NOFIG__Spratling2010__gemma-4-31b-it__T000__R01,gemma-4-31b-it,0.0,valid,cleaned_json
Spratling2010,NO_FIGURE_TEXT,1,GO,Feedforward AMPA,,NOFIG__Spratling2010__gemma-4-31b-it__T000__R01,gemma-4-31b-it,0.0,valid,cleaned_json
Spratling2010,NO_FIGURE_TEXT,1,LO,Feedforward NMDA,,NOFIG__Spratling2010__gemma-4-31b-it__T000__R01,gemma-4-31b-it,0.0,valid,cleaned_json
Spratling2010,NO_FIGURE_TEXT,1,GO,Feedforward NMDA,,NOFIG__Spratling2010__gemma-4-31b-it__T000__R01,gemma-4-31b-it,0.0,valid,cleaned_json
Spratling2010,NO_FIGURE_TEXT,1,LO,Feedforward Ascending Gamma,,NOFIG__Spratling2010__gemma-4-31b-it__T000__R01,gemma-4-31b-it,0.0,valid,cleaned_json
Spratling2010,NO_FIGURE_TEXT,1,GO,Feedforward Ascending Gamma,,NOFIG__Spratling2010__gemma-4-31b-it__T000__R01,gemma-4-31b-it,0.0,valid,cleaned_json
Spratling2010,NO_FIGURE_TEXT,1,LO,Absence of Feedback Error,1.0,NOFIG__Spratling2010__gemma-4-31b-it__T000__R01,gemma-4-31b-it,0.0,valid,cleaned_json
Spratling2010,NO_FIGURE_TEXT,1,GO,Absence of Feedback Error,1.0,NOFIG__Spratling2010__gemma-4-31b-it__T000__R01,gemma-4-31b-it,0.0,valid,cleaned_json
Spratling2010,NO_FIGURE_TEXT,1,LO,Feedforward Non-local Supragranular Activity (L2/3),,NOFIG__Spratling2010__gemma-4-31b-it__T000__R01,gemma-4-31b-it,0.0,valid,cleaned_json
Spratling2010,NO_FIGURE_TEXT,1,GO,Feedforward Non-local Supragranular Activity (L2/3),,NOFIG__Spratling2010__gemma-4-31b-it__T000__R01,gemma-4-31b-it,0.0,valid,cleaned_json
Spratling2010,NO_FIGURE_TEXT,1,LO,Feedforward Non-local Granular Activity (L4),,NOFIG__Spratling2010__gemma-4-31b-it__T000__R01,gemma-4-31b-it,0.0,valid,cleaned_json
Spratling2010,NO_FIGURE_TEXT,1,GO,Feedforward Non-local Granular Activity (L4),,NOFIG__Spratling2010__gemma-4-31b-it__T000__R01,gemma-4-31b-it,0.0,valid,cleaned_json
Spratling2010,NO_FIGURE_TEXT,1,LO,Feedforward Non-local Directed Connectivity,,NOFIG__Spratling2010__gemma-4-31b-it__T000__R01,gemma-4-31b-it,0.0,valid,cleaned_json
Spratling2010,NO_FIGURE_TEXT,1,GO,Feedforward Non-local Directed Connectivity,,NOFIG__Spratling2010__gemma-4-31b-it__T000__R01,gemma-4-31b-it,0.0,valid,cleaned_json
Spratling2010,NO_FIGURE_TEXT,1,LO,Feedforward Non-local Activation,,NOFIG__Spratling2010__gemma-4-31b-it__T000__R01,gemma-4-31b-it,0.0,valid,cleaned_json
Spratling2010,NO_FIGURE_TEXT,1,GO,Feedforward Non-local Activation,,NOFIG__Spratling2010__gemma-4-31b-it__T000__R01,gemma-4-31b-it,0.0,valid,cleaned_json
Spratling2010,NO_FIGURE_TEXT,1,LO,Ascending Latency Shift,,NOFIG__Spratling2010__gemma-4-31b-it__T000__R01,gemma-4-31b-it,0.0,valid,cleaned_json
Spratling2010,NO_FIGURE_TEXT,1,GO,Ascending Latency Shift,,NOFIG__Spratling2010__gemma-4-31b-it__T000__R01,gemma-4-31b-it,0.0,valid,cleaned_json
Spratling2010,NO_FIGURE_TEXT,1,LO,Feedforward Error Propagation,1.0,NOFIG__Spratling2010__gemma-4-31b-it__T000__R01,gemma-4-31b-it,0.0,valid,cleaned_json
Spratling2010,NO_FIGURE_TEXT,1,GO,Feedforward Error Propagation,1.0,NOFIG__Spratling2010__gemma-4-31b-it__T000__R01,gemma-4-31b-it,0.0,valid,cleaned_json
Spratling2010,NO_FIGURE_TEXT,1,LO,Subcortical Feedforward Relaying,,NOFIG__Spratling2010__gemma-4-31b-it__T000__R01,gemma-4-31b-it,0.0,valid,cleaned_json
Spratling2010,NO_FIGURE_TEXT,1,GO,Subcortical Feedforward Relaying,,NOFIG__Spratling2010__gemma-4-31b-it__T000__R01,gemma-4-31b-it,0.0,valid,cleaned_json
Spratling2010,NO_FIGURE_TEXT,1,LO,Canonical Microcircuit Ubiquity,,NOFIG__Spratling2010__gemma-4-31b-it__T000__R01,gemma-4-31b-it,0.0,valid,cleaned_json
Spratling2010,NO_FIGURE_TEXT,1,GO,Canonical Microcircuit Ubiquity,,NOFIG__Spratling2010__gemma-4-31b-it__T000__R01,gemma-4-31b-it,0.0,valid,cleaned_json
Spratling2010,NO_FIGURE_TEXT,1,LO,Hierarchical Mechanism Invariance,,NOFIG__Spratling2010__gemma-4-31b-it__T000__R01,gemma-4-31b-it,0.0,valid,cleaned_json
Spratling2010,NO_FIGURE_TEXT,1,GO,Hierarchical Mechanism Invariance,,NOFIG__Spratling2010__gemma-4-31b-it__T000__R01,gemma-4-31b-it,0.0,valid,cleaned_json
Spratling2010,NO_FIGURE_TEXT,1,LO,Hierarchical Activity Ubiquity,,NOFIG__Spratling2010__gemma-4-31b-it__T000__R01,gemma-4-31b-it,0.0,valid,cleaned_json
Spratling2010,NO_FIGURE_TEXT,1,GO,Hierarchical Activity Ubiquity,,NOFIG__Spratling2010__gemma-4-31b-it__T000__R01,gemma-4-31b-it,0.0,valid,cleaned_json
Spratling2010,NO_FIGURE_TEXT,1,LO,Hierarchical CSD Ubiquity,,NOFIG__Spratling2010__gemma-4-31b-it__T000__R01,gemma-4-31b-it,0.0,valid,cleaned_json
Spratling2010,NO_FIGURE_TEXT,1,GO,Hierarchical CSD Ubiquity,,NOFIG__Spratling2010__gemma-4-31b-it__T000__R01,gemma-4-31b-it,0.0,valid,cleaned_json
Spratling2010,NO_FIGURE_TEXT,1,LO,Cross-Scale Hierarchical Ubiquity,,NOFIG__Spratling2010__gemma-4-31b-it__T000__R01,gemma-4-31b-it,0.0,valid,cleaned_json
Spratling2010,NO_FIGURE_TEXT,1,GO,Cross-Scale Hierarchical Ubiquity,,NOFIG__Spratling2010__gemma-4-31b-it__T000__R01,gemma-4-31b-it,0.0,valid,cleaned_json
Spratling2010,NO_FIGURE_TEXT,1,LO,Hierarchical Presence (V1-PFC),,NOFIG__Spratling2010__gemma-4-31b-it__T000__R01,gemma-4-31b-it,0.0,valid,cleaned_json
Spratling2010,NO_FIGURE_TEXT,1,GO,Hierarchical Presence (V1-PFC),,NOFIG__Spratling2010__gemma-4-31b-it__T000__R01,gemma-4-31b-it,0.0,valid,cleaned_json
Spratling2010,NO_FIGURE_TEXT,1,LO,Cross-Modal Ubiquity,,NOFIG__Spratling2010__gemma-4-31b-it__T000__R01,gemma-4-31b-it,0.0,valid,cleaned_json
Spratling2010,NO_FIGURE_TEXT,1,GO,Cross-Modal Ubiquity,,NOFIG__Spratling2010__gemma-4-31b-it__T000__R01,gemma-4-31b-it,0.0,valid,cleaned_json
Spratling2010,NO_FIGURE_TEXT,1,LO,Interspecies Hierarchical Ubiquity,1.0,NOFIG__Spratling2010__gemma-4-31b-it__T000__R01,gemma-4-31b-it,0.0,valid,cleaned_json
Spratling2010,NO_FIGURE_TEXT,1,GO,Interspecies Hierarchical Ubiquity,1.0,NOFIG__Spratling2010__gemma-4-31b-it__T000__R01,gemma-4-31b-it,0.0,valid,cleaned_json
Spratling2010,NO_FIGURE_TEXT,1,LO,Temporal Stability of Ubiquity,,NOFIG__Spratling2010__gemma-4-31b-it__T000__R01,gemma-4-31b-it,0.0,valid,cleaned_json
Spratling2010,NO_FIGURE_TEXT,1,GO,Temporal Stability of Ubiquity,,NOFIG__Spratling2010__gemma-4-31b-it__T000__R01,gemma-4-31b-it,0.0,valid,cleaned_json
Spratling2010,NO_FIGURE_TEXT,1,LO,Hierarchical Order Stability,,NOFIG__Spratling2010__gemma-4-31b-it__T000__R01,gemma-4-31b-it,0.0,valid,cleaned_json
Spratling2010,NO_FIGURE_TEXT,1,GO,Hierarchical Order Stability,,NOFIG__Spratling2010__gemma-4-31b-it__T000__R01,gemma-4-31b-it,0.0,valid,cleaned_json
Spratling2010,NO_FIGURE_TEXT,1,LO,Population-Wide Ubiquity,,NOFIG__Spratling2010__gemma-4-31b-it__T000__R01,gemma-4-31b-it,0.0,valid,cleaned_json
Spratling2010,NO_FIGURE_TEXT,1,GO,Population-Wide Ubiquity,,NOFIG__Spratling2010__gemma-4-31b-it__T000__R01,gemma-4-31b-it,0.0,valid,cleaned_json
Spratling2010,NO_FIGURE_TEXT,1,LO,State-Independent Ubiquity,,NOFIG__Spratling2010__gemma-4-31b-it__T000__R01,gemma-4-31b-it,0.0,valid,cleaned_json
Spratling2010,NO_FIGURE_TEXT,1,GO,State-Independent Ubiquity,,NOFIG__Spratling2010__gemma-4-31b-it__T000__R01,gemma-4-31b-it,0.0,valid,cleaned_json
Srinivasan1982,NO_FIGURE_TEXT,1,LO,Subtractive Inhibition (SST),1.0,NOFIG__Srinivasan1982__gemma-4-31b-it__T000__R01,gemma-4-31b-it,0.0,valid,strict_json
Srinivasan1982,NO_FIGURE_TEXT,1,GO,Subtractive Inhibition (SST),1.0,NOFIG__Srinivasan1982__gemma-4-31b-it__T000__R01,gemma-4-31b-it,0.0,valid,strict_json
Srinivasan1982,NO_FIGURE_TEXT,1,LO,Divisive Inhibition (PV),,NOFIG__Srinivasan1982__gemma-4-31b-it__T000__R01,gemma-4-31b-it,0.0,valid,strict_json
Srinivasan1982,NO_FIGURE_TEXT,1,GO,Divisive Inhibition (PV),,NOFIG__Srinivasan1982__gemma-4-31b-it__T000__R01,gemma-4-31b-it,0.0,valid,strict_json
Srinivasan1982,NO_FIGURE_TEXT,1,LO,Inhibition (GABA),,NOFIG__Srinivasan1982__gemma-4-31b-it__T000__R01,gemma-4-31b-it,0.0,valid,strict_json
Srinivasan1982,NO_FIGURE_TEXT,1,GO,Inhibition (GABA),,NOFIG__Srinivasan1982__gemma-4-31b-it__T000__R01,gemma-4-31b-it,0.0,valid,strict_json
Srinivasan1982,NO_FIGURE_TEXT,1,LO,Habituation to Sequence,,NOFIG__Srinivasan1982__gemma-4-31b-it__T000__R01,gemma-4-31b-it,0.0,valid,strict_json
Srinivasan1982,NO_FIGURE_TEXT,1,GO,Habituation to Sequence,,NOFIG__Srinivasan1982__gemma-4-31b-it__T000__R01,gemma-4-31b-it,0.0,valid,strict_json
Srinivasan1982,NO_FIGURE_TEXT,1,LO,Synaptic Depression (Adaptation),,NOFIG__Srinivasan1982__gemma-4-31b-it__T000__R01,gemma-4-31b-it,0.0,valid,strict_json
Srinivasan1982,NO_FIGURE_TEXT,1,GO,Synaptic Depression (Adaptation),,NOFIG__Srinivasan1982__gemma-4-31b-it__T000__R01,gemma-4-31b-it,0.0,valid,strict_json
Srinivasan1982,NO_FIGURE_TEXT,1,LO,Activity Suppression,1.0,NOFIG__Srinivasan1982__gemma-4-31b-it__T000__R01,gemma-4-31b-it,0.0,valid,strict_json
Srinivasan1982,NO_FIGURE_TEXT,1,GO,Activity Suppression,1.0,NOFIG__Srinivasan1982__gemma-4-31b-it__T000__R01,gemma-4-31b-it,0.0,valid,strict_json
Srinivasan1982,NO_FIGURE_TEXT,1,LO,Selective Sharpening,,NOFIG__Srinivasan1982__gemma-4-31b-it__T000__R01,gemma-4-31b-it,0.0,valid,strict_json
Srinivasan1982,NO_FIGURE_TEXT,1,GO,Selective Sharpening,,NOFIG__Srinivasan1982__gemma-4-31b-it__T000__R01,gemma-4-31b-it,0.0,valid,strict_json
Srinivasan1982,NO_FIGURE_TEXT,1,LO,Alpha/Beta Mediated Suppression,,NOFIG__Srinivasan1982__gemma-4-31b-it__T000__R01,gemma-4-31b-it,0.0,valid,strict_json
Srinivasan1982,NO_FIGURE_TEXT,1,GO,Alpha/Beta Mediated Suppression,,NOFIG__Srinivasan1982__gemma-4-31b-it__T000__R01,gemma-4-31b-it,0.0,valid,strict_json
Srinivasan1982,NO_FIGURE_TEXT,1,LO,VIP-Mediated Disinhibition,,NOFIG__Srinivasan1982__gemma-4-31b-it__T000__R01,gemma-4-31b-it,0.0,valid,strict_json
Srinivasan1982,NO_FIGURE_TEXT,1,GO,VIP-Mediated Disinhibition,,NOFIG__Srinivasan1982__gemma-4-31b-it__T000__R01,gemma-4-31b-it,0.0,valid,strict_json
Srinivasan1982,NO_FIGURE_TEXT,1,LO,Precision Weighting (Gain),,NOFIG__Srinivasan1982__gemma-4-31b-it__T000__R01,gemma-4-31b-it,0.0,valid,strict_json
Srinivasan1982,NO_FIGURE_TEXT,1,GO,Precision Weighting (Gain),,NOFIG__Srinivasan1982__gemma-4-31b-it__T000__R01,gemma-4-31b-it,0.0,valid,strict_json
Srinivasan1982,NO_FIGURE_TEXT,1,LO,E/I Balance Shift,,NOFIG__Srinivasan1982__gemma-4-31b-it__T000__R01,gemma-4-31b-it,0.0,valid,strict_json
Srinivasan1982,NO_FIGURE_TEXT,1,GO,E/I Balance Shift,,NOFIG__Srinivasan1982__gemma-4-31b-it__T000__R01,gemma-4-31b-it,0.0,valid,strict_json
Srinivasan1982,NO_FIGURE_TEXT,1,LO,Omission Response,,NOFIG__Srinivasan1982__gemma-4-31b-it__T000__R01,gemma-4-31b-it,0.0,valid,strict_json
Srinivasan1982,NO_FIGURE_TEXT,1,GO,Omission Response,,NOFIG__Srinivasan1982__gemma-4-31b-it__T000__R01,gemma-4-31b-it,0.0,valid,strict_json
Srinivasan1982,NO_FIGURE_TEXT,1,LO,Feedforward Deviance Detection,1.0,NOFIG__Srinivasan1982__gemma-4-31b-it__T000__R01,gemma-4-31b-it,0.0,valid,strict_json
Srinivasan1982,NO_FIGURE_TEXT,1,GO,Feedforward Deviance Detection,1.0,NOFIG__Srinivasan1982__gemma-4-31b-it__T000__R01,gemma-4-31b-it,0.0,valid,strict_json
Srinivasan1982,NO_FIGURE_TEXT,1,LO,Feedforward AMPA,,NOFIG__Srinivasan1982__gemma-4-31b-it__T000__R01,gemma-4-31b-it,0.0,valid,strict_json
Srinivasan1982,NO_FIGURE_TEXT,1,GO,Feedforward AMPA,,NOFIG__Srinivasan1982__gemma-4-31b-it__T000__R01,gemma-4-31b-it,0.0,valid,strict_json
Srinivasan1982,NO_FIGURE_TEXT,1,LO,Feedforward NMDA,,NOFIG__Srinivasan1982__gemma-4-31b-it__T000__R01,gemma-4-31b-it,0.0,valid,strict_json
Srinivasan1982,NO_FIGURE_TEXT,1,GO,Feedforward NMDA,,NOFIG__Srinivasan1982__gemma-4-31b-it__T000__R01,gemma-4-31b-it,0.0,valid,strict_json
Srinivasan1982,NO_FIGURE_TEXT,1,LO,Feedforward Ascending Gamma,,NOFIG__Srinivasan1982__gemma-4-31b-it__T000__R01,gemma-4-31b-it,0.0,valid,strict_json
Srinivasan1982,NO_FIGURE_TEXT,1,GO,Feedforward Ascending Gamma,,NOFIG__Srinivasan1982__gemma-4-31b-it__T000__R01,gemma-4-31b-it,0.0,valid,strict_json
Srinivasan1982,NO_FIGURE_TEXT,1,LO,Absence of Feedback Error,,NOFIG__Srinivasan1982__gemma-4-31b-it__T000__R01,gemma-4-31b-it,0.0,valid,strict_json
Srinivasan1982,NO_FIGURE_TEXT,1,GO,Absence of Feedback Error,,NOFIG__Srinivasan1982__gemma-4-31b-it__T000__R01,gemma-4-31b-it,0.0,valid,strict_json
Srinivasan1982,NO_FIGURE_TEXT,1,LO,Feedforward Non-local Supragranular Activity (L2/3),,NOFIG__Srinivasan1982__gemma-4-31b-it__T000__R01,gemma-4-31b-it,0.0,valid,strict_json
Srinivasan1982,NO_FIGURE_TEXT,1,GO,Feedforward Non-local Supragranular Activity (L2/3),,NOFIG__Srinivasan1982__gemma-4-31b-it__T000__R01,gemma-4-31b-it,0.0,valid,strict_json
Srinivasan1982,NO_FIGURE_TEXT,1,LO,Feedforward Non-local Granular Activity (L4),,NOFIG__Srinivasan1982__gemma-4-31b-it__T000__R01,gemma-4-31b-it,0.0,valid,strict_json
Srinivasan1982,NO_FIGURE_TEXT,1,GO,Feedforward Non-local Granular Activity (L4),,NOFIG__Srinivasan1982__gemma-4-31b-it__T000__R01,gemma-4-31b-it,0.0,valid,strict_json
Srinivasan1982,NO_FIGURE_TEXT,1,LO,Feedforward Non-local Directed Connectivity,,NOFIG__Srinivasan1982__gemma-4-31b-it__T000__R01,gemma-4-31b-it,0.0,valid,strict_json
Srinivasan1982,NO_FIGURE_TEXT,1,GO,Feedforward Non-local Directed Connectivity,,NOFIG__Srinivasan1982__gemma-4-31b-it__T000__R01,gemma-4-31b-it,0.0,valid,strict_json
Srinivasan1982,NO_FIGURE_TEXT,1,LO,Feedforward Non-local Activation,,NOFIG__Srinivasan1982__gemma-4-31b-it__T000__R01,gemma-4-31b-it,0.0,valid,strict_json
Srinivasan1982,NO_FIGURE_TEXT,1,GO,Feedforward Non-local Activation,,NOFIG__Srinivasan1982__gemma-4-31b-it__T000__R01,gemma-4-31b-it,0.0,valid,strict_json
Srinivasan1982,NO_FIGURE_TEXT,1,LO,Ascending Latency Shift,,NOFIG__Srinivasan1982__gemma-4-31b-it__T000__R01,gemma-4-31b-it,0.0,valid,strict_json
Srinivasan1982,NO_FIGURE_TEXT,1,GO,Ascending Latency Shift,,NOFIG__Srinivasan1982__gemma-4-31b-it__T000__R01,gemma-4-31b-it,0.0,valid,strict_json
Srinivasan1982,NO_FIGURE_TEXT,1,LO,Feedforward Error Propagation,1.0,NOFIG__Srinivasan1982__gemma-4-31b-it__T000__R01,gemma-4-31b-it,0.0,valid,strict_json
Srinivasan1982,NO_FIGURE_TEXT,1,GO,Feedforward Error Propagation,1.0,NOFIG__Srinivasan1982__gemma-4-31b-it__T000__R01,gemma-4-31b-it,0.0,valid,strict_json
Srinivasan1982,NO_FIGURE_TEXT,1,LO,Subcortical Feedforward Relaying,,NOFIG__Srinivasan1982__gemma-4-31b-it__T000__R01,gemma-4-31b-it,0.0,valid,strict_json
Srinivasan1982,NO_FIGURE_TEXT,1,GO,Subcortical Feedforward Relaying,,NOFIG__Srinivasan1982__gemma-4-31b-it__T000__R01,gemma-4-31b-it,0.0,valid,strict_json
Srinivasan1982,NO_FIGURE_TEXT,1,LO,Canonical Microcircuit Ubiquity,,NOFIG__Srinivasan1982__gemma-4-31b-it__T000__R01,gemma-4-31b-it,0.0,valid,strict_json
Srinivasan1982,NO_FIGURE_TEXT,1,GO,Canonical Microcircuit Ubiquity,,NOFIG__Srinivasan1982__gemma-4-31b-it__T000__R01,gemma-4-31b-it,0.0,valid,strict_json
Srinivasan1982,NO_FIGURE_TEXT,1,LO,Hierarchical Mechanism Invariance,,NOFIG__Srinivasan1982__gemma-4-31b-it__T000__R01,gemma-4-31b-it,0.0,valid,strict_json
Srinivasan1982,NO_FIGURE_TEXT,1,GO,Hierarchical Mechanism Invariance,,NOFIG__Srinivasan1982__gemma-4-31b-it__T000__R01,gemma-4-31b-it,0.0,valid,strict_json
Srinivasan1982,NO_FIGURE_TEXT,1,LO,Hierarchical Activity Ubiquity,,NOFIG__Srinivasan1982__gemma-4-31b-it__T000__R01,gemma-4-31b-it,0.0,valid,strict_json
Srinivasan1982,NO_FIGURE_TEXT,1,GO,Hierarchical Activity Ubiquity,,NOFIG__Srinivasan1982__gemma-4-31b-it__T000__R01,gemma-4-31b-it,0.0,valid,strict_json
Srinivasan1982,NO_FIGURE_TEXT,1,LO,Hierarchical CSD Ubiquity,,NOFIG__Srinivasan1982__gemma-4-31b-it__T000__R01,gemma-4-31b-it,0.0,valid,strict_json
Srinivasan1982,NO_FIGURE_TEXT,1,GO,Hierarchical CSD Ubiquity,,NOFIG__Srinivasan1982__gemma-4-31b-it__T000__R01,gemma-4-31b-it,0.0,valid,strict_json
Srinivasan1982,NO_FIGURE_TEXT,1,LO,Cross-Scale Hierarchical Ubiquity,,NOFIG__Srinivasan1982__gemma-4-31b-it__T000__R01,gemma-4-31b-it,0.0,valid,strict_json
Srinivasan1982,NO_FIGURE_TEXT,1,GO,Cross-Scale Hierarchical Ubiquity,,NOFIG__Srinivasan1982__gemma-4-31b-it__T000__R01,gemma-4-31b-it,0.0,valid,strict_json
Srinivasan1982,NO_FIGURE_TEXT,1,LO,Hierarchical Presence (V1-PFC),,NOFIG__Srinivasan1982__gemma-4-31b-it__T000__R01,gemma-4-31b-it,0.0,valid,strict_json
Srinivasan1982,NO_FIGURE_TEXT,1,GO,Hierarchical Presence (V1-PFC),,NOFIG__Srinivasan1982__gemma-4-31b-it__T000__R01,gemma-4-31b-it,0.0,valid,strict_json
Srinivasan1982,NO_FIGURE_TEXT,1,LO,Cross-Modal Ubiquity,,NOFIG__Srinivasan1982__gemma-4-31b-it__T000__R01,gemma-4-31b-it,0.0,valid,strict_json
Srinivasan1982,NO_FIGURE_TEXT,1,GO,Cross-Modal Ubiquity,,NOFIG__Srinivasan1982__gemma-4-31b-it__T000__R01,gemma-4-31b-it,0.0,valid,strict_json
Srinivasan1982,NO_FIGURE_TEXT,1,LO,Interspecies Hierarchical Ubiquity,1.0,NOFIG__Srinivasan1982__gemma-4-31b-it__T000__R01,gemma-4-31b-it,0.0,valid,strict_json
Srinivasan1982,NO_FIGURE_TEXT,1,GO,Interspecies Hierarchical Ubiquity,1.0,NOFIG__Srinivasan1982__gemma-4-31b-it__T000__R01,gemma-4-31b-it,0.0,valid,strict_json
Srinivasan1982,NO_FIGURE_TEXT,1,LO,Temporal Stability of Ubiquity,,NOFIG__Srinivasan1982__gemma-4-31b-it__T000__R01,gemma-4-31b-it,0.0,valid,strict_json
Srinivasan1982,NO_FIGURE_TEXT,1,GO,Temporal Stability of Ubiquity,,NOFIG__Srinivasan1982__gemma-4-31b-it__T000__R01,gemma-4-31b-it,0.0,valid,strict_json
Srinivasan1982,NO_FIGURE_TEXT,1,LO,Hierarchical Order Stability,,NOFIG__Srinivasan1982__gemma-4-31b-it__T000__R01,gemma-4-31b-it,0.0,valid,strict_json
Srinivasan1982,NO_FIGURE_TEXT,1,GO,Hierarchical Order Stability,,NOFIG__Srinivasan1982__gemma-4-31b-it__T000__R01,gemma-4-31b-it,0.0,valid,strict_json
Srinivasan1982,NO_FIGURE_TEXT,1,LO,Population-Wide Ubiquity,,NOFIG__Srinivasan1982__gemma-4-31b-it__T000__R01,gemma-4-31b-it,0.0,valid,strict_json
Srinivasan1982,NO_FIGURE_TEXT,1,GO,Population-Wide Ubiquity,,NOFIG__Srinivasan1982__gemma-4-31b-it__T000__R01,gemma-4-31b-it,0.0,valid,strict_json
Srinivasan1982,NO_FIGURE_TEXT,1,LO,State-Independent Ubiquity,,NOFIG__Srinivasan1982__gemma-4-31b-it__T000__R01,gemma-4-31b-it,0.0,valid,strict_json
Srinivasan1982,NO_FIGURE_TEXT,1,GO,State-Independent Ubiquity,,NOFIG__Srinivasan1982__gemma-4-31b-it__T000__R01,gemma-4-31b-it,0.0,valid,strict_json
VanDerveer2021,NO_FIGURE_TEXT,1,LO,Subtractive Inhibition (SST),0.5,NOFIG__VanDerveer2021__gemma-4-31b-it__T000__R01,gemma-4-31b-it,0.0,valid,strict_json
VanDerveer2021,NO_FIGURE_TEXT,1,GO,Subtractive Inhibition (SST),0.5,NOFIG__VanDerveer2021__gemma-4-31b-it__T000__R01,gemma-4-31b-it,0.0,valid,strict_json
VanDerveer2021,NO_FIGURE_TEXT,1,LO,Divisive Inhibition (PV),,NOFIG__VanDerveer2021__gemma-4-31b-it__T000__R01,gemma-4-31b-it,0.0,valid,strict_json
VanDerveer2021,NO_FIGURE_TEXT,1,GO,Divisive Inhibition (PV),,NOFIG__VanDerveer2021__gemma-4-31b-it__T000__R01,gemma-4-31b-it,0.0,valid,strict_json
VanDerveer2021,NO_FIGURE_TEXT,1,LO,Inhibition (GABA),0.5,NOFIG__VanDerveer2021__gemma-4-31b-it__T000__R01,gemma-4-31b-it,0.0,valid,strict_json
VanDerveer2021,NO_FIGURE_TEXT,1,GO,Inhibition (GABA),0.5,NOFIG__VanDerveer2021__gemma-4-31b-it__T000__R01,gemma-4-31b-it,0.0,valid,strict_json
VanDerveer2021,NO_FIGURE_TEXT,1,LO,Habituation to Sequence,,NOFIG__VanDerveer2021__gemma-4-31b-it__T000__R01,gemma-4-31b-it,0.0,valid,strict_json
VanDerveer2021,NO_FIGURE_TEXT,1,GO,Habituation to Sequence,,NOFIG__VanDerveer2021__gemma-4-31b-it__T000__R01,gemma-4-31b-it,0.0,valid,strict_json
VanDerveer2021,NO_FIGURE_TEXT,1,LO,Synaptic Depression (Adaptation),-0.5,NOFIG__VanDerveer2021__gemma-4-31b-it__T000__R01,gemma-4-31b-it,0.0,valid,strict_json
VanDerveer2021,NO_FIGURE_TEXT,1,GO,Synaptic Depression (Adaptation),,NOFIG__VanDerveer2021__gemma-4-31b-it__T000__R01,gemma-4-31b-it,0.0,valid,strict_json
VanDerveer2021,NO_FIGURE_TEXT,1,LO,Activity Suppression,0.5,NOFIG__VanDerveer2021__gemma-4-31b-it__T000__R01,gemma-4-31b-it,0.0,valid,strict_json
VanDerveer2021,NO_FIGURE_TEXT,1,GO,Activity Suppression,0.5,NOFIG__VanDerveer2021__gemma-4-31b-it__T000__R01,gemma-4-31b-it,0.0,valid,strict_json
VanDerveer2021,NO_FIGURE_TEXT,1,LO,Selective Sharpening,,NOFIG__VanDerveer2021__gemma-4-31b-it__T000__R01,gemma-4-31b-it,0.0,valid,strict_json
VanDerveer2021,NO_FIGURE_TEXT,1,GO,Selective Sharpening,,NOFIG__VanDerveer2021__gemma-4-31b-it__T000__R01,gemma-4-31b-it,0.0,valid,strict_json
VanDerveer2021,NO_FIGURE_TEXT,1,LO,Alpha/Beta Mediated Suppression,0.5,NOFIG__VanDerveer2021__gemma-4-31b-it__T000__R01,gemma-4-31b-it,0.0,valid,strict_json
VanDerveer2021,NO_FIGURE_TEXT,1,GO,Alpha/Beta Mediated Suppression,0.5,NOFIG__VanDerveer2021__gemma-4-31b-it__T000__R01,gemma-4-31b-it,0.0,valid,strict_json
VanDerveer2021,NO_FIGURE_TEXT,1,LO,VIP-Mediated Disinhibition,0.5,NOFIG__VanDerveer2021__gemma-4-31b-it__T000__R01,gemma-4-31b-it,0.0,valid,strict_json
VanDerveer2021,NO_FIGURE_TEXT,1,GO,VIP-Mediated Disinhibition,0.5,NOFIG__VanDerveer2021__gemma-4-31b-it__T000__R01,gemma-4-31b-it,0.0,valid,strict_json
VanDerveer2021,NO_FIGURE_TEXT,1,LO,Precision Weighting (Gain),,NOFIG__VanDerveer2021__gemma-4-31b-it__T000__R01,gemma-4-31b-it,0.0,valid,strict_json
VanDerveer2021,NO_FIGURE_TEXT,1,GO,Precision Weighting (Gain),,NOFIG__VanDerveer2021__gemma-4-31b-it__T000__R01,gemma-4-31b-it,0.0,valid,strict_json
VanDerveer2021,NO_FIGURE_TEXT,1,LO,E/I Balance Shift,,NOFIG__VanDerveer2021__gemma-4-31b-it__T000__R01,gemma-4-31b-it,0.0,valid,strict_json
VanDerveer2021,NO_FIGURE_TEXT,1,GO,E/I Balance Shift,,NOFIG__VanDerveer2021__gemma-4-31b-it__T000__R01,gemma-4-31b-it,0.0,valid,strict_json
VanDerveer2021,NO_FIGURE_TEXT,1,LO,Omission Response,,NOFIG__VanDerveer2021__gemma-4-31b-it__T000__R01,gemma-4-31b-it,0.0,valid,strict_json
VanDerveer2021,NO_FIGURE_TEXT,1,GO,Omission Response,,NOFIG__VanDerveer2021__gemma-4-31b-it__T000__R01,gemma-4-31b-it,0.0,valid,strict_json
VanDerveer2021,NO_FIGURE_TEXT,1,LO,Feedforward Deviance Detection,1.0,NOFIG__VanDerveer2021__gemma-4-31b-it__T000__R01,gemma-4-31b-it,0.0,valid,strict_json
VanDerveer2021,NO_FIGURE_TEXT,1,GO,Feedforward Deviance Detection,0.5,NOFIG__VanDerveer2021__gemma-4-31b-it__T000__R01,gemma-4-31b-it,0.0,valid,strict_json
VanDerveer2021,NO_FIGURE_TEXT,1,LO,Feedforward AMPA,,NOFIG__VanDerveer2021__gemma-4-31b-it__T000__R01,gemma-4-31b-it,0.0,valid,strict_json
VanDerveer2021,NO_FIGURE_TEXT,1,GO,Feedforward AMPA,,NOFIG__VanDerveer2021__gemma-4-31b-it__T000__R01,gemma-4-31b-it,0.0,valid,strict_json
VanDerveer2021,NO_FIGURE_TEXT,1,LO,Feedforward NMDA,,NOFIG__VanDerveer2021__gemma-4-31b-it__T000__R01,gemma-4-31b-it,0.0,valid,strict_json
VanDerveer2021,NO_FIGURE_TEXT,1,GO,Feedforward NMDA,,NOFIG__VanDerveer2021__gemma-4-31b-it__T000__R01,gemma-4-31b-it,0.0,valid,strict_json
VanDerveer2021,NO_FIGURE_TEXT,1,LO,Feedforward Ascending Gamma,0.5,NOFIG__VanDerveer2021__gemma-4-31b-it__T000__R01,gemma-4-31b-it,0.0,valid,strict_json
VanDerveer2021,NO_FIGURE_TEXT,1,GO,Feedforward Ascending Gamma,0.5,NOFIG__VanDerveer2021__gemma-4-31b-it__T000__R01,gemma-4-31b-it,0.0,valid,strict_json
VanDerveer2021,NO_FIGURE_TEXT,1,LO,Absence of Feedback Error,,NOFIG__VanDerveer2021__gemma-4-31b-it__T000__R01,gemma-4-31b-it,0.0,valid,strict_json
VanDerveer2021,NO_FIGURE_TEXT,1,GO,Absence of Feedback Error,,NOFIG__VanDerveer2021__gemma-4-31b-it__T000__R01,gemma-4-31b-it,0.0,valid,strict_json
VanDerveer2021,NO_FIGURE_TEXT,1,LO,Feedforward Non-local Supragranular Activity (L2/3),,NOFIG__VanDerveer2021__gemma-4-31b-it__T000__R01,gemma-4-31b-it,0.0,valid,strict_json
VanDerveer2021,NO_FIGURE_TEXT,1,GO,Feedforward Non-local Supragranular Activity (L2/3),,NOFIG__VanDerveer2021__gemma-4-31b-it__T000__R01,gemma-4-31b-it,0.0,valid,strict_json
VanDerveer2021,NO_FIGURE_TEXT,1,LO,Feedforward Non-local Granular Activity (L4),0.5,NOFIG__VanDerveer2021__gemma-4-31b-it__T000__R01,gemma-4-31b-it,0.0,valid,strict_json
VanDerveer2021,NO_FIGURE_TEXT,1,GO,Feedforward Non-local Granular Activity (L4),0.5,NOFIG__VanDerveer2021__gemma-4-31b-it__T000__R01,gemma-4-31b-it,0.0,valid,strict_json
VanDerveer2021,NO_FIGURE_TEXT,1,LO,Feedforward Non-local Directed Connectivity,,NOFIG__VanDerveer2021__gemma-4-31b-it__T000__R01,gemma-4-31b-it,0.0,valid,strict_json
VanDerveer2021,NO_FIGURE_TEXT,1,GO,Feedforward Non-local Directed Connectivity,,NOFIG__VanDerveer2021__gemma-4-31b-it__T000__R01,gemma-4-31b-it,0.0,valid,strict_json
VanDerveer2021,NO_FIGURE_TEXT,1,LO,Feedforward Non-local Activation,,NOFIG__VanDerveer2021__gemma-4-31b-it__T000__R01,gemma-4-31b-it,0.0,valid,strict_json
VanDerveer2021,NO_FIGURE_TEXT,1,GO,Feedforward Non-local Activation,,NOFIG__VanDerveer2021__gemma-4-31b-it__T000__R01,gemma-4-31b-it,0.0,valid,strict_json
VanDerveer2021,NO_FIGURE_TEXT,1,LO,Ascending Latency Shift,,NOFIG__VanDerveer2021__gemma-4-31b-it__T000__R01,gemma-4-31b-it,0.0,valid,strict_json
VanDerveer2021,NO_FIGURE_TEXT,1,GO,Ascending Latency Shift,,NOFIG__VanDerveer2021__gemma-4-31b-it__T000__R01,gemma-4-31b-it,0.0,valid,strict_json
VanDerveer2021,NO_FIGURE_TEXT,1,LO,Feedforward Error Propagation,0.5,NOFIG__VanDerveer2021__gemma-4-31b-it__T000__R01,gemma-4-31b-it,0.0,valid,strict_json
VanDerveer2021,NO_FIGURE_TEXT,1,GO,Feedforward Error Propagation,0.5,NOFIG__VanDerveer2021__gemma-4-31b-it__T000__R01,gemma-4-31b-it,0.0,valid,strict_json
VanDerveer2021,NO_FIGURE_TEXT,1,LO,Subcortical Feedforward Relaying,,NOFIG__VanDerveer2021__gemma-4-31b-it__T000__R01,gemma-4-31b-it,0.0,valid,strict_json
VanDerveer2021,NO_FIGURE_TEXT,1,GO,Subcortical Feedforward Relaying,,NOFIG__VanDerveer2021__gemma-4-31b-it__T000__R01,gemma-4-31b-it,0.0,valid,strict_json
VanDerveer2021,NO_FIGURE_TEXT,1,LO,Canonical Microcircuit Ubiquity,0.5,NOFIG__VanDerveer2021__gemma-4-31b-it__T000__R01,gemma-4-31b-it,0.0,valid,strict_json
VanDerveer2021,NO_FIGURE_TEXT,1,GO,Canonical Microcircuit Ubiquity,0.5,NOFIG__VanDerveer2021__gemma-4-31b-it__T000__R01,gemma-4-31b-it,0.0,valid,strict_json
VanDerveer2021,NO_FIGURE_TEXT,1,LO,Hierarchical Mechanism Invariance,,NOFIG__VanDerveer2021__gemma-4-31b-it__T000__R01,gemma-4-31b-it,0.0,valid,strict_json
VanDerveer2021,NO_FIGURE_TEXT,1,GO,Hierarchical Mechanism Invariance,,NOFIG__VanDerveer2021__gemma-4-31b-it__T000__R01,gemma-4-31b-it,0.0,valid,strict_json
VanDerveer2021,NO_FIGURE_TEXT,1,LO,Hierarchical Activity Ubiquity,0.5,NOFIG__VanDerveer2021__gemma-4-31b-it__T000__R01,gemma-4-31b-it,0.0,valid,strict_json
VanDerveer2021,NO_FIGURE_TEXT,1,GO,Hierarchical Activity Ubiquity,0.5,NOFIG__VanDerveer2021__gemma-4-31b-it__T000__R01,gemma-4-31b-it,0.0,valid,strict_json
VanDerveer2021,NO_FIGURE_TEXT,1,LO,Hierarchical CSD Ubiquity,,NOFIG__VanDerveer2021__gemma-4-31b-it__T000__R01,gemma-4-31b-it,0.0,valid,strict_json
VanDerveer2021,NO_FIGURE_TEXT,1,GO,Hierarchical CSD Ubiquity,,NOFIG__VanDerveer2021__gemma-4-31b-it__T000__R01,gemma-4-31b-it,0.0,valid,strict_json
VanDerveer2021,NO_FIGURE_TEXT,1,LO,Cross-Scale Hierarchical Ubiquity,0.5,NOFIG__VanDerveer2021__gemma-4-31b-it__T000__R01,gemma-4-31b-it,0.0,valid,strict_json
VanDerveer2021,NO_FIGURE_TEXT,1,GO,Cross-Scale Hierarchical Ubiquity,0.5,NOFIG__VanDerveer2021__gemma-4-31b-it__T000__R01,gemma-4-31b-it,0.0,valid,strict_json
VanDerveer2021,NO_FIGURE_TEXT,1,LO,Hierarchical Presence (V1-PFC),1.0,NOFIG__VanDerveer2021__gemma-4-31b-it__T000__R01,gemma-4-31b-it,0.0,valid,strict_json
VanDerveer2021,NO_FIGURE_TEXT,1,GO,Hierarchical Presence (V1-PFC),1.0,NOFIG__VanDerveer2021__gemma-4-31b-it__T000__R01,gemma-4-31b-it,0.0,valid,strict_json
VanDerveer2021,NO_FIGURE_TEXT,1,LO,Cross-Modal Ubiquity,1.0,NOFIG__VanDerveer2021__gemma-4-31b-it__T000__R01,gemma-4-31b-it,0.0,valid,strict_json
VanDerveer2021,NO_FIGURE_TEXT,1,GO,Cross-Modal Ubiquity,1.0,NOFIG__VanDerveer2021__gemma-4-31b-it__T000__R01,gemma-4-31b-it,0.0,valid,strict_json
VanDerveer2021,NO_FIGURE_TEXT,1,LO,Interspecies Hierarchical Ubiquity,1.0,NOFIG__VanDerveer2021__gemma-4-31b-it__T000__R01,gemma-4-31b-it,0.0,valid,strict_json
VanDerveer2021,NO_FIGURE_TEXT,1,GO,Interspecies Hierarchical Ubiquity,1.0,NOFIG__VanDerveer2021__gemma-4-31b-it__T000__R01,gemma-4-31b-it,0.0,valid,strict_json
VanDerveer2021,NO_FIGURE_TEXT,1,LO,Temporal Stability of Ubiquity,,NOFIG__VanDerveer2021__gemma-4-31b-it__T000__R01,gemma-4-31b-it,0.0,valid,strict_json
VanDerveer2021,NO_FIGURE_TEXT,1,GO,Temporal Stability of Ubiquity,,NOFIG__VanDerveer2021__gemma-4-31b-it__T000__R01,gemma-4-31b-it,0.0,valid,strict_json
VanDerveer2021,NO_FIGURE_TEXT,1,LO,Hierarchical Order Stability,0.5,NOFIG__VanDerveer2021__gemma-4-31b-it__T000__R01,gemma-4-31b-it,0.0,valid,strict_json
VanDerveer2021,NO_FIGURE_TEXT,1,GO,Hierarchical Order Stability,0.5,NOFIG__VanDerveer2021__gemma-4-31b-it__T000__R01,gemma-4-31b-it,0.0,valid,strict_json
VanDerveer2021,NO_FIGURE_TEXT,1,LO,Population-Wide Ubiquity,0.5,NOFIG__VanDerveer2021__gemma-4-31b-it__T000__R01,gemma-4-31b-it,0.0,valid,strict_json
VanDerveer2021,NO_FIGURE_TEXT,1,GO,Population-Wide Ubiquity,0.5,NOFIG__VanDerveer2021__gemma-4-31b-it__T000__R01,gemma-4-31b-it,0.0,valid,strict_json
VanDerveer2021,NO_FIGURE_TEXT,1,LO,State-Independent Ubiquity,,NOFIG__VanDerveer2021__gemma-4-31b-it__T000__R01,gemma-4-31b-it,0.0,valid,strict_json
VanDerveer2021,NO_FIGURE_TEXT,1,GO,State-Independent Ubiquity,,NOFIG__VanDerveer2021__gemma-4-31b-it__T000__R01,gemma-4-31b-it,0.0,valid,strict_json
Wacongne2011,NO_FIGURE_TEXT,1,LO,Subtractive Inhibition (SST),,NOFIG__Wacongne2011__gemma-4-31b-it__T000__R01,gemma-4-31b-it,0.0,valid,strict_json
Wacongne2011,NO_FIGURE_TEXT,1,GO,Subtractive Inhibition (SST),,NOFIG__Wacongne2011__gemma-4-31b-it__T000__R01,gemma-4-31b-it,0.0,valid,strict_json
Wacongne2011,NO_FIGURE_TEXT,1,LO,Divisive Inhibition (PV),,NOFIG__Wacongne2011__gemma-4-31b-it__T000__R01,gemma-4-31b-it,0.0,valid,strict_json
Wacongne2011,NO_FIGURE_TEXT,1,GO,Divisive Inhibition (PV),,NOFIG__Wacongne2011__gemma-4-31b-it__T000__R01,gemma-4-31b-it,0.0,valid,strict_json
Wacongne2011,NO_FIGURE_TEXT,1,LO,Inhibition (GABA),,NOFIG__Wacongne2011__gemma-4-31b-it__T000__R01,gemma-4-31b-it,0.0,valid,strict_json
Wacongne2011,NO_FIGURE_TEXT,1,GO,Inhibition (GABA),,NOFIG__Wacongne2011__gemma-4-31b-it__T000__R01,gemma-4-31b-it,0.0,valid,strict_json
Wacongne2011,NO_FIGURE_TEXT,1,LO,Habituation to Sequence,-1.0,NOFIG__Wacongne2011__gemma-4-31b-it__T000__R01,gemma-4-31b-it,0.0,valid,strict_json
Wacongne2011,NO_FIGURE_TEXT,1,GO,Habituation to Sequence,,NOFIG__Wacongne2011__gemma-4-31b-it__T000__R01,gemma-4-31b-it,0.0,valid,strict_json
Wacongne2011,NO_FIGURE_TEXT,1,LO,Synaptic Depression (Adaptation),-1.0,NOFIG__Wacongne2011__gemma-4-31b-it__T000__R01,gemma-4-31b-it,0.0,valid,strict_json
Wacongne2011,NO_FIGURE_TEXT,1,GO,Synaptic Depression (Adaptation),,NOFIG__Wacongne2011__gemma-4-31b-it__T000__R01,gemma-4-31b-it,0.0,valid,strict_json
Wacongne2011,NO_FIGURE_TEXT,1,LO,Activity Suppression,0.5,NOFIG__Wacongne2011__gemma-4-31b-it__T000__R01,gemma-4-31b-it,0.0,valid,strict_json
Wacongne2011,NO_FIGURE_TEXT,1,GO,Activity Suppression,0.5,NOFIG__Wacongne2011__gemma-4-31b-it__T000__R01,gemma-4-31b-it,0.0,valid,strict_json
Wacongne2011,NO_FIGURE_TEXT,1,LO,Selective Sharpening,,NOFIG__Wacongne2011__gemma-4-31b-it__T000__R01,gemma-4-31b-it,0.0,valid,strict_json
Wacongne2011,NO_FIGURE_TEXT,1,GO,Selective Sharpening,,NOFIG__Wacongne2011__gemma-4-31b-it__T000__R01,gemma-4-31b-it,0.0,valid,strict_json
Wacongne2011,NO_FIGURE_TEXT,1,LO,Alpha/Beta Mediated Suppression,,NOFIG__Wacongne2011__gemma-4-31b-it__T000__R01,gemma-4-31b-it,0.0,valid,strict_json
Wacongne2011,NO_FIGURE_TEXT,1,GO,Alpha/Beta Mediated Suppression,,NOFIG__Wacongne2011__gemma-4-31b-it__T000__R01,gemma-4-31b-it,0.0,valid,strict_json
Wacongne2011,NO_FIGURE_TEXT,1,LO,VIP-Mediated Disinhibition,,NOFIG__Wacongne2011__gemma-4-31b-it__T000__R01,gemma-4-31b-it,0.0,valid,strict_json
Wacongne2011,NO_FIGURE_TEXT,1,GO,VIP-Mediated Disinhibition,,NOFIG__Wacongne2011__gemma-4-31b-it__T000__R01,gemma-4-31b-it,0.0,valid,strict_json
Wacongne2011,NO_FIGURE_TEXT,1,LO,Precision Weighting (Gain),,NOFIG__Wacongne2011__gemma-4-31b-it__T000__R01,gemma-4-31b-it,0.0,valid,strict_json
Wacongne2011,NO_FIGURE_TEXT,1,GO,Precision Weighting (Gain),,NOFIG__Wacongne2011__gemma-4-31b-it__T000__R01,gemma-4-31b-it,0.0,valid,strict_json
Wacongne2011,NO_FIGURE_TEXT,1,LO,E/I Balance Shift,,NOFIG__Wacongne2011__gemma-4-31b-it__T000__R01,gemma-4-31b-it,0.0,valid,strict_json
Wacongne2011,NO_FIGURE_TEXT,1,GO,E/I Balance Shift,,NOFIG__Wacongne2011__gemma-4-31b-it__T000__R01,gemma-4-31b-it,0.0,valid,strict_json
Wacongne2011,NO_FIGURE_TEXT,1,LO,Omission Response,1.0,NOFIG__Wacongne2011__gemma-4-31b-it__T000__R01,gemma-4-31b-it,0.0,valid,strict_json
Wacongne2011,NO_FIGURE_TEXT,1,GO,Omission Response,1.0,NOFIG__Wacongne2011__gemma-4-31b-it__T000__R01,gemma-4-31b-it,0.0,valid,strict_json
Wacongne2011,NO_FIGURE_TEXT,1,LO,Feedforward Deviance Detection,0.5,NOFIG__Wacongne2011__gemma-4-31b-it__T000__R01,gemma-4-31b-it,0.0,valid,strict_json
Wacongne2011,NO_FIGURE_TEXT,1,GO,Feedforward Deviance Detection,0.5,NOFIG__Wacongne2011__gemma-4-31b-it__T000__R01,gemma-4-31b-it,0.0,valid,strict_json
Wacongne2011,NO_FIGURE_TEXT,1,LO,Feedforward AMPA,,NOFIG__Wacongne2011__gemma-4-31b-it__T000__R01,gemma-4-31b-it,0.0,valid,strict_json
Wacongne2011,NO_FIGURE_TEXT,1,GO,Feedforward AMPA,,NOFIG__Wacongne2011__gemma-4-31b-it__T000__R01,gemma-4-31b-it,0.0,valid,strict_json
Wacongne2011,NO_FIGURE_TEXT,1,LO,Feedforward NMDA,,NOFIG__Wacongne2011__gemma-4-31b-it__T000__R01,gemma-4-31b-it,0.0,valid,strict_json
Wacongne2011,NO_FIGURE_TEXT,1,GO,Feedforward NMDA,,NOFIG__Wacongne2011__gemma-4-31b-it__T000__R01,gemma-4-31b-it,0.0,valid,strict_json
Wacongne2011,NO_FIGURE_TEXT,1,LO,Feedforward Ascending Gamma,,NOFIG__Wacongne2011__gemma-4-31b-it__T000__R01,gemma-4-31b-it,0.0,valid,strict_json
Wacongne2011,NO_FIGURE_TEXT,1,GO,Feedforward Ascending Gamma,,NOFIG__Wacongne2011__gemma-4-31b-it__T000__R01,gemma-4-31b-it,0.0,valid,strict_json
Wacongne2011,NO_FIGURE_TEXT,1,LO,Absence of Feedback Error,,NOFIG__Wacongne2011__gemma-4-31b-it__T000__R01,gemma-4-31b-it,0.0,valid,strict_json
Wacongne2011,NO_FIGURE_TEXT,1,GO,Absence of Feedback Error,,NOFIG__Wacongne2011__gemma-4-31b-it__T000__R01,gemma-4-31b-it,0.0,valid,strict_json
Wacongne2011,NO_FIGURE_TEXT,1,LO,Feedforward Non-local Supragranular Activity (L2/3),,NOFIG__Wacongne2011__gemma-4-31b-it__T000__R01,gemma-4-31b-it,0.0,valid,strict_json
Wacongne2011,NO_FIGURE_TEXT,1,GO,Feedforward Non-local Supragranular Activity (L2/3),,NOFIG__Wacongne2011__gemma-4-31b-it__T000__R01,gemma-4-31b-it,0.0,valid,strict_json
Wacongne2011,NO_FIGURE_TEXT,1,LO,Feedforward Non-local Granular Activity (L4),,NOFIG__Wacongne2011__gemma-4-31b-it__T000__R01,gemma-4-31b-it,0.0,valid,strict_json
Wacongne2011,NO_FIGURE_TEXT,1,GO,Feedforward Non-local Granular Activity (L4),,NOFIG__Wacongne2011__gemma-4-31b-it__T000__R01,gemma-4-31b-it,0.0,valid,strict_json
Wacongne2011,NO_FIGURE_TEXT,1,LO,Feedforward Non-local Directed Connectivity,,NOFIG__Wacongne2011__gemma-4-31b-it__T000__R01,gemma-4-31b-it,0.0,valid,strict_json
Wacongne2011,NO_FIGURE_TEXT,1,GO,Feedforward Non-local Directed Connectivity,,NOFIG__Wacongne2011__gemma-4-31b-it__T000__R01,gemma-4-31b-it,0.0,valid,strict_json
Wacongne2011,NO_FIGURE_TEXT,1,LO,Feedforward Non-local Activation,,NOFIG__Wacongne2011__gemma-4-31b-it__T000__R01,gemma-4-31b-it,0.0,valid,strict_json
Wacongne2011,NO_FIGURE_TEXT,1,GO,Feedforward Non-local Activation,,NOFIG__Wacongne2011__gemma-4-31b-it__T000__R01,gemma-4-31b-it,0.0,valid,strict_json
Wacongne2011,NO_FIGURE_TEXT,1,LO,Ascending Latency Shift,-0.5,NOFIG__Wacongne2011__gemma-4-31b-it__T000__R01,gemma-4-31b-it,0.0,valid,strict_json
Wacongne2011,NO_FIGURE_TEXT,1,GO,Ascending Latency Shift,-0.5,NOFIG__Wacongne2011__gemma-4-31b-it__T000__R01,gemma-4-31b-it,0.0,valid,strict_json
Wacongne2011,NO_FIGURE_TEXT,1,LO,Feedforward Error Propagation,0.0,NOFIG__Wacongne2011__gemma-4-31b-it__T000__R01,gemma-4-31b-it,0.0,valid,strict_json
Wacongne2011,NO_FIGURE_TEXT,1,GO,Feedforward Error Propagation,0.0,NOFIG__Wacongne2011__gemma-4-31b-it__T000__R01,gemma-4-31b-it,0.0,valid,strict_json
Wacongne2011,NO_FIGURE_TEXT,1,LO,Subcortical Feedforward Relaying,,NOFIG__Wacongne2011__gemma-4-31b-it__T000__R01,gemma-4-31b-it,0.0,valid,strict_json
Wacongne2011,NO_FIGURE_TEXT,1,GO,Subcortical Feedforward Relaying,,NOFIG__Wacongne2011__gemma-4-31b-it__T000__R01,gemma-4-31b-it,0.0,valid,strict_json
Wacongne2011,NO_FIGURE_TEXT,1,LO,Canonical Microcircuit Ubiquity,,NOFIG__Wacongne2011__gemma-4-31b-it__T000__R01,gemma-4-31b-it,0.0,valid,strict_json
Wacongne2011,NO_FIGURE_TEXT,1,GO,Canonical Microcircuit Ubiquity,,NOFIG__Wacongne2011__gemma-4-31b-it__T000__R01,gemma-4-31b-it,0.0,valid,strict_json
Wacongne2011,NO_FIGURE_TEXT,1,LO,Hierarchical Mechanism Invariance,,NOFIG__Wacongne2011__gemma-4-31b-it__T000__R01,gemma-4-31b-it,0.0,valid,strict_json
Wacongne2011,NO_FIGURE_TEXT,1,GO,Hierarchical Mechanism Invariance,,NOFIG__Wacongne2011__gemma-4-31b-it__T000__R01,gemma-4-31b-it,0.0,valid,strict_json
Wacongne2011,NO_FIGURE_TEXT,1,LO,Hierarchical Activity Ubiquity,0.5,NOFIG__Wacongne2011__gemma-4-31b-it__T000__R01,gemma-4-31b-it,0.0,valid,strict_json
Wacongne2011,NO_FIGURE_TEXT,1,GO,Hierarchical Activity Ubiquity,0.5,NOFIG__Wacongne2011__gemma-4-31b-it__T000__R01,gemma-4-31b-it,0.0,valid,strict_json
Wacongne2011,NO_FIGURE_TEXT,1,LO,Hierarchical CSD Ubiquity,,NOFIG__Wacongne2011__gemma-4-31b-it__T000__R01,gemma-4-31b-it,0.0,valid,strict_json
Wacongne2011,NO_FIGURE_TEXT,1,GO,Hierarchical CSD Ubiquity,,NOFIG__Wacongne2011__gemma-4-31b-it__T000__R01,gemma-4-31b-it,0.0,valid,strict_json
Wacongne2011,NO_FIGURE_TEXT,1,LO,Cross-Scale Hierarchical Ubiquity,,NOFIG__Wacongne2011__gemma-4-31b-it__T000__R01,gemma-4-31b-it,0.0,valid,strict_json
Wacongne2011,NO_FIGURE_TEXT,1,GO,Cross-Scale Hierarchical Ubiquity,,NOFIG__Wacongne2011__gemma-4-31b-it__T000__R01,gemma-4-31b-it,0.0,valid,strict_json
Wacongne2011,NO_FIGURE_TEXT,1,LO,Hierarchical Presence (V1-PFC),0.5,NOFIG__Wacongne2011__gemma-4-31b-it__T000__R01,gemma-4-31b-it,0.0,valid,strict_json
Wacongne2011,NO_FIGURE_TEXT,1,GO,Hierarchical Presence (V1-PFC),0.5,NOFIG__Wacongne2011__gemma-4-31b-it__T000__R01,gemma-4-31b-it,0.0,valid,strict_json
Wacongne2011,NO_FIGURE_TEXT,1,LO,Cross-Modal Ubiquity,,NOFIG__Wacongne2011__gemma-4-31b-it__T000__R01,gemma-4-31b-it,0.0,valid,strict_json
Wacongne2011,NO_FIGURE_TEXT,1,GO,Cross-Modal Ubiquity,,NOFIG__Wacongne2011__gemma-4-31b-it__T000__R01,gemma-4-31b-it,0.0,valid,strict_json
Wacongne2011,NO_FIGURE_TEXT,1,LO,Interspecies Hierarchical Ubiquity,,NOFIG__Wacongne2011__gemma-4-31b-it__T000__R01,gemma-4-31b-it,0.0,valid,strict_json
Wacongne2011,NO_FIGURE_TEXT,1,GO,Interspecies Hierarchical Ubiquity,,NOFIG__Wacongne2011__gemma-4-31b-it__T000__R01,gemma-4-31b-it,0.0,valid,strict_json
Wacongne2011,NO_FIGURE_TEXT,1,LO,Temporal Stability of Ubiquity,,NOFIG__Wacongne2011__gemma-4-31b-it__T000__R01,gemma-4-31b-it,0.0,valid,strict_json
Wacongne2011,NO_FIGURE_TEXT,1,GO,Temporal Stability of Ubiquity,,NOFIG__Wacongne2011__gemma-4-31b-it__T000__R01,gemma-4-31b-it,0.0,valid,strict_json
Wacongne2011,NO_FIGURE_TEXT,1,LO,Hierarchical Order Stability,0.5,NOFIG__Wacongne2011__gemma-4-31b-it__T000__R01,gemma-4-31b-it,0.0,valid,strict_json
Wacongne2011,NO_FIGURE_TEXT,1,GO,Hierarchical Order Stability,0.5,NOFIG__Wacongne2011__gemma-4-31b-it__T000__R01,gemma-4-31b-it,0.0,valid,strict_json
Wacongne2011,NO_FIGURE_TEXT,1,LO,Population-Wide Ubiquity,,NOFIG__Wacongne2011__gemma-4-31b-it__T000__R01,gemma-4-31b-it,0.0,valid,strict_json
Wacongne2011,NO_FIGURE_TEXT,1,GO,Population-Wide Ubiquity,,NOFIG__Wacongne2011__gemma-4-31b-it__T000__R01,gemma-4-31b-it,0.0,valid,strict_json
Wacongne2011,NO_FIGURE_TEXT,1,LO,State-Independent Ubiquity,,NOFIG__Wacongne2011__gemma-4-31b-it__T000__R01,gemma-4-31b-it,0.0,valid,strict_json
Wacongne2011,NO_FIGURE_TEXT,1,GO,State-Independent Ubiquity,,NOFIG__Wacongne2011__gemma-4-31b-it__T000__R01,gemma-4-31b-it,0.0,valid,strict_json
Wacongne2012,NO_FIGURE_TEXT,1,LO,Subtractive Inhibition (SST),,NOFIG__Wacongne2012__gemma-4-31b-it__T000__R01,gemma-4-31b-it,0.0,valid,cleaned_json
Wacongne2012,NO_FIGURE_TEXT,1,GO,Subtractive Inhibition (SST),,NOFIG__Wacongne2012__gemma-4-31b-it__T000__R01,gemma-4-31b-it,0.0,valid,cleaned_json
Wacongne2012,NO_FIGURE_TEXT,1,LO,Divisive Inhibition (PV),,NOFIG__Wacongne2012__gemma-4-31b-it__T000__R01,gemma-4-31b-it,0.0,valid,cleaned_json
Wacongne2012,NO_FIGURE_TEXT,1,GO,Divisive Inhibition (PV),,NOFIG__Wacongne2012__gemma-4-31b-it__T000__R01,gemma-4-31b-it,0.0,valid,cleaned_json
Wacongne2012,NO_FIGURE_TEXT,1,LO,Inhibition (GABA),1.0,NOFIG__Wacongne2012__gemma-4-31b-it__T000__R01,gemma-4-31b-it,0.0,valid,cleaned_json
Wacongne2012,NO_FIGURE_TEXT,1,GO,Inhibition (GABA),1.0,NOFIG__Wacongne2012__gemma-4-31b-it__T000__R01,gemma-4-31b-it,0.0,valid,cleaned_json
Wacongne2012,NO_FIGURE_TEXT,1,LO,Habituation to Sequence,-1.0,NOFIG__Wacongne2012__gemma-4-31b-it__T000__R01,gemma-4-31b-it,0.0,valid,cleaned_json
Wacongne2012,NO_FIGURE_TEXT,1,GO,Habituation to Sequence,,NOFIG__Wacongne2012__gemma-4-31b-it__T000__R01,gemma-4-31b-it,0.0,valid,cleaned_json
Wacongne2012,NO_FIGURE_TEXT,1,LO,Synaptic Depression (Adaptation),-1.0,NOFIG__Wacongne2012__gemma-4-31b-it__T000__R01,gemma-4-31b-it,0.0,valid,cleaned_json
Wacongne2012,NO_FIGURE_TEXT,1,GO,Synaptic Depression (Adaptation),,NOFIG__Wacongne2012__gemma-4-31b-it__T000__R01,gemma-4-31b-it,0.0,valid,cleaned_json
Wacongne2012,NO_FIGURE_TEXT,1,LO,Activity Suppression,1.0,NOFIG__Wacongne2012__gemma-4-31b-it__T000__R01,gemma-4-31b-it,0.0,valid,cleaned_json
Wacongne2012,NO_FIGURE_TEXT,1,GO,Activity Suppression,1.0,NOFIG__Wacongne2012__gemma-4-31b-it__T000__R01,gemma-4-31b-it,0.0,valid,cleaned_json
Wacongne2012,NO_FIGURE_TEXT,1,LO,Selective Sharpening,,NOFIG__Wacongne2012__gemma-4-31b-it__T000__R01,gemma-4-31b-it,0.0,valid,cleaned_json
Wacongne2012,NO_FIGURE_TEXT,1,GO,Selective Sharpening,,NOFIG__Wacongne2012__gemma-4-31b-it__T000__R01,gemma-4-31b-it,0.0,valid,cleaned_json
Wacongne2012,NO_FIGURE_TEXT,1,LO,Alpha/Beta Mediated Suppression,,NOFIG__Wacongne2012__gemma-4-31b-it__T000__R01,gemma-4-31b-it,0.0,valid,cleaned_json
Wacongne2012,NO_FIGURE_TEXT,1,GO,Alpha/Beta Mediated Suppression,,NOFIG__Wacongne2012__gemma-4-31b-it__T000__R01,gemma-4-31b-it,0.0,valid,cleaned_json
Wacongne2012,NO_FIGURE_TEXT,1,LO,VIP-Mediated Disinhibition,,NOFIG__Wacongne2012__gemma-4-31b-it__T000__R01,gemma-4-31b-it,0.0,valid,cleaned_json
Wacongne2012,NO_FIGURE_TEXT,1,GO,VIP-Mediated Disinhibition,,NOFIG__Wacongne2012__gemma-4-31b-it__T000__R01,gemma-4-31b-it,0.0,valid,cleaned_json
Wacongne2012,NO_FIGURE_TEXT,1,LO,Precision Weighting (Gain),,NOFIG__Wacongne2012__gemma-4-31b-it__T000__R01,gemma-4-31b-it,0.0,valid,cleaned_json
Wacongne2012,NO_FIGURE_TEXT,1,GO,Precision Weighting (Gain),,NOFIG__Wacongne2012__gemma-4-31b-it__T000__R01,gemma-4-31b-it,0.0,valid,cleaned_json
Wacongne2012,NO_FIGURE_TEXT,1,LO,E/I Balance Shift,0.5,NOFIG__Wacongne2012__gemma-4-31b-it__T000__R01,gemma-4-31b-it,0.0,valid,cleaned_json
Wacongne2012,NO_FIGURE_TEXT,1,GO,E/I Balance Shift,0.5,NOFIG__Wacongne2012__gemma-4-31b-it__T000__R01,gemma-4-31b-it,0.0,valid,cleaned_json
Wacongne2012,NO_FIGURE_TEXT,1,LO,Omission Response,1.0,NOFIG__Wacongne2012__gemma-4-31b-it__T000__R01,gemma-4-31b-it,0.0,valid,cleaned_json
Wacongne2012,NO_FIGURE_TEXT,1,GO,Omission Response,1.0,NOFIG__Wacongne2012__gemma-4-31b-it__T000__R01,gemma-4-31b-it,0.0,valid,cleaned_json
Wacongne2012,NO_FIGURE_TEXT,1,LO,Feedforward Deviance Detection,1.0,NOFIG__Wacongne2012__gemma-4-31b-it__T000__R01,gemma-4-31b-it,0.0,valid,cleaned_json
Wacongne2012,NO_FIGURE_TEXT,1,GO,Feedforward Deviance Detection,1.0,NOFIG__Wacongne2012__gemma-4-31b-it__T000__R01,gemma-4-31b-it,0.0,valid,cleaned_json
Wacongne2012,NO_FIGURE_TEXT,1,LO,Feedforward AMPA,1.0,NOFIG__Wacongne2012__gemma-4-31b-it__T000__R01,gemma-4-31b-it,0.0,valid,cleaned_json
Wacongne2012,NO_FIGURE_TEXT,1,GO,Feedforward AMPA,1.0,NOFIG__Wacongne2012__gemma-4-31b-it__T000__R01,gemma-4-31b-it,0.0,valid,cleaned_json
Wacongne2012,NO_FIGURE_TEXT,1,LO,Feedforward NMDA,1.0,NOFIG__Wacongne2012__gemma-4-31b-it__T000__R01,gemma-4-31b-it,0.0,valid,cleaned_json
Wacongne2012,NO_FIGURE_TEXT,1,GO,Feedforward NMDA,1.0,NOFIG__Wacongne2012__gemma-4-31b-it__T000__R01,gemma-4-31b-it,0.0,valid,cleaned_json
Wacongne2012,NO_FIGURE_TEXT,1,LO,Feedforward Ascending Gamma,,NOFIG__Wacongne2012__gemma-4-31b-it__T000__R01,gemma-4-31b-it,0.0,valid,cleaned_json
Wacongne2012,NO_FIGURE_TEXT,1,GO,Feedforward Ascending Gamma,,NOFIG__Wacongne2012__gemma-4-31b-it__T000__R01,gemma-4-31b-it,0.0,valid,cleaned_json
Wacongne2012,NO_FIGURE_TEXT,1,LO,Absence of Feedback Error,,NOFIG__Wacongne2012__gemma-4-31b-it__T000__R01,gemma-4-31b-it,0.0,valid,cleaned_json
Wacongne2012,NO_FIGURE_TEXT,1,GO,Absence of Feedback Error,,NOFIG__Wacongne2012__gemma-4-31b-it__T000__R01,gemma-4-31b-it,0.0,valid,cleaned_json
Wacongne2012,NO_FIGURE_TEXT,1,LO,Feedforward Non-local Supragranular Activity (L2/3),1.0,NOFIG__Wacongne2012__gemma-4-31b-it__T000__R01,gemma-4-31b-it,0.0,valid,cleaned_json
Wacongne2012,NO_FIGURE_TEXT,1,GO,Feedforward Non-local Supragranular Activity (L2/3),1.0,NOFIG__Wacongne2012__gemma-4-31b-it__T000__R01,gemma-4-31b-it,0.0,valid,cleaned_json
Wacongne2012,NO_FIGURE_TEXT,1,LO,Feedforward Non-local Granular Activity (L4),1.0,NOFIG__Wacongne2012__gemma-4-31b-it__T000__R01,gemma-4-31b-it,0.0,valid,cleaned_json
Wacongne2012,NO_FIGURE_TEXT,1,GO,Feedforward Non-local Granular Activity (L4),1.0,NOFIG__Wacongne2012__gemma-4-31b-it__T000__R01,gemma-4-31b-it,0.0,valid,cleaned_json
Wacongne2012,NO_FIGURE_TEXT,1,LO,Feedforward Non-local Directed Connectivity,,NOFIG__Wacongne2012__gemma-4-31b-it__T000__R01,gemma-4-31b-it,0.0,valid,cleaned_json
Wacongne2012,NO_FIGURE_TEXT,1,GO,Feedforward Non-local Directed Connectivity,,NOFIG__Wacongne2012__gemma-4-31b-it__T000__R01,gemma-4-31b-it,0.0,valid,cleaned_json
Wacongne2012,NO_FIGURE_TEXT,1,LO,Feedforward Non-local Activation,1.0,NOFIG__Wacongne2012__gemma-4-31b-it__T000__R01,gemma-4-31b-it,0.0,valid,cleaned_json
Wacongne2012,NO_FIGURE_TEXT,1,GO,Feedforward Non-local Activation,1.0,NOFIG__Wacongne2012__gemma-4-31b-it__T000__R01,gemma-4-31b-it,0.0,valid,cleaned_json
Wacongne2012,NO_FIGURE_TEXT,1,LO,Ascending Latency Shift,,NOFIG__Wacongne2012__gemma-4-31b-it__T000__R01,gemma-4-31b-it,0.0,valid,cleaned_json
Wacongne2012,NO_FIGURE_TEXT,1,GO,Ascending Latency Shift,,NOFIG__Wacongne2012__gemma-4-31b-it__T000__R01,gemma-4-31b-it,0.0,valid,cleaned_json
Wacongne2012,NO_FIGURE_TEXT,1,LO,Feedforward Error Propagation,1.0,NOFIG__Wacongne2012__gemma-4-31b-it__T000__R01,gemma-4-31b-it,0.0,valid,cleaned_json
Wacongne2012,NO_FIGURE_TEXT,1,GO,Feedforward Error Propagation,1.0,NOFIG__Wacongne2012__gemma-4-31b-it__T000__R01,gemma-4-31b-it,0.0,valid,cleaned_json
Wacongne2012,NO_FIGURE_TEXT,1,LO,Subcortical Feedforward Relaying,1.0,NOFIG__Wacongne2012__gemma-4-31b-it__T000__R01,gemma-4-31b-it,0.0,valid,cleaned_json
Wacongne2012,NO_FIGURE_TEXT,1,GO,Subcortical Feedforward Relaying,1.0,NOFIG__Wacongne2012__gemma-4-31b-it__T000__R01,gemma-4-31b-it,0.0,valid,cleaned_json
Wacongne2012,NO_FIGURE_TEXT,1,LO,Canonical Microcircuit Ubiquity,,NOFIG__Wacongne2012__gemma-4-31b-it__T000__R01,gemma-4-31b-it,0.0,valid,cleaned_json
Wacongne2012,NO_FIGURE_TEXT,1,GO,Canonical Microcircuit Ubiquity,,NOFIG__Wacongne2012__gemma-4-31b-it__T000__R01,gemma-4-31b-it,0.0,valid,cleaned_json
Wacongne2012,NO_FIGURE_TEXT,1,LO,Hierarchical Mechanism Invariance,,NOFIG__Wacongne2012__gemma-4-31b-it__T000__R01,gemma-4-31b-it,0.0,valid,cleaned_json
Wacongne2012,NO_FIGURE_TEXT,1,GO,Hierarchical Mechanism Invariance,,NOFIG__Wacongne2012__gemma-4-31b-it__T000__R01,gemma-4-31b-it,0.0,valid,cleaned_json
Wacongne2012,NO_FIGURE_TEXT,1,LO,Hierarchical Activity Ubiquity,,NOFIG__Wacongne2012__gemma-4-31b-it__T000__R01,gemma-4-31b-it,0.0,valid,cleaned_json
Wacongne2012,NO_FIGURE_TEXT,1,GO,Hierarchical Activity Ubiquity,,NOFIG__Wacongne2012__gemma-4-31b-it__T000__R01,gemma-4-31b-it,0.0,valid,cleaned_json
Wacongne2012,NO_FIGURE_TEXT,1,LO,Hierarchical CSD Ubiquity,,NOFIG__Wacongne2012__gemma-4-31b-it__T000__R01,gemma-4-31b-it,0.0,valid,cleaned_json
Wacongne2012,NO_FIGURE_TEXT,1,GO,Hierarchical CSD Ubiquity,,NOFIG__Wacongne2012__gemma-4-31b-it__T000__R01,gemma-4-31b-it,0.0,valid,cleaned_json
Wacongne2012,NO_FIGURE_TEXT,1,LO,Cross-Scale Hierarchical Ubiquity,,NOFIG__Wacongne2012__gemma-4-31b-it__T000__R01,gemma-4-31b-it,0.0,valid,cleaned_json
Wacongne2012,NO_FIGURE_TEXT,1,GO,Cross-Scale Hierarchical Ubiquity,,NOFIG__Wacongne2012__gemma-4-31b-it__T000__R01,gemma-4-31b-it,0.0,valid,cleaned_json
Wacongne2012,NO_FIGURE_TEXT,1,LO,Hierarchical Presence (V1-PFC),,NOFIG__Wacongne2012__gemma-4-31b-it__T000__R01,gemma-4-31b-it,0.0,valid,cleaned_json
Wacongne2012,NO_FIGURE_TEXT,1,GO,Hierarchical Presence (V1-PFC),,NOFIG__Wacongne2012__gemma-4-31b-it__T000__R01,gemma-4-31b-it,0.0,valid,cleaned_json
Wacongne2012,NO_FIGURE_TEXT,1,LO,Cross-Modal Ubiquity,1.0,NOFIG__Wacongne2012__gemma-4-31b-it__T000__R01,gemma-4-31b-it,0.0,valid,cleaned_json
Wacongne2012,NO_FIGURE_TEXT,1,GO,Cross-Modal Ubiquity,1.0,NOFIG__Wacongne2012__gemma-4-31b-it__T000__R01,gemma-4-31b-it,0.0,valid,cleaned_json
Wacongne2012,NO_FIGURE_TEXT,1,LO,Interspecies Hierarchical Ubiquity,,NOFIG__Wacongne2012__gemma-4-31b-it__T000__R01,gemma-4-31b-it,0.0,valid,cleaned_json
Wacongne2012,NO_FIGURE_TEXT,1,GO,Interspecies Hierarchical Ubiquity,,NOFIG__Wacongne2012__gemma-4-31b-it__T000__R01,gemma-4-31b-it,0.0,valid,cleaned_json
Wacongne2012,NO_FIGURE_TEXT,1,LO,Temporal Stability of Ubiquity,,NOFIG__Wacongne2012__gemma-4-31b-it__T000__R01,gemma-4-31b-it,0.0,valid,cleaned_json
Wacongne2012,NO_FIGURE_TEXT,1,GO,Temporal Stability of Ubiquity,,NOFIG__Wacongne2012__gemma-4-31b-it__T000__R01,gemma-4-31b-it,0.0,valid,cleaned_json
Wacongne2012,NO_FIGURE_TEXT,1,LO,Hierarchical Order Stability,,NOFIG__Wacongne2012__gemma-4-31b-it__T000__R01,gemma-4-31b-it,0.0,valid,cleaned_json
Wacongne2012,NO_FIGURE_TEXT,1,GO,Hierarchical Order Stability,-1.0,NOFIG__Wacongne2012__gemma-4-31b-it__T000__R01,gemma-4-31b-it,0.0,valid,cleaned_json
Wacongne2012,NO_FIGURE_TEXT,1,LO,Population-Wide Ubiquity,,NOFIG__Wacongne2012__gemma-4-31b-it__T000__R01,gemma-4-31b-it,0.0,valid,cleaned_json
Wacongne2012,NO_FIGURE_TEXT,1,GO,Population-Wide Ubiquity,,NOFIG__Wacongne2012__gemma-4-31b-it__T000__R01,gemma-4-31b-it,0.0,valid,cleaned_json
Wacongne2012,NO_FIGURE_TEXT,1,LO,State-Independent Ubiquity,1.0,NOFIG__Wacongne2012__gemma-4-31b-it__T000__R01,gemma-4-31b-it,0.0,valid,cleaned_json
Wacongne2012,NO_FIGURE_TEXT,1,GO,State-Independent Ubiquity,1.0,NOFIG__Wacongne2012__gemma-4-31b-it__T000__R01,gemma-4-31b-it,0.0,valid,cleaned_json
Westerberg&Xiong2025,NO_FIGURE_TEXT,1,LO,Subtractive Inhibition (SST),-1.0,NOFIG__Westerberg&Xiong2025__gemma-4-31b-it__T000__R01,gemma-4-31b-it,0.0,valid,strict_json
Westerberg&Xiong2025,NO_FIGURE_TEXT,1,GO,Subtractive Inhibition (SST),-1.0,NOFIG__Westerberg&Xiong2025__gemma-4-31b-it__T000__R01,gemma-4-31b-it,0.0,valid,strict_json
Westerberg&Xiong2025,NO_FIGURE_TEXT,1,LO,Divisive Inhibition (PV),-1.0,NOFIG__Westerberg&Xiong2025__gemma-4-31b-it__T000__R01,gemma-4-31b-it,0.0,valid,strict_json
Westerberg&Xiong2025,NO_FIGURE_TEXT,1,GO,Divisive Inhibition (PV),-1.0,NOFIG__Westerberg&Xiong2025__gemma-4-31b-it__T000__R01,gemma-4-31b-it,0.0,valid,strict_json
Westerberg&Xiong2025,NO_FIGURE_TEXT,1,LO,Inhibition (GABA),-1.0,NOFIG__Westerberg&Xiong2025__gemma-4-31b-it__T000__R01,gemma-4-31b-it,0.0,valid,strict_json
Westerberg&Xiong2025,NO_FIGURE_TEXT,1,GO,Inhibition (GABA),-1.0,NOFIG__Westerberg&Xiong2025__gemma-4-31b-it__T000__R01,gemma-4-31b-it,0.0,valid,strict_json
Westerberg&Xiong2025,NO_FIGURE_TEXT,1,LO,Habituation to Sequence,1.0,NOFIG__Westerberg&Xiong2025__gemma-4-31b-it__T000__R01,gemma-4-31b-it,0.0,valid,strict_json
Westerberg&Xiong2025,NO_FIGURE_TEXT,1,GO,Habituation to Sequence,,NOFIG__Westerberg&Xiong2025__gemma-4-31b-it__T000__R01,gemma-4-31b-it,0.0,valid,strict_json
Westerberg&Xiong2025,NO_FIGURE_TEXT,1,LO,Synaptic Depression (Adaptation),1.0,NOFIG__Westerberg&Xiong2025__gemma-4-31b-it__T000__R01,gemma-4-31b-it,0.0,valid,strict_json
Westerberg&Xiong2025,NO_FIGURE_TEXT,1,GO,Synaptic Depression (Adaptation),,NOFIG__Westerberg&Xiong2025__gemma-4-31b-it__T000__R01,gemma-4-31b-it,0.0,valid,strict_json
Westerberg&Xiong2025,NO_FIGURE_TEXT,1,LO,Activity Suppression,-1.0,NOFIG__Westerberg&Xiong2025__gemma-4-31b-it__T000__R01,gemma-4-31b-it,0.0,valid,strict_json
Westerberg&Xiong2025,NO_FIGURE_TEXT,1,GO,Activity Suppression,-1.0,NOFIG__Westerberg&Xiong2025__gemma-4-31b-it__T000__R01,gemma-4-31b-it,0.0,valid,strict_json
Westerberg&Xiong2025,NO_FIGURE_TEXT,1,LO,Selective Sharpening,,NOFIG__Westerberg&Xiong2025__gemma-4-31b-it__T000__R01,gemma-4-31b-it,0.0,valid,strict_json
Westerberg&Xiong2025,NO_FIGURE_TEXT,1,GO,Selective Sharpening,,NOFIG__Westerberg&Xiong2025__gemma-4-31b-it__T000__R01,gemma-4-31b-it,0.0,valid,strict_json
Westerberg&Xiong2025,NO_FIGURE_TEXT,1,LO,Alpha/Beta Mediated Suppression,,NOFIG__Westerberg&Xiong2025__gemma-4-31b-it__T000__R01,gemma-4-31b-it,0.0,valid,strict_json
Westerberg&Xiong2025,NO_FIGURE_TEXT,1,GO,Alpha/Beta Mediated Suppression,,NOFIG__Westerberg&Xiong2025__gemma-4-31b-it__T000__R01,gemma-4-31b-it,0.0,valid,strict_json
Westerberg&Xiong2025,NO_FIGURE_TEXT,1,LO,VIP-Mediated Disinhibition,,NOFIG__Westerberg&Xiong2025__gemma-4-31b-it__T000__R01,gemma-4-31b-it,0.0,valid,strict_json
Westerberg&Xiong2025,NO_FIGURE_TEXT,1,GO,VIP-Mediated Disinhibition,,NOFIG__Westerberg&Xiong2025__gemma-4-31b-it__T000__R01,gemma-4-31b-it,0.0,valid,strict_json
Westerberg&Xiong2025,NO_FIGURE_TEXT,1,LO,Precision Weighting (Gain),-1.0,NOFIG__Westerberg&Xiong2025__gemma-4-31b-it__T000__R01,gemma-4-31b-it,0.0,valid,strict_json
Westerberg&Xiong2025,NO_FIGURE_TEXT,1,GO,Precision Weighting (Gain),,NOFIG__Westerberg&Xiong2025__gemma-4-31b-it__T000__R01,gemma-4-31b-it,0.0,valid,strict_json
Westerberg&Xiong2025,NO_FIGURE_TEXT,1,LO,E/I Balance Shift,,NOFIG__Westerberg&Xiong2025__gemma-4-31b-it__T000__R01,gemma-4-31b-it,0.0,valid,strict_json
Westerberg&Xiong2025,NO_FIGURE_TEXT,1,GO,E/I Balance Shift,,NOFIG__Westerberg&Xiong2025__gemma-4-31b-it__T000__R01,gemma-4-31b-it,0.0,valid,strict_json
Westerberg&Xiong2025,NO_FIGURE_TEXT,1,LO,Omission Response,,NOFIG__Westerberg&Xiong2025__gemma-4-31b-it__T000__R01,gemma-4-31b-it,0.0,valid,strict_json
Westerberg&Xiong2025,NO_FIGURE_TEXT,1,GO,Omission Response,,NOFIG__Westerberg&Xiong2025__gemma-4-31b-it__T000__R01,gemma-4-31b-it,0.0,valid,strict_json
Westerberg&Xiong2025,NO_FIGURE_TEXT,1,LO,Feedforward Deviance Detection,1.0,NOFIG__Westerberg&Xiong2025__gemma-4-31b-it__T000__R01,gemma-4-31b-it,0.0,valid,strict_json
Westerberg&Xiong2025,NO_FIGURE_TEXT,1,GO,Feedforward Deviance Detection,-1.0,NOFIG__Westerberg&Xiong2025__gemma-4-31b-it__T000__R01,gemma-4-31b-it,0.0,valid,strict_json
Westerberg&Xiong2025,NO_FIGURE_TEXT,1,LO,Feedforward AMPA,,NOFIG__Westerberg&Xiong2025__gemma-4-31b-it__T000__R01,gemma-4-31b-it,0.0,valid,strict_json
Westerberg&Xiong2025,NO_FIGURE_TEXT,1,GO,Feedforward AMPA,,NOFIG__Westerberg&Xiong2025__gemma-4-31b-it__T000__R01,gemma-4-31b-it,0.0,valid,strict_json
Westerberg&Xiong2025,NO_FIGURE_TEXT,1,LO,Feedforward NMDA,,NOFIG__Westerberg&Xiong2025__gemma-4-31b-it__T000__R01,gemma-4-31b-it,0.0,valid,strict_json
Westerberg&Xiong2025,NO_FIGURE_TEXT,1,GO,Feedforward NMDA,,NOFIG__Westerberg&Xiong2025__gemma-4-31b-it__T000__R01,gemma-4-31b-it,0.0,valid,strict_json
Westerberg&Xiong2025,NO_FIGURE_TEXT,1,LO,Feedforward Ascending Gamma,,NOFIG__Westerberg&Xiong2025__gemma-4-31b-it__T000__R01,gemma-4-31b-it,0.0,valid,strict_json
Westerberg&Xiong2025,NO_FIGURE_TEXT,1,GO,Feedforward Ascending Gamma,,NOFIG__Westerberg&Xiong2025__gemma-4-31b-it__T000__R01,gemma-4-31b-it,0.0,valid,strict_json
Westerberg&Xiong2025,NO_FIGURE_TEXT,1,LO,Absence of Feedback Error,1.0,NOFIG__Westerberg&Xiong2025__gemma-4-31b-it__T000__R01,gemma-4-31b-it,0.0,valid,strict_json
Westerberg&Xiong2025,NO_FIGURE_TEXT,1,GO,Absence of Feedback Error,-1.0,NOFIG__Westerberg&Xiong2025__gemma-4-31b-it__T000__R01,gemma-4-31b-it,0.0,valid,strict_json
Westerberg&Xiong2025,NO_FIGURE_TEXT,1,LO,Feedforward Non-local Supragranular Activity (L2/3),1.0,NOFIG__Westerberg&Xiong2025__gemma-4-31b-it__T000__R01,gemma-4-31b-it,0.0,valid,strict_json
Westerberg&Xiong2025,NO_FIGURE_TEXT,1,GO,Feedforward Non-local Supragranular Activity (L2/3),-1.0,NOFIG__Westerberg&Xiong2025__gemma-4-31b-it__T000__R01,gemma-4-31b-it,0.0,valid,strict_json
Westerberg&Xiong2025,NO_FIGURE_TEXT,1,LO,Feedforward Non-local Granular Activity (L4),,NOFIG__Westerberg&Xiong2025__gemma-4-31b-it__T000__R01,gemma-4-31b-it,0.0,valid,strict_json
Westerberg&Xiong2025,NO_FIGURE_TEXT,1,GO,Feedforward Non-local Granular Activity (L4),-1.0,NOFIG__Westerberg&Xiong2025__gemma-4-31b-it__T000__R01,gemma-4-31b-it,0.0,valid,strict_json
Westerberg&Xiong2025,NO_FIGURE_TEXT,1,LO,Feedforward Non-local Directed Connectivity,1.0,NOFIG__Westerberg&Xiong2025__gemma-4-31b-it__T000__R01,gemma-4-31b-it,0.0,valid,strict_json
Westerberg&Xiong2025,NO_FIGURE_TEXT,1,GO,Feedforward Non-local Directed Connectivity,-1.0,NOFIG__Westerberg&Xiong2025__gemma-4-31b-it__T000__R01,gemma-4-31b-it,0.0,valid,strict_json
Westerberg&Xiong2025,NO_FIGURE_TEXT,1,LO,Feedforward Non-local Activation,1.0,NOFIG__Westerberg&Xiong2025__gemma-4-31b-it__T000__R01,gemma-4-31b-it,0.0,valid,strict_json
Westerberg&Xiong2025,NO_FIGURE_TEXT,1,GO,Feedforward Non-local Activation,-1.0,NOFIG__Westerberg&Xiong2025__gemma-4-31b-it__T000__R01,gemma-4-31b-it,0.0,valid,strict_json
Westerberg&Xiong2025,NO_FIGURE_TEXT,1,LO,Ascending Latency Shift,1.0,NOFIG__Westerberg&Xiong2025__gemma-4-31b-it__T000__R01,gemma-4-31b-it,0.0,valid,strict_json
Westerberg&Xiong2025,NO_FIGURE_TEXT,1,GO,Ascending Latency Shift,-1.0,NOFIG__Westerberg&Xiong2025__gemma-4-31b-it__T000__R01,gemma-4-31b-it,0.0,valid,strict_json
Westerberg&Xiong2025,NO_FIGURE_TEXT,1,LO,Feedforward Error Propagation,1.0,NOFIG__Westerberg&Xiong2025__gemma-4-31b-it__T000__R01,gemma-4-31b-it,0.0,valid,strict_json
Westerberg&Xiong2025,NO_FIGURE_TEXT,1,GO,Feedforward Error Propagation,-1.0,NOFIG__Westerberg&Xiong2025__gemma-4-31b-it__T000__R01,gemma-4-31b-it,0.0,valid,strict_json
Westerberg&Xiong2025,NO_FIGURE_TEXT,1,LO,Subcortical Feedforward Relaying,,NOFIG__Westerberg&Xiong2025__gemma-4-31b-it__T000__R01,gemma-4-31b-it,0.0,valid,strict_json
Westerberg&Xiong2025,NO_FIGURE_TEXT,1,GO,Subcortical Feedforward Relaying,,NOFIG__Westerberg&Xiong2025__gemma-4-31b-it__T000__R01,gemma-4-31b-it,0.0,valid,strict_json
Westerberg&Xiong2025,NO_FIGURE_TEXT,1,LO,Canonical Microcircuit Ubiquity,,NOFIG__Westerberg&Xiong2025__gemma-4-31b-it__T000__R01,gemma-4-31b-it,0.0,valid,strict_json
Westerberg&Xiong2025,NO_FIGURE_TEXT,1,GO,Canonical Microcircuit Ubiquity,-1.0,NOFIG__Westerberg&Xiong2025__gemma-4-31b-it__T000__R01,gemma-4-31b-it,0.0,valid,strict_json
Westerberg&Xiong2025,NO_FIGURE_TEXT,1,LO,Hierarchical Mechanism Invariance,,NOFIG__Westerberg&Xiong2025__gemma-4-31b-it__T000__R01,gemma-4-31b-it,0.0,valid,strict_json
Westerberg&Xiong2025,NO_FIGURE_TEXT,1,GO,Hierarchical Mechanism Invariance,-1.0,NOFIG__Westerberg&Xiong2025__gemma-4-31b-it__T000__R01,gemma-4-31b-it,0.0,valid,strict_json
Westerberg&Xiong2025,NO_FIGURE_TEXT,1,LO,Hierarchical Activity Ubiquity,1.0,NOFIG__Westerberg&Xiong2025__gemma-4-31b-it__T000__R01,gemma-4-31b-it,0.0,valid,strict_json
Westerberg&Xiong2025,NO_FIGURE_TEXT,1,GO,Hierarchical Activity Ubiquity,-1.0,NOFIG__Westerberg&Xiong2025__gemma-4-31b-it__T000__R01,gemma-4-31b-it,0.0,valid,strict_json
Westerberg&Xiong2025,NO_FIGURE_TEXT,1,LO,Hierarchical CSD Ubiquity,,NOFIG__Westerberg&Xiong2025__gemma-4-31b-it__T000__R01,gemma-4-31b-it,0.0,valid,strict_json
Westerberg&Xiong2025,NO_FIGURE_TEXT,1,GO,Hierarchical CSD Ubiquity,-1.0,NOFIG__Westerberg&Xiong2025__gemma-4-31b-it__T000__R01,gemma-4-31b-it,0.0,valid,strict_json
Westerberg&Xiong2025,NO_FIGURE_TEXT,1,LO,Cross-Scale Hierarchical Ubiquity,,NOFIG__Westerberg&Xiong2025__gemma-4-31b-it__T000__R01,gemma-4-31b-it,0.0,valid,strict_json
Westerberg&Xiong2025,NO_FIGURE_TEXT,1,GO,Cross-Scale Hierarchical Ubiquity,,NOFIG__Westerberg&Xiong2025__gemma-4-31b-it__T000__R01,gemma-4-31b-it,0.0,valid,strict_json
Westerberg&Xiong2025,NO_FIGURE_TEXT,1,LO,Hierarchical Presence (V1-PFC),1.0,NOFIG__Westerberg&Xiong2025__gemma-4-31b-it__T000__R01,gemma-4-31b-it,0.0,valid,strict_json
Westerberg&Xiong2025,NO_FIGURE_TEXT,1,GO,Hierarchical Presence (V1-PFC),-1.0,NOFIG__Westerberg&Xiong2025__gemma-4-31b-it__T000__R01,gemma-4-31b-it,0.0,valid,strict_json
Westerberg&Xiong2025,NO_FIGURE_TEXT,1,LO,Cross-Modal Ubiquity,,NOFIG__Westerberg&Xiong2025__gemma-4-31b-it__T000__R01,gemma-4-31b-it,0.0,valid,strict_json
Westerberg&Xiong2025,NO_FIGURE_TEXT,1,GO,Cross-Modal Ubiquity,,NOFIG__Westerberg&Xiong2025__gemma-4-31b-it__T000__R01,gemma-4-31b-it,0.0,valid,strict_json
Westerberg&Xiong2025,NO_FIGURE_TEXT,1,LO,Interspecies Hierarchical Ubiquity,1.0,NOFIG__Westerberg&Xiong2025__gemma-4-31b-it__T000__R01,gemma-4-31b-it,0.0,valid,strict_json
Westerberg&Xiong2025,NO_FIGURE_TEXT,1,GO,Interspecies Hierarchical Ubiquity,1.0,NOFIG__Westerberg&Xiong2025__gemma-4-31b-it__T000__R01,gemma-4-31b-it,0.0,valid,strict_json
Westerberg&Xiong2025,NO_FIGURE_TEXT,1,LO,Temporal Stability of Ubiquity,,NOFIG__Westerberg&Xiong2025__gemma-4-31b-it__T000__R01,gemma-4-31b-it,0.0,valid,strict_json
Westerberg&Xiong2025,NO_FIGURE_TEXT,1,GO,Temporal Stability of Ubiquity,,NOFIG__Westerberg&Xiong2025__gemma-4-31b-it__T000__R01,gemma-4-31b-it,0.0,valid,strict_json
Westerberg&Xiong2025,NO_FIGURE_TEXT,1,LO,Hierarchical Order Stability,1.0,NOFIG__Westerberg&Xiong2025__gemma-4-31b-it__T000__R01,gemma-4-31b-it,0.0,valid,strict_json
Westerberg&Xiong2025,NO_FIGURE_TEXT,1,GO,Hierarchical Order Stability,-1.0,NOFIG__Westerberg&Xiong2025__gemma-4-31b-it__T000__R01,gemma-4-31b-it,0.0,valid,strict_json
Westerberg&Xiong2025,NO_FIGURE_TEXT,1,LO,Population-Wide Ubiquity,1.0,NOFIG__Westerberg&Xiong2025__gemma-4-31b-it__T000__R01,gemma-4-31b-it,0.0,valid,strict_json
Westerberg&Xiong2025,NO_FIGURE_TEXT,1,GO,Population-Wide Ubiquity,-1.0,NOFIG__Westerberg&Xiong2025__gemma-4-31b-it__T000__R01,gemma-4-31b-it,0.0,valid,strict_json
Westerberg&Xiong2025,NO_FIGURE_TEXT,1,LO,State-Independent Ubiquity,,NOFIG__Westerberg&Xiong2025__gemma-4-31b-it__T000__R01,gemma-4-31b-it,0.0,valid,strict_json
Westerberg&Xiong2025,NO_FIGURE_TEXT,1,GO,State-Independent Ubiquity,,NOFIG__Westerberg&Xiong2025__gemma-4-31b-it__T000__R01,gemma-4-31b-it,0.0,valid,strict_json
Yamins2014,NO_FIGURE_TEXT,1,LO,Subtractive Inhibition (SST),,NOFIG__Yamins2014__gemma-4-31b-it__T000__R01,gemma-4-31b-it,0.0,valid,strict_json
Yamins2014,NO_FIGURE_TEXT,1,GO,Subtractive Inhibition (SST),,NOFIG__Yamins2014__gemma-4-31b-it__T000__R01,gemma-4-31b-it,0.0,valid,strict_json
Yamins2014,NO_FIGURE_TEXT,1,LO,Divisive Inhibition (PV),,NOFIG__Yamins2014__gemma-4-31b-it__T000__R01,gemma-4-31b-it,0.0,valid,strict_json
Yamins2014,NO_FIGURE_TEXT,1,GO,Divisive Inhibition (PV),,NOFIG__Yamins2014__gemma-4-31b-it__T000__R01,gemma-4-31b-it,0.0,valid,strict_json
Yamins2014,NO_FIGURE_TEXT,1,LO,Inhibition (GABA),,NOFIG__Yamins2014__gemma-4-31b-it__T000__R01,gemma-4-31b-it,0.0,valid,strict_json
Yamins2014,NO_FIGURE_TEXT,1,GO,Inhibition (GABA),,NOFIG__Yamins2014__gemma-4-31b-it__T000__R01,gemma-4-31b-it,0.0,valid,strict_json
Yamins2014,NO_FIGURE_TEXT,1,LO,Habituation to Sequence,,NOFIG__Yamins2014__gemma-4-31b-it__T000__R01,gemma-4-31b-it,0.0,valid,strict_json
Yamins2014,NO_FIGURE_TEXT,1,GO,Habituation to Sequence,,NOFIG__Yamins2014__gemma-4-31b-it__T000__R01,gemma-4-31b-it,0.0,valid,strict_json
Yamins2014,NO_FIGURE_TEXT,1,LO,Synaptic Depression (Adaptation),,NOFIG__Yamins2014__gemma-4-31b-it__T000__R01,gemma-4-31b-it,0.0,valid,strict_json
Yamins2014,NO_FIGURE_TEXT,1,GO,Synaptic Depression (Adaptation),,NOFIG__Yamins2014__gemma-4-31b-it__T000__R01,gemma-4-31b-it,0.0,valid,strict_json
Yamins2014,NO_FIGURE_TEXT,1,LO,Activity Suppression,,NOFIG__Yamins2014__gemma-4-31b-it__T000__R01,gemma-4-31b-it,0.0,valid,strict_json
Yamins2014,NO_FIGURE_TEXT,1,GO,Activity Suppression,,NOFIG__Yamins2014__gemma-4-31b-it__T000__R01,gemma-4-31b-it,0.0,valid,strict_json
Yamins2014,NO_FIGURE_TEXT,1,LO,Selective Sharpening,,NOFIG__Yamins2014__gemma-4-31b-it__T000__R01,gemma-4-31b-it,0.0,valid,strict_json
Yamins2014,NO_FIGURE_TEXT,1,GO,Selective Sharpening,,NOFIG__Yamins2014__gemma-4-31b-it__T000__R01,gemma-4-31b-it,0.0,valid,strict_json
Yamins2014,NO_FIGURE_TEXT,1,LO,Alpha/Beta Mediated Suppression,,NOFIG__Yamins2014__gemma-4-31b-it__T000__R01,gemma-4-31b-it,0.0,valid,strict_json
Yamins2014,NO_FIGURE_TEXT,1,GO,Alpha/Beta Mediated Suppression,,NOFIG__Yamins2014__gemma-4-31b-it__T000__R01,gemma-4-31b-it,0.0,valid,strict_json
Yamins2014,NO_FIGURE_TEXT,1,LO,VIP-Mediated Disinhibition,,NOFIG__Yamins2014__gemma-4-31b-it__T000__R01,gemma-4-31b-it,0.0,valid,strict_json
Yamins2014,NO_FIGURE_TEXT,1,GO,VIP-Mediated Disinhibition,,NOFIG__Yamins2014__gemma-4-31b-it__T000__R01,gemma-4-31b-it,0.0,valid,strict_json
Yamins2014,NO_FIGURE_TEXT,1,LO,Precision Weighting (Gain),,NOFIG__Yamins2014__gemma-4-31b-it__T000__R01,gemma-4-31b-it,0.0,valid,strict_json
Yamins2014,NO_FIGURE_TEXT,1,GO,Precision Weighting (Gain),,NOFIG__Yamins2014__gemma-4-31b-it__T000__R01,gemma-4-31b-it,0.0,valid,strict_json
Yamins2014,NO_FIGURE_TEXT,1,LO,E/I Balance Shift,,NOFIG__Yamins2014__gemma-4-31b-it__T000__R01,gemma-4-31b-it,0.0,valid,strict_json
Yamins2014,NO_FIGURE_TEXT,1,GO,E/I Balance Shift,,NOFIG__Yamins2014__gemma-4-31b-it__T000__R01,gemma-4-31b-it,0.0,valid,strict_json
Yamins2014,NO_FIGURE_TEXT,1,LO,Omission Response,,NOFIG__Yamins2014__gemma-4-31b-it__T000__R01,gemma-4-31b-it,0.0,valid,strict_json
Yamins2014,NO_FIGURE_TEXT,1,GO,Omission Response,,NOFIG__Yamins2014__gemma-4-31b-it__T000__R01,gemma-4-31b-it,0.0,valid,strict_json
Yamins2014,NO_FIGURE_TEXT,1,LO,Feedforward Deviance Detection,,NOFIG__Yamins2014__gemma-4-31b-it__T000__R01,gemma-4-31b-it,0.0,valid,strict_json
Yamins2014,NO_FIGURE_TEXT,1,GO,Feedforward Deviance Detection,,NOFIG__Yamins2014__gemma-4-31b-it__T000__R01,gemma-4-31b-it,0.0,valid,strict_json
Yamins2014,NO_FIGURE_TEXT,1,LO,Feedforward AMPA,,NOFIG__Yamins2014__gemma-4-31b-it__T000__R01,gemma-4-31b-it,0.0,valid,strict_json
Yamins2014,NO_FIGURE_TEXT,1,GO,Feedforward AMPA,,NOFIG__Yamins2014__gemma-4-31b-it__T000__R01,gemma-4-31b-it,0.0,valid,strict_json
Yamins2014,NO_FIGURE_TEXT,1,LO,Feedforward NMDA,,NOFIG__Yamins2014__gemma-4-31b-it__T000__R01,gemma-4-31b-it,0.0,valid,strict_json
Yamins2014,NO_FIGURE_TEXT,1,GO,Feedforward NMDA,,NOFIG__Yamins2014__gemma-4-31b-it__T000__R01,gemma-4-31b-it,0.0,valid,strict_json
Yamins2014,NO_FIGURE_TEXT,1,LO,Feedforward Ascending Gamma,,NOFIG__Yamins2014__gemma-4-31b-it__T000__R01,gemma-4-31b-it,0.0,valid,strict_json
Yamins2014,NO_FIGURE_TEXT,1,GO,Feedforward Ascending Gamma,,NOFIG__Yamins2014__gemma-4-31b-it__T000__R01,gemma-4-31b-it,0.0,valid,strict_json
Yamins2014,NO_FIGURE_TEXT,1,LO,Absence of Feedback Error,,NOFIG__Yamins2014__gemma-4-31b-it__T000__R01,gemma-4-31b-it,0.0,valid,strict_json
Yamins2014,NO_FIGURE_TEXT,1,GO,Absence of Feedback Error,,NOFIG__Yamins2014__gemma-4-31b-it__T000__R01,gemma-4-31b-it,0.0,valid,strict_json
Yamins2014,NO_FIGURE_TEXT,1,LO,Feedforward Non-local Supragranular Activity (L2/3),,NOFIG__Yamins2014__gemma-4-31b-it__T000__R01,gemma-4-31b-it,0.0,valid,strict_json
Yamins2014,NO_FIGURE_TEXT,1,GO,Feedforward Non-local Supragranular Activity (L2/3),,NOFIG__Yamins2014__gemma-4-31b-it__T000__R01,gemma-4-31b-it,0.0,valid,strict_json
Yamins2014,NO_FIGURE_TEXT,1,LO,Feedforward Non-local Granular Activity (L4),,NOFIG__Yamins2014__gemma-4-31b-it__T000__R01,gemma-4-31b-it,0.0,valid,strict_json
Yamins2014,NO_FIGURE_TEXT,1,GO,Feedforward Non-local Granular Activity (L4),,NOFIG__Yamins2014__gemma-4-31b-it__T000__R01,gemma-4-31b-it,0.0,valid,strict_json
Yamins2014,NO_FIGURE_TEXT,1,LO,Feedforward Non-local Directed Connectivity,,NOFIG__Yamins2014__gemma-4-31b-it__T000__R01,gemma-4-31b-it,0.0,valid,strict_json
Yamins2014,NO_FIGURE_TEXT,1,GO,Feedforward Non-local Directed Connectivity,,NOFIG__Yamins2014__gemma-4-31b-it__T000__R01,gemma-4-31b-it,0.0,valid,strict_json
Yamins2014,NO_FIGURE_TEXT,1,LO,Feedforward Non-local Activation,,NOFIG__Yamins2014__gemma-4-31b-it__T000__R01,gemma-4-31b-it,0.0,valid,strict_json
Yamins2014,NO_FIGURE_TEXT,1,GO,Feedforward Non-local Activation,,NOFIG__Yamins2014__gemma-4-31b-it__T000__R01,gemma-4-31b-it,0.0,valid,strict_json
Yamins2014,NO_FIGURE_TEXT,1,LO,Ascending Latency Shift,,NOFIG__Yamins2014__gemma-4-31b-it__T000__R01,gemma-4-31b-it,0.0,valid,strict_json
Yamins2014,NO_FIGURE_TEXT,1,GO,Ascending Latency Shift,,NOFIG__Yamins2014__gemma-4-31b-it__T000__R01,gemma-4-31b-it,0.0,valid,strict_json
Yamins2014,NO_FIGURE_TEXT,1,LO,Feedforward Error Propagation,,NOFIG__Yamins2014__gemma-4-31b-it__T000__R01,gemma-4-31b-it,0.0,valid,strict_json
Yamins2014,NO_FIGURE_TEXT,1,GO,Feedforward Error Propagation,,NOFIG__Yamins2014__gemma-4-31b-it__T000__R01,gemma-4-31b-it,0.0,valid,strict_json
Yamins2014,NO_FIGURE_TEXT,1,LO,Subcortical Feedforward Relaying,,NOFIG__Yamins2014__gemma-4-31b-it__T000__R01,gemma-4-31b-it,0.0,valid,strict_json
Yamins2014,NO_FIGURE_TEXT,1,GO,Subcortical Feedforward Relaying,,NOFIG__Yamins2014__gemma-4-31b-it__T000__R01,gemma-4-31b-it,0.0,valid,strict_json
Yamins2014,NO_FIGURE_TEXT,1,LO,Canonical Microcircuit Ubiquity,,NOFIG__Yamins2014__gemma-4-31b-it__T000__R01,gemma-4-31b-it,0.0,valid,strict_json
Yamins2014,NO_FIGURE_TEXT,1,GO,Canonical Microcircuit Ubiquity,,NOFIG__Yamins2014__gemma-4-31b-it__T000__R01,gemma-4-31b-it,0.0,valid,strict_json
Yamins2014,NO_FIGURE_TEXT,1,LO,Hierarchical Mechanism Invariance,,NOFIG__Yamins2014__gemma-4-31b-it__T000__R01,gemma-4-31b-it,0.0,valid,strict_json
Yamins2014,NO_FIGURE_TEXT,1,GO,Hierarchical Mechanism Invariance,,NOFIG__Yamins2014__gemma-4-31b-it__T000__R01,gemma-4-31b-it,0.0,valid,strict_json
Yamins2014,NO_FIGURE_TEXT,1,LO,Hierarchical Activity Ubiquity,,NOFIG__Yamins2014__gemma-4-31b-it__T000__R01,gemma-4-31b-it,0.0,valid,strict_json
Yamins2014,NO_FIGURE_TEXT,1,GO,Hierarchical Activity Ubiquity,,NOFIG__Yamins2014__gemma-4-31b-it__T000__R01,gemma-4-31b-it,0.0,valid,strict_json
Yamins2014,NO_FIGURE_TEXT,1,LO,Hierarchical CSD Ubiquity,,NOFIG__Yamins2014__gemma-4-31b-it__T000__R01,gemma-4-31b-it,0.0,valid,strict_json
Yamins2014,NO_FIGURE_TEXT,1,GO,Hierarchical CSD Ubiquity,,NOFIG__Yamins2014__gemma-4-31b-it__T000__R01,gemma-4-31b-it,0.0,valid,strict_json
Yamins2014,NO_FIGURE_TEXT,1,LO,Cross-Scale Hierarchical Ubiquity,,NOFIG__Yamins2014__gemma-4-31b-it__T000__R01,gemma-4-31b-it,0.0,valid,strict_json
Yamins2014,NO_FIGURE_TEXT,1,GO,Cross-Scale Hierarchical Ubiquity,,NOFIG__Yamins2014__gemma-4-31b-it__T000__R01,gemma-4-31b-it,0.0,valid,strict_json
Yamins2014,NO_FIGURE_TEXT,1,LO,Hierarchical Presence (V1-PFC),,NOFIG__Yamins2014__gemma-4-31b-it__T000__R01,gemma-4-31b-it,0.0,valid,strict_json
Yamins2014,NO_FIGURE_TEXT,1,GO,Hierarchical Presence (V1-PFC),0.5,NOFIG__Yamins2014__gemma-4-31b-it__T000__R01,gemma-4-31b-it,0.0,valid,strict_json
Yamins2014,NO_FIGURE_TEXT,1,LO,Cross-Modal Ubiquity,,NOFIG__Yamins2014__gemma-4-31b-it__T000__R01,gemma-4-31b-it,0.0,valid,strict_json
Yamins2014,NO_FIGURE_TEXT,1,GO,Cross-Modal Ubiquity,,NOFIG__Yamins2014__gemma-4-31b-it__T000__R01,gemma-4-31b-it,0.0,valid,strict_json
Yamins2014,NO_FIGURE_TEXT,1,LO,Interspecies Hierarchical Ubiquity,,NOFIG__Yamins2014__gemma-4-31b-it__T000__R01,gemma-4-31b-it,0.0,valid,strict_json
Yamins2014,NO_FIGURE_TEXT,1,GO,Interspecies Hierarchical Ubiquity,0.5,NOFIG__Yamins2014__gemma-4-31b-it__T000__R01,gemma-4-31b-it,0.0,valid,strict_json
Yamins2014,NO_FIGURE_TEXT,1,LO,Temporal Stability of Ubiquity,,NOFIG__Yamins2014__gemma-4-31b-it__T000__R01,gemma-4-31b-it,0.0,valid,strict_json
Yamins2014,NO_FIGURE_TEXT,1,GO,Temporal Stability of Ubiquity,,NOFIG__Yamins2014__gemma-4-31b-it__T000__R01,gemma-4-31b-it,0.0,valid,strict_json
Yamins2014,NO_FIGURE_TEXT,1,LO,Hierarchical Order Stability,,NOFIG__Yamins2014__gemma-4-31b-it__T000__R01,gemma-4-31b-it,0.0,valid,strict_json
Yamins2014,NO_FIGURE_TEXT,1,GO,Hierarchical Order Stability,0.5,NOFIG__Yamins2014__gemma-4-31b-it__T000__R01,gemma-4-31b-it,0.0,valid,strict_json
Yamins2014,NO_FIGURE_TEXT,1,LO,Population-Wide Ubiquity,,NOFIG__Yamins2014__gemma-4-31b-it__T000__R01,gemma-4-31b-it,0.0,valid,strict_json
Yamins2014,NO_FIGURE_TEXT,1,GO,Population-Wide Ubiquity,,NOFIG__Yamins2014__gemma-4-31b-it__T000__R01,gemma-4-31b-it,0.0,valid,strict_json
Yamins2014,NO_FIGURE_TEXT,1,LO,State-Independent Ubiquity,,NOFIG__Yamins2014__gemma-4-31b-it__T000__R01,gemma-4-31b-it,0.0,valid,strict_json
Yamins2014,NO_FIGURE_TEXT,1,GO,State-Independent Ubiquity,,NOFIG__Yamins2014__gemma-4-31b-it__T000__R01,gemma-4-31b-it,0.0,valid,strict_json
