study_name,evaluator_id,evaluator_class,evaluator_description,year_,type_,LO-count,GO-count,LO-H1-avg,LO-H1-std,LO-H2-avg,LO-H2-std,LO-H3-avg,LO-H3-std,GO-H1-avg,GO-H1-std,GO-H2-avg,GO-H2-std,GO-H3-avg,GO-H3-std,LO-F01,LO-F02,LO-F03,LO-F04,LO-F05,LO-F06,LO-F07,LO-F08,LO-F09,LO-F10,LO-F11,LO-F12,LO-F13,LO-F14,LO-F15,LO-F16,LO-F17,LO-F18,LO-F19,LO-F20,LO-F21,LO-F22,LO-F23,LO-F24,LO-F25,LO-F26,LO-F27,LO-F28,LO-F29,LO-F30,LO-F31,LO-F32,LO-F33,LO-F34,LO-F35,LO-F36,GO-F01,GO-F02,GO-F03,GO-F04,GO-F05,GO-F06,GO-F07,GO-F08,GO-F09,GO-F10,GO-F11,GO-F12,GO-F13,GO-F14,GO-F15,GO-F16,GO-F17,GO-F18,GO-F19,GO-F20,GO-F21,GO-F22,GO-F23,GO-F24,GO-F25,GO-F26,GO-F27,GO-F28,GO-F29,GO-F30,GO-F31,GO-F32,GO-F33,GO-F34,GO-F35,GO-F36
Attinger2017,hexp01,human,Human Domain Expert 1 (Canonical),2017.0,empirical,19.0,18.0,0.556,0.514,0.333,0.189,0.171,0.198,0.7,0.332,0.333,0.189,0.171,0.198,1.0,0.2,1.0,,-0.6,0.6,0.2,,1.0,,1.0,0.6,0.2,,,,,0.6,,,,,0.2,,0.2,0.2,0.0,,,0.0,,,0.2,0.0,0.6,,1.0,0.2,1.0,,,0.6,0.2,,1.0,,1.0,0.6,0.2,,,,,0.6,,,,,0.2,,0.2,0.2,0.0,,,0.0,,,0.2,0.0,0.6,
Bakhtiari2021,hexp01,human,Human Domain Expert 1 (Canonical),2021.0,empirical,3.0,3.0,0.0,0.0,0.0,0.0,0.133,0.094,0.0,0.0,0.0,0.0,0.133,0.094,,,,,,,,,,,,,,,,,,,,,,,,,,0.2,,,,0.0,,,,0.2,,,,,,,,,,,,,,,,,,,,,,,,,,,,0.2,,,,0.0,,,,0.2,,
Bastos2012,hexp01,human,Human Domain Expert 1 (Canonical),2012.0,other,28.0,26.0,0.467,0.462,0.76,0.32,0.689,0.166,0.657,0.333,0.76,0.32,0.689,0.166,0.6,0.2,1.0,-0.2,-0.2,1.0,,0.6,,1.0,0.2,,1.0,0.2,,1.0,1.0,1.0,1.0,0.2,0.6,,1.0,0.6,1.0,1.0,0.6,,0.6,0.6,0.6,0.6,,0.6,0.6,,0.6,0.2,1.0,,,1.0,,0.6,,1.0,0.2,,1.0,0.2,,1.0,1.0,1.0,1.0,0.2,0.6,,1.0,0.6,1.0,1.0,0.6,,0.6,0.6,0.6,0.6,,0.6,0.6,
Bastos2020,hexp01,human,Human Domain Expert 1 (Canonical),2020.0,empirical,23.0,21.0,0.4,0.441,0.8,0.346,0.7,0.332,0.56,0.408,0.8,0.346,0.7,0.332,,,0.2,0.2,-0.2,1.0,0.0,1.0,,,0.6,,1.0,,,1.0,0.2,1.0,,1.0,1.0,0.2,1.0,,0.6,0.6,1.0,,1.0,1.0,,,0.2,1.0,0.2,,,,0.2,,,1.0,0.0,1.0,,,0.6,,1.0,,,1.0,0.2,1.0,,1.0,1.0,0.2,1.0,,0.6,0.6,1.0,,1.0,1.0,,,0.2,1.0,0.2,
Bekinschtein2009,hexp01,human,Human Domain Expert 1 (Canonical),2009.0,empirical,13.0,14.0,0.3,0.3,0.32,0.24,0.167,0.407,0.6,0.0,0.36,0.32,0.143,0.498,,,,,,0.6,,,,0.0,,,0.6,,,,0.0,,,,0.2,0.6,0.2,,,-0.6,0.2,,0.6,0.2,,,,0.0,,0.6,,,,,,0.6,,,,0.6,,,0.6,,,,-0.2,,,,0.6,0.6,0.2,,,-0.6,0.6,,0.6,0.6,,,,0.2,0.2,-0.6
Chao2018,hexp01,human,Human Domain Expert 1 (Canonical),2018.0,empirical,0.0,0.0,0.0,0.0,0.0,0.0,0.0,0.0,0.0,0.0,0.0,0.0,0.0,0.0,,,,,,,,,,,,,,,,,,,,,,,,,,,,,,,,,,,,,,,,,,,,,,,,,,,,,,,,,,,,,,,,,,,,,,,,
Friston2010,hexp01,human,Human Domain Expert 1 (Canonical),2010.0,other,21.0,21.0,0.6,0.327,0.657,0.396,0.65,0.312,0.6,0.327,0.657,0.396,0.65,0.312,0.6,,0.6,,,1.0,0.2,,,1.0,0.2,,1.0,,,,1.0,1.0,,0.2,0.2,,1.0,0.2,1.0,1.0,0.6,,0.2,0.6,0.6,,,1.0,0.2,,0.6,,0.6,,,1.0,0.2,,,1.0,0.2,,1.0,,,,1.0,1.0,,0.2,0.2,,1.0,0.2,1.0,1.0,0.6,,0.2,0.6,0.6,,,1.0,0.2,
Furutachi2024,hexp01,human,Human Domain Expert 1 (Canonical),2024.0,empirical,23.0,21.0,0.52,0.349,0.12,0.531,0.175,0.185,0.65,0.24,0.12,0.531,0.175,0.185,0.6,,0.6,0.2,-0.2,1.0,0.2,,1.0,0.6,0.6,0.6,0.2,,,,-0.6,0.2,,,,,-0.2,1.0,0.2,0.2,0.2,,,0.0,,0.2,0.0,0.0,0.6,,0.6,,0.6,,,1.0,0.2,,1.0,0.6,0.6,0.6,0.2,,,,-0.6,0.2,,,,,-0.2,1.0,0.2,0.2,0.2,,,0.0,,0.2,0.0,0.0,0.6,
Garret2020,hexp01,human,Human Domain Expert 1 (Canonical),2020.0,empirical,19.0,19.0,0.311,0.328,-0.1,0.3,0.133,0.149,0.689,0.314,0.05,0.166,0.167,0.075,,,0.2,0.2,0.0,0.6,0.0,,0.6,0.2,0.0,1.0,0.0,,,,-0.6,0.2,,,,,0.0,,,0.2,0.2,,,0.2,,,,0.2,-0.2,0.2,0.2,0.2,0.6,,,1.0,1.0,,1.0,0.6,0.6,1.0,0.0,,,,-0.2,0.2,,,,,0.2,,,0.2,0.2,,,0.2,,,,0.2,0.2,0.0
Greedy2022,hexp01,human,Human Domain Expert 1 (Canonical),2022.0,empirical,14.0,13.0,0.28,0.16,-0.733,0.189,0.333,0.189,0.3,0.173,-0.733,0.189,0.333,0.189,0.2,,0.2,,0.2,0.2,,,,,0.6,,-0.6,,,,-1.0,,,,,,-0.6,,0.2,0.6,0.6,,0.2,0.2,,,,0.2,,,0.2,,0.2,,,0.2,,,,,0.6,,-0.6,,,,-1.0,,,,,,-0.6,,0.2,0.6,0.6,,0.2,0.2,,,,0.2,,
Hertag2020,hexp01,human,Human Domain Expert 1 (Canonical),2020.0,other,19.0,19.0,0.75,0.444,0.28,0.16,0.167,0.213,0.75,0.444,0.28,0.16,0.167,0.213,1.0,-0.2,1.0,,,1.0,,,1.0,0.2,1.0,1.0,0.2,,0.2,,0.2,0.6,,,,,0.2,,0.6,0.2,0.0,,,0.0,,,,0.0,0.2,,1.0,-0.2,1.0,,,1.0,,,1.0,0.2,1.0,1.0,0.2,,0.2,,0.2,0.6,,,,,0.2,,0.6,0.2,0.0,,,0.0,,,,0.0,0.2,
Jiang&Rao2024,hexp01,human,Human Domain Expert 1 (Canonical),2024.0,computational,0.0,0.0,0.0,0.0,0.0,0.0,0.0,0.0,0.0,0.0,0.0,0.0,0.0,0.0,,,,,,,,,,,,,,,,,,,,,,,,,,,,,,,,,,,,,,,,,,,,,,,,,,,,,,,,,,,,,,,,,,,,,,,,
Keller2012,hexp01,human,Human Domain Expert 1 (Canonical),2012.0,empirical,16.0,4.0,0.6,0.4,0.467,0.189,0.164,0.115,0.4,0.2,0.2,0.0,0.0,0.0,,,,,,0.2,,,,,,1.0,0.6,,,,,0.6,,,,,0.2,,0.2,0.2,0.2,,0.2,0.2,0.2,0.2,0.2,0.2,0.2,-0.2,,,,,,0.2,,,,,,0.6,0.2,,,,,0.2,,,,,,,,,,,,,,,,,,
Keller2018,hexp01,human,Human Domain Expert 1 (Canonical),2018.0,empirical,22.0,20.0,0.5,0.332,0.28,0.466,0.333,0.422,0.667,0.149,0.28,0.466,0.333,0.422,0.6,,0.6,0.2,-0.2,1.0,,,,0.6,0.6,0.6,0.6,,,,-0.6,0.6,,,0.2,,0.6,,1.0,0.6,0.2,,,0.2,0.6,0.6,,0.2,0.2,-0.6,0.6,,0.6,,,0.6,,,,0.6,0.6,1.0,0.6,,,,-0.6,0.6,,,0.2,,0.6,,1.0,0.6,0.2,,,0.2,0.6,0.6,,0.2,0.2,-0.6
Kiebel2008,hexp01,human,Human Domain Expert 1 (Canonical),2008.0,other,22.0,22.0,0.52,0.299,0.4,0.283,0.467,0.267,0.52,0.299,0.4,0.283,0.467,0.267,0.2,,,,,0.6,0.2,,,0.6,,1.0,0.6,,-0.2,,0.6,0.6,0.6,,0.2,0.2,0.6,,0.6,1.0,0.6,,0.2,0.6,0.2,0.2,,0.6,0.2,,0.2,,,,,0.6,0.2,,,0.6,,1.0,0.6,,-0.2,,0.6,0.6,0.6,,0.2,0.2,0.6,,0.6,1.0,0.6,,0.2,0.6,0.2,0.2,,0.6,0.2,
LaoRodriguez2023,hexp01,human,Human Domain Expert 1 (Canonical),2023.0,empirical,22.0,20.0,0.6,0.358,0.067,0.094,0.273,0.214,0.6,0.327,-0.067,0.249,0.273,0.214,,,,0.2,0.6,1.0,,,,0.2,,1.0,0.2,,,,0.0,0.0,0.0,,,,0.0,0.2,0.0,0.2,0.2,,0.2,0.2,0.0,0.6,0.6,0.2,0.2,0.6,,,,,,0.6,,,,0.2,,1.0,0.0,,,,-0.6,0.0,0.0,,,,0.0,0.2,0.0,0.2,0.2,,0.2,0.2,0.0,0.6,0.6,0.2,0.2,0.6
LeeMejias2025,hexp01,human,Human Domain Expert 1 (Canonical),2025.0,other,23.0,23.0,0.711,0.366,0.771,0.291,0.257,0.256,0.667,0.353,0.771,0.291,0.257,0.256,1.0,0.0,1.0,,,1.0,0.6,0.2,1.0,,0.6,1.0,1.0,,,,0.6,1.0,1.0,0.2,0.6,,1.0,,0.6,0.2,0.2,,,0.2,,,,0.2,0.6,-0.2,1.0,0.0,1.0,,,1.0,0.6,0.2,1.0,,0.6,0.6,1.0,,,,0.6,1.0,1.0,0.2,0.6,,1.0,,0.6,0.2,0.2,,,0.2,,,,0.2,0.6,-0.2
Mikulasch2023,hexp01,human,Human Domain Expert 1 (Canonical),2023.0,other,28.0,26.0,0.455,0.192,0.3,0.387,0.422,0.199,0.511,0.166,0.3,0.387,0.422,0.199,0.6,0.6,0.6,0.2,0.2,0.6,0.2,,0.2,0.6,0.6,0.6,0.6,,,0.2,-0.6,0.6,0.6,,0.2,,0.6,0.2,0.6,0.6,0.2,,0.2,0.2,0.6,0.6,,0.6,0.2,,0.6,0.6,0.6,,,0.6,0.2,,0.2,0.6,0.6,0.6,0.6,,,0.2,-0.6,0.6,0.6,,0.2,,0.6,0.2,0.6,0.6,0.2,,0.2,0.2,0.6,0.6,,0.6,0.2,
Nejad2025,hexp01,human,Human Domain Expert 1 (Canonical),2025.0,other,17.0,17.0,0.467,0.189,-0.12,0.588,0.156,0.183,0.467,0.189,-0.12,0.588,0.156,0.183,,,,,,0.2,0.6,,,,,0.6,0.2,,,,-1.0,,,,,0.2,-0.6,0.6,0.6,0.2,0.0,,0.0,0.0,0.2,0.2,,0.2,0.0,,,,,,,0.2,0.6,,,,,0.6,0.2,,,,-1.0,,,,,0.2,-0.6,0.6,0.6,0.2,0.0,,0.0,0.0,0.2,0.2,,0.2,0.0,
Payeur2021,hexp01,human,Human Domain Expert 1 (Canonical),2021.0,other,20.0,19.0,0.114,0.099,-0.2,0.283,0.371,0.198,0.1,0.1,-0.2,0.283,0.371,0.198,0.0,0.0,0.0,,0.2,0.2,,,0.2,0.2,,,0.0,0.0,0.0,,-0.6,,,,0.0,,-0.6,,0.2,0.6,0.6,,0.2,0.2,,,,0.6,0.2,,0.0,0.0,0.0,,,0.2,,,0.2,0.2,,,0.0,0.0,0.0,,-0.6,,,,0.0,,-0.6,,0.2,0.6,0.6,,0.2,0.2,,,,0.6,0.2,
Rao&Ballard1999,hexp01,human,Human Domain Expert 1 (Canonical),1999.0,computational,0.0,0.0,0.0,0.0,0.0,0.0,0.0,0.0,0.0,0.0,0.0,0.0,0.0,0.0,,,,,,,,,,,,,,,,,,,,,,,,,,,,,,,,,,,,,,,,,,,,,,,,,,,,,,,,,,,,,,,,,,,,,,,,
Rao2024,hexp01,human,Human Domain Expert 1 (Canonical),2024.0,other,19.0,19.0,0.4,0.2,0.543,0.14,0.5,0.173,0.4,0.2,0.543,0.14,0.5,0.173,0.2,,,,,0.6,,,,0.2,,0.6,0.6,,,,0.6,0.6,0.6,,0.2,,0.6,0.6,0.6,0.6,0.6,,,0.6,0.6,0.2,,0.6,0.2,,0.2,,,,,0.6,,,,0.2,,0.6,0.6,,,,0.6,0.6,0.6,,0.2,,0.6,0.6,0.6,0.6,0.6,,,0.6,0.6,0.2,,0.6,0.2,
Sacramento2018,hexp01,human,Human Domain Expert 1 (Canonical),2018.0,other,15.0,15.0,0.7,0.173,-0.6,0.327,0.4,0.2,0.7,0.173,-0.6,0.327,0.4,0.2,1.0,,0.6,,,0.6,,,,,0.6,,-0.2,,,,-1.0,,,,,,-0.6,,0.6,0.6,0.6,,,0.2,,0.2,0.2,0.6,0.2,,1.0,,0.6,,,0.6,,,,,0.6,,-0.2,,,,-1.0,,,,,,-0.6,,0.6,0.6,0.6,,,0.2,,0.2,0.2,0.6,0.2,
Spratling2008,hexp01,human,Human Domain Expert 1 (Canonical),2008.0,other,15.0,15.0,0.467,0.189,0.9,0.173,0.28,0.16,0.467,0.189,0.9,0.173,0.28,0.16,0.6,0.6,0.2,,,0.6,0.2,,,0.6,,,1.0,,,,1.0,,,,0.6,,1.0,,0.2,0.6,0.2,,,0.2,,,,0.2,,,0.6,0.6,0.2,,,0.6,0.2,,,0.6,,,1.0,,,,1.0,,,,0.6,,1.0,,0.2,0.6,0.2,,,0.2,,,,0.2,,
Spratling2010,hexp01,human,Human Domain Expert 1 (Canonical),2010.0,other,18.0,18.0,0.467,0.442,0.05,0.087,0.3,0.173,0.467,0.442,0.05,0.087,0.3,0.173,-0.2,1.0,0.2,,,1.0,0.6,,,0.2,,,0.0,,,,0.2,,,,,,0.0,0.0,0.2,0.6,0.2,,0.2,0.2,,0.6,,0.2,0.2,,-0.2,1.0,0.2,,,1.0,0.6,,,0.2,,,0.0,,,,0.2,,,,,,0.0,0.0,0.2,0.6,0.2,,0.2,0.2,,0.6,,0.2,0.2,
Srinivasan1982,hexp01,human,Human Domain Expert 1 (Canonical),1982.0,other,16.0,16.0,0.533,0.359,0.4,0.2,0.2,0.283,0.033,0.075,0.0,0.0,0.0,0.0,1.0,,0.6,,,1.0,0.2,,,0.2,0.2,,0.6,,,,0.2,,,,,,0.6,0.2,,0.0,0.0,,,0.0,,0.6,,0.0,0.6,,0.0,,0.0,,,0.0,0.0,,,0.2,0.0,,0.0,,,,0.0,,,,,,0.0,0.0,,0.0,0.0,,,0.0,,0.0,,0.0,0.0,
VanDerveer2021,hexp01,human,Human Domain Expert 1 (Canonical),2021.0,empirical,28.0,24.0,0.46,0.284,0.222,0.147,0.467,0.189,0.286,0.21,0.15,0.132,0.422,0.199,1.0,0.0,0.6,0.6,0.6,0.6,0.2,0.6,0.2,0.2,,,0.2,,,0.6,0.0,0.2,0.2,0.2,0.2,,0.2,0.2,0.2,0.6,0.2,,0.6,0.6,0.6,0.6,,0.6,0.2,,0.6,0.0,0.6,,,0.2,,0.2,0.2,0.2,,,0.2,,,0.2,-0.2,0.2,0.2,0.2,0.2,,0.2,,0.2,0.6,0.2,,0.6,0.6,0.2,0.6,,0.6,0.2,
Wacongne2011,hexp01,human,Human Domain Expert 1 (Canonical),2011.0,empirical,14.0,12.0,0.35,0.684,0.28,0.16,0.28,0.16,1.0,0.0,0.52,0.16,0.2,0.253,,,,0.0,-0.6,1.0,,,,,,1.0,0.2,,,,0.2,,,,0.2,0.6,0.2,,,0.2,0.6,,,0.2,,,,0.2,,0.2,,,,,,1.0,,,,,,1.0,0.6,,,,0.2,,,,0.6,0.6,0.6,,,0.2,0.6,,,0.2,,,,0.2,,-0.2
Wacongne2012,hexp01,human,Human Domain Expert 1 (Canonical),2012.0,empirical,0.0,0.0,0.0,0.0,0.0,0.0,0.0,0.0,0.0,0.0,0.0,0.0,0.0,0.0,,,,,,,,,,,,,,,,,,,,,,,,,,,,,,,,,,,,,,,,,,,,,,,,,,,,,,,,,,,,,,,,,,,,,,,,
Westerberg&Xiong2025,hexp01,human,Human Domain Expert 1 (Canonical),2025.0,empirical,0.0,0.0,0.0,0.0,0.0,0.0,0.0,0.0,0.0,0.0,0.0,0.0,0.0,0.0,,,,,,,,,,,,,,,,,,,,,,,,,,,,,,,,,,,,,,,,,,,,,,,,,,,,,,,,,,,,,,,,,,,,,,,,
Yamins2014,hexp01,human,Human Domain Expert 1 (Canonical),2014.0,other,4.0,4.0,0.0,0.0,0.2,0.0,0.2,0.0,0.0,0.0,0.2,0.0,0.2,0.0,,,,,,,,,,,,,,,,,,,,,0.2,,,,,0.2,,,,0.2,,,,0.2,,,,,,,,,,,,,,,,,,,,,,,0.2,,,,,0.2,,,,0.2,,,,0.2,,
Attinger2017,hexp02,human,Human Domain Expert 2 (ACM),2017.0,empirical,11.0,2.0,0.917,0.069,0.925,0.043,1.0,0.0,-0.1,0.0,0.0,0.0,0.0,0.0,1.0,,0.8,,,0.9,,,0.9,,0.9,1.0,0.9,,,,,1.0,,,0.9,,0.9,,1.0,,,,,,,,,,,,,,,,,,,,,,-0.1,,,,,,,,,,,,,,0.0,,,,,,,,,,,
Bakhtiari2021,hexp02,human,Human Domain Expert 2 (ACM),2021.0,computational,5.0,5.0,0.8,0.0,0.8,0.0,0.8,0.0,0.8,0.0,0.8,0.0,0.8,0.0,,,,,,0.8,,,,,,,0.8,,,,,,,,,,,,,0.8,0.8,,,0.8,,,,,,,,,,,,0.8,,,,,,,0.8,,,,,,,,,,,,,0.8,0.8,,,0.8,,,,,,
Bastos2012,hexp02,human,Human Domain Expert 2 (ACM),2012.0,theoretical,17.0,17.0,0.817,0.107,0.85,0.132,0.733,0.125,0.733,0.137,0.875,0.139,0.867,0.094,0.6,,0.8,,,0.9,,0.9,,0.9,0.8,,1.0,0.8,0.8,1.0,,1.0,,,,0.8,0.8,0.6,0.6,0.9,0.7,,,,,,,,,,0.6,,0.8,,,0.9,,0.6,,0.9,0.6,,1.0,0.8,0.8,1.0,,1.0,,,,0.8,1.0,0.6,1.0,0.8,0.8,,,,,,,,,
Bastos2020,hexp02,human,Human Domain Expert 2 (ACM),2020.0,empirical,4.0,10.0,0.0,0.0,0.5,0.3,0.6,0.2,0.9,0.1,1.0,0.0,0.95,0.05,,,,,,,,,,,,,0.2,,,,,,,,,,0.8,,0.8,,,0.4,,,,,,,,,,,,,,1.0,,0.8,,,,,1.0,,,1.0,,1.0,,,,,1.0,,1.0,0.9,1.0,,0.9,,,,,,,
Bekinschtein2009,hexp02,human,Human Domain Expert 2 (ACM),2009.0,empirical,7.0,4.0,0.1,0.1,0.733,0.249,0.75,0.25,0.0,0.0,0.95,0.05,-0.1,0.9,,,,0.2,0.0,,,,,,,,1.0,,,,,,,,0.4,0.8,,,,,0.5,,,,,,,,,1.0,,,,,,,,,,,,,1.0,,,,,,,,0.9,,,,,,0.8,,,,,,,,,-1.0
Chao2018,hexp02,human,Human Domain Expert 2 (ACM),2018.0,empirical,9.0,8.0,0.85,0.05,0.88,0.147,0.95,0.05,0.85,0.05,0.92,0.098,0.9,0.0,,,,,,0.8,,0.9,,,,,1.0,,,0.7,,,,,1.0,0.7,1.0,,,,1.0,,,0.9,,,,,,,,,,,,0.8,,0.9,,,,,1.0,,,1.0,,,,,1.0,0.8,0.8,,,,,,,0.9,,,,,,
Friston2010,hexp02,human,Human Domain Expert 2 (ACM),2010.0,theoretical,5.0,6.0,0.0,0.0,0.9,0.082,0.9,0.0,0.7,0.0,0.733,0.17,0.9,0.0,,,,,,,,,,,,,0.9,,,,1.0,,,,,,0.8,,0.9,0.9,,,,,,,,,,,,,,,,,,,,0.7,,,0.9,,,,0.8,,,,,,0.5,,0.9,0.9,,,,,,,,,,
Furutachi2024,hexp02,human,Human Domain Expert 2 (ACM),2024.0,empirical,6.0,6.0,0.925,0.043,0.95,0.05,0.0,0.0,0.75,0.206,0.95,0.05,0.0,0.0,0.9,,,,,,0.9,,1.0,,,0.9,0.9,,,,,,,,,,,1.0,,,,,,,,,,,,,0.5,,,,,,0.9,,1.0,,,0.6,0.9,,,,,,,,,,,1.0,,,,,,,,,,,,
Garret2020,hexp02,human,Human Domain Expert 2 (ACM),2020.0,empirical,4.0,4.0,0.867,0.047,0.5,0.0,0.0,0.0,0.8,0.082,0.5,0.0,0.0,0.0,,,,,,0.8,,,0.9,,,0.9,0.5,,,,,,,,,,,,,,,,,,,,,,,,,,,,,0.8,,,0.9,,,0.7,0.5,,,,,,,,,,,,,,,,,,,,,,,
Greedy2022,hexp02,human,Human Domain Expert 2 (ACM),2022.0,computational,2.0,2.0,0.0,0.0,0.0,0.0,0.65,0.15,0.0,0.0,0.0,0.0,0.8,0.0,,,,,,,,,,,,,,,,,,,,,,,,,0.8,0.5,,,,,,,,,,,,,,,,,,,,,,,,,,,,,,,,,,,0.8,0.8,,,,,,,,,,
Hertag2020,hexp02,human,Human Domain Expert 2 (ACM),2020.0,computational,8.0,8.0,0.771,0.403,0.8,0.0,0.0,0.0,0.671,0.392,0.8,0.0,0.0,0.0,0.9,-0.2,0.8,,,0.9,,,1.0,,1.0,1.0,0.8,,,,,,,,,,,,,,,,,,,,,,,,0.9,-0.2,0.8,,,0.5,,,1.0,,0.7,1.0,0.8,,,,,,,,,,,,,,,,,,,,,,,
Jiang&Rao2024,hexp02,human,Human Domain Expert 2 (ACM),2024.0,computational,8.0,7.0,0.575,0.286,0.65,0.35,0.8,0.0,0.833,0.047,1.0,0.0,0.767,0.047,,,,0.1,,0.8,,,,0.8,,0.6,1.0,,,,0.3,,,,,,,,,0.8,0.8,,,,,,,,,,,,,,,0.9,,,,0.8,,0.8,1.0,,,,,,,,,,,,,0.8,0.8,,,0.7,,,,,,
Keller2012,hexp02,human,Human Domain Expert 2 (ACM),2012.0,empirical,7.0,5.0,0.95,0.05,0.533,0.519,0.4,0.2,0.85,0.05,0.867,0.047,0.0,0.0,,,,,,0.9,,,,,,1.0,0.9,,,,,0.9,,,,,-0.2,,,,,,,,0.2,0.6,,,,,,,,,,0.9,,,,,,0.8,0.9,,,,,0.9,,,,,0.8,,,,,,,,,,,,,
Keller2018,hexp02,human,Human Domain Expert 2 (ACM),2018.0,theoretical,10.0,11.0,0.767,0.17,0.95,0.05,0.48,0.331,0.825,0.109,0.567,0.544,0.825,0.043,0.6,,,,,0.7,,,,,,1.0,1.0,,,,,0.9,,,,,,,0.4,0.8,,,,,0.8,0.5,,,,-0.1,0.8,,,,,0.7,,,,0.8,,1.0,1.0,,,,,0.9,,,,,,-0.2,0.8,0.8,,,,,0.8,0.9,,,,
Kiebel2008,hexp02,human,Human Domain Expert 2 (ACM),2008.0,computational,7.0,9.0,0.867,0.094,0.767,0.33,0.5,0.0,0.733,0.17,0.833,0.236,0.433,0.386,,,,,,0.8,,,,1.0,,0.8,1.0,,,,0.3,,,,,1.0,,,,0.5,,,,,,,,,,,,,,,,0.5,,,,0.8,,0.9,1.0,,,,0.5,,,,,1.0,,,,0.8,,,,-0.1,0.6,,,,,
LaoRodriguez2023,hexp02,human,Human Domain Expert 2 (ACM),2023.0,empirical,8.0,1.0,0.15,0.669,0.7,0.1,0.7,0.1,0.6,0.0,0.0,0.0,0.0,0.0,,,,-0.6,-0.4,0.6,,,,,,1.0,0.8,,,,,,,,,,,0.6,,,,,,,,0.8,,,,0.6,,,,,,,,,,,,0.6,,,,,,,,,,,,,,,,,,,,,,,,
LeeMejias2025,hexp02,human,Human Domain Expert 2 (ACM),2025.0,computational,13.0,12.0,0.463,0.477,0.75,0.087,0.5,0.0,0.686,0.112,0.65,0.166,0.8,0.0,0.8,0.6,0.6,-0.7,,0.6,,0.2,0.8,,,0.8,0.8,,,,,0.8,0.8,,,,0.6,,0.5,,,,,,,,,,,,0.5,0.7,0.6,,,0.8,,0.6,0.8,,,0.8,0.4,,,,,0.8,0.8,,,,0.6,,0.8,,,,,,,,,,,
Mikulasch2023,hexp02,human,Human Domain Expert 2 (ACM),2023.0,theoretical,11.0,11.0,0.517,0.146,-0.325,0.661,0.8,0.0,0.583,0.037,-0.3,0.656,0.8,0.0,0.6,0.5,0.6,,,0.2,,,0.6,,,0.6,-0.8,,,,-0.5,0.8,,,,,-0.8,,0.8,,,,,,,,,,,,0.6,0.6,0.5,,,0.6,,,0.6,,,0.6,-0.8,,,,-0.8,0.8,,,,,-0.4,,0.8,,,,,,,,,,,
Nejad2025,hexp02,human,Human Domain Expert 2 (ACM),2025.0,computational,6.0,6.0,0.8,0.0,0.6,0.283,0.8,0.0,0.65,0.15,0.667,0.189,0.8,0.0,,,,,,0.8,,,,,,0.8,0.8,,,,,0.8,,,,,0.2,,0.8,,,,,,,,,,,,,,,,,0.8,,,,,,0.5,0.8,,,,,0.8,,,,,0.4,,0.8,,,,,,,,,,,
Payeur2021,hexp02,human,Human Domain Expert 2 (ACM),2021.0,computational,3.0,2.0,0.5,0.1,0.0,0.0,0.1,0.0,0.45,0.15,0.0,0.0,0.0,0.0,0.6,,0.4,,,,,,,,,,,,,,,,,,,,,,0.1,,,,,,,,,,,,0.6,,0.3,,,,,,,,,,,,,,,,,,,,,,,,,,,,,,,,,
Rao&Ballard1999,hexp02,human,Human Domain Expert 2 (ACM),1999.0,computational,8.0,7.0,0.85,0.15,1.0,0.0,0.933,0.094,1.0,0.0,0.933,0.094,0.633,0.189,,,,,,0.7,,,,1.0,,,1.0,,,,,1.0,,,,,1.0,,1.0,1.0,0.8,,,,,,,,,,,,,,,1.0,,,,,,,1.0,,,,,0.8,,,,,1.0,,0.5,0.9,0.5,,,,,,,,,
Rao2024,hexp02,human,Human Domain Expert 2 (ACM),2024.0,theoretical,7.0,7.0,0.8,0.0,0.9,0.0,0.85,0.166,0.8,0.0,0.7,0.1,0.9,0.1,,,,,,0.8,,,,,,,0.9,,,,,,,,,,0.9,,1.0,1.0,0.8,,,,0.6,,,,,,,,,,,0.8,,,,,,,0.8,,,,,,,,,,0.6,,1.0,1.0,0.8,,,,0.8,,,,,
Sacramento2018,hexp02,human,Human Domain Expert 2 (ACM),2018.0,computational,6.0,6.0,0.9,0.1,0.633,0.236,0.4,0.0,0.9,0.1,0.7,0.082,0.8,0.0,1.0,,,,,0.8,,,,,,,0.3,,,,,0.8,,,,,0.8,,0.4,,,,,,,,,,,,1.0,,,,,0.8,,,,,,,0.7,,,,,0.6,,,,,0.8,,0.8,,,,,,,,,,,
Spratling2008,hexp02,human,Human Domain Expert 2 (ACM),2008.0,computational,5.0,5.0,0.6,0.0,0.9,0.1,0.8,0.0,0.8,0.0,0.9,0.1,0.9,0.0,,,,,,0.6,,,,0.6,,,1.0,,,,,,,,,,0.8,,,0.8,,,,,,,,,,,,,,,,0.8,,,,0.8,,,1.0,,,,,,,,,,0.8,,,0.9,,,,,,,,,,
Spratling2010,hexp02,human,Human Domain Expert 2 (ACM),2010.0,computational,3.0,3.0,1.0,0.0,0.9,0.1,0.0,0.0,0.5,0.0,0.9,0.1,0.0,0.0,,,,,,1.0,,,,,,,1.0,,,,,,,,,,0.8,,,,,,,,,,,,,,,,,,,0.5,,,,,,,1.0,,,,,,,,,,0.8,,,,,,,,,,,,,
Srinivasan1982,hexp02,human,Human Domain Expert 2 (ACM),1982.0,theoretical,6.0,0.0,0.725,0.259,0.9,0.1,0.0,0.0,0.0,0.0,0.0,0.0,0.0,0.0,0.8,,0.3,,,0.8,,,,1.0,,,1.0,,,,,,,,,,0.8,,,,,,,,,,,,,,,,,,,,,,,,,,,,,,,,,,,,,,,,,,,,,,,,,
VanDerveer2021,hexp02,human,Human Domain Expert 2 (ACM),2021.0,empirical,6.0,1.0,0.36,0.408,0.0,0.0,0.5,0.0,-0.2,0.0,0.0,0.0,0.0,0.0,0.6,-0.4,,0.4,,0.8,,0.4,,,,,,,,,,,,,,,,,,,,,,,0.5,,,,,,-0.2,,,,,,,,,,,,,,,,,,,,,,,,,,,,,,,,,,,
Wacongne2011,hexp02,human,Human Domain Expert 2 (ACM),2011.0,empirical,6.0,4.0,0.3,0.726,1.0,0.0,0.85,0.05,0.9,0.1,0.0,0.0,0.8,0.0,,,,-0.7,,0.6,,,,,,1.0,1.0,,,,,,,,,,,,,,0.8,,,0.9,,,,,,,,,,,,0.8,,,,,,1.0,,,,,,,,,,,,,,,0.8,,,0.8,,,,,,
Wacongne2012,hexp02,human,Human Domain Expert 2 (ACM),2012.0,computational,12.0,10.0,0.333,0.909,0.9,0.089,0.9,0.0,0.975,0.043,0.72,0.204,0.9,0.0,1.0,,0.9,-0.9,-1.0,1.0,,,,,,1.0,1.0,0.9,1.0,,,0.8,0.8,,,,,,0.9,,,,,,,,,,,,1.0,,0.9,,,1.0,,,,,,1.0,1.0,0.4,0.6,,,0.8,0.8,,,,,,0.9,,,,,,,,,,,
Westerberg&Xiong2025,hexp02,human,Human Domain Expert 2 (ACM),2025.0,empirical,14.0,14.0,-0.54,0.736,0.5,0.0,-0.14,0.768,-0.8,0.346,-0.8,0.4,-0.4,0.759,-1.0,-1.0,-0.6,0.9,,-1.0,,,,,,,0.5,,,,,0.5,,0.5,,,0.5,,-0.8,-0.4,0.5,,-1.0,,,1.0,,,,,-1.0,-1.0,-0.2,,,-1.0,,,,,,,-1.0,,,,,-1.0,,-1.0,,0.0,-1.0,,,-0.8,-1.0,,-0.2,-1.0,,1.0,,,,
Yamins2014,hexp02,human,Human Domain Expert 2 (ACM),2014.0,computational,0.0,1.0,0.0,0.0,0.0,0.0,0.0,0.0,0.0,0.0,0.8,0.0,0.0,0.0,,,,,,,,,,,,,,,,,,,,,,,,,,,,,,,,,,,,,,,,,,,,,,,,,0.8,,,,,,,,,,,,,,,,,,,,,,,
Attinger2017,hexp0z,negative_control,Shuffled Human Benchmark Negative Control,2017.0,empirical,16.0,11.0,-0.5,0.478,-0.06,0.628,0.35,0.296,-0.013,0.523,-0.4,0.0,-0.4,0.0,0.6,-0.8,-0.4,,,-0.9,,,-0.7,,-0.5,-0.8,0.0,,,-0.5,,-1.0,,,0.5,,0.7,,0.3,0.5,,,,0.7,,,,-0.1,,,-0.6,-0.2,-0.1,0.3,,-0.7,,,1.0,,0.4,-0.2,-0.4,,,,,,,,,,,,-0.4,,,,,,,,,-0.4,,
Bakhtiari2021,hexp0z,negative_control,Shuffled Human Benchmark Negative Control,2021.0,computational,7.0,7.0,0.1,0.3,0.05,0.85,0.167,0.368,0.6,0.0,-0.2,0.6,0.1,0.1,,,,,,0.4,-0.2,,,,,,0.9,,-0.8,,,,,,,,,,,0.2,-0.3,,,0.6,,,,,,,,,,,,0.6,,,,,,,0.4,,,,,,,,,,,-0.8,0.2,0.2,0.0,,,0.0,,,,,,
Bastos2012,hexp0z,negative_control,Shuffled Human Benchmark Negative Control,2012.0,theoretical,20.0,21.0,0.186,0.479,-0.233,0.452,-0.425,0.303,0.229,0.395,-0.289,0.453,-0.04,0.647,0.2,,1.0,,,-0.2,,0.8,,-0.2,0.0,-0.3,-0.9,0.1,-0.9,0.3,,-0.3,,0.1,,0.1,-0.7,0.1,-0.6,-0.3,0.0,-0.8,,,,,,,,,0.3,,-0.3,,0.2,1.0,,-0.2,,0.2,0.4,,-0.7,-0.2,-0.7,-0.6,,-0.5,,0.4,,-0.8,0.4,0.1,-0.3,-0.7,0.4,1.0,,,,,,,-0.6,
Bastos2020,hexp0z,negative_control,Shuffled Human Benchmark Negative Control,2020.0,empirical,14.0,13.0,-0.633,0.094,-0.58,0.204,0.467,0.314,-0.7,0.0,-0.1,0.434,-0.133,0.382,,,-0.7,,,-0.7,,-0.5,,,,,-0.6,,,-0.2,,-0.6,,-0.8,,,-0.7,,-0.1,0.5,0.9,0.3,0.7,0.5,,,,,,,,,,,,-0.7,,-0.7,,,,,0.4,,,-0.1,,0.3,,-0.3,,,-0.8,,-0.7,-0.5,0.4,0.0,0.2,-0.2,,,,,,
Bekinschtein2009,hexp0z,negative_control,Shuffled Human Benchmark Negative Control,2009.0,empirical,10.0,10.0,-0.15,0.618,0.1,0.636,-0.65,0.15,0.425,0.37,0.2,0.589,-0.767,0.262,,,,-0.9,0.6,0.3,,,,,,-0.6,0.6,,,,,,,,0.0,0.7,-0.9,,,,-0.5,,,,,,,,,-0.8,,,,,,0.6,,-0.1,,0.3,,0.9,0.0,,,,,,,,-0.4,1.0,,,,,-0.4,,,-1.0,,,,,,-0.9
Chao2018,hexp0z,negative_control,Shuffled Human Benchmark Negative Control,2018.0,empirical,10.0,11.0,-0.067,0.613,-0.5,0.482,0.55,0.25,-0.425,0.303,0.52,0.407,-0.3,0.6,,,,,,0.8,,-0.5,-0.5,,,,-0.2,,,0.3,,,,,-0.8,-0.8,-1.0,,,,0.3,,,0.8,,,,,,,,,,-0.6,,0.1,-0.6,-0.6,,,,,1.0,,,1.0,,,,,0.4,0.1,0.1,,,,-0.9,,,0.3,,,,,,
Friston2010,hexp0z,negative_control,Shuffled Human Benchmark Negative Control,2010.0,theoretical,8.0,7.0,0.067,0.205,-0.4,0.648,-0.15,0.45,-0.35,0.35,-0.033,0.419,-0.6,0.2,,,,,0.3,-0.2,,,,0.1,,,0.5,,,,-1.0,,,,,,-0.7,,-0.6,0.3,,,,,,,,,,,,,,,,-0.7,,,,0.0,,,0.1,,,,-0.6,,,,,,0.4,,-0.8,-0.4,,,,,,,,,,
Furutachi2024,hexp0z,negative_control,Shuffled Human Benchmark Negative Control,2024.0,empirical,8.0,9.0,0.28,0.371,-0.733,0.205,0.0,0.0,0.083,0.615,-0.6,0.1,-0.7,0.0,0.0,,0.2,,,,0.0,,0.2,,,1.0,-0.5,,,,,,,-0.7,,,,-1.0,,,,,,,,,,,,,-1.0,,0.7,,,,-0.1,,0.9,0.0,,0.0,-0.5,,,,,,,,,,,-0.7,,,,,,,,,-0.7,,,
Garret2020,hexp0z,negative_control,Shuffled Human Benchmark Negative Control,2020.0,empirical,3.0,2.0,0.7,0.1,0.8,0.0,0.0,0.0,0.6,0.0,0.6,0.0,0.0,0.0,,,,,,0.6,,,,,,0.8,0.8,,,,,,,,,,,,,,,,,,,,,,,,,,,,,,0.6,,,,,,0.6,,,,,,,,,,,,,,,,,,,,,,,
Greedy2022,hexp0z,negative_control,Shuffled Human Benchmark Negative Control,2022.0,computational,3.0,1.0,0.9,0.0,0.7,0.0,0.8,0.0,0.0,0.0,0.0,0.0,1.0,0.0,,,0.9,,,,,,,,,,,,,,,,,,,,0.7,,0.8,,,,,,,,,,,,,,,,,,,,,,,,,,,,,,,,,,,,1.0,,,,,,,,,,,
Hertag2020,hexp0z,negative_control,Shuffled Human Benchmark Negative Control,2020.0,computational,7.0,2.0,0.825,0.083,0.867,0.125,0.0,0.0,0.6,0.0,0.8,0.0,0.0,0.0,0.8,,0.9,,,0.7,,,,,,0.9,1.0,,,,,0.7,,,,,0.9,,,,,,,,,,,,,,0.6,,,,,,,,,,,,0.8,,,,,,,,,,,,,,,,,,,,,,,
Jiang&Rao2024,hexp0z,negative_control,Shuffled Human Benchmark Negative Control,2024.0,computational,5.0,2.0,0.8,0.082,0.75,0.05,0.0,0.0,0.6,0.0,0.7,0.0,0.0,0.0,,,,,,0.8,,,,0.7,,0.9,0.8,,,,,,,,,,0.7,,,,,,,,,,,,,,,,,,,,,,,0.6,,,0.7,,,,,,,,,,,,,,,,,,,,,,,
Keller2012,hexp0z,negative_control,Shuffled Human Benchmark Negative Control,2012.0,empirical,5.0,1.0,0.85,0.15,0.833,0.047,0.0,0.0,0.0,0.0,0.6,0.0,0.0,0.0,,,,,,0.7,,,,,,1.0,0.8,,,,,0.9,,,,,0.8,,,,,,,,,,,,,,,,,,,,,,,,,,0.6,,,,,,,,,,,,,,,,,,,,,,,
Keller2018,hexp0z,negative_control,Shuffled Human Benchmark Negative Control,2018.0,theoretical,8.0,5.0,0.8,0.187,0.767,0.047,0.9,0.0,0.567,0.125,0.8,0.0,0.9,0.0,0.9,,,,,0.8,,,,0.5,,1.0,0.8,,,,,0.7,,,,,0.8,,0.9,,,,,,,,,,,,0.6,,,,,,0.7,,,0.4,,,0.8,,,,,,,,,,,,0.9,,,,,,,,,,,
Kiebel2008,hexp0z,negative_control,Shuffled Human Benchmark Negative Control,2008.0,computational,5.0,3.0,0.767,0.205,0.8,0.0,0.0,0.0,0.6,0.0,0.7,0.1,0.0,0.0,,,,,,0.8,,,,0.5,,1.0,0.8,,,,,,,,,,0.8,,,,,,,,,,,,,,,,,,,,,,,0.6,,,0.6,,,,,,,,,0.8,,,,,,,,,,,,,,
LaoRodriguez2023,hexp0z,negative_control,Shuffled Human Benchmark Negative Control,2023.0,empirical,4.0,2.0,0.867,0.125,0.9,0.0,0.0,0.0,0.0,0.0,0.65,0.05,0.0,0.0,,,1.0,,,0.7,,,,,,0.9,0.9,,,,,,,,,,,,,,,,,,,,,,,,,,,,,,,,,,,,0.6,,,0.7,,,,,,,,,,,,,,,,,,,,
LeeMejias2025,hexp0z,negative_control,Shuffled Human Benchmark Negative Control,2025.0,computational,5.0,5.0,0.233,0.403,-0.2,0.0,1.0,0.0,0.767,0.262,0.15,0.15,0.0,0.0,,0.0,,-0.1,,0.8,,,,,,,,,,,,,-0.2,,,,,,,,,,,,,1.0,,,,,1.0,,,,,,,,0.9,0.4,,,0.0,,,,,,,,,,0.3,,,,,,,,,,,,,
Mikulasch2023,hexp0z,negative_control,Shuffled Human Benchmark Negative Control,2023.0,theoretical,3.0,6.0,0.367,0.499,0.0,0.0,0.0,0.0,0.533,0.525,0.85,0.15,0.9,0.0,0.5,0.9,,,,,,,-0.3,,,,,,,,,,,,,,,,,,,,,,,,,,,,,0.8,,,,-0.2,,,1.0,,,,0.7,,,,,,,,,,1.0,,0.9,,,,,,,,,,,
Nejad2025,hexp0z,negative_control,Shuffled Human Benchmark Negative Control,2025.0,computational,3.0,4.0,0.5,0.0,1.0,0.0,0.0,0.0,-0.1,0.1,0.0,0.0,0.15,0.35,,,,,,,,,,,,0.5,,,,,,,,,,,1.0,,0.0,,,,,,,,,,,,,,,,,0.0,,,,-0.2,,,,,,,,,,,,,,,-0.2,,,,,,,0.5,,,,
Payeur2021,hexp0z,negative_control,Shuffled Human Benchmark Negative Control,2021.0,computational,2.0,1.0,0.5,0.0,-0.2,0.0,0.0,0.0,-0.3,0.0,0.0,0.0,0.0,0.0,,,0.5,,,,,,,,,,-0.2,,,,,,,,,,,,,,,,,,,,,,,,-0.3,,,,,,,,,,,,,,,,,,,,,,,,,,,,,,,,,,,
Rao&Ballard1999,hexp0z,negative_control,Shuffled Human Benchmark Negative Control,1999.0,computational,4.0,5.0,1.0,0.0,0.9,0.0,-0.05,0.05,0.0,0.0,0.65,0.15,0.733,0.249,1.0,,,,,,,,,,,,,,,,,0.9,,,,,,,,-0.1,0.0,,,,,,,,,,,,,,,,,,,,,,0.5,,,,,,,,,,0.8,,1.0,0.8,0.4,,,,,,,,,
Rao2024,hexp0z,negative_control,Shuffled Human Benchmark Negative Control,2024.0,theoretical,6.0,2.0,0.75,0.05,0.867,0.047,1.0,0.0,0.0,0.0,0.7,0.0,1.0,0.0,0.8,,,,,0.7,,,,,,,0.9,,,,,0.8,,,,,0.9,,1.0,,,,,,,,,,,,,,,,,,,,,,,,0.7,,,,,,,,,,,,1.0,,,,,,,,,,,
Sacramento2018,hexp0z,negative_control,Shuffled Human Benchmark Negative Control,2018.0,computational,3.0,3.0,0.5,0.2,-0.2,0.0,0.0,0.0,0.3,0.0,0.9,0.0,0.6,0.0,0.3,,,,,,,,,,0.7,,,,,,-0.2,,,,,,,,,,,,,,,,,,,,0.3,,,,,,,,,,,,,,,,,0.9,,,,,,,0.6,,,,,,,,,,,
Spratling2008,hexp0z,negative_control,Shuffled Human Benchmark Negative Control,2008.0,computational,2.0,0.0,0.0,0.0,0.3,0.0,0.6,0.0,0.0,0.0,0.0,0.0,0.0,0.0,,,,,,,,,,,,,,,,,0.3,,,,,,,,,,,,,,0.6,,,,,,,,,,,,,,,,,,,,,,,,,,,,,,,,,,,,,,,,,
Spratling2010,hexp0z,negative_control,Shuffled Human Benchmark Negative Control,2010.0,computational,6.0,8.0,0.033,0.544,-0.2,0.4,-0.2,0.0,-0.06,0.637,0.45,0.35,0.7,0.0,,0.8,,,,-0.3,,,,,,-0.4,-0.6,,,,,,,,,,0.2,,,,,,-0.2,,,,,,,,-0.2,,-0.4,,,0.6,-1.0,,0.7,,,,0.1,,,,,,,,,,0.8,,,0.7,,,,,,,,,,
Srinivasan1982,hexp0z,negative_control,Shuffled Human Benchmark Negative Control,1982.0,theoretical,10.0,2.0,0.42,0.293,-0.1,0.698,-0.35,0.55,0.55,0.35,0.0,0.0,0.0,0.0,0.3,,0.8,0.7,,0.3,,,,0.0,,,-0.9,,,,,,,0.8,,,-0.2,,,,,,,-0.9,,,,,,0.2,,,,,0.2,,0.9,,,,,,,,,,,,,,,,,,,,,,,,,,,,,
VanDerveer2021,hexp0z,negative_control,Shuffled Human Benchmark Negative Control,2021.0,empirical,7.0,5.0,-0.033,0.515,0.0,0.0,-0.9,0.0,-0.1,0.675,0.9,0.0,0.0,0.0,0.6,0.3,-0.4,-0.5,,0.5,,-0.7,,,,,,,,,,,,,,,,,,,,,,,-0.9,,,,,,0.3,,-0.8,,,-0.7,,0.8,,,,,,0.9,,,,,,,,,,,,,,,,,,,,,,
Wacongne2011,hexp0z,negative_control,Shuffled Human Benchmark Negative Control,2011.0,empirical,8.0,7.0,-0.225,0.205,0.65,0.05,0.35,0.25,-0.4,0.5,0.033,0.492,-0.75,0.25,,,,-0.4,0.1,-0.2,,,,,,-0.4,0.7,,,,,,,,0.6,,,,,,0.6,,,0.1,,,,,,,,,,,,-0.9,,,,,,0.1,0.6,,,,,,,-0.6,0.1,,,,,,-1.0,,,-0.5,,,,,,
Wacongne2012,hexp0z,negative_control,Shuffled Human Benchmark Negative Control,2012.0,computational,15.0,14.0,0.4,0.548,-0.3,0.572,-0.5,0.245,0.033,0.506,0.4,0.58,0.05,0.85,0.5,,-0.7,0.9,0.9,0.6,,,,,,0.2,0.6,0.3,-1.0,,,-0.4,-0.5,,,,-0.8,,-0.5,,,,,,-0.2,,,-0.8,,,0.1,,0.8,,-0.8,-0.3,,0.4,,,,0.0,-0.8,0.8,0.3,,,1.0,0.5,,,,0.6,,-0.8,,,0.9,,,,,,,,
Westerberg&Xiong2025,hexp0z,negative_control,Shuffled Human Benchmark Negative Control,2025.0,empirical,19.0,16.0,-0.3,0.551,-0.267,0.537,0.012,0.446,0.275,0.286,-0.4,0.473,-0.183,0.546,0.0,0.6,-0.6,-0.5,,-1.0,,,,,,,-0.3,,,,,0.0,,0.7,-1.0,-0.7,-0.3,,0.7,0.6,-0.4,,0.2,-0.1,,-0.7,0.0,,-0.2,,0.3,0.5,-0.2,,,0.5,,,,,,,0.0,,,,,0.4,,-0.4,-0.6,-0.9,-0.9,,-0.9,-0.2,-0.8,,0.1,0.7,,0.0,,,,
Yamins2014,hexp0z,negative_control,Shuffled Human Benchmark Negative Control,2014.0,computational,6.0,6.0,0.3,0.2,-0.7,0.0,0.367,0.287,-0.2,0.0,0.333,0.309,0.5,0.5,0.1,,,,,0.5,,,,,,,-0.7,,,,,,,,,,,,0.4,,,,,,,0.7,,,,0.0,-0.2,,,,,,,,,,,,-0.1,,0.5,,,,,,0.6,,,,1.0,,,,,,,0.0,,,,
Attinger2017,human_consensus_h12,human_consensus,Two-Human Consensus (n>=2),2017.0,empirical,10.0,2.0,0.883,0.069,0.667,0.094,0.6,0.0,0.5,0.0,0.0,0.0,0.1,0.0,1.0,,0.9,,,0.8,,,0.9,,0.9,0.8,0.6,,,,,0.8,,,,,0.6,,0.6,,,,,,,,,,,,,,,,,,,,,,0.5,,,,,,,,,,,,,,0.1,,,,,,,,,,,
Bakhtiari2021,human_consensus_h12,human_consensus,Two-Human Consensus (n>=2),2021.0,computational,2.0,2.0,0.0,0.0,0.0,0.0,0.45,0.05,0.0,0.0,0.0,0.0,0.45,0.05,,,,,,,,,,,,,,,,,,,,,,,,,,0.5,,,,0.4,,,,,,,,,,,,,,,,,,,,,,,,,,,,,,,,0.5,,,,0.4,,,,,,
Bastos2012,human_consensus_h12,human_consensus,Two-Human Consensus (n>=2),2012.0,computational,15.0,15.0,0.767,0.16,0.833,0.205,0.767,0.125,0.717,0.195,0.85,0.214,0.867,0.125,0.6,,0.9,,,0.9,,0.8,,0.9,0.5,,1.0,0.5,,1.0,,1.0,,,,,0.9,0.6,0.8,0.9,0.6,,,,,,,,,,0.6,,0.9,,,0.9,,0.6,,0.9,0.4,,1.0,0.5,,1.0,,1.0,,,,,1.0,0.6,1.0,0.9,0.7,,,,,,,,,
Bastos2020,human_consensus_h12,human_consensus,Two-Human Consensus (n>=2),2020.0,empirical,3.0,10.0,0.0,0.0,0.75,0.15,0.7,0.0,0.95,0.05,1.0,0.0,0.875,0.083,,,,,,,,,,,,,0.6,,,,,,,,,,0.9,,0.7,,,,,,,,,,,,,,,,,1.0,,0.9,,,,,1.0,,,1.0,,1.0,,,,,1.0,,0.8,0.8,1.0,,0.9,,,,,,,
Bekinschtein2009,human_consensus_h12,human_consensus,Two-Human Consensus (n>=2),2009.0,empirical,5.0,4.0,0.0,0.0,0.6,0.216,0.55,0.25,0.0,0.0,0.8,0.0,-0.05,0.75,,,,,,,,,,,,,0.8,,,,,,,,0.3,0.7,,,,,0.3,,,,,,,,,0.8,,,,,,,,,,,,,0.8,,,,,,,,0.8,,,,,,0.7,,,,,,,,,-0.8
Chao2018,human_consensus_h12,human_consensus,Two-Human Consensus (n>=2),2018.0,empirical,0.0,0.0,0.0,0.0,0.0,0.0,0.0,0.0,0.0,0.0,0.0,0.0,0.0,0.0,,,,,,,,,,,,,,,,,,,,,,,,,,,,,,,,,,,,,,,,,,,,,,,,,,,,,,,,,,,,,,,,,,,,,,,,
Friston2010,human_consensus_h12,human_consensus,Two-Human Consensus (n>=2),2010.0,computational,5.0,6.0,0.0,0.0,0.933,0.047,0.9,0.0,0.8,0.0,0.867,0.047,0.9,0.0,,,,,,,,,,,,,0.9,,,,1.0,,,,,,0.9,,0.9,0.9,,,,,,,,,,,,,,,,,,,,0.8,,,0.9,,,,0.9,,,,,,0.8,,0.9,0.9,,,,,,,,,,
Furutachi2024,human_consensus_h12,human_consensus,Two-Human Consensus (n>=2),2024.0,empirical,6.0,6.0,0.8,0.141,0.8,0.2,0.0,0.0,0.7,0.173,0.8,0.2,0.0,0.0,0.8,,,,,,0.6,,1.0,,,0.8,0.6,,,,,,,,,,,1.0,,,,,,,,,,,,,0.6,,,,,,0.6,,1.0,,,0.6,0.6,,,,,,,,,,,1.0,,,,,,,,,,,,
Garret2020,human_consensus_h12,human_consensus,Two-Human Consensus (n>=2),2020.0,empirical,4.0,4.0,0.8,0.082,0.2,0.0,0.0,0.0,0.867,0.047,0.2,0.0,0.0,0.0,,,,,,0.7,,,0.8,,,0.9,0.2,,,,,,,,,,,,,,,,,,,,,,,,,,,,,0.9,,,0.9,,,0.8,0.2,,,,,,,,,,,,,,,,,,,,,,,
Greedy2022,human_consensus_h12,human_consensus,Two-Human Consensus (n>=2),2022.0,computational,2.0,2.0,0.0,0.0,0.0,0.0,0.55,0.05,0.0,0.0,0.0,0.0,0.6,0.1,,,,,,,,,,,,,,,,,,,,,,,,,0.5,0.6,,,,,,,,,,,,,,,,,,,,,,,,,,,,,,,,,,,0.5,0.7,,,,,,,,,,
Hertag2020,human_consensus_h12,human_consensus,Two-Human Consensus (n>=2),2020.0,computational,8.0,8.0,0.786,0.405,0.5,0.0,0.0,0.0,0.743,0.392,0.5,0.0,0.0,0.0,0.9,-0.2,0.9,,,0.9,,,1.0,,1.0,1.0,0.5,,,,,,,,,,,,,,,,,,,,,,,,0.9,-0.2,0.9,,,0.8,,,1.0,,0.8,1.0,0.5,,,,,,,,,,,,,,,,,,,,,,,
Jiang&Rao2024,human_consensus_h12,human_consensus,Two-Human Consensus (n>=2),2024.0,computational,0.0,0.0,0.0,0.0,0.0,0.0,0.0,0.0,0.0,0.0,0.0,0.0,0.0,0.0,,,,,,,,,,,,,,,,,,,,,,,,,,,,,,,,,,,,,,,,,,,,,,,,,,,,,,,,,,,,,,,,,,,,,,,,
Keller2012,human_consensus_h12,human_consensus,Two-Human Consensus (n>=2),2012.0,empirical,7.0,4.0,0.8,0.2,0.533,0.377,0.3,0.1,0.65,0.05,0.6,0.0,0.0,0.0,,,,,,0.6,,,,,,1.0,0.8,,,,,0.8,,,,,0.0,,,,,,,,0.2,0.4,,,,,,,,,,0.6,,,,,,0.7,0.6,,,,,0.6,,,,,,,,,,,,,,,,,,
Keller2018,human_consensus_h12,human_consensus,Two-Human Consensus (n>=2),2018.0,empirical,10.0,10.0,0.733,0.094,0.8,0.0,0.48,0.392,0.75,0.15,0.8,0.0,0.775,0.083,0.6,,,,,0.8,,,,,,0.8,0.8,,,,,0.8,,,,,,,0.7,0.7,,,,,0.7,0.6,,,,-0.3,0.7,,,,,0.6,,,,0.7,,1.0,0.8,,,,,0.8,,,,,,,0.9,0.7,,,,,0.7,0.8,,,,
Kiebel2008,human_consensus_h12,human_consensus,Two-Human Consensus (n>=2),2008.0,computational,7.0,9.0,0.8,0.082,0.6,0.163,0.8,0.0,0.733,0.125,0.667,0.094,0.5,0.294,,,,,,0.7,,,,0.8,,0.9,0.8,,,,0.4,,,,,0.6,,,,0.8,,,,,,,,,,,,,,,,0.6,,,,0.7,,0.9,0.8,,,,0.6,,,,,0.6,,,,0.9,,,,0.2,0.4,,,,,
LaoRodriguez2023,human_consensus_h12,human_consensus,Two-Human Consensus (n>=2),2023.0,empirical,8.0,1.0,0.425,0.492,0.45,0.05,0.65,0.05,0.8,0.0,0.0,0.0,0.0,0.0,,,,-0.2,0.1,0.8,,,,,,1.0,0.5,,,,,,,,,,,0.4,,,,,,,,0.7,,,,0.6,,,,,,,,,,,,0.8,,,,,,,,,,,,,,,,,,,,,,,,
LeeMejias2025,human_consensus_h12,human_consensus,Two-Human Consensus (n>=2),2025.0,computational,12.0,12.0,0.686,0.28,0.875,0.043,0.6,0.0,0.686,0.223,0.825,0.083,0.7,0.0,0.9,0.3,0.8,,,0.8,,0.2,0.9,,,0.9,0.9,,,,,0.9,0.9,,,,0.8,,0.6,,,,,,,,,,,,0.8,0.3,0.8,,,0.9,,0.4,0.9,,,0.7,0.7,,,,,0.9,0.9,,,,0.8,,0.7,,,,,,,,,,,
Mikulasch2023,human_consensus_h12,human_consensus,Two-Human Consensus (n>=2),2023.0,computational,11.0,11.0,0.533,0.094,-0.025,0.466,0.7,0.0,0.567,0.075,0.0,0.5,0.7,0.0,0.6,0.6,0.6,,,0.4,,,0.4,,,0.6,-0.1,,,,-0.6,0.7,,,,,-0.1,,0.7,,,,,,,,,,,,0.6,0.6,0.6,,,0.6,,,0.4,,,0.6,-0.1,,,,-0.7,0.7,,,,,0.1,,0.7,,,,,,,,,,,
Nejad2025,human_consensus_h12,human_consensus,Two-Human Consensus (n>=2),2025.0,empirical,5.0,5.0,0.6,0.1,0.15,0.35,0.7,0.0,0.55,0.05,0.2,0.3,0.7,0.0,,,,,,0.5,,,,,,0.7,0.5,,,,,,,,,,-0.2,,0.7,,,,,,,,,,,,,,,,,0.5,,,,,,0.6,0.5,,,,,,,,,,-0.1,,0.7,,,,,,,,,,,
Payeur2021,human_consensus_h12,human_consensus,Two-Human Consensus (n>=2),2021.0,computational,3.0,2.0,0.25,0.05,0.0,0.0,0.2,0.0,0.2,0.1,0.0,0.0,0.0,0.0,0.3,,0.2,,,,,,,,,,,,,,,,,,,,,,0.2,,,,,,,,,,,,0.3,,0.1,,,,,,,,,,,,,,,,,,,,,,,,,,,,,,,,,
Rao&Ballard1999,human_consensus_h12,human_consensus,Two-Human Consensus (n>=2),1999.0,computational,0.0,0.0,0.0,0.0,0.0,0.0,0.0,0.0,0.0,0.0,0.0,0.0,0.0,0.0,,,,,,,,,,,,,,,,,,,,,,,,,,,,,,,,,,,,,,,,,,,,,,,,,,,,,,,,,,,,,,,,,,,,,,,,
Rao2024,human_consensus_h12,human_consensus,Two-Human Consensus (n>=2),2024.0,empirical,7.0,7.0,0.7,0.0,0.8,0.0,0.725,0.083,0.7,0.0,0.65,0.05,0.75,0.05,,,,,,0.7,,,,,,,0.8,,,,,,,,,,0.8,,0.8,0.8,0.7,,,,0.6,,,,,,,,,,,0.7,,,,,,,0.7,,,,,,,,,,0.6,,0.8,0.8,0.7,,,,0.7,,,,,
Sacramento2018,human_consensus_h12,human_consensus,Two-Human Consensus (n>=2),2018.0,computational,5.0,5.0,0.85,0.15,0.05,0.05,0.5,0.0,0.85,0.15,0.15,0.05,0.7,0.0,1.0,,,,,0.7,,,,,,,0.0,,,,,,,,,,0.1,,0.5,,,,,,,,,,,,1.0,,,,,0.7,,,,,,,0.2,,,,,,,,,,0.1,,0.7,,,,,,,,,,,
Spratling2008,human_consensus_h12,human_consensus,Two-Human Consensus (n>=2),2008.0,computational,5.0,5.0,0.6,0.0,0.95,0.05,0.7,0.0,0.7,0.0,0.95,0.05,0.8,0.0,,,,,,0.6,,,,0.6,,,1.0,,,,,,,,,,0.9,,,0.7,,,,,,,,,,,,,,,,0.7,,,,0.7,,,1.0,,,,,,,,,,0.9,,,0.8,,,,,,,,,,
Spratling2010,human_consensus_h12,human_consensus,Two-Human Consensus (n>=2),2010.0,computational,3.0,3.0,1.0,0.0,0.45,0.05,0.0,0.0,0.8,0.0,0.45,0.05,0.0,0.0,,,,,,1.0,,,,,,,0.5,,,,,,,,,,0.4,,,,,,,,,,,,,,,,,,,0.8,,,,,,,0.5,,,,,,,,,,0.4,,,,,,,,,,,,,
Srinivasan1982,human_consensus_h12,human_consensus,Two-Human Consensus (n>=2),1982.0,computational,6.0,0.0,0.7,0.212,0.75,0.05,0.0,0.0,0.0,0.0,0.0,0.0,0.0,0.0,0.9,,0.4,,,0.9,,,,0.6,,,0.8,,,,,,,,,,0.7,,,,,,,,,,,,,,,,,,,,,,,,,,,,,,,,,,,,,,,,,,,,,,,,,
VanDerveer2021,human_consensus_h12,human_consensus,Two-Human Consensus (n>=2),2021.0,empirical,6.0,1.0,0.46,0.35,0.0,0.0,0.6,0.0,0.2,0.0,0.0,0.0,0.0,0.0,0.8,-0.2,,0.5,,0.7,,0.5,,,,,,,,,,,,,,,,,,,,,,,0.6,,,,,,0.2,,,,,,,,,,,,,,,,,,,,,,,,,,,,,,,,,,,
Wacongne2011,human_consensus_h12,human_consensus,Two-Human Consensus (n>=2),2011.0,computational,6.0,4.0,0.5,0.572,0.6,0.0,0.65,0.05,0.95,0.05,0.0,0.0,0.6,0.1,,,,-0.3,,0.8,,,,,,1.0,0.6,,,,,,,,,,,,,,0.7,,,0.6,,,,,,,,,,,,0.9,,,,,,1.0,,,,,,,,,,,,,,,0.7,,,0.5,,,,,,
Wacongne2012,human_consensus_h12,human_consensus,Two-Human Consensus (n>=2),2012.0,empirical,0.0,0.0,0.0,0.0,0.0,0.0,0.0,0.0,0.0,0.0,0.0,0.0,0.0,0.0,,,,,,,,,,,,,,,,,,,,,,,,,,,,,,,,,,,,,,,,,,,,,,,,,,,,,,,,,,,,,,,,,,,,,,,,
Westerberg&Xiong2025,human_consensus_h12,human_consensus,Two-Human Consensus (n>=2),2025.0,empirical,0.0,0.0,0.0,0.0,0.0,0.0,0.0,0.0,0.0,0.0,0.0,0.0,0.0,0.0,,,,,,,,,,,,,,,,,,,,,,,,,,,,,,,,,,,,,,,,,,,,,,,,,,,,,,,,,,,,,,,,,,,,,,,,
Yamins2014,human_consensus_h12,human_consensus,Two-Human Consensus (n>=2),2014.0,computational,0.0,0.0,0.0,0.0,0.0,0.0,0.0,0.0,0.0,0.0,0.0,0.0,0.0,0.0,,,,,,,,,,,,,,,,,,,,,,,,,,,,,,,,,,,,,,,,,,,,,,,,,,,,,,,,,,,,,,,,,,,,,,,,
Attinger2017,gemini3_1_pro,human_ai_hybrid,Gemini 3.1 Pro Dual-Pass Unified Synthesis,2017.0,empirical,12.0,9.0,0.9,0.076,0.875,0.083,1.0,0.0,0.857,0.09,0.8,0.0,1.0,0.0,1.0,0.8,0.8,,,0.9,,,0.9,,0.9,1.0,0.9,,,,,1.0,,,0.8,,0.8,,1.0,,,,,,,,,,,,1.0,0.8,0.8,,,0.8,,,0.8,,0.8,1.0,0.8,,,,,,,,,,,,1.0,,,,,,,,,,,
Bakhtiari2021,gemini3_1_pro,human_ai_hybrid,Gemini 3.1 Pro Dual-Pass Unified Synthesis,2021.0,computational,5.0,5.0,0.8,0.0,0.8,0.0,0.767,0.047,0.8,0.0,0.8,0.0,0.767,0.047,,,,,,0.8,,,,,,,0.8,,,,,,,,,,,,,0.8,0.8,,,0.7,,,,,,,,,,,,0.8,,,,,,,0.8,,,,,,,,,,,,,0.8,0.8,,,0.7,,,,,,
Bastos2012,gemini3_1_pro,human_ai_hybrid,Gemini 3.1 Pro Dual-Pass Unified Synthesis,2012.0,theoretical,19.0,19.0,0.817,0.107,0.889,0.137,0.925,0.083,0.817,0.107,0.889,0.137,0.925,0.083,0.6,,0.8,,,0.9,,0.9,,0.9,0.8,,1.0,0.8,0.8,1.0,,1.0,,1.0,,0.8,1.0,0.6,1.0,0.9,0.8,1.0,,,,,,,,,0.6,,0.8,,,0.9,,0.9,,0.9,0.8,,1.0,0.8,0.8,1.0,,1.0,,1.0,,0.8,1.0,0.6,1.0,0.9,0.8,1.0,,,,,,,,
Bastos2020,gemini3_1_pro,human_ai_hybrid,Gemini 3.1 Pro Dual-Pass Unified Synthesis,2020.0,empirical,13.0,13.0,1.0,0.0,1.0,0.0,1.0,0.0,1.0,0.0,1.0,0.0,0.967,0.047,,,,,,1.0,,1.0,,,,,1.0,,,1.0,,1.0,,1.0,,,1.0,,1.0,1.0,1.0,1.0,1.0,1.0,,,,,,,,,,,,1.0,,1.0,,,,,1.0,,,1.0,,1.0,,1.0,,,1.0,,1.0,0.9,1.0,1.0,0.9,1.0,,,,,,
Bekinschtein2009,gemini3_1_pro,human_ai_hybrid,Gemini 3.1 Pro Dual-Pass Unified Synthesis,2009.0,empirical,9.0,8.0,0.55,0.384,0.933,0.094,0.75,0.25,0.9,0.1,0.967,0.047,0.267,0.899,,,,0.4,0.0,0.8,,,,,,1.0,1.0,,,,,,,,0.8,1.0,,,,,0.5,,,,,,,,,1.0,,,,,,0.8,,,,,,1.0,1.0,,,,,,,,0.9,1.0,,,,,0.8,,,1.0,,,,,,-1.0
Chao2018,gemini3_1_pro,human_ai_hybrid,Gemini 3.1 Pro Dual-Pass Unified Synthesis,2018.0,empirical,9.0,9.0,0.85,0.05,0.96,0.08,0.95,0.05,0.85,0.05,0.96,0.08,0.95,0.05,,,,,,0.8,,0.9,,,,,1.0,,,1.0,,,,,1.0,0.8,1.0,,,,1.0,,,0.9,,,,,,,,,,,,0.8,,0.9,,,,,1.0,,,1.0,,,,,1.0,0.8,1.0,,,,1.0,,,0.9,,,,,,
Friston2010,gemini3_1_pro,human_ai_hybrid,Gemini 3.1 Pro Dual-Pass Unified Synthesis,2010.0,theoretical,7.0,7.0,0.8,0.0,0.967,0.047,0.9,0.0,0.8,0.0,0.967,0.047,0.9,0.0,,,,,,0.8,,,,0.8,,,0.9,,,,1.0,,,,,,1.0,,0.9,0.9,,,,,,,,,,,,,,,,0.8,,,,0.8,,,0.9,,,,1.0,,,,,,1.0,,0.9,0.9,,,,,,,,,,
Furutachi2024,gemini3_1_pro,human_ai_hybrid,Gemini 3.1 Pro Dual-Pass Unified Synthesis,2024.0,empirical,7.0,7.0,0.9,0.063,0.95,0.05,0.0,0.0,0.9,0.063,0.95,0.05,0.0,0.0,0.9,,0.8,,,,0.9,,1.0,,,0.9,0.9,,,,,,,,,,,1.0,,,,,,,,,,,,,0.9,,0.8,,,,0.9,,1.0,,,0.9,0.9,,,,,,,,,,,1.0,,,,,,,,,,,,
Garret2020,gemini3_1_pro,human_ai_hybrid,Gemini 3.1 Pro Dual-Pass Unified Synthesis,2020.0,empirical,4.0,4.0,0.867,0.047,0.8,0.0,0.0,0.0,0.867,0.047,0.8,0.0,0.0,0.0,,,,,,0.8,,,0.9,,,0.9,0.8,,,,,,,,,,,,,,,,,,,,,,,,,,,,,0.8,,,0.9,,,0.9,0.8,,,,,,,,,,,,,,,,,,,,,,,
Greedy2022,gemini3_1_pro,human_ai_hybrid,Gemini 3.1 Pro Dual-Pass Unified Synthesis,2022.0,computational,3.0,3.0,0.0,0.0,0.8,0.0,0.75,0.05,0.0,0.0,0.8,0.0,0.75,0.05,,,,,,,,,,,,,,,,,,,,,,,0.8,,0.7,0.8,,,,,,,,,,,,,,,,,,,,,,,,,,,,,,,,,0.8,,0.7,0.8,,,,,,,,,,
Hertag2020,gemini3_1_pro,human_ai_hybrid,Gemini 3.1 Pro Dual-Pass Unified Synthesis,2020.0,computational,9.0,9.0,0.829,0.266,0.55,0.15,0.0,0.0,0.829,0.266,0.55,0.15,0.0,0.0,0.9,0.2,0.8,,,0.9,,,1.0,,1.0,1.0,0.7,,,,,,,,,,0.4,,,,,,,,,,,,,,0.9,0.2,0.8,,,0.9,,,1.0,,1.0,1.0,0.7,,,,,,,,,,0.4,,,,,,,,,,,,,
Jiang&Rao2024,gemini3_1_pro,human_ai_hybrid,Gemini 3.1 Pro Dual-Pass Unified Synthesis,2024.0,computational,11.0,10.0,0.8,0.0,0.867,0.094,0.75,0.087,0.8,0.0,0.867,0.094,0.75,0.087,,,,0.8,,0.8,,,,0.8,,0.8,1.0,,,,0.8,,,,,,0.8,,,0.8,0.8,,,0.8,,0.6,,,,,,,,,,0.8,,,,0.8,,0.8,1.0,,,,0.8,,,,,,0.8,,,0.8,0.8,,,0.8,,0.6,,,,
Keller2012,gemini3_1_pro,human_ai_hybrid,Gemini 3.1 Pro Dual-Pass Unified Synthesis,2012.0,empirical,7.0,7.0,0.95,0.05,0.767,0.125,0.6,0.0,0.95,0.05,0.767,0.125,0.6,0.0,,,,,,0.9,,,,,,1.0,0.8,,,,,0.9,,,,,0.6,,,,,,,,0.6,0.6,,,,,,,,,,0.9,,,,,,1.0,0.8,,,,,0.9,,,,,0.6,,,,,,,,0.6,0.6,,,,
Keller2018,gemini3_1_pro,human_ai_hybrid,Gemini 3.1 Pro Dual-Pass Unified Synthesis,2018.0,theoretical,17.0,15.0,0.586,0.503,0.74,0.28,0.46,0.631,0.78,0.16,0.74,0.28,0.46,0.631,0.8,,,0.8,-0.6,0.9,,,,0.6,0.6,1.0,1.0,,,,0.8,0.9,,,,,0.8,0.2,0.8,0.7,,,,,0.8,0.8,,,,-0.8,0.8,,,,,0.9,,,,0.6,0.6,1.0,1.0,,,,0.8,0.9,,,,,0.8,0.2,0.8,0.7,,,,,0.8,0.8,,,,-0.8
Kiebel2008,gemini3_1_pro,human_ai_hybrid,Gemini 3.1 Pro Dual-Pass Unified Synthesis,2008.0,computational,10.0,10.0,0.9,0.082,0.9,0.1,0.733,0.094,0.9,0.082,0.9,0.1,0.733,0.094,,,,,,0.8,,,,1.0,,0.9,1.0,,,,0.8,,,,,1.0,0.8,,,0.8,,,,0.8,0.6,,,,,,,,,,,0.8,,,,1.0,,0.9,1.0,,,,0.8,,,,,1.0,0.8,,,0.8,,,,0.8,0.6,,,,,
LaoRodriguez2023,gemini3_1_pro,human_ai_hybrid,Gemini 3.1 Pro Dual-Pass Unified Synthesis,2023.0,empirical,8.0,4.0,0.15,0.669,0.8,0.0,0.8,0.0,1.0,0.0,0.8,0.0,0.8,0.0,,,,-0.6,-0.4,0.6,,,,,,1.0,0.8,,,,,,,,,,,0.8,,,,,,,,0.8,,,,0.8,,,,,,,,,,,,1.0,0.8,,,,,,,,,,,,,,,,,,,0.8,,,,0.8
LeeMejias2025,gemini3_1_pro,human_ai_hybrid,Gemini 3.1 Pro Dual-Pass Unified Synthesis,2025.0,computational,13.0,12.0,0.55,0.515,0.75,0.087,0.8,0.0,0.743,0.073,0.75,0.087,0.8,0.0,0.8,0.8,0.6,-0.8,,0.7,,0.7,0.8,,,0.8,0.8,,,,,0.8,0.8,,,,0.6,,0.8,,,,,,,,,,,,0.8,0.8,0.6,,,0.7,,0.7,0.8,,,0.8,0.8,,,,,0.8,0.8,,,,0.6,,0.8,,,,,,,,,,,
Mikulasch2023,gemini3_1_pro,human_ai_hybrid,Gemini 3.1 Pro Dual-Pass Unified Synthesis,2023.0,theoretical,11.0,11.0,0.633,0.075,-0.4,0.693,0.8,0.0,0.633,0.075,-0.4,0.693,0.8,0.0,0.6,0.8,0.6,,,0.6,,,0.6,,,0.6,-0.8,,,,-0.8,0.8,,,,,-0.8,,0.8,,,,,,,,,,,,0.6,0.8,0.6,,,0.6,,,0.6,,,0.6,-0.8,,,,-0.8,0.8,,,,,-0.8,,0.8,,,,,,,,,,,
Nejad2025,gemini3_1_pro,human_ai_hybrid,Gemini 3.1 Pro Dual-Pass Unified Synthesis,2025.0,computational,6.0,6.0,0.8,0.0,0.733,0.094,0.8,0.0,0.8,0.0,0.733,0.094,0.8,0.0,,,,,,0.8,,,,,,0.8,0.8,,,,,0.8,,,,,0.6,,0.8,,,,,,,,,,,,,,,,,0.8,,,,,,0.8,0.8,,,,,0.8,,,,,0.6,,0.8,,,,,,,,,,,
Payeur2021,gemini3_1_pro,human_ai_hybrid,Gemini 3.1 Pro Dual-Pass Unified Synthesis,2021.0,computational,3.0,3.0,0.5,0.1,0.0,0.0,0.8,0.0,0.5,0.1,0.0,0.0,0.8,0.0,0.6,,0.4,,,,,,,,,,,,,,,,,,,,,,0.8,,,,,,,,,,,,0.6,,0.4,,,,,,,,,,,,,,,,,,,,,,0.8,,,,,,,,,,,
Rao&Ballard1999,gemini3_1_pro,human_ai_hybrid,Gemini 3.1 Pro Dual-Pass Unified Synthesis,1999.0,computational,10.0,7.0,1.0,0.0,1.0,0.0,0.933,0.094,1.0,0.0,1.0,0.0,0.933,0.094,1.0,,,,,1.0,,,,1.0,,,1.0,,,,1.0,1.0,,,,,1.0,,1.0,1.0,0.8,,,,,,,,,,,,,,,1.0,,,,,,,1.0,,,,,1.0,,,,,1.0,,1.0,1.0,0.8,,,,,,,,,
Rao2024,gemini3_1_pro,human_ai_hybrid,Gemini 3.1 Pro Dual-Pass Unified Synthesis,2024.0,theoretical,11.0,7.0,0.8,0.0,0.925,0.083,0.94,0.08,0.8,0.0,0.8,0.0,0.9,0.1,0.8,,,,,0.8,,,,,,,0.9,,,,1.0,1.0,,,,,0.8,,1.0,1.0,0.8,,,1.0,0.9,,,,,,,,,,,0.8,,,,,,,0.8,,,,,,,,,,0.8,,1.0,1.0,0.8,,,,0.8,,,,,
Sacramento2018,gemini3_1_pro,human_ai_hybrid,Gemini 3.1 Pro Dual-Pass Unified Synthesis,2018.0,computational,7.0,6.0,0.9,0.1,0.125,0.746,0.8,0.0,0.9,0.1,0.8,0.0,0.8,0.0,1.0,,,,,0.8,,,,,,,-0.1,,,,-1.0,0.8,,,,,0.8,,0.8,,,,,,,,,,,,1.0,,,,,0.8,,,,,,,0.8,,,,,0.8,,,,,0.8,,0.8,,,,,,,,,,,
Spratling2008,gemini3_1_pro,human_ai_hybrid,Gemini 3.1 Pro Dual-Pass Unified Synthesis,2008.0,computational,8.0,5.0,0.95,0.087,0.933,0.094,0.8,0.0,0.9,0.1,0.9,0.1,0.8,0.0,1.0,1.0,,,,1.0,,,,0.8,,,1.0,,,,1.0,,,,,,0.8,,,0.8,,,,,,,,,,,,,,,,1.0,,,,0.8,,,1.0,,,,,,,,,,0.8,,,0.8,,,,,,,,,,
Spratling2010,gemini3_1_pro,human_ai_hybrid,Gemini 3.1 Pro Dual-Pass Unified Synthesis,2010.0,computational,4.0,3.0,1.0,0.0,0.9,0.1,0.0,0.0,1.0,0.0,0.9,0.1,0.0,0.0,,1.0,,,,1.0,,,,,,,1.0,,,,,,,,,,0.8,,,,,,,,,,,,,,,,,,,1.0,,,,,,,1.0,,,,,,,,,,0.8,,,,,,,,,,,,,
Srinivasan1982,gemini3_1_pro,human_ai_hybrid,Gemini 3.1 Pro Dual-Pass Unified Synthesis,1982.0,theoretical,6.0,0.0,0.85,0.087,1.0,0.0,0.0,0.0,0.0,0.0,0.0,0.0,0.0,0.0,0.8,,0.8,,,0.8,,,,1.0,,,1.0,,,,,,,,,,1.0,,,,,,,,,,,,,,,,,,,,,,,,,,,,,,,,,,,,,,,,,,,,,,,,,
VanDerveer2021,gemini3_1_pro,human_ai_hybrid,Gemini 3.1 Pro Dual-Pass Unified Synthesis,2021.0,empirical,7.0,4.0,0.467,0.394,0.0,0.0,0.8,0.0,0.65,0.087,0.0,0.0,0.0,0.0,0.6,-0.4,0.6,0.6,,0.6,,0.8,,,,,,,,,,,,,,,,,,,,,,,0.8,,,,,,0.6,,0.6,,,0.6,,0.8,,,,,,,,,,,,,,,,,,,,,,,,,,,,
Wacongne2011,gemini3_1_pro,human_ai_hybrid,Gemini 3.1 Pro Dual-Pass Unified Synthesis,2011.0,empirical,8.0,6.0,0.0,0.906,0.9,0.1,0.8,0.0,0.9,0.1,0.9,0.1,0.8,0.0,,,,-0.8,-1.0,0.8,,,,,,1.0,1.0,,,,,,,,0.8,,,,,,0.8,,,0.8,,,,,,,,,,,,0.8,,,,,,1.0,1.0,,,,,,,,0.8,,,,,,0.8,,,0.8,,,,,,
Wacongne2012,gemini3_1_pro,human_ai_hybrid,Gemini 3.1 Pro Dual-Pass Unified Synthesis,2012.0,computational,13.0,11.0,0.317,0.932,0.867,0.094,0.9,0.0,0.975,0.043,0.867,0.094,0.9,0.0,1.0,,0.9,-1.0,-1.0,1.0,,,,,,1.0,1.0,0.8,1.0,,,0.8,0.8,,,,0.8,,0.9,,,,,,,,,,,,1.0,,0.9,,,1.0,,,,,,1.0,1.0,0.8,1.0,,,0.8,0.8,,,,0.8,,0.9,,,,,,,,,,,
Westerberg&Xiong2025,gemini3_1_pro,human_ai_hybrid,Gemini 3.1 Pro Dual-Pass Unified Synthesis,2025.0,empirical,17.0,16.0,-0.62,0.76,-0.333,0.471,-0.5,0.764,-1.0,0.0,-1.0,0.0,-0.667,0.745,-1.0,-1.0,-1.0,0.9,,-1.0,,,,,,,0.0,,,,,0.0,,0.0,-1.0,-1.0,0.0,,-1.0,-1.0,0.0,,-1.0,-1.0,,1.0,,,,,-1.0,-1.0,-1.0,,,-1.0,,,,,,,-1.0,,,,,-1.0,,-1.0,-1.0,-1.0,-1.0,,-1.0,-1.0,-1.0,,-1.0,-1.0,,1.0,,,,
Yamins2014,gemini3_1_pro,human_ai_hybrid,Gemini 3.1 Pro Dual-Pass Unified Synthesis,2014.0,computational,5.0,4.0,0.8,0.0,0.8,0.0,0.8,0.0,0.6,0.0,0.6,0.0,0.8,0.0,0.8,,,,,0.8,,,,,,,0.8,,,,,,,,,,,,0.8,,,,,,,0.8,,,,,0.6,,,,,,,,,,,,0.6,,,,,,,,,,,,0.8,,,,,,,0.8,,,,
Attinger2017,gpt_oss_120b_init,human_ai_hybrid,GPT-OSS-120B Initial Dual-Pass Unified Synthesis,2017.0,empirical,19.0,12.0,0.967,0.075,0.629,0.678,0.1,0.539,-0.35,0.384,-0.1,0.1,-0.367,0.522,1.0,,0.8,,,1.0,,,1.0,,1.0,1.0,1.0,1.0,,0.6,-1.0,1.0,,,0.9,,0.9,,1.0,,0.0,,,-0.2,,-0.6,,,0.6,-0.2,,,,0.0,,,-0.2,-0.2,,,-1.0,,,,,0.0,,,,,,,-0.2,,-1.0,,0.2,,0.2,,,,,0.0,-1.0,-0.6
Bakhtiari2021,gpt_oss_120b_init,human_ai_hybrid,GPT-OSS-120B Initial Dual-Pass Unified Synthesis,2021.0,computational,15.0,13.0,0.1,0.7,-0.033,0.637,0.56,0.294,-0.1,0.671,0.0,0.589,0.55,0.433,,,,,,0.8,0.0,,-1.0,0.6,,,0.8,,0.2,,-1.0,,0.6,,-0.2,-0.6,,,,0.8,0.8,,0.2,0.8,,,0.2,,,,-0.6,,0.2,0.6,,0.8,,,,-1.0,,-0.6,0.8,,,,,-0.2,,-0.6,,,,,,0.8,0.8,,-0.2,0.8,,,,,,
Bastos2012,gpt_oss_120b_init,human_ai_hybrid,GPT-OSS-120B Initial Dual-Pass Unified Synthesis,2012.0,theoretical,21.0,24.0,0.833,0.137,0.59,0.491,0.5,0.297,0.463,0.602,0.74,0.465,0.833,0.18,0.6,,0.8,,,1.0,,0.8,,1.0,0.8,,1.0,0.8,0.8,1.0,0.0,1.0,-0.6,,,0.8,0.5,0.6,0.2,1.0,0.5,,,,0.6,,,,0.2,,0.6,,0.8,,,1.0,0.6,0.3,-1.0,1.0,0.4,,1.0,0.8,0.8,1.0,,1.0,1.0,,-0.6,0.8,1.0,0.6,1.0,0.6,0.8,,,1.0,,0.6,,1.0,,
Bastos2020,gpt_oss_120b_init,human_ai_hybrid,GPT-OSS-120B Initial Dual-Pass Unified Synthesis,2020.0,empirical,13.0,18.0,-0.08,0.688,0.1,0.714,0.15,0.296,0.32,0.56,0.533,0.67,0.657,0.381,,-1.0,-0.6,0.0,,,1.0,,0.2,,,,-0.6,,1.0,,,,,,,-0.6,0.6,,0.6,,,-0.2,,,0.2,,,,0.0,,,0.0,,0.6,,1.0,,0.6,,,-0.6,,1.0,,,1.0,,1.0,,,-0.6,,1.0,-0.2,1.0,0.8,1.0,,0.8,,0.6,0.6,-0.2,,,
Bekinschtein2009,gpt_oss_120b_init,human_ai_hybrid,GPT-OSS-120B Initial Dual-Pass Unified Synthesis,2009.0,empirical,16.0,12.0,0.16,0.233,0.217,0.644,0.7,0.4,0.133,0.66,0.65,0.497,-0.16,0.763,,,0.6,0.0,0.0,,0.0,,0.2,,,,1.0,,-1.0,0.2,,,,0.6,-0.1,0.6,,,,1.0,0.5,,1.0,,,,,0.0,,1.0,,,,0.0,,,1.0,,,-0.6,,,1.0,,,,-0.2,,1.0,,0.8,,,,,-0.2,0.8,,-1.0,,,0.6,,,,-1.0
Chao2018,gpt_oss_120b_init,human_ai_hybrid,GPT-OSS-120B Initial Dual-Pass Unified Synthesis,2018.0,empirical,20.0,19.0,0.233,0.751,0.637,0.331,0.533,0.525,0.64,0.344,0.391,0.576,0.133,0.471,,-1.0,-0.2,1.0,,0.7,0.2,0.8,1.0,0.6,,-1.0,1.0,,0.6,0.4,,0.6,,,1.0,0.5,1.0,0.0,,,1.0,,,0.8,,,,-0.2,,,,,0.0,0.6,,0.8,,0.8,,1.0,,,1.0,0.0,-0.6,1.0,1.0,-0.2,-0.2,0.0,1.0,0.8,0.5,,,,,-0.2,,0.8,,,-0.2,,,
Friston2010,gpt_oss_120b_init,human_ai_hybrid,GPT-OSS-120B Initial Dual-Pass Unified Synthesis,2010.0,theoretical,14.0,10.0,0.1,0.436,0.84,0.196,0.48,0.56,0.6,0.327,0.55,0.357,0.6,0.432,-0.6,,0.2,,,,0.6,0.2,,,,,1.0,,0.6,,1.0,,,,1.0,,0.6,,0.8,1.0,,,1.0,,-0.2,,-0.2,,,,,,,,,,1.0,,0.2,0.6,,,1.0,,0.6,,0.6,,,,,,0.0,,0.8,1.0,,,,,,,0.0,,,
Furutachi2024,gpt_oss_120b_init,human_ai_hybrid,GPT-OSS-120B Initial Dual-Pass Unified Synthesis,2024.0,empirical,15.0,15.0,0.743,0.35,0.333,0.943,-0.12,0.688,0.143,0.611,0.6,0.566,0.04,0.65,1.0,1.0,,0.2,,,0.8,0.2,1.0,,,1.0,1.0,,,,,-1.0,,,,,,1.0,0.2,,,-1.0,1.0,-0.2,,-0.6,,,,,0.0,,,,,0.2,0.8,,1.0,-1.0,-0.2,0.2,1.0,,,,,,,,,-0.2,,1.0,,1.0,0.2,-1.0,,0.2,,-0.2,,,,
Garret2020,gpt_oss_120b_init,human_ai_hybrid,GPT-OSS-120B Initial Dual-Pass Unified Synthesis,2020.0,empirical,17.0,11.0,0.14,0.6,-0.2,0.327,-0.1,0.714,0.62,0.349,0.3,0.173,1.0,0.0,,-0.6,0.0,-0.2,0.6,0.8,,0.2,0.8,-0.6,-0.6,1.0,0.2,,,,,-0.6,,,,,,-0.2,,,,,,,-0.2,,1.0,,-1.0,-0.2,,0.0,1.0,,,0.8,,,0.8,,,0.5,0.2,0.6,0.2,0.2,,,,,,,,,1.0,,,,,,,1.0,,,,
Greedy2022,gpt_oss_120b_init,human_ai_hybrid,GPT-OSS-120B Initial Dual-Pass Unified Synthesis,2022.0,computational,9.0,11.0,-0.2,0.566,-0.333,0.471,0.3,0.356,-0.267,0.525,0.067,0.68,0.16,0.557,,,,-1.0,,,0.2,,0.2,,,,,,-1.0,,,,,,0.0,0.0,,,0.8,0.1,,,,0.0,,,,,,,,0.0,,,0.2,-1.0,,,,,,,,-0.6,,,,-0.2,,1.0,,,,,0.8,0.8,,,-0.6,,,0.0,,-0.2,,
Hertag2020,gpt_oss_120b_init,human_ai_hybrid,GPT-OSS-120B Initial Dual-Pass Unified Synthesis,2020.0,computational,20.0,19.0,0.46,0.676,0.267,0.411,0.114,0.584,0.53,0.49,0.0,0.593,0.35,0.384,0.8,-0.6,0.8,0.2,,0.8,-1.0,,1.0,0.6,1.0,1.0,0.8,,,,,0.2,-0.2,,,,,,0.2,,,0.2,,-1.0,,1.0,0.0,0.6,,-0.2,0.8,-0.6,0.8,,1.0,0.1,,0.2,1.0,0.6,0.4,1.0,0.8,,-0.2,,,-1.0,,,0.2,,,0.2,,0.0,0.2,,,,1.0,0.2,,,,
Jiang&Rao2024,gpt_oss_120b_init,human_ai_hybrid,GPT-OSS-120B Initial Dual-Pass Unified Synthesis,2024.0,computational,17.0,16.0,0.26,0.528,0.32,0.56,-0.071,0.738,0.317,0.801,0.32,0.614,0.44,0.388,,,0.0,-0.6,,0.8,,,,0.8,,0.3,1.0,,,,-0.2,,0.0,,1.0,-0.2,,,0.0,0.8,0.7,,,,,,0.6,-1.0,-0.6,-1.0,,,1.0,,-0.6,0.9,,,,0.8,-1.0,0.8,1.0,-0.6,1.0,,,,0.2,,,,,0.0,,0.8,0.8,,-0.2,0.6,,,,,,0.2
Keller2012,gpt_oss_120b_init,human_ai_hybrid,GPT-OSS-120B Initial Dual-Pass Unified Synthesis,2012.0,empirical,15.0,17.0,0.15,0.805,0.04,0.898,0.3,0.608,-0.167,0.657,0.8,0.283,0.0,0.816,-1.0,,,,,0.8,,,,,-0.2,1.0,1.0,,,0.2,,1.0,,,,,-1.0,-1.0,0.0,1.0,-0.6,1.0,,,-0.2,0.6,,,,,,,-0.6,,-0.6,0.8,,,-0.2,,-1.0,0.6,1.0,0.2,,,0.6,1.0,1.0,,1.0,0.6,1.0,,,,1.0,,,,,,-1.0,0.0,,
Keller2018,gpt_oss_120b_init,human_ai_hybrid,GPT-OSS-120B Initial Dual-Pass Unified Synthesis,2018.0,theoretical,18.0,17.0,0.4,0.424,0.24,0.742,0.1,0.577,0.78,0.204,0.24,0.65,0.314,0.683,0.4,,-0.2,,,0.4,,,,,,1.0,1.0,,,-1.0,,1.0,,0.0,0.2,,,,-0.1,0.8,,,-1.0,0.0,0.8,0.2,-0.6,0.2,,0.6,0.8,,,,,0.5,,,0.6,1.0,,1.0,1.0,,,0.0,,1.0,-0.2,,,,,-0.6,0.8,0.8,,-1.0,,-0.2,0.8,1.0,,0.0,,
Kiebel2008,gpt_oss_120b_init,human_ai_hybrid,GPT-OSS-120B Initial Dual-Pass Unified Synthesis,2008.0,computational,14.0,20.0,0.314,0.5,0.6,0.566,0.125,0.295,0.48,0.319,0.533,0.585,0.067,0.618,0.2,,0.0,,0.2,0.8,-0.6,,,1.0,,0.6,1.0,,,,-0.2,,,,,1.0,,,,0.1,0.6,,,,,0.0,,,,-0.2,,,,,0.2,0.1,,,,0.5,0.6,1.0,1.0,,-0.6,,0.2,,0.6,1.0,,1.0,,,0.2,0.8,-0.2,,-0.2,-1.0,0.6,,0.0,-0.6,,1.0
LaoRodriguez2023,gpt_oss_120b_init,human_ai_hybrid,GPT-OSS-120B Initial Dual-Pass Unified Synthesis,2023.0,empirical,22.0,14.0,0.075,0.755,0.212,0.333,0.45,0.516,0.057,0.699,0.05,0.433,-0.333,0.471,,-0.6,,-0.6,-0.4,0.6,,1.0,,0.6,-1.0,1.0,0.8,,0.2,0.0,,-0.2,-0.2,0.2,0.6,,,0.3,-0.2,1.0,,-0.2,,,1.0,0.8,,,,0.3,,,,-1.0,-0.6,,0.0,1.0,-0.2,1.0,,0.2,,,-0.6,0.0,,,,,0.2,0.6,,,,-1.0,0.0,,0.0,,,,,,,
LeeMejias2025,gpt_oss_120b_init,human_ai_hybrid,GPT-OSS-120B Initial Dual-Pass Unified Synthesis,2025.0,computational,17.0,15.0,0.24,0.51,0.48,0.546,0.55,0.45,0.571,0.243,0.217,0.543,0.5,0.3,0.8,0.3,0.6,-0.5,0.0,0.4,,-0.2,0.8,,-0.6,0.8,0.8,,,,-0.6,0.8,0.8,,,,0.6,,0.1,,,,,1.0,,,,,,,0.1,0.5,0.6,,,0.8,,0.4,0.8,,,0.8,-0.1,,,,-0.2,0.8,0.8,,,-0.6,0.6,,0.8,,,,,0.2,,,,,,
Mikulasch2023,gpt_oss_120b_init,human_ai_hybrid,GPT-OSS-120B Initial Dual-Pass Unified Synthesis,2023.0,theoretical,19.0,20.0,0.337,0.35,-0.229,0.592,-0.175,0.531,0.262,0.517,-0.322,0.557,0.333,0.34,0.6,0.1,0.6,0.6,,-0.2,,,0.6,-0.2,,0.6,-0.8,,,0.2,-0.1,0.8,,,0.0,-1.0,-0.7,,0.7,,,,,,-0.6,,-0.6,-0.2,,,0.6,0.3,0.4,,,0.6,-1.0,,0.6,0.0,,0.6,-0.8,0.2,,-0.6,-0.8,0.8,,-0.6,,-1.0,0.1,-0.2,0.8,,0.0,,,,,,,,,0.2
Nejad2025,gpt_oss_120b_init,human_ai_hybrid,GPT-OSS-120B Initial Dual-Pass Unified Synthesis,2025.0,computational,14.0,14.0,0.317,0.699,0.35,0.456,0.15,0.572,0.287,0.619,0.475,0.342,0.05,0.65,,-1.0,,,1.0,0.7,,0.6,,-0.2,,0.8,0.8,,,,,0.8,,,0.0,,-0.2,,0.8,,,-0.6,-0.2,,,,,0.6,,,,-1.0,,,0.2,0.8,0.2,,1.0,1.0,0.0,0.1,0.8,,,,,0.8,,,,,0.3,0.0,0.7,-0.6,,,,,,,,,,
Payeur2021,gpt_oss_120b_init,human_ai_hybrid,GPT-OSS-120B Initial Dual-Pass Unified Synthesis,2021.0,computational,11.0,13.0,0.0,0.712,0.2,0.566,-0.64,0.367,0.15,0.281,0.8,0.2,0.2,0.335,0.6,,0.4,,,,,,,,-1.0,,1.0,,,,,,,,,-0.2,,-0.2,-0.6,-1.0,,,,,,-1.0,-0.6,,0.0,,0.6,,0.3,,,,-0.2,,-0.2,,0.2,0.2,,,,0.6,,,,,,,,1.0,,,0.6,,0.0,0.0,0.6,,-0.2,,,
Rao&Ballard1999,gpt_oss_120b_init,human_ai_hybrid,GPT-OSS-120B Initial Dual-Pass Unified Synthesis,1999.0,computational,12.0,17.0,0.533,0.34,1.0,0.0,0.367,0.616,0.4,0.825,0.443,0.68,0.25,0.475,,,,,0.2,0.4,,,,1.0,,,1.0,,,,,1.0,,,,,1.0,,1.0,1.0,0.8,,,-0.2,-0.6,,,,0.2,,,1.0,,-1.0,,1.0,,0.6,,,,,1.0,0.0,,,1.0,0.5,,0.6,,,1.0,-1.0,0.0,0.8,0.1,1.0,,-0.2,,,,,,-0.2
Rao2024,gpt_oss_120b_init,human_ai_hybrid,GPT-OSS-120B Initial Dual-Pass Unified Synthesis,2024.0,theoretical,14.0,14.0,0.133,0.573,0.633,0.309,0.588,0.369,0.08,0.371,0.02,0.601,0.9,0.1,,-0.6,,,,0.8,,,0.2,,,,0.8,,,0.2,,,,,,,0.9,,1.0,1.0,0.8,,,,0.3,0.6,0.6,0.6,-0.2,,0.0,,-0.2,,,0.8,,-0.2,,0.0,,,0.8,-1.0,,-0.2,,0.2,,,,,0.3,,1.0,1.0,0.8,,,,0.8,,,,,
Sacramento2018,gpt_oss_120b_init,human_ai_hybrid,GPT-OSS-120B Initial Dual-Pass Unified Synthesis,2018.0,computational,12.0,15.0,0.44,0.388,0.46,0.535,-0.55,0.45,0.1,0.616,0.675,0.238,-0.267,0.772,1.0,,,,0.2,0.8,,,,,0.0,0.2,0.7,,-0.6,0.6,,0.8,,,,,0.8,,-0.1,,,,,,,,-1.0,,,,1.0,,,-0.2,0.6,0.8,0.0,-0.2,-0.2,,,-1.0,0.5,,,,,0.4,,,1.0,,0.8,,0.8,-1.0,,,,,,,,-0.6,,
Spratling2008,gpt_oss_120b_init,human_ai_hybrid,GPT-OSS-120B Initial Dual-Pass Unified Synthesis,2008.0,computational,10.0,12.0,-0.133,0.618,0.4,0.712,-0.05,0.953,0.225,0.521,0.4,0.438,0.3,0.648,,,,,,0.2,,,-1.0,0.4,,,1.0,,,,,,-0.6,,,,0.8,,,0.8,,,,-1.0,,-1.0,,,1.0,,,-0.6,,,,0.5,,,,0.8,,0.2,1.0,,,,0.2,,-0.2,,0.2,,0.8,,,0.9,,,,,0.6,,,-0.6,,
Spratling2010,gpt_oss_120b_init,human_ai_hybrid,GPT-OSS-120B Initial Dual-Pass Unified Synthesis,2010.0,computational,13.0,17.0,0.2,0.864,0.533,0.525,0.086,0.594,-0.333,0.471,0.378,0.797,-0.16,0.445,,,,,,1.0,-1.0,,,0.6,,,1.0,,,,,,,,,,0.8,-0.2,1.0,,-1.0,0.6,0.2,-0.2,,0.2,,,-0.2,,0.0,,,,-1.0,0.0,,,,,,,1.0,1.0,-1.0,1.0,,1.0,,-1.0,,0.0,0.8,0.6,,-1.0,0.2,,,,,,0.0,-0.2,0.2,
Srinivasan1982,gpt_oss_120b_init,human_ai_hybrid,GPT-OSS-120B Initial Dual-Pass Unified Synthesis,1982.0,theoretical,15.0,9.0,0.68,0.449,0.086,0.464,-0.2,0.653,0.4,0.2,0.1,0.592,-0.867,0.189,0.8,,-0.2,1.0,,0.8,,,,1.0,,,1.0,-0.2,,-0.2,-0.2,,,-0.2,,-0.2,0.6,,0.6,,-1.0,,,-0.2,,,,,,,,,0.6,,,,,,0.2,,,,0.2,,,,,1.0,,,,,-0.6,-0.2,,,,,-1.0,-0.6,-1.0,,,,,
VanDerveer2021,gpt_oss_120b_init,human_ai_hybrid,GPT-OSS-120B Initial Dual-Pass Unified Synthesis,2021.0,empirical,11.0,12.0,0.183,0.484,-0.2,0.864,0.05,0.05,0.05,0.712,-0.28,0.688,0.133,0.66,0.6,-0.4,,0.2,,1.0,,-0.1,,,,-0.2,,1.0,,,,,,,,,-1.0,-0.6,,,,0.0,,,0.1,,,,,,-1.0,0.0,,,,,,,1.0,0.2,,,-0.2,-0.6,,,1.0,,,,,-1.0,,-0.6,,,,,,,-0.6,,,,0.0,1.0
Wacongne2011,gpt_oss_120b_init,human_ai_hybrid,GPT-OSS-120B Initial Dual-Pass Unified Synthesis,2011.0,empirical,16.0,14.0,0.2,0.583,0.2,0.771,0.3,0.473,0.033,0.912,-0.2,0.283,0.16,0.662,,,,-0.6,,0.4,,,0.0,,,1.0,1.0,1.0,0.2,-0.2,,-0.6,,-1.0,,,,1.0,,0.2,0.8,-0.2,-0.2,0.9,,,,,,,-1.0,1.0,,-1.0,,0.8,,,-0.6,,,1.0,,-0.6,0.0,,,,,,,0.0,,,,0.0,0.8,,-1.0,0.8,0.2,,,,,
Wacongne2012,gpt_oss_120b_init,human_ai_hybrid,GPT-OSS-120B Initial Dual-Pass Unified Synthesis,2012.0,computational,17.0,23.0,0.2,0.875,0.85,0.138,0.15,0.497,0.475,0.574,0.37,0.452,0.16,0.344,1.0,,0.8,-0.8,-1.0,1.0,-0.6,,,,,1.0,1.0,0.9,1.0,,,0.8,0.8,0.6,,,,,0.8,-0.6,,,,,0.2,,,0.2,,,1.0,-0.6,0.8,,,1.0,0.6,-0.2,,,0.2,1.0,1.0,-0.1,0.2,,-0.2,0.8,0.8,0.0,0.2,1.0,,0.0,0.8,,0.0,-0.2,,0.0,,0.2,,,,
Westerberg&Xiong2025,gpt_oss_120b_init,human_ai_hybrid,GPT-OSS-120B Initial Dual-Pass Unified Synthesis,2025.0,empirical,16.0,19.0,-0.3,0.764,1.0,0.0,-0.067,0.854,-0.257,0.682,-0.667,0.745,-0.167,0.77,-1.0,-1.0,-0.2,0.8,,-1.0,,,,0.6,,,1.0,,,,,1.0,,1.0,,,1.0,,-0.6,0.2,1.0,,-1.0,,,1.0,-1.0,,,,-1.0,-1.0,0.6,0.0,,-1.0,,0.6,,,,0.0,-1.0,,,,-1.0,-1.0,,-1.0,,1.0,-1.0,,,-0.6,-1.0,,0.6,-1.0,,1.0,0.0,,,
Yamins2014,gpt_oss_120b_init,human_ai_hybrid,GPT-OSS-120B Initial Dual-Pass Unified Synthesis,2014.0,computational,5.0,10.0,0.3,0.3,-0.2,0.0,0.0,0.6,0.0,0.0,0.05,0.589,-0.16,0.571,,,0.0,,,,,,,0.6,,,,,,,,,,,,,-0.2,,,,,,,,,,,,0.6,-0.6,,,,,0.0,,,,,,,,1.0,,0.0,,,,,,-0.6,,-0.2,,,-1.0,0.2,,,0.6,,,,-0.6,0.0,
Attinger2017,gpt_oss_120b_repa,human_ai_hybrid,GPT-OSS-120B Replicate A Dual-Pass Unified Synthesis,2017.0,empirical,15.0,9.0,0.871,0.103,0.78,0.16,0.533,0.411,0.857,0.09,0.8,0.0,1.0,0.0,1.0,0.8,0.8,,,0.7,,,0.9,,0.9,1.0,0.9,,,0.6,,1.0,,,0.8,,0.6,,1.0,0.0,,,,,,,,0.6,,,1.0,0.8,0.8,,,0.8,,,0.8,,0.8,1.0,0.8,,,,,,,,,,,,1.0,,,,,,,,,,,
Bakhtiari2021,gpt_oss_120b_repa,human_ai_hybrid,GPT-OSS-120B Replicate A Dual-Pass Unified Synthesis,2021.0,computational,5.0,7.0,0.8,0.0,0.8,0.0,0.767,0.047,0.8,0.0,0.7,0.1,0.325,0.766,,,,,,0.8,,,,,,,0.8,,,,,,,,,,,,,0.8,0.8,,,0.7,,,,,,,,,,,,0.8,,,,,,,0.8,,,,,,,,,,,0.6,-1.0,0.8,0.8,,,0.7,,,,,,
Bastos2012,gpt_oss_120b_repa,human_ai_hybrid,GPT-OSS-120B Replicate A Dual-Pass Unified Synthesis,2012.0,theoretical,20.0,21.0,0.614,0.505,0.811,0.242,0.925,0.083,0.614,0.505,0.867,0.133,0.62,0.614,0.6,,0.8,,,0.9,,0.9,,0.9,0.8,-0.6,0.8,0.7,0.8,1.0,,1.0,,1.0,,0.8,1.0,0.2,1.0,0.9,0.8,1.0,,,,,,,,,0.6,,0.8,,-0.6,0.9,,0.9,,0.9,0.8,,1.0,0.8,0.8,1.0,,0.8,,1.0,,0.8,1.0,0.6,1.0,0.9,0.8,1.0,,,,,,,-0.6,
Bastos2020,gpt_oss_120b_repa,human_ai_hybrid,GPT-OSS-120B Replicate A Dual-Pass Unified Synthesis,2020.0,empirical,13.0,13.0,1.0,0.0,1.0,0.0,1.0,0.0,1.0,0.0,0.96,0.08,0.933,0.075,,,,,,1.0,,1.0,,,,,1.0,,,1.0,,1.0,,1.0,,,1.0,,1.0,1.0,1.0,1.0,1.0,1.0,,,,,,,,,,,,1.0,,1.0,,,,,1.0,,,1.0,,0.8,,1.0,,,1.0,,1.0,0.9,0.8,1.0,0.9,1.0,,,,,,
Bekinschtein2009,gpt_oss_120b_repa,human_ai_hybrid,GPT-OSS-120B Replicate A Dual-Pass Unified Synthesis,2009.0,empirical,10.0,9.0,0.55,0.384,0.75,0.328,0.75,0.25,0.533,0.525,0.967,0.047,0.333,0.806,,,,0.4,0.0,0.8,,,,,,1.0,1.0,,,,,,,,0.8,1.0,0.2,,,,0.5,,,,,,,,,1.0,,,,,,0.8,,-0.2,,,,1.0,1.0,,,,,,,,0.9,1.0,,,,,0.8,,,1.0,,,,,,-0.8
Chao2018,gpt_oss_120b_repa,human_ai_hybrid,GPT-OSS-120B Replicate A Dual-Pass Unified Synthesis,2018.0,empirical,9.0,10.0,0.8,0.0,0.88,0.098,0.95,0.05,0.833,0.17,0.96,0.08,0.95,0.05,,,,,,0.8,,0.8,,,,,1.0,,,0.8,,,,,1.0,0.8,0.8,,,,1.0,,,0.9,,,,,,,,,,,,0.6,1.0,0.9,,,,,1.0,,,1.0,,,,,1.0,0.8,1.0,,,,1.0,,,0.9,,,,,,
Friston2010,gpt_oss_120b_repa,human_ai_hybrid,GPT-OSS-120B Replicate A Dual-Pass Unified Synthesis,2010.0,theoretical,8.0,7.0,0.733,0.094,0.967,0.047,0.85,0.05,0.6,0.2,0.9,0.141,0.9,0.0,,,,,0.6,0.8,,,,0.8,,,0.9,,,,1.0,,,,,,1.0,,0.8,0.9,,,,,,,,,,,,,,,,0.8,,,,0.4,,,0.7,,,,1.0,,,,,,1.0,,0.9,0.9,,,,,,,,,,
Furutachi2024,gpt_oss_120b_repa,human_ai_hybrid,GPT-OSS-120B Replicate A Dual-Pass Unified Synthesis,2024.0,empirical,8.0,8.0,0.76,0.332,0.3,0.638,0.0,0.0,0.86,0.049,0.95,0.05,-1.0,0.0,0.9,,0.1,,,,0.9,,1.0,,,0.9,0.7,,,,,,,-0.6,,,,0.8,,,,,,,,,,,,,0.9,,0.8,,,,0.9,,0.8,,,0.9,0.9,,,,,,,,,,,1.0,,,,,,,,,-1.0,,,
Garret2020,gpt_oss_120b_repa,human_ai_hybrid,GPT-OSS-120B Replicate A Dual-Pass Unified Synthesis,2020.0,empirical,5.0,6.0,0.833,0.094,0.7,0.1,0.0,0.0,0.8,0.122,0.25,0.25,0.0,0.0,,,,,,0.7,,,0.9,,,0.9,0.8,,,0.6,,,,,,,,,,,,,,,,,,,,,,,,,,0.8,0.6,,0.9,,,0.9,0.5,,,,,,,,,,,0.0,,,,,,,,,,,,
Greedy2022,gpt_oss_120b_repa,human_ai_hybrid,GPT-OSS-120B Replicate A Dual-Pass Unified Synthesis,2022.0,computational,6.0,4.0,0.0,0.0,0.8,0.0,0.725,0.164,0.0,0.0,0.4,0.4,0.7,0.1,,,0.0,,,,,,,,,,,,,,,,,,,,0.8,,0.7,0.6,0.6,,,,,,1.0,,,,,,,,,,,,,,,,,,0.0,,,,,,,,0.8,,0.6,0.8,,,,,,,,,,
Hertag2020,gpt_oss_120b_repa,human_ai_hybrid,GPT-OSS-120B Replicate A Dual-Pass Unified Synthesis,2020.0,computational,11.0,10.0,0.814,0.264,0.175,0.39,0.0,0.0,0.829,0.266,0.55,0.15,0.6,0.0,0.9,0.2,0.8,,,0.8,,,1.0,,1.0,1.0,0.7,,,-0.2,,,,,,-0.2,0.4,,,,,,,,,,,,,,0.9,0.2,0.8,,,0.9,,,1.0,,1.0,1.0,0.7,,,,,,,,,,0.4,,,,,,,,,,,0.6,,
Jiang&Rao2024,gpt_oss_120b_repa,human_ai_hybrid,GPT-OSS-120B Replicate A Dual-Pass Unified Synthesis,2024.0,computational,11.0,10.0,0.775,0.043,0.8,0.0,0.725,0.083,0.8,0.0,0.867,0.094,0.75,0.087,,,,0.8,,0.8,,,,0.8,,0.7,0.8,,,,0.8,,,,,,0.8,,,0.7,0.8,,,0.8,,0.6,,,,,,,,,,0.8,,,,0.8,,0.8,1.0,,,,0.8,,,,,,0.8,,,0.8,0.8,,,0.8,,0.6,,,,
Keller2012,gpt_oss_120b_repa,human_ai_hybrid,GPT-OSS-120B Replicate A Dual-Pass Unified Synthesis,2012.0,empirical,7.0,7.0,0.85,0.05,0.7,0.082,0.6,0.0,0.95,0.05,0.767,0.125,0.6,0.0,,,,,,0.9,,,,,,0.8,0.8,,,,,0.7,,,,,0.6,,,,,,,,0.6,0.6,,,,,,,,,,0.9,,,,,,1.0,0.8,,,,,0.9,,,,,0.6,,,,,,,,0.6,0.6,,,,
Keller2018,gpt_oss_120b_repa,human_ai_hybrid,GPT-OSS-120B Replicate A Dual-Pass Unified Synthesis,2018.0,theoretical,17.0,16.0,0.586,0.503,0.74,0.28,0.44,0.625,0.75,0.161,0.7,0.268,0.46,0.631,0.8,,,0.8,-0.6,0.9,,,,0.6,0.6,1.0,1.0,,,,0.8,0.9,,,,,0.8,0.2,0.8,0.6,,,,,0.8,0.8,,,,-0.8,0.8,,,,,0.9,0.6,,,0.6,0.6,1.0,1.0,,,,0.8,0.7,,,,,0.8,0.2,0.8,0.7,,,,,0.8,0.8,,,,-0.8
Kiebel2008,gpt_oss_120b_repa,human_ai_hybrid,GPT-OSS-120B Replicate A Dual-Pass Unified Synthesis,2008.0,computational,11.0,11.0,0.833,0.125,0.9,0.1,0.3,0.5,0.867,0.125,0.9,0.1,0.525,0.311,,,,,,0.8,,,,1.0,,0.7,1.0,,,,0.8,,,,,1.0,0.8,,,0.8,,,,0.8,-0.2,,,-0.2,,,,,,,,0.7,,,,1.0,,0.9,1.0,,,,0.8,,,,,1.0,0.8,,,0.7,,,,0.8,0.6,0.0,,,,
LaoRodriguez2023,gpt_oss_120b_repa,human_ai_hybrid,GPT-OSS-120B Replicate A Dual-Pass Unified Synthesis,2023.0,empirical,9.0,6.0,0.08,0.614,0.8,0.0,0.8,0.0,1.0,0.0,0.5,0.3,0.733,0.094,,,-0.6,-0.2,-0.4,0.6,,,,,,1.0,0.8,,,,,,,,,,,0.8,,,,,,,,0.8,,,,0.8,,,,,,,,,,,,1.0,0.8,,,0.2,,,,,,,,,,,0.6,,,,,0.8,,,,0.8
LeeMejias2025,gpt_oss_120b_repa,human_ai_hybrid,GPT-OSS-120B Replicate A Dual-Pass Unified Synthesis,2025.0,computational,15.0,14.0,0.511,0.461,0.65,0.087,0.5,0.3,0.467,0.478,0.75,0.087,0.8,0.0,0.8,0.8,0.6,-0.6,,0.7,,0.7,0.8,,0.0,0.8,0.8,,,,,0.6,0.6,,,,0.6,,0.8,,,,,,,0.2,,,,,0.8,0.8,0.6,-0.6,,0.6,,0.7,0.7,-0.2,,0.8,0.8,,,,,0.8,0.8,,,,0.6,,0.8,,,,,,,,,,,
Mikulasch2023,gpt_oss_120b_repa,human_ai_hybrid,GPT-OSS-120B Replicate A Dual-Pass Unified Synthesis,2023.0,theoretical,11.0,11.0,0.7,0.153,-0.35,0.669,0.8,0.0,0.7,0.153,-0.4,0.693,0.7,0.0,0.6,0.8,0.6,,,1.0,,,0.6,,,0.6,-0.8,,,,-0.8,0.8,,,,,-0.6,,0.8,,,,,,,,,,,,1.0,0.8,0.6,,,0.6,,,0.6,,,0.6,-0.8,,,,-0.8,0.8,,,,,-0.8,,0.7,,,,,,,,,,,
Nejad2025,gpt_oss_120b_repa,human_ai_hybrid,GPT-OSS-120B Replicate A Dual-Pass Unified Synthesis,2025.0,computational,7.0,8.0,0.733,0.094,0.667,0.094,0.8,0.0,0.7,0.1,0.8,0.141,0.5,0.3,,,,,,0.8,,,,,0.6,0.8,0.8,,,,,0.6,,,,,0.6,,0.8,,,,,,,,,,,,,,,,,0.6,,,,,,0.8,0.8,,,,,0.8,1.0,,,,0.6,,0.8,,,,,,,0.2,,,,
Payeur2021,gpt_oss_120b_repa,human_ai_hybrid,GPT-OSS-120B Replicate A Dual-Pass Unified Synthesis,2021.0,computational,3.0,3.0,0.2,0.0,0.0,0.0,0.8,0.0,0.6,0.4,0.0,0.0,0.8,0.0,0.2,,0.2,,,,,,,,,,,,,,,,,,,,,,0.8,,,,,,,,,,,,1.0,,0.2,,,,,,,,,,,,,,,,,,,,,,0.8,,,,,,,,,,,
Rao&Ballard1999,gpt_oss_120b_repa,human_ai_hybrid,GPT-OSS-120B Replicate A Dual-Pass Unified Synthesis,1999.0,computational,10.0,8.0,1.0,0.0,0.95,0.087,0.8,0.163,1.0,0.0,0.867,0.189,0.65,0.497,1.0,,,,,1.0,,,,1.0,,,0.8,,,,1.0,1.0,,,,,1.0,,0.6,1.0,0.8,,,,,,,,,,,,,,,1.0,,,,,,,0.6,,,,,1.0,,,,,1.0,,1.0,1.0,0.8,,,,,,,,,-0.2
Rao2024,gpt_oss_120b_repa,human_ai_hybrid,GPT-OSS-120B Replicate A Dual-Pass Unified Synthesis,2024.0,theoretical,12.0,8.0,0.7,0.1,0.925,0.083,0.717,0.418,0.8,0.0,0.6,0.283,0.8,0.2,0.8,,,,,0.6,,,,,,,0.9,,,,1.0,1.0,,,,,0.8,,1.0,0.8,0.8,,,1.0,0.9,,,-0.2,,,,,,,,0.8,,,,,,,0.8,,,,,,,0.2,,,0.8,,1.0,1.0,0.6,,,,0.6,,,,,
Sacramento2018,gpt_oss_120b_repa,human_ai_hybrid,GPT-OSS-120B Replicate A Dual-Pass Unified Synthesis,2018.0,computational,10.0,8.0,0.8,0.0,0.18,0.5,0.8,0.163,0.9,0.1,0.36,0.571,0.8,0.0,0.8,,,,,0.8,,,,,,,-0.1,,,,-0.6,0.8,,0.2,,,0.6,,0.8,,,,,,,,,,1.0,0.6,1.0,,,,,0.8,,,,,,,0.8,,,,,0.8,,,,-0.6,0.8,0.0,0.8,,,,,,,,,,,
Spratling2008,gpt_oss_120b_repa,human_ai_hybrid,GPT-OSS-120B Replicate A Dual-Pass Unified Synthesis,2008.0,computational,10.0,7.0,0.88,0.16,0.867,0.189,0.2,0.4,0.7,0.1,0.333,0.68,0.8,0.2,1.0,1.0,,,0.6,1.0,,,,0.8,,,1.0,,,,1.0,,,,,,0.6,,,0.6,,,,,-0.2,,,,,,,,,,,0.6,,,,0.8,,,1.0,,,-0.6,,,,,,,0.6,,1.0,0.6,,,,,,,,,,
Spratling2010,gpt_oss_120b_repa,human_ai_hybrid,GPT-OSS-120B Replicate A Dual-Pass Unified Synthesis,2010.0,computational,5.0,7.0,0.667,0.34,0.9,0.1,0.0,0.0,0.76,0.196,0.7,0.1,0.0,0.0,,1.0,,,,0.8,,,,,,0.2,1.0,,,,,,,,,,0.8,,,,,,,,,,,,,,0.6,,1.0,,,1.0,0.6,,0.6,,,,0.6,,,,,,,,,,0.8,,,,,,,,,,,,,
Srinivasan1982,gpt_oss_120b_repa,human_ai_hybrid,GPT-OSS-120B Replicate A Dual-Pass Unified Synthesis,1982.0,theoretical,8.0,2.0,0.85,0.087,1.0,0.0,0.5,0.5,0.0,1.0,0.0,0.0,0.0,0.0,0.8,,0.8,,,0.8,,,,1.0,,,1.0,,,,,,,,,,1.0,,,,,,,1.0,,,,,,0.0,,,,,-1.0,,1.0,,,,,,,,,,,,,,,,,,,,,,,,,,,,,
VanDerveer2021,gpt_oss_120b_repa,human_ai_hybrid,GPT-OSS-120B Replicate A Dual-Pass Unified Synthesis,2021.0,empirical,7.0,4.0,0.417,0.393,0.0,0.0,0.8,0.0,0.65,0.087,0.0,0.0,0.0,0.0,0.6,-0.4,0.6,0.6,,0.3,,0.8,,,,,,,,,,,,,,,,,,,,,,,0.8,,,,,,0.6,,0.6,,,0.6,,0.8,,,,,,,,,,,,,,,,,,,,,,,,,,,,
Wacongne2011,gpt_oss_120b_repa,human_ai_hybrid,GPT-OSS-120B Replicate A Dual-Pass Unified Synthesis,2011.0,empirical,8.0,7.0,0.0,0.906,0.9,0.1,0.8,0.0,0.8,0.0,0.8,0.163,0.75,0.05,,,,-0.8,-1.0,0.8,,,,,,1.0,1.0,,,,,,,,0.8,,,,,,0.8,,,0.8,,,,,,,,,,,,0.8,,,,,,0.8,1.0,,,,,,,0.6,0.8,,,,,,0.7,,,0.8,,,,,,
Wacongne2012,gpt_oss_120b_repa,human_ai_hybrid,GPT-OSS-120B Replicate A Dual-Pass Unified Synthesis,2012.0,computational,14.0,12.0,0.317,0.932,0.833,0.075,0.95,0.05,0.74,0.377,0.833,0.075,0.9,0.0,1.0,,0.9,-1.0,-1.0,1.0,,,,,,1.0,0.8,0.8,1.0,,,0.8,0.8,,,,0.8,,0.9,,,,,,,,,1.0,,,1.0,,0.9,,0.0,1.0,,,,,,0.8,1.0,0.8,0.8,,,0.8,0.8,,,,0.8,,0.9,,,,,,,,,,,
Westerberg&Xiong2025,gpt_oss_120b_repa,human_ai_hybrid,GPT-OSS-120B Replicate A Dual-Pass Unified Synthesis,2025.0,empirical,19.0,16.0,-0.58,0.744,-0.333,0.471,-0.4,0.656,-0.95,0.087,-0.967,0.075,-0.633,0.734,-1.0,-1.0,-1.0,0.9,,-0.8,,,,,,,0.0,,,,,0.0,,0.0,-1.0,-1.0,0.0,,-1.0,-1.0,0.0,,-1.0,-1.0,,0.8,0.2,,-0.2,,-0.8,-1.0,-1.0,,,-1.0,,,,,,,-0.8,,,,,-1.0,,-1.0,-1.0,-1.0,-1.0,,-1.0,-1.0,-1.0,,-1.0,-0.8,,1.0,,,,
Yamins2014,gpt_oss_120b_repa,human_ai_hybrid,GPT-OSS-120B Replicate A Dual-Pass Unified Synthesis,2014.0,computational,5.0,5.0,0.8,0.0,0.8,0.0,0.5,0.3,0.6,0.0,0.3,0.3,0.8,0.0,0.8,,,,,0.8,,,,,,,0.8,,,,,,,,,,,,0.8,,,,,,,0.2,,,,,0.6,,,,,,,,,,,,0.6,,,,,,,,0.0,,,,0.8,,,,,,,0.8,,,,
Attinger2017,gpt_oss_120b_repb,human_ai_hybrid,GPT-OSS-120B Replicate B Dual-Pass Unified Synthesis,2017.0,empirical,14.0,11.0,0.943,0.073,0.9,0.089,0.6,0.4,0.875,0.139,0.6,0.0,0.6,0.4,1.0,1.0,0.8,,,0.9,,,1.0,,0.9,1.0,0.9,,,,,1.0,1.0,,0.8,,0.8,,1.0,,,,,0.2,,,,,,,1.0,1.0,0.8,1.0,,0.8,,,0.8,,0.6,1.0,0.6,,,,,,,,,,,,1.0,,,,,,,,,0.2,,
Bakhtiari2021,gpt_oss_120b_repb,human_ai_hybrid,GPT-OSS-120B Replicate B Dual-Pass Unified Synthesis,2021.0,computational,10.0,7.0,0.65,0.296,0.667,0.34,0.767,0.047,0.8,0.0,0.65,0.05,0.725,0.083,,,1.0,0.6,,0.8,0.2,,,,,,0.8,,0.2,,,,,,,,,1.0,,0.8,0.8,,,0.7,,,,,,,,,,,,0.8,,,,,,,0.7,,,0.6,,,,,,,,,,0.8,0.8,,,0.7,,,0.6,,,
Bastos2012,gpt_oss_120b_repb,human_ai_hybrid,GPT-OSS-120B Replicate B Dual-Pass Unified Synthesis,2012.0,theoretical,19.0,20.0,0.817,0.107,0.811,0.152,0.875,0.083,0.833,0.125,0.88,0.183,0.925,0.083,0.6,,0.8,,,0.9,,0.9,,0.9,0.8,,0.8,0.8,0.7,1.0,,1.0,,0.6,,0.8,1.0,0.6,0.8,0.9,0.8,1.0,,,,,,,,,0.6,,0.8,,,0.9,,0.9,,1.0,0.8,,1.0,0.8,0.8,1.0,1.0,1.0,,1.0,,0.8,1.0,0.4,1.0,0.9,0.8,1.0,,,,,,,,
Bastos2020,gpt_oss_120b_repb,human_ai_hybrid,GPT-OSS-120B Replicate B Dual-Pass Unified Synthesis,2020.0,empirical,14.0,14.0,0.733,0.189,1.0,0.0,1.0,0.0,0.9,0.1,1.0,0.0,0.914,0.136,,,0.6,,,0.6,,1.0,,,,,1.0,,,1.0,,1.0,,1.0,,,1.0,,1.0,1.0,1.0,1.0,1.0,1.0,,,,,,,,,,,,0.8,,1.0,,,,,1.0,,,1.0,,1.0,,1.0,,,1.0,,1.0,0.9,1.0,1.0,0.9,1.0,,,,,0.6,
Bekinschtein2009,gpt_oss_120b_repb,human_ai_hybrid,GPT-OSS-120B Replicate B Dual-Pass Unified Synthesis,2009.0,empirical,10.0,10.0,0.55,0.384,0.833,0.125,0.7,0.216,0.55,0.357,0.9,0.141,0.267,0.899,,,,0.4,0.0,0.8,,,,,,1.0,0.8,,,,,,,,0.7,1.0,,,,,0.5,,,,,,0.6,,,1.0,,,0.2,,,0.8,,,,0.2,,1.0,1.0,,,,,,,,0.7,1.0,,,,,0.8,,,1.0,,,,,,-1.0
Chao2018,gpt_oss_120b_repb,human_ai_hybrid,GPT-OSS-120B Replicate B Dual-Pass Unified Synthesis,2018.0,empirical,12.0,11.0,0.633,0.309,0.96,0.08,0.875,0.164,0.767,0.125,0.96,0.08,0.967,0.047,,,,,,0.8,,0.9,0.2,,,,1.0,,,1.0,,,,,1.0,0.8,1.0,,,,0.6,,,0.9,1.0,1.0,,,,,,,,0.6,,0.8,,0.9,,,,,1.0,,,1.0,,,,,1.0,0.8,1.0,,,,1.0,,,0.9,1.0,,,,,
Friston2010,gpt_oss_120b_repb,human_ai_hybrid,GPT-OSS-120B Replicate B Dual-Pass Unified Synthesis,2010.0,theoretical,8.0,10.0,0.9,0.1,0.9,0.082,0.967,0.047,0.8,0.0,0.82,0.183,0.8,0.141,,,,,,0.8,,,,1.0,,,0.9,,,,1.0,,,,,,0.8,,0.9,1.0,,,,,,,,,1.0,,,,,,,0.8,,,,0.8,,,0.9,0.6,,,1.0,,,,0.6,,1.0,,0.9,0.9,,,,,0.6,,,,,
Furutachi2024,gpt_oss_120b_repb,human_ai_hybrid,GPT-OSS-120B Replicate B Dual-Pass Unified Synthesis,2024.0,empirical,8.0,9.0,0.92,0.075,0.7,0.356,0.0,0.0,0.967,0.047,0.95,0.05,0.6,0.0,0.9,,0.8,,,,0.9,,1.0,,,1.0,0.9,,,,,,,0.2,,,,1.0,,,,,,,,,,,,,1.0,,1.0,,,,0.9,,1.0,1.0,,0.9,0.9,,,,,,,,,,,1.0,,,,,,,,,,,,0.6
Garret2020,gpt_oss_120b_repb,human_ai_hybrid,GPT-OSS-120B Replicate B Dual-Pass Unified Synthesis,2020.0,empirical,5.0,9.0,0.9,0.071,0.8,0.0,0.0,0.0,0.571,0.333,0.8,0.0,0.2,0.0,,,,,1.0,0.8,,,0.9,,,0.9,0.8,,,,,,,,,,,,,,,,,,,,,,,,,1.0,,,0.2,0.8,,,0.7,0.2,0.2,0.9,0.8,,,,,,,,,,,,,0.2,,,,,,,,,,
Greedy2022,gpt_oss_120b_repb,human_ai_hybrid,GPT-OSS-120B Replicate B Dual-Pass Unified Synthesis,2022.0,computational,5.0,4.0,1.0,0.0,0.8,0.2,0.75,0.05,1.0,0.0,0.8,0.0,0.75,0.05,,,,,,,,,,,,1.0,0.6,,,,,,,,,,1.0,,0.7,0.8,,,,,,,,,,,,,1.0,,,,,,,,,,,,,,,,,,,,0.8,,0.7,0.8,,,,,,,,,,
Hertag2020,gpt_oss_120b_repb,human_ai_hybrid,GPT-OSS-120B Replicate B Dual-Pass Unified Synthesis,2020.0,computational,10.0,11.0,0.8,0.267,0.567,0.125,0.0,0.0,0.8,0.256,0.7,0.245,1.0,0.0,0.9,0.2,0.8,,,0.7,,,1.0,,1.0,1.0,0.7,,,,,0.6,,,,,0.4,,,,,,,,,,,,,,0.9,0.2,0.8,,,0.9,,,0.8,,1.0,1.0,0.7,,,,,,,,1.0,,0.4,,,,,,,1.0,,,,,,
Jiang&Rao2024,gpt_oss_120b_repb,human_ai_hybrid,GPT-OSS-120B Replicate B Dual-Pass Unified Synthesis,2024.0,computational,11.0,10.0,0.8,0.0,0.8,0.163,0.75,0.087,0.733,0.047,0.933,0.094,0.775,0.109,,,,0.8,,0.8,,,,0.8,,0.8,1.0,,,,0.8,,,,,,0.6,,,0.8,0.8,,,0.8,,0.6,,,,,,,,,,0.7,,,,0.8,,0.7,1.0,,,,0.8,,,,,,1.0,,,0.9,0.8,,,0.8,,0.6,,,,
Keller2012,gpt_oss_120b_repb,human_ai_hybrid,GPT-OSS-120B Replicate B Dual-Pass Unified Synthesis,2012.0,empirical,9.0,9.0,0.833,0.17,0.725,0.13,0.8,0.2,0.833,0.17,0.767,0.125,0.467,0.377,,,,,,0.9,,,,,0.6,1.0,0.8,,,,,0.9,,,,0.6,0.6,,,,,,,,1.0,0.6,,,,,,,,,,0.9,,,,0.6,,1.0,0.8,,,,,0.9,,,,,0.6,,,,,,,,0.2,1.0,0.2,,,
Keller2018,gpt_oss_120b_repb,human_ai_hybrid,GPT-OSS-120B Replicate B Dual-Pass Unified Synthesis,2018.0,theoretical,17.0,16.0,0.643,0.523,0.76,0.294,0.42,0.614,0.883,0.146,0.84,0.15,0.44,0.622,0.8,,,0.8,-0.6,0.9,,,,1.0,0.6,1.0,0.8,,,,0.8,1.0,,,,,1.0,0.2,0.8,0.7,,,,,0.8,0.6,,,,-0.8,0.8,,1.0,,,0.9,,,,1.0,0.6,1.0,1.0,,,,1.0,0.8,,,,,0.8,0.6,0.7,0.7,,,,,0.8,0.8,,,,-0.8
Kiebel2008,gpt_oss_120b_repb,human_ai_hybrid,GPT-OSS-120B Replicate B Dual-Pass Unified Synthesis,2008.0,computational,12.0,10.0,0.933,0.047,0.88,0.16,0.8,0.141,0.9,0.082,1.0,0.0,0.733,0.094,,,,,,0.9,,,,1.0,,0.9,1.0,,,,0.6,,,,,1.0,0.8,1.0,,0.8,,1.0,,0.8,0.6,,,,,,,,,,,0.8,,,,1.0,,0.9,1.0,,,,1.0,,,,,1.0,1.0,,,0.8,,,,0.8,0.6,,,,,
LaoRodriguez2023,gpt_oss_120b_repb,human_ai_hybrid,GPT-OSS-120B Replicate B Dual-Pass Unified Synthesis,2023.0,empirical,11.0,5.0,0.15,0.669,0.6,0.245,0.6,0.283,1.0,0.0,0.8,0.0,0.6,0.283,,,,-0.6,-0.4,0.6,,,,,,1.0,0.8,0.6,,,,,,0.2,,,,0.8,,,,,,,0.2,0.8,,,,0.8,,,,,,,,,,,,1.0,0.8,,,,,,,,,,,,0.2,,,,,,,0.8,,,,0.8
LeeMejias2025,gpt_oss_120b_repb,human_ai_hybrid,GPT-OSS-120B Replicate B Dual-Pass Unified Synthesis,2025.0,computational,13.0,13.0,0.537,0.519,0.75,0.087,0.8,0.0,0.714,0.083,0.75,0.087,0.5,0.3,0.8,0.9,0.6,-0.8,,0.5,,0.7,0.8,,,0.8,0.8,,,,,0.8,0.8,,,,0.6,,0.8,,,,,,,,,,,,0.7,0.8,0.6,,,0.7,,0.6,0.8,,,0.8,0.8,,,,,0.8,0.8,,,,0.6,,0.8,0.2,,,,,,,,,,
Mikulasch2023,gpt_oss_120b_repb,human_ai_hybrid,GPT-OSS-120B Replicate B Dual-Pass Unified Synthesis,2023.0,theoretical,13.0,14.0,0.629,0.07,-0.175,0.672,0.85,0.15,0.562,0.212,-0.4,0.693,0.75,0.15,0.6,0.8,0.6,,,0.6,,0.6,0.6,,,0.6,-0.8,,,,-0.8,0.8,,,,,0.1,,0.7,,,,,,,,,,,1.0,0.4,0.5,0.6,1.0,,0.6,,0.2,0.6,,,0.6,-0.8,,,,-0.8,0.8,,,,,-0.8,,0.9,,,0.6,,,,,,,,
Nejad2025,gpt_oss_120b_repb,human_ai_hybrid,GPT-OSS-120B Replicate B Dual-Pass Unified Synthesis,2025.0,computational,6.0,9.0,0.8,0.0,0.733,0.094,0.8,0.0,0.6,0.283,0.7,0.1,0.85,0.15,,,,,,0.8,,,,,,0.8,0.8,,,,,0.8,,,,,0.6,,0.8,,,,,,,,,,,,,,,,,0.8,,,,0.2,,0.8,0.8,,,,,0.8,,,0.6,,0.6,,0.7,,,,,,,,,,1.0,
Payeur2021,gpt_oss_120b_repb,human_ai_hybrid,GPT-OSS-120B Replicate B Dual-Pass Unified Synthesis,2021.0,computational,4.0,6.0,0.5,0.1,0.0,0.0,0.4,0.2,0.533,0.094,0.6,0.0,0.7,0.1,0.6,,0.4,,,,,,,,,,,,,,,,,,,,,,0.6,,,,0.2,,,,,,,,0.6,,0.4,,,,,0.6,,,,,0.6,,,,,,,,,,,,0.8,0.6,,,,,,,,,,
Rao&Ballard1999,gpt_oss_120b_repb,human_ai_hybrid,GPT-OSS-120B Replicate B Dual-Pass Unified Synthesis,1999.0,computational,12.0,8.0,1.0,0.0,0.92,0.16,0.85,0.166,1.0,0.0,1.0,0.0,0.85,0.166,1.0,,,,,1.0,,,,1.0,,,1.0,,,0.6,1.0,1.0,,,,,1.0,,1.0,1.0,0.8,,,,0.6,,,,,,,,,,,1.0,,,,,,,1.0,,,,,1.0,,,,,1.0,,1.0,1.0,0.8,,0.6,,,,,,,
Rao2024,gpt_oss_120b_repb,human_ai_hybrid,GPT-OSS-120B Replicate B Dual-Pass Unified Synthesis,2024.0,theoretical,12.0,9.0,0.933,0.094,0.825,0.148,0.9,0.089,0.7,0.1,0.8,0.0,0.84,0.15,1.0,,,,,0.8,,,,1.0,,,0.9,,,,0.6,1.0,,,,,0.8,,0.8,1.0,0.8,,,1.0,0.9,,,,,,,0.6,,,,0.8,,,,,,,0.8,,,,,,,,,,0.8,,1.0,1.0,0.8,0.6,,,0.8,,,,,
Sacramento2018,gpt_oss_120b_repb,human_ai_hybrid,GPT-OSS-120B Replicate B Dual-Pass Unified Synthesis,2018.0,computational,10.0,6.0,0.95,0.087,0.125,0.746,0.9,0.1,0.9,0.1,0.8,0.0,0.8,0.0,1.0,,,,,0.8,,,1.0,,1.0,,-0.1,,,,-1.0,0.8,,,,,0.8,,0.8,,1.0,,,,,,,,,,1.0,,,,,0.8,,,,,,,0.8,,,,,0.8,,,,,0.8,,0.8,,,,,,,,,,,
Spratling2008,gpt_oss_120b_repb,human_ai_hybrid,GPT-OSS-120B Replicate B Dual-Pass Unified Synthesis,2008.0,computational,10.0,6.0,0.96,0.08,0.867,0.094,0.5,0.3,0.9,0.1,0.667,0.34,0.8,0.0,1.0,1.0,,,1.0,1.0,,,,0.8,,,0.8,,,,1.0,,,,,,0.8,,,0.8,,,,,0.2,,,,,,,,,,,1.0,,,,0.8,,,1.0,,,,0.2,,,,,,0.8,,,0.8,,,,,,,,,,
Spratling2010,gpt_oss_120b_repb,human_ai_hybrid,GPT-OSS-120B Replicate B Dual-Pass Unified Synthesis,2010.0,computational,7.0,5.0,0.9,0.173,0.9,0.1,0.2,0.0,1.0,0.0,0.9,0.1,1.0,0.0,,1.0,,0.6,,1.0,,,1.0,,,,1.0,,,,,,,,,,0.8,,,,,,0.2,,,,,,,,,,,,,1.0,,,,,,,1.0,,,,,,,,,,0.8,,,1.0,,,,1.0,,,,,,
Srinivasan1982,gpt_oss_120b_repb,human_ai_hybrid,GPT-OSS-120B Replicate B Dual-Pass Unified Synthesis,1982.0,theoretical,8.0,2.0,0.96,0.049,0.867,0.189,0.0,0.0,0.6,0.0,0.0,0.0,0.6,0.0,0.9,,1.0,1.0,,0.9,,,,1.0,,,1.0,,,,,,,0.6,,,1.0,,,,,,,,,,,,,,0.6,,,,,,,,,,,,,,,,,,,,,,,,,,,,,,,,,0.6,,
VanDerveer2021,gpt_oss_120b_repb,human_ai_hybrid,GPT-OSS-120B Replicate B Dual-Pass Unified Synthesis,2021.0,empirical,8.0,5.0,0.467,0.457,0.0,0.0,0.5,0.3,0.6,0.283,1.0,0.0,0.0,0.0,0.6,-0.4,0.2,0.6,,1.0,,0.8,,,,,,,,,,,,,,,,,,,,,,0.2,0.8,,,,,,0.2,,0.6,,,0.6,,1.0,,,,,,1.0,,,,,,,,,,,,,,,,,,,,,,
Wacongne2011,gpt_oss_120b_repb,human_ai_hybrid,GPT-OSS-120B Replicate B Dual-Pass Unified Synthesis,2011.0,empirical,8.0,7.0,0.0,0.906,0.7,0.1,0.8,0.0,0.667,0.34,0.8,0.2,0.8,0.0,,,,-0.8,-1.0,0.8,,,,,,1.0,0.8,,,,,,,,0.6,,,,,,0.8,,,0.8,,,,,,,,,,,,0.8,,,,,0.2,1.0,1.0,,,,,,,,0.6,,,,,,0.8,,,0.8,,,,,,
Wacongne2012,gpt_oss_120b_repb,human_ai_hybrid,GPT-OSS-120B Replicate B Dual-Pass Unified Synthesis,2012.0,computational,15.0,14.0,0.357,0.807,0.9,0.1,0.95,0.05,0.78,0.299,0.867,0.094,0.7,0.356,1.0,0.6,0.9,-0.8,-1.0,0.8,,,,,,1.0,1.0,0.8,1.0,,,0.8,0.8,,,,1.0,,0.9,,,,,,1.0,,,,,,1.0,,0.9,,,1.0,,0.2,,,,0.8,1.0,0.8,1.0,,,0.8,0.8,,,,0.8,,0.9,,,0.2,,,,,,1.0,,
Westerberg&Xiong2025,gpt_oss_120b_repb,human_ai_hybrid,GPT-OSS-120B Replicate B Dual-Pass Unified Synthesis,2025.0,empirical,18.0,17.0,-0.35,0.92,-0.267,0.525,-0.5,0.764,-0.9,0.173,-0.714,0.554,-0.667,0.745,-1.0,-1.0,-1.0,0.9,,-1.0,,,,,1.0,,0.2,,,,,0.2,,0.0,-1.0,-1.0,0.0,,-1.0,-1.0,0.0,,-1.0,-1.0,,1.0,,,,,-1.0,-1.0,-0.6,,,-1.0,,,,,,,-1.0,,,,,-1.0,,-1.0,-0.6,-1.0,-1.0,0.6,-1.0,-1.0,-1.0,,-1.0,-1.0,,1.0,,,,
Yamins2014,gpt_oss_120b_repb,human_ai_hybrid,GPT-OSS-120B Replicate B Dual-Pass Unified Synthesis,2014.0,computational,3.0,2.0,0.4,0.2,0.0,0.0,0.6,0.0,0.0,0.0,0.2,0.0,0.0,0.0,,,,,,,,,0.2,,0.6,,,,,,,,,,,,,,,,,,,,,,,,,0.6,,,,,,,,,,,,,,,0.2,,,,,0.2,,,,,,,,,,,,,,,,
Attinger2017,gpt_oss_120b_indep,human_ai_hybrid,GPT-OSS-120B Zero-Order Independent Evaluations,2017.0,empirical,14.0,0.0,0.9,0.153,0.8,0.179,0.533,0.411,0.0,0.0,0.0,0.0,0.0,0.0,1.0,,0.8,,,0.6,,,1.0,,1.0,1.0,1.0,,,0.6,,1.0,,,0.8,,0.6,,1.0,0.0,,,,,,,,0.6,,,,,,,,,,,,,,,,,,,,,,,,,,,,,,,,,,,,,,
Bakhtiari2021,gpt_oss_120b_indep,human_ai_hybrid,GPT-OSS-120B Zero-Order Independent Evaluations,2021.0,computational,5.0,7.0,0.8,0.0,0.8,0.0,0.8,0.0,0.8,0.0,0.7,0.1,0.35,0.779,,,,,,0.8,,,,,,,0.8,,,,,,,,,,,,,0.8,0.8,,,0.8,,,,,,,,,,,,0.8,,,,,,,0.8,,,,,,,,,,,0.6,-1.0,0.8,0.8,,,0.8,,,,,,
Bastos2012,gpt_oss_120b_indep,human_ai_hybrid,GPT-OSS-120B Zero-Order Independent Evaluations,2012.0,theoretical,18.0,19.0,0.629,0.517,0.75,0.26,0.933,0.094,0.629,0.517,0.825,0.156,0.55,0.669,0.6,,0.8,,,1.0,,0.8,,1.0,0.8,-0.6,0.6,0.6,0.8,1.0,,1.0,,,,0.8,1.0,0.2,1.0,1.0,0.8,,,,,,,,,,0.6,,0.8,,-0.6,1.0,,0.8,,1.0,0.8,,1.0,0.8,0.8,1.0,,0.6,,,,0.8,1.0,0.6,1.0,1.0,0.8,,,,,,,,-0.6,
Bastos2020,gpt_oss_120b_indep,human_ai_hybrid,GPT-OSS-120B Zero-Order Independent Evaluations,2020.0,empirical,0.0,10.0,0.0,0.0,0.0,0.0,0.0,0.0,1.0,0.0,0.9,0.173,0.8,0.141,,,,,,,,,,,,,,,,,,,,,,,,,,,,,,,,,,,,,,,,,,1.0,,1.0,,,,,1.0,,,1.0,,0.6,,,,,1.0,,1.0,0.8,0.6,,0.8,,,,,,,
Bekinschtein2009,gpt_oss_120b_indep,human_ai_hybrid,GPT-OSS-120B Zero-Order Independent Evaluations,2009.0,empirical,7.0,5.0,0.0,0.0,0.667,0.34,0.7,0.3,-0.2,0.0,0.9,0.1,0.1,0.7,,,,0.0,0.0,,,,,,,,1.0,,,,,,,,0.8,,0.2,,,,0.4,,,,,,,,,1.0,,,,,,,,-0.2,,,,,1.0,,,,,,,,0.8,,,,,,0.8,,,,,,,,,-0.6
Chao2018,gpt_oss_120b_indep,human_ai_hybrid,GPT-OSS-120B Zero-Order Independent Evaluations,2018.0,empirical,8.0,9.0,0.7,0.1,0.8,0.179,0.8,0.0,0.8,0.163,0.96,0.08,0.8,0.0,,,,,,0.8,,0.6,,,,,1.0,,,0.6,,,,,1.0,0.8,0.6,,,,,,,0.8,,,,,,,,,,,,0.6,1.0,0.8,,,,,1.0,,,1.0,,,,,1.0,0.8,1.0,,,,,,,0.8,,,,,,
Friston2010,gpt_oss_120b_indep,human_ai_hybrid,GPT-OSS-120B Zero-Order Independent Evaluations,2010.0,theoretical,6.0,6.0,0.6,0.0,1.0,0.0,0.8,0.2,0.0,0.0,0.867,0.189,0.9,0.1,,,,,0.6,,,,,,,,1.0,,,,1.0,,,,,,1.0,,0.6,1.0,,,,,,,,,,,,,,,,,,,,0.0,,,0.6,,,,1.0,,,,,,1.0,,0.8,1.0,,,,,,,,,,
Furutachi2024,gpt_oss_120b_indep,human_ai_hybrid,GPT-OSS-120B Zero-Order Independent Evaluations,2024.0,empirical,8.0,7.0,0.64,0.625,0.2,0.566,0.0,0.0,0.85,0.166,1.0,0.0,-1.0,0.0,1.0,,-0.6,,,,0.8,,1.0,,,1.0,0.6,,,,,,,-0.6,,,,0.6,,,,,,,,,,,,,1.0,,,,,,0.8,,0.6,,,1.0,1.0,,,,,,,,,,,1.0,,,,,,,,,-1.0,,,
Garret2020,gpt_oss_120b_indep,human_ai_hybrid,GPT-OSS-120B Zero-Order Independent Evaluations,2020.0,empirical,4.0,6.0,0.8,0.163,0.6,0.0,0.0,0.0,0.8,0.141,0.1,0.1,0.0,0.0,,,,,,0.6,,,0.8,,,1.0,,,,0.6,,,,,,,,,,,,,,,,,,,,,,,,,,0.8,0.6,,0.8,,,1.0,0.2,,,,,,,,,,,0.0,,,,,,,,,,,,
Greedy2022,gpt_oss_120b_indep,human_ai_hybrid,GPT-OSS-120B Zero-Order Independent Evaluations,2022.0,computational,5.0,3.0,0.0,0.0,0.0,0.0,0.75,0.166,0.0,0.0,0.0,0.0,0.7,0.1,,,0.0,,,,,,,,,,,,,,,,,,,,,,0.8,0.6,0.6,,,,,,1.0,,,,,,,,,,,,,,,,,,0.0,,,,,,,,,,0.6,0.8,,,,,,,,,,
Hertag2020,gpt_oss_120b_indep,human_ai_hybrid,GPT-OSS-120B Zero-Order Independent Evaluations,2020.0,computational,10.0,9.0,0.657,0.531,0.133,0.471,0.0,0.0,0.686,0.533,0.8,0.0,0.6,0.0,0.8,-0.6,0.8,,,0.6,,,1.0,,1.0,1.0,0.8,,,-0.2,,,,,,-0.2,,,,,,,,,,,,,,,0.8,-0.6,0.8,,,0.8,,,1.0,,1.0,1.0,0.8,,,,,,,,,,,,,,,,,,,,,0.6,,
Jiang&Rao2024,gpt_oss_120b_indep,human_ai_hybrid,GPT-OSS-120B Zero-Order Independent Evaluations,2024.0,computational,6.0,6.0,0.733,0.094,0.6,0.0,0.7,0.1,0.8,0.0,1.0,0.0,0.8,0.0,,,,,,0.8,,,,0.8,,0.6,0.6,,,,,,,,,,,,,0.6,0.8,,,,,,,,,,,,,,,0.8,,,,0.8,,0.8,1.0,,,,,,,,,,,,,0.8,0.8,,,,,,,,,
Keller2012,gpt_oss_120b_indep,human_ai_hybrid,GPT-OSS-120B Zero-Order Independent Evaluations,2012.0,empirical,4.0,4.0,0.7,0.1,0.8,0.2,0.0,0.0,0.9,0.1,1.0,0.0,0.0,0.0,,,,,,0.8,,,,,,0.6,1.0,,,,,0.6,,,,,,,,,,,,,,,,,,,,,,,,0.8,,,,,,1.0,1.0,,,,,1.0,,,,,,,,,,,,,,,,,,
Keller2018,gpt_oss_120b_indep,human_ai_hybrid,GPT-OSS-120B Zero-Order Independent Evaluations,2018.0,theoretical,8.0,9.0,0.867,0.094,1.0,0.0,0.733,0.094,0.8,0.141,0.8,0.2,0.8,0.0,0.8,,,,,0.8,,,,,,1.0,1.0,,,,,1.0,,,,,,,0.8,0.6,,,,,0.8,,,,,,0.8,,,,,0.8,0.6,,,,,1.0,1.0,,,,,0.6,,,,,,,0.8,0.8,,,,,0.8,,,,,
Kiebel2008,gpt_oss_120b_indep,human_ai_hybrid,GPT-OSS-120B Zero-Order Independent Evaluations,2008.0,computational,8.0,7.0,0.8,0.163,1.0,0.0,-0.133,0.736,0.867,0.189,1.0,0.0,0.3,0.3,,,,,,0.8,,,,1.0,,0.6,1.0,,,,,,,,,1.0,,,,0.8,,,,,-1.0,,,-0.2,,,,,,,,0.6,,,,1.0,,1.0,1.0,,,,,,,,,1.0,,,,0.6,,,,,,0.0,,,,
LaoRodriguez2023,gpt_oss_120b_indep,human_ai_hybrid,GPT-OSS-120B Zero-Order Independent Evaluations,2023.0,empirical,9.0,2.0,0.08,0.614,0.8,0.0,0.8,0.0,0.0,0.0,0.2,0.0,0.6,0.0,,,-0.6,-0.2,-0.4,0.6,,,,,,1.0,0.8,,,,,,,,,,,0.8,,,,,,,,0.8,,,,0.8,,,,,,,,,,,,,,,,0.2,,,,,,,,,,,0.6,,,,,,,,,
LeeMejias2025,gpt_oss_120b_indep,human_ai_hybrid,GPT-OSS-120B Zero-Order Independent Evaluations,2025.0,computational,15.0,14.0,0.511,0.463,0.65,0.087,0.5,0.3,0.444,0.469,0.75,0.087,0.8,0.0,0.8,0.8,0.6,-0.6,,0.8,,0.6,0.8,,0.0,0.8,0.8,,,,,0.6,0.6,,,,0.6,,0.8,,,,,,,0.2,,,,,0.8,0.8,0.6,-0.6,,0.6,,0.6,0.6,-0.2,,0.8,0.8,,,,,0.8,0.8,,,,0.6,,0.8,,,,,,,,,,,
Mikulasch2023,gpt_oss_120b_indep,human_ai_hybrid,GPT-OSS-120B Zero-Order Independent Evaluations,2023.0,theoretical,11.0,11.0,0.7,0.153,-0.35,0.669,0.8,0.0,0.7,0.153,-0.4,0.693,0.6,0.0,0.6,0.8,0.6,,,1.0,,,0.6,,,0.6,-0.8,,,,-0.8,0.8,,,,,-0.6,,0.8,,,,,,,,,,,,1.0,0.8,0.6,,,0.6,,,0.6,,,0.6,-0.8,,,,-0.8,0.8,,,,,-0.8,,0.6,,,,,,,,,,,
Nejad2025,gpt_oss_120b_indep,human_ai_hybrid,GPT-OSS-120B Zero-Order Independent Evaluations,2025.0,computational,7.0,8.0,0.733,0.094,0.667,0.094,0.8,0.0,0.7,0.1,0.8,0.141,0.5,0.3,,,,,,0.8,,,,,0.6,0.8,0.8,,,,,0.6,,,,,0.6,,0.8,,,,,,,,,,,,,,,,,0.6,,,,,,0.8,0.8,,,,,0.8,1.0,,,,0.6,,0.8,,,,,,,0.2,,,,
Payeur2021,gpt_oss_120b_indep,human_ai_hybrid,GPT-OSS-120B Zero-Order Independent Evaluations,2021.0,computational,7.0,5.0,0.4,0.283,0.8,0.0,0.8,0.0,0.6,0.327,0.6,0.0,0.0,0.0,0.2,,0.2,,,,,,,0.8,,,0.8,,,,,0.8,,,,,0.8,,0.8,,,,,,,,,,,,1.0,,0.2,,,,,,,0.6,,,0.6,,,,,,,,,,0.6,,,,,,,,,,,,,
Rao&Ballard1999,gpt_oss_120b_indep,human_ai_hybrid,GPT-OSS-120B Zero-Order Independent Evaluations,1999.0,computational,7.0,8.0,1.0,0.0,0.867,0.189,0.8,0.163,1.0,0.0,0.867,0.189,0.65,0.497,,,,,,1.0,,,,,,,0.6,,,,,1.0,,,,,1.0,,0.6,1.0,0.8,,,,,,,,,,,,,,,1.0,,,,,,,0.6,,,,,1.0,,,,,1.0,,1.0,1.0,0.8,,,,,,,,,-0.2
Rao2024,gpt_oss_120b_indep,human_ai_hybrid,GPT-OSS-120B Zero-Order Independent Evaluations,2024.0,theoretical,8.0,8.0,0.6,0.0,0.8,0.0,0.6,0.42,0.8,0.0,0.6,0.283,0.8,0.2,,,,,,0.6,,,,,,,0.8,,,,,,,,,,0.8,,1.0,0.6,0.8,,,,0.8,,,-0.2,,,,,,,,0.8,,,,,,,0.8,,,,,,,0.2,,,0.8,,1.0,1.0,0.6,,,,0.6,,,,,
Sacramento2018,gpt_oss_120b_indep,human_ai_hybrid,GPT-OSS-120B Zero-Order Independent Evaluations,2018.0,computational,10.0,8.0,0.7,0.1,0.44,0.388,0.8,0.163,0.9,0.1,0.36,0.571,0.8,0.0,0.6,,,,,0.8,,,,,,,0.8,,,,-0.2,0.8,,0.2,,,0.6,,0.8,,,,,,,,,,1.0,0.6,1.0,,,,,0.8,,,,,,,0.8,,,,,0.8,,,,-0.6,0.8,0.0,0.8,,,,,,,,,,,
Spratling2008,gpt_oss_120b_indep,human_ai_hybrid,GPT-OSS-120B Zero-Order Independent Evaluations,2008.0,computational,7.0,7.0,0.8,0.163,0.8,0.2,0.2,0.4,0.7,0.1,0.333,0.68,0.8,0.2,,,,,0.6,1.0,,,,0.8,,,1.0,,,,,,,,,,0.6,,,0.6,,,,,-0.2,,,,,,,,,,,0.6,,,,0.8,,,1.0,,,-0.6,,,,,,,0.6,,1.0,0.6,,,,,,,,,,
Spratling2010,gpt_oss_120b_indep,human_ai_hybrid,GPT-OSS-120B Zero-Order Independent Evaluations,2010.0,computational,4.0,7.0,0.4,0.2,0.9,0.1,0.0,0.0,0.76,0.196,0.7,0.1,0.0,0.0,,,,,,0.6,,,,,,0.2,1.0,,,,,,,,,,0.8,,,,,,,,,,,,,,0.6,,1.0,,,1.0,0.6,,0.6,,,,0.6,,,,,,,,,,0.8,,,,,,,,,,,,,
Srinivasan1982,gpt_oss_120b_indep,human_ai_hybrid,GPT-OSS-120B Zero-Order Independent Evaluations,1982.0,theoretical,7.0,2.0,0.867,0.094,1.0,0.0,0.5,0.5,0.0,1.0,0.0,0.0,0.0,0.0,0.8,,,,,0.8,,,,1.0,,,1.0,,,,,,,,,,1.0,,,,,,,1.0,,,,,,0.0,,,,,-1.0,,1.0,,,,,,,,,,,,,,,,,,,,,,,,,,,,,
VanDerveer2021,gpt_oss_120b_indep,human_ai_hybrid,GPT-OSS-120B Zero-Order Independent Evaluations,2021.0,empirical,6.0,0.0,0.32,0.449,0.0,0.0,0.8,0.0,0.0,0.0,0.0,0.0,0.0,0.0,0.6,-0.4,,0.6,,0.0,,0.8,,,,,,,,,,,,,,,,,,,,,,,0.8,,,,,,,,,,,,,,,,,,,,,,,,,,,,,,,,,,,,,,,,,
Wacongne2011,gpt_oss_120b_indep,human_ai_hybrid,GPT-OSS-120B Zero-Order Independent Evaluations,2011.0,empirical,6.0,5.0,0.4,0.712,1.0,0.0,0.8,0.0,0.7,0.1,0.6,0.0,0.7,0.1,,,,-0.6,,0.8,,,,,,1.0,1.0,,,,,,,,,,,,,,0.8,,,0.8,,,,,,,,,,,,0.8,,,,,,0.6,,,,,,,,0.6,,,,,,,0.6,,,0.8,,,,,,
Wacongne2012,gpt_oss_120b_indep,human_ai_hybrid,GPT-OSS-120B Zero-Order Independent Evaluations,2012.0,computational,13.0,11.0,0.3,0.922,0.8,0.126,0.9,0.1,0.68,0.371,0.8,0.126,0.8,0.0,1.0,,0.8,-1.0,-1.0,1.0,,,,,,1.0,0.6,0.8,1.0,,,0.8,0.8,,,,,,0.8,,,,,,,,,1.0,,,1.0,,0.8,,0.0,1.0,,,,,,0.6,1.0,0.8,0.6,,,0.8,0.8,,,,,,0.8,,,,,,,,,,,
Westerberg&Xiong2025,gpt_oss_120b_indep,human_ai_hybrid,GPT-OSS-120B Zero-Order Independent Evaluations,2025.0,empirical,12.0,10.0,-0.45,0.74,1.0,0.0,0.4,0.447,-0.867,0.189,-0.9,0.173,-0.2,0.864,-1.0,-1.0,,0.8,,-0.6,,,,,,,1.0,,,,,1.0,,1.0,,,1.0,,,,1.0,,,,,0.6,0.2,,-0.2,,-0.6,-1.0,,,,-1.0,,,,,,,-0.6,,,,,-1.0,,-1.0,,,-1.0,,,,-1.0,,,-0.6,,1.0,,,,
Yamins2014,gpt_oss_120b_indep,human_ai_hybrid,GPT-OSS-120B Zero-Order Independent Evaluations,2014.0,computational,5.0,5.0,0.8,0.0,0.8,0.0,0.5,0.3,0.6,0.0,0.3,0.3,0.8,0.0,0.8,,,,,0.8,,,,,,,0.8,,,,,,,,,,,,0.8,,,,,,,0.2,,,,,0.6,,,,,,,,,,,,0.6,,,,,,,,0.0,,,,0.8,,,,,,,0.8,,,,
Attinger2017,revgss_x,human_ai_hybrid,GPT-OSS-120B 2-Stage Self-Critique & Revision Protocol,2017.0,empirical,16.0,11.0,-0.471,0.492,-0.04,0.602,0.375,0.349,0.012,0.451,-0.4,0.0,-0.4,0.1,0.7,-0.8,-0.5,,,-0.8,,,-0.7,,-0.5,-0.7,0.1,,,-0.4,,-1.0,,,0.4,,0.7,,0.4,0.6,,,,0.7,,,,-0.2,,,-0.5,-0.1,-0.1,0.3,,-0.6,,,0.9,,0.3,-0.1,-0.4,,,,,,,,,,,,-0.3,,,,,,,,,-0.5,,
Bakhtiari2021,revgss_x,human_ai_hybrid,GPT-OSS-120B 2-Stage Self-Critique & Revision Protocol,2021.0,computational,7.0,7.0,0.05,0.25,0.0,0.8,0.2,0.374,0.6,0.0,-0.2,0.5,0.05,0.087,,,,,,0.3,-0.2,,,,,,0.8,,-0.8,,,,,,,,,,,0.3,-0.3,,,0.6,,,,,,,,,,,,0.6,,,,,,,0.3,,,,,,,,,,,-0.7,0.1,0.1,0.1,,,-0.1,,,,,,
Bastos2012,revgss_x,human_ai_hybrid,GPT-OSS-120B 2-Stage Self-Critique & Revision Protocol,2012.0,theoretical,20.0,21.0,0.171,0.474,-0.233,0.424,-0.4,0.274,0.214,0.398,-0.3,0.464,-0.1,0.61,0.3,,0.9,,,-0.2,,0.8,,-0.2,0.0,-0.4,-0.8,0.1,-0.9,0.2,,-0.3,,0.1,,0.1,-0.7,0.1,-0.5,-0.2,-0.1,-0.8,,,,,,,,,0.2,,-0.2,,0.1,1.0,,-0.3,,0.3,0.4,,-0.6,-0.3,-0.8,-0.6,,-0.4,,0.4,,-0.9,0.4,0.1,-0.4,-0.7,0.3,0.9,,,,,,,-0.6,
Bastos2020,revgss_x,human_ai_hybrid,GPT-OSS-120B 2-Stage Self-Critique & Revision Protocol,2020.0,empirical,14.0,13.0,-0.7,0.141,-0.6,0.179,0.467,0.335,-0.7,0.1,-0.1,0.469,-0.117,0.46,,,-0.8,,,-0.8,,-0.5,,,,,-0.7,,,-0.3,,-0.5,,-0.7,,,-0.8,,-0.2,0.6,0.9,0.4,0.6,0.5,,,,,,,,,,,,-0.8,,-0.6,,,,,0.5,,,-0.1,,0.3,,-0.4,,,-0.8,,-0.8,-0.6,0.5,0.0,0.3,-0.1,,,,,,
Bekinschtein2009,revgss_x,human_ai_hybrid,GPT-OSS-120B 2-Stage Self-Critique & Revision Protocol,2009.0,empirical,10.0,10.0,-0.2,0.62,0.05,0.594,-0.7,0.1,0.45,0.364,0.167,0.544,-0.8,0.216,,,,-1.0,0.5,0.3,,,,,,-0.6,0.5,,,,,,,,0.0,0.6,-0.9,,,,-0.6,,,,,,,,,-0.8,,,,,,0.6,,-0.1,,0.4,,0.9,0.0,,,,,,,,-0.4,0.9,,,,,-0.5,,,-0.9,,,,,,-1.0
Chao2018,revgss_x,human_ai_hybrid,GPT-OSS-120B 2-Stage Self-Critique & Revision Protocol,2018.0,empirical,10.0,11.0,-0.133,0.591,-0.52,0.519,0.5,0.2,-0.4,0.3,0.5,0.415,-0.3,0.6,,,,,,0.7,,-0.5,-0.6,,,,-0.3,,,0.4,,,,,-0.8,-0.9,-1.0,,,,0.3,,,0.7,,,,,,,,,,-0.5,,0.1,-0.5,-0.7,,,,,1.0,,,1.0,,,,,0.3,0.1,0.1,,,,-0.9,,,0.3,,,,,,
Friston2010,revgss_x,human_ai_hybrid,GPT-OSS-120B 2-Stage Self-Critique & Revision Protocol,2010.0,theoretical,8.0,7.0,0.1,0.294,-0.367,0.685,-0.1,0.5,-0.25,0.35,-0.033,0.403,-0.55,0.25,,,,,0.4,-0.3,,,,0.2,,,0.6,,,,-0.9,,,,,,-0.8,,-0.6,0.4,,,,,,,,,,,,,,,,-0.6,,,,0.1,,,0.2,,,,-0.6,,,,,,0.3,,-0.8,-0.3,,,,,,,,,,
Furutachi2024,revgss_x,human_ai_hybrid,GPT-OSS-120B 2-Stage Self-Critique & Revision Protocol,2024.0,empirical,8.0,9.0,0.24,0.338,-0.633,0.205,0.0,0.0,0.1,0.638,-0.65,0.05,-0.8,0.0,0.0,,0.2,,,,0.0,,0.1,,,0.9,-0.4,,,,,,,-0.6,,,,-0.9,,,,,,,,,,,,,-0.9,,0.8,,,,-0.2,,1.0,0.0,,-0.1,-0.6,,,,,,,,,,,-0.7,,,,,,,,,-0.8,,,
Garret2020,revgss_x,human_ai_hybrid,GPT-OSS-120B 2-Stage Self-Critique & Revision Protocol,2020.0,empirical,3.0,2.0,0.8,0.1,0.9,0.0,0.0,0.0,0.6,0.0,0.7,0.0,0.0,0.0,,,,,,0.7,,,,,,0.9,0.9,,,,,,,,,,,,,,,,,,,,,,,,,,,,,,0.6,,,,,,0.7,,,,,,,,,,,,,,,,,,,,,,,
Greedy2022,revgss_x,human_ai_hybrid,GPT-OSS-120B 2-Stage Self-Critique & Revision Protocol,2022.0,computational,3.0,1.0,0.9,0.0,0.8,0.0,0.9,0.0,0.0,0.0,0.0,0.0,0.9,0.0,,,0.9,,,,,,,,,,,,,,,,,,,,0.8,,0.9,,,,,,,,,,,,,,,,,,,,,,,,,,,,,,,,,,,,0.9,,,,,,,,,,,
Hertag2020,revgss_x,human_ai_hybrid,GPT-OSS-120B 2-Stage Self-Critique & Revision Protocol,2020.0,computational,7.0,2.0,0.825,0.083,0.833,0.047,0.0,0.0,0.5,0.0,0.7,0.0,0.0,0.0,0.8,,0.9,,,0.7,,,,,,0.9,0.9,,,,,0.8,,,,,0.8,,,,,,,,,,,,,,0.5,,,,,,,,,,,,0.7,,,,,,,,,,,,,,,,,,,,,,,
Jiang&Rao2024,revgss_x,human_ai_hybrid,GPT-OSS-120B 2-Stage Self-Critique & Revision Protocol,2024.0,computational,5.0,2.0,0.733,0.125,0.85,0.05,0.0,0.0,0.5,0.0,0.7,0.0,0.0,0.0,,,,,,0.7,,,,0.6,,0.9,0.9,,,,,,,,,,0.8,,,,,,,,,,,,,,,,,,,,,,,0.5,,,0.7,,,,,,,,,,,,,,,,,,,,,,,
Keller2012,revgss_x,human_ai_hybrid,GPT-OSS-120B 2-Stage Self-Critique & Revision Protocol,2012.0,empirical,5.0,1.0,0.8,0.1,0.833,0.047,0.0,0.0,0.0,0.0,0.7,0.0,0.0,0.0,,,,,,0.7,,,,,,0.9,0.9,,,,,0.8,,,,,0.8,,,,,,,,,,,,,,,,,,,,,,,,,,0.7,,,,,,,,,,,,,,,,,,,,,,,
Keller2018,revgss_x,human_ai_hybrid,GPT-OSS-120B 2-Stage Self-Critique & Revision Protocol,2018.0,theoretical,8.0,5.0,0.75,0.112,0.833,0.047,0.9,0.0,0.533,0.047,0.7,0.0,0.9,0.0,0.8,,,,,0.7,,,,0.6,,0.9,0.9,,,,,0.8,,,,,0.8,,0.9,,,,,,,,,,,,0.5,,,,,,0.6,,,0.5,,,0.7,,,,,,,,,,,,0.9,,,,,,,,,,,
Kiebel2008,revgss_x,human_ai_hybrid,GPT-OSS-120B 2-Stage Self-Critique & Revision Protocol,2008.0,computational,5.0,3.0,0.733,0.125,0.85,0.05,0.0,0.0,0.5,0.0,0.75,0.05,0.0,0.0,,,,,,0.7,,,,0.6,,0.9,0.9,,,,,,,,,,0.8,,,,,,,,,,,,,,,,,,,,,,,0.5,,,0.7,,,,,,,,,0.8,,,,,,,,,,,,,,
LaoRodriguez2023,revgss_x,human_ai_hybrid,GPT-OSS-120B 2-Stage Self-Critique & Revision Protocol,2023.0,empirical,4.0,2.0,0.833,0.094,0.9,0.0,0.0,0.0,0.0,0.0,0.65,0.05,0.0,0.0,,,0.9,,,0.7,,,,,,0.9,0.9,,,,,,,,,,,,,,,,,,,,,,,,,,,,,,,,,,,,0.7,,,0.6,,,,,,,,,,,,,,,,,,,,
LeeMejias2025,revgss_x,human_ai_hybrid,GPT-OSS-120B 2-Stage Self-Critique & Revision Protocol,2025.0,computational,5.0,5.0,0.2,0.432,-0.2,0.0,1.0,0.0,0.733,0.249,0.2,0.2,0.0,0.0,,0.0,,-0.2,,0.8,,,,,,,,,,,,,-0.2,,,,,,,,,,,,,1.0,,,,,1.0,,,,,,,,0.8,0.4,,,0.0,,,,,,,,,,0.4,,,,,,,,,,,,,
Mikulasch2023,revgss_x,human_ai_hybrid,GPT-OSS-120B 2-Stage Self-Critique & Revision Protocol,2023.0,theoretical,3.0,6.0,0.467,0.499,0.0,0.0,0.0,0.0,0.533,0.525,0.9,0.1,0.8,0.0,0.6,1.0,,,,,,,-0.2,,,,,,,,,,,,,,,,,,,,,,,,,,,,,0.8,,,,-0.2,,,1.0,,,,0.8,,,,,,,,,,1.0,,0.8,,,,,,,,,,,
Nejad2025,revgss_x,human_ai_hybrid,GPT-OSS-120B 2-Stage Self-Critique & Revision Protocol,2025.0,computational,3.0,4.0,0.6,0.0,1.0,0.0,0.0,0.0,-0.1,0.1,0.0,0.0,0.1,0.3,,,,,,,,,,,,0.6,,,,,,,,,,,1.0,,0.0,,,,,,,,,,,,,,,,,0.0,,,,-0.2,,,,,,,,,,,,,,,-0.2,,,,,,,0.4,,,,
Payeur2021,revgss_x,human_ai_hybrid,GPT-OSS-120B 2-Stage Self-Critique & Revision Protocol,2021.0,computational,2.0,1.0,0.6,0.0,-0.2,0.0,0.0,0.0,-0.2,0.0,0.0,0.0,0.0,0.0,,,0.6,,,,,,,,,,-0.2,,,,,,,,,,,,,,,,,,,,,,,,-0.2,,,,,,,,,,,,,,,,,,,,,,,,,,,,,,,,,,,
Rao&Ballard1999,revgss_x,human_ai_hybrid,GPT-OSS-120B 2-Stage Self-Critique & Revision Protocol,1999.0,computational,4.0,5.0,1.0,0.0,1.0,0.0,-0.1,0.1,0.0,0.0,0.7,0.1,0.733,0.249,1.0,,,,,,,,,,,,,,,,,1.0,,,,,,,,-0.2,0.0,,,,,,,,,,,,,,,,,,,,,,0.6,,,,,,,,,,0.8,,1.0,0.8,0.4,,,,,,,,,
Rao2024,revgss_x,human_ai_hybrid,GPT-OSS-120B 2-Stage Self-Critique & Revision Protocol,2024.0,theoretical,6.0,2.0,0.75,0.05,0.833,0.047,0.9,0.0,0.0,0.0,0.7,0.0,0.9,0.0,0.8,,,,,0.7,,,,,,,0.9,,,,,0.8,,,,,0.8,,0.9,,,,,,,,,,,,,,,,,,,,,,,,0.7,,,,,,,,,,,,0.9,,,,,,,,,,,
Sacramento2018,revgss_x,human_ai_hybrid,GPT-OSS-120B 2-Stage Self-Critique & Revision Protocol,2018.0,computational,3.0,3.0,0.6,0.2,-0.2,0.0,0.0,0.0,0.4,0.0,1.0,0.0,0.6,0.0,0.4,,,,,,,,,,0.8,,,,,,-0.2,,,,,,,,,,,,,,,,,,,,0.4,,,,,,,,,,,,,,,,,1.0,,,,,,,0.6,,,,,,,,,,,
Spratling2008,revgss_x,human_ai_hybrid,GPT-OSS-120B 2-Stage Self-Critique & Revision Protocol,2008.0,computational,2.0,0.0,0.0,0.0,0.4,0.0,0.6,0.0,0.0,0.0,0.0,0.0,0.0,0.0,,,,,,,,,,,,,,,,,0.4,,,,,,,,,,,,,,0.6,,,,,,,,,,,,,,,,,,,,,,,,,,,,,,,,,,,,,,,,,
Spratling2010,revgss_x,human_ai_hybrid,GPT-OSS-120B 2-Stage Self-Critique & Revision Protocol,2010.0,computational,6.0,8.0,0.0,0.572,-0.15,0.35,-0.3,0.0,-0.02,0.598,0.5,0.4,0.6,0.0,,0.8,,,,-0.3,,,,,,-0.5,-0.5,,,,,,,,,,0.2,,,,,,-0.3,,,,,,,,-0.2,,-0.3,,,0.6,-0.9,,0.7,,,,0.1,,,,,,,,,,0.9,,,0.6,,,,,,,,,,
Srinivasan1982,revgss_x,human_ai_hybrid,GPT-OSS-120B 2-Stage Self-Critique & Revision Protocol,1982.0,theoretical,10.0,2.0,0.38,0.279,-0.067,0.613,-0.25,0.55,0.55,0.25,0.0,0.0,0.0,0.0,0.3,,0.7,0.7,,0.2,,,,0.0,,,-0.8,,,,,,,0.7,,,-0.1,,,,,,,-0.8,,,,,,0.3,,,,,0.3,,0.8,,,,,,,,,,,,,,,,,,,,,,,,,,,,,
VanDerveer2021,revgss_x,human_ai_hybrid,GPT-OSS-120B 2-Stage Self-Critique & Revision Protocol,2021.0,empirical,7.0,5.0,-0.033,0.537,0.0,0.0,-1.0,0.0,-0.075,0.614,0.9,0.0,0.0,0.0,0.6,0.2,-0.3,-0.5,,0.6,,-0.8,,,,,,,,,,,,,,,,,,,,,,,-1.0,,,,,,0.2,,-0.7,,,-0.6,,0.8,,,,,,0.9,,,,,,,,,,,,,,,,,,,,,,
Wacongne2011,revgss_x,human_ai_hybrid,GPT-OSS-120B 2-Stage Self-Critique & Revision Protocol,2011.0,empirical,8.0,7.0,-0.2,0.235,0.65,0.05,0.35,0.15,-0.4,0.6,0.067,0.579,-0.65,0.25,,,,-0.3,0.2,-0.3,,,,,,-0.4,0.7,,,,,,,,0.6,,,,,,0.5,,,0.2,,,,,,,,,,,,-1.0,,,,,,0.2,0.7,,,,,,,-0.7,0.2,,,,,,-0.9,,,-0.4,,,,,,
Wacongne2012,revgss_x,human_ai_hybrid,GPT-OSS-120B 2-Stage Self-Critique & Revision Protocol,2012.0,computational,15.0,14.0,0.383,0.488,-0.317,0.552,-0.467,0.262,0.033,0.573,0.417,0.534,0.0,0.8,0.4,,-0.6,0.8,0.9,0.5,,,,,,0.3,0.6,0.2,-0.9,,,-0.4,-0.5,,,,-0.9,,-0.6,,,,,,-0.1,,,-0.7,,,0.2,,0.9,,-0.9,-0.4,,0.4,,,,0.0,-0.7,0.8,0.3,,,0.9,0.6,,,,0.6,,-0.8,,,0.8,,,,,,,,
Westerberg&Xiong2025,revgss_x,human_ai_hybrid,GPT-OSS-120B 2-Stage Self-Critique & Revision Protocol,2025.0,empirical,19.0,16.0,-0.24,0.508,-0.317,0.527,-0.012,0.443,0.275,0.249,-0.367,0.427,-0.183,0.53,0.0,0.6,-0.5,-0.4,,-0.9,,,,,,,-0.4,,,,,-0.1,,0.7,-0.9,-0.8,-0.4,,0.8,0.5,-0.5,,0.1,-0.1,,-0.6,-0.1,,-0.2,,0.2,0.5,-0.1,,,0.5,,,,,,,-0.1,,,,,0.4,,-0.3,-0.6,-0.8,-0.8,,-0.9,-0.2,-0.8,,0.2,0.6,,0.0,,,,
Yamins2014,revgss_x,human_ai_hybrid,GPT-OSS-120B 2-Stage Self-Critique & Revision Protocol,2014.0,computational,6.0,6.0,0.3,0.2,-0.7,0.0,0.333,0.249,-0.3,0.0,0.333,0.309,0.5,0.5,0.1,,,,,0.5,,,,,,,-0.7,,,,,,,,,,,,0.4,,,,,,,0.6,,,,0.0,-0.3,,,,,,,,,,,,-0.1,,0.6,,,,,,0.5,,,,1.0,,,,,,,0.0,,,,
Keller2018,council_consensus_baseline,council_consensus,Original 8-Model Council Baseline Consensus,2018.0,empirical,25.0,21.0,0.382,0.248,0.314,0.181,0.314,0.181,0.314,0.181,0.314,0.181,0.314,0.181,0.2,0.0,0.2,0.6,0.8,0.6,0.2,,0.2,0.6,0.2,0.6,0.2,,0.2,,0.2,0.6,0.2,,0.2,,0.6,,0.2,,0.6,,0.2,,0.2,,0.2,0.6,,0.2,0.2,,0.2,,0.6,0.2,,,0.2,0.6,0.2,,0.2,,0.2,,0.2,0.6,0.2,,0.2,,0.6,,0.2,,0.6,,0.2,,0.2,,0.2,0.6,,0.2
Rao2024,council_consensus_baseline,council_consensus,Original 8-Model Council Baseline Consensus,2024.0,empirical,20.0,20.0,0.44,0.294,0.45,0.194,0.371,0.198,0.48,0.24,0.45,0.194,0.371,0.198,,,,0.0,,0.6,,,0.2,0.6,,0.8,0.6,,0.2,,0.2,0.6,0.6,,0.6,,0.6,0.2,,0.2,0.6,,0.2,0.6,,,0.2,0.6,,0.2,,,,0.2,,0.6,,,0.2,0.6,,0.8,0.6,,0.2,,0.2,0.6,0.6,,0.6,,0.6,0.2,,0.2,0.6,,0.2,0.6,,,0.2,0.6,,0.2
Westerberg&Xiong2025,council_consensus_baseline,council_consensus,Original 8-Model Council Baseline Consensus,2025.0,empirical,22.0,20.0,-0.1,0.436,-0.1,0.436,0.467,0.189,-0.2,0.4,-0.15,0.371,0.467,0.189,-0.6,-0.6,0.2,0.6,-0.2,0.2,,,-0.6,,0.2,,0.2,,,,-0.6,-0.6,0.2,-0.6,0.2,0.6,-0.2,,0.2,,0.6,,,0.6,,0.6,,0.2,0.6,,-0.6,-0.6,0.2,,,0.2,,,-0.6,,0.2,,0.2,,,,0.2,-0.6,0.2,-0.6,0.2,-0.6,-0.2,,0.2,,0.6,,,0.6,,0.6,,0.2,0.6,
Srinivasan1982,council_consensus_baseline,council_consensus,Original 8-Model Council Baseline Consensus,1982.0,empirical,9.0,7.0,0.511,0.233,0.0,0.0,0.0,0.0,0.0,0.0,0.314,0.181,0.0,0.0,0.6,0.2,0.6,,0.2,0.6,0.8,,0.2,0.6,0.8,,,,,,,,,,,,,,,,,,,,,,,,,,,,,,,,,,,,,,0.2,,0.2,,0.2,,0.2,0.2,0.6,,0.6,,,,,,,,,,,,,
Spratling2010,council_consensus_baseline,council_consensus,Original 8-Model Council Baseline Consensus,2010.0,empirical,8.0,4.0,0.35,0.26,0.0,0.0,0.0,0.0,0.0,0.0,0.3,0.173,0.0,0.0,0.0,0.8,0.2,,,0.6,0.2,,0.2,0.6,0.2,,,,,,,,,,,,,,,,,,,,,,,,,,,,,,,,,,,,,,0.2,,,,0.2,,,0.2,,,0.6,,,,,,,,,,,,,
Bekinschtein2009,council_consensus_baseline,council_consensus,Original 8-Model Council Baseline Consensus,2009.0,empirical,24.0,22.0,0.2,0.219,0.467,0.275,0.375,0.233,0.35,0.194,0.467,0.275,0.375,0.233,0.0,0.0,0.2,0.0,0.0,0.6,0.2,,0.2,0.6,0.2,,0.8,,0.2,,0.2,,0.2,,0.6,,0.8,,0.2,,0.8,,0.2,0.6,0.2,,0.2,0.6,0.2,,0.2,0.2,0.6,,,0.6,0.2,,0.2,0.6,0.2,,0.8,,0.2,,0.2,,0.2,,0.6,,0.8,,0.2,,0.8,,0.2,0.6,0.2,,0.2,0.6,0.2,
Bastos2012,council_consensus_baseline,council_consensus,Original 8-Model Council Baseline Consensus,2012.0,empirical,18.0,21.0,0.429,0.328,0.486,0.181,0.4,0.2,0.633,0.213,0.486,0.181,0.5,0.245,0.0,0.0,0.6,,,0.8,,0.2,,0.6,0.8,,0.2,,0.2,0.6,,0.6,0.6,,0.6,,0.6,,0.6,,0.6,,0.2,,,,,0.2,,,0.2,,0.8,,,0.8,,0.6,,0.8,0.6,,0.2,,0.2,0.6,,0.6,0.6,,0.6,,0.6,,0.8,0.6,0.8,,0.2,0.6,,0.2,,0.6,,0.2
Nejad2025,council_consensus_baseline,council_consensus,Original 8-Model Council Baseline Consensus,2025.0,empirical,6.0,6.0,0.167,0.075,0.0,0.0,0.0,0.0,0.333,0.189,0.0,0.0,0.0,0.0,0.0,,,,0.2,0.2,,,0.2,0.2,0.2,,,,,,,,,,,,,,,,,,,,,,,,,,0.2,,,,0.2,0.6,,,0.2,0.6,0.2,,,,,,,,,,,,,,,,,,,,,,,,,
Keller2012,council_consensus_baseline,council_consensus,Original 8-Model Council Baseline Consensus,2012.0,empirical,4.0,4.0,0.25,0.218,0.0,0.0,0.0,0.0,0.3,0.173,0.0,0.0,0.0,0.0,,,0.0,,,0.6,,,0.2,,0.2,,,,,,,,,,,,,,,,,,,,,,,,,,,,0.2,,,0.6,,,0.2,,0.2,,,,,,,,,,,,,,,,,,,,,,,,,
Wacongne2011,council_consensus_baseline,council_consensus,Original 8-Model Council Baseline Consensus,2011.0,empirical,17.0,18.0,0.4,0.346,0.567,0.269,0.667,0.094,0.4,0.383,0.567,0.269,0.5,0.224,0.2,,0.2,0.6,-0.2,0.6,,,0.2,,0.6,1.0,0.8,,0.2,,0.8,,,0.2,0.8,,0.6,,,,0.8,,,0.6,,,,0.6,,,,,0.2,,-0.2,0.6,,,0.2,,0.6,1.0,0.8,,0.2,,0.8,,,0.2,0.8,,0.6,,0.2,0.6,0.8,,0.2,0.6,,,,0.6,,
Sacramento2018,council_consensus_baseline,council_consensus,Original 8-Model Council Baseline Consensus,2018.0,empirical,14.0,17.0,0.36,0.196,0.333,0.189,0.333,0.189,0.467,0.189,0.333,0.189,0.44,0.196,0.2,,0.2,,,0.6,,,0.2,,0.6,,0.6,,0.2,,0.2,,0.2,,0.2,,0.6,,,,0.6,,0.2,,,,0.2,,,,0.6,0.2,0.6,,,0.6,,,0.2,,0.6,,0.6,,0.2,,0.2,,0.2,,0.2,,0.6,,0.6,0.2,0.6,,0.6,,,,0.2,,,
Spratling2008,council_consensus_baseline,council_consensus,Original 8-Model Council Baseline Consensus,2008.0,empirical,22.0,24.0,0.171,0.198,0.4,0.2,0.371,0.198,0.371,0.198,0.422,0.199,0.4,0.2,0.0,0.2,0.0,,,0.6,0.2,,,0.2,,0.0,0.6,0.2,0.6,,0.2,,0.2,0.6,0.2,,0.6,,,0.2,0.6,,0.2,0.6,,,0.2,0.6,,0.2,0.2,0.6,0.2,,,0.6,0.2,,,0.6,,0.2,0.6,0.2,0.6,,0.2,0.6,0.2,0.6,0.2,,0.6,,0.6,0.2,0.6,,0.2,0.6,,,0.2,0.6,,0.2
Jiang&Rao2024,council_consensus_baseline,council_consensus,Original 8-Model Council Baseline Consensus,2024.0,empirical,23.0,23.0,0.175,0.254,0.45,0.194,0.343,0.232,0.175,0.254,0.45,0.194,0.343,0.232,0.0,0.0,0.0,,0.0,0.6,,0.0,,0.2,0.6,,0.6,,0.2,,0.6,,0.2,0.6,0.6,0.2,0.6,,0.2,,0.6,,0.0,0.6,,,0.6,0.2,,0.2,0.0,0.0,0.0,,0.0,0.6,,0.0,,0.2,0.6,,0.6,,0.2,,0.6,,0.2,0.6,0.6,0.2,0.6,,0.2,,0.6,,0.0,0.6,,,0.6,0.2,,0.2
Hertag2020,council_consensus_baseline,council_consensus,Original 8-Model Council Baseline Consensus,2020.0,empirical,6.0,5.0,0.633,0.335,0.0,0.0,0.0,0.0,0.0,0.0,0.4,0.2,0.4,0.283,0.2,1.0,0.6,,,0.8,,,0.2,,1.0,,,,,,,,,,,,,,,,,,,,,,,,,,,,,,,,,,,,,,,,,,0.6,,,,,,0.2,,,,0.8,,,0.2,,,,0.2,,
Greedy2022,council_consensus_baseline,council_consensus,Original 8-Model Council Baseline Consensus,2022.0,empirical,7.0,5.0,0.229,0.249,0.0,0.0,0.0,0.0,0.36,0.196,0.0,0.0,0.0,0.0,0.0,0.0,0.0,,0.6,0.6,,,0.2,,0.2,,,,,,,,,,,,,,,,,,,,,,,,,,,,0.2,,0.6,0.6,,,0.2,,0.2,,,,,,,,,,,,,,,,,,,,,,,,,
LeeMejias2025,council_consensus_baseline,council_consensus,Original 8-Model Council Baseline Consensus,2025.0,empirical,7.0,6.0,0.657,0.256,0.0,0.0,0.0,0.0,0.0,0.0,0.6,0.0,0.0,0.0,0.6,1.0,0.2,,,0.6,,0.6,1.0,,0.6,,,,,,,,,,,,,,,,,,,,,,,,,,,,,,,,,,,,,,0.6,,,0.6,,0.6,0.6,,0.6,,0.6,,,,,,,,,,,,,
Kiebel2008,council_consensus_baseline,council_consensus,Original 8-Model Council Baseline Consensus,2008.0,computational,27.0,27.0,0.1,0.184,0.055,0.089,0.4,0.2,0.1,0.184,0.055,0.089,0.4,0.2,0.0,0.0,0.0,,0.0,0.2,0.0,0.0,,0.2,0.0,0.6,0.2,0.0,0.2,0.0,,0.0,0.0,0.0,0.0,0.0,0.2,0.0,,0.2,0.6,,0.2,0.6,,,0.2,0.6,,,0.0,0.0,0.0,,0.0,0.2,0.0,0.0,,0.2,0.0,0.6,0.2,0.0,0.2,0.0,,0.0,0.0,0.0,0.0,0.0,0.2,0.0,,0.2,0.6,,0.2,0.6,,,0.2,0.6,,
Yamins2014,council_consensus_baseline,council_consensus,Original 8-Model Council Baseline Consensus,2014.0,empirical,11.0,10.0,0.267,0.249,0.55,0.132,0.0,0.0,0.6,0.0,0.55,0.132,0.0,0.0,,,,0.0,,0.2,,,,0.6,,,0.6,,0.2,,0.6,0.6,0.6,0.6,0.6,,0.6,,,,,,,,,,,,,,,,,,,0.6,,,,0.6,,,0.6,,0.2,,0.6,0.6,0.6,0.6,0.6,,0.6,,,,,,,,,,,,,
Wacongne2012,council_consensus_baseline,council_consensus,Original 8-Model Council Baseline Consensus,2012.0,empirical,21.0,23.0,0.378,0.416,0.65,0.218,0.5,0.3,0.422,0.457,0.65,0.218,0.4,0.283,0.2,0.6,0.8,-0.6,0.2,0.6,,,,0.2,0.6,0.8,0.6,0.8,1.0,,0.6,0.6,0.8,,0.6,,0.2,,,,0.8,,0.2,,0.8,,0.2,,,,0.2,,0.8,-0.6,0.2,0.6,,,0.2,0.6,0.8,1.0,0.6,0.8,1.0,,0.6,0.6,0.8,,0.6,,0.2,,0.2,,0.8,,0.2,,0.8,,0.2,,,0.2
Bastos2020,council_consensus_baseline,council_consensus,Original 8-Model Council Baseline Consensus,2020.0,empirical,11.0,9.0,0.382,0.248,0.0,0.0,0.0,0.0,0.0,0.0,0.556,0.263,0.0,0.0,0.2,0.0,0.2,0.6,0.8,0.6,0.2,0.6,,0.2,0.6,0.2,,,,,,,,,,,,,,,,,,,,,,,,,,,,,,,,,,,,,0.8,,0.2,0.8,,0.6,0.2,0.8,0.6,0.2,0.8,,,,,,,,,,,,,
Bakhtiari2021,council_consensus_baseline,council_consensus,Original 8-Model Council Baseline Consensus,2021.0,empirical,2.0,2.0,0.2,0.0,0.0,0.0,0.0,0.0,0.4,0.2,0.0,0.0,0.0,0.0,,,,,,0.2,,,0.2,,,,,,,,,,,,,,,,,,,,,,,,,,,,,,,,,0.6,,,0.2,,,,,,,,,,,,,,,,,,,,,,,,,,,
Friston2010,council_consensus_baseline,council_consensus,Original 8-Model Council Baseline Consensus,2010.0,computational,4.0,3.0,0.4,0.2,0.0,0.0,0.0,0.0,0.2,0.0,0.0,0.0,0.0,0.0,,,,0.2,,0.6,,,0.2,,0.6,,,,,,,,,,,,,,,,,,,,,,,,,,,,,,,0.2,,0.2,,0.2,,,,,,,,,,,,,,,,,,,,,,,,,,
VanDerveer2021,council_consensus_baseline,council_consensus,Original 8-Model Council Baseline Consensus,2021.0,empirical,19.0,19.0,0.45,0.343,0.4,0.2,0.36,0.196,0.45,0.343,0.4,0.2,0.36,0.196,0.2,0.6,1.0,,-0.2,0.6,,0.2,0.6,,0.6,,0.2,,,0.6,,0.6,0.6,,0.2,,0.2,,0.2,,0.6,,,0.6,,,0.2,,0.2,,0.2,0.6,1.0,,-0.2,0.6,,0.2,0.6,,0.6,,0.2,,,0.6,,0.6,0.6,,0.2,,0.2,,0.2,,0.6,,,0.6,,,0.2,,0.2,
Rao&Ballard1999,council_consensus_baseline,council_consensus,Original 8-Model Council Baseline Consensus,1999.0,empirical,24.0,24.0,0.2,0.231,0.467,0.189,0.4,0.2,0.267,0.189,0.467,0.189,0.4,0.2,0.0,0.0,0.0,,0.0,0.6,0.2,,0.2,0.6,0.2,,0.6,0.2,0.2,,0.6,0.6,0.2,0.6,0.6,,0.6,,0.2,,0.6,,0.2,0.6,,,0.2,0.6,,,0.2,0.2,0.2,,0.0,0.6,0.2,,0.2,0.6,0.2,,0.6,0.2,0.2,,0.6,0.6,0.2,0.6,0.6,,0.6,,0.2,,0.6,,0.2,0.6,,,0.2,0.6,,
Mikulasch2023,council_consensus_baseline,council_consensus,Original 8-Model Council Baseline Consensus,2023.0,empirical,7.0,7.0,0.371,0.198,0.0,0.0,0.0,0.0,0.371,0.198,0.0,0.0,0.0,0.0,0.2,0.6,0.2,,0.2,0.6,,,0.2,,0.6,,,,,,,,,,,,,,,,,,,,,,,,,,0.2,0.6,0.2,,0.2,0.6,,,0.2,,0.6,,,,,,,,,,,,,,,,,,,,,,,,,
Attinger2017,council_consensus_baseline,council_consensus,Original 8-Model Council Baseline Consensus,2017.0,empirical,15.0,15.0,0.533,0.149,0.4,0.2,0.333,0.189,0.533,0.149,0.4,0.2,0.333,0.189,0.6,0.2,0.6,,,0.6,,,0.6,,0.6,,0.6,,0.2,,0.2,,0.2,,0.6,,0.6,,,,0.6,,0.2,,,,0.2,,,,0.6,0.2,0.6,,,0.6,,,0.6,,0.6,,0.6,,0.2,,0.2,,0.2,,0.6,,0.6,,,,0.6,,0.2,,,,0.2,,,
Chao2018,council_consensus_baseline,council_consensus,Original 8-Model Council Baseline Consensus,2018.0,empirical,28.0,31.0,0.3,0.257,0.767,0.197,0.5,0.321,0.436,0.389,0.85,0.218,0.65,0.357,0.0,0.0,0.0,0.6,,0.6,0.2,0.6,0.2,0.6,0.2,,0.8,0.8,0.8,1.0,0.8,0.8,0.8,1.0,0.8,0.2,0.6,0.8,,0.2,1.0,,0.2,0.8,,,0.2,0.6,,,0.0,0.0,0.0,1.0,,0.8,0.2,1.0,0.2,0.8,0.2,0.6,1.0,1.0,1.0,1.0,0.8,0.8,0.8,1.0,0.8,0.2,1.0,0.8,1.0,0.8,1.0,,0.2,1.0,,,0.2,0.8,,0.2
Garret2020,council_consensus_baseline,council_consensus,Original 8-Model Council Baseline Consensus,2020.0,empirical,16.0,16.0,0.58,0.209,0.467,0.189,0.333,0.189,0.58,0.209,0.467,0.189,0.333,0.189,0.6,0.2,0.6,0.2,,0.8,0.6,,0.8,0.6,0.8,0.6,,,,,0.2,,,,0.6,,0.6,,,,0.6,,0.2,,,,0.2,,,,0.6,0.2,0.6,0.2,,0.8,0.6,,0.8,0.6,0.8,0.6,,,,,0.2,,,,0.6,,0.6,,,,0.6,,0.2,,,,0.2,,,
Payeur2021,council_consensus_baseline,council_consensus,Original 8-Model Council Baseline Consensus,2021.0,empirical,8.0,11.0,0.0,0.0,0.0,0.0,0.0,0.0,0.0,0.0,0.0,0.0,0.0,0.0,0.0,0.0,0.0,,0.0,0.0,,,0.0,0.0,,0.0,,,,,,,,,,,,,,,,,,,,,,,,,,,,,,,,,,,,,0.0,,0.0,,0.0,,,0.0,,0.0,0.0,,0.0,,0.0,,0.0,,,,0.0,,0.0,
Furutachi2024,council_consensus_baseline,council_consensus,Original 8-Model Council Baseline Consensus,2024.0,empirical,17.0,7.0,0.5,0.431,0.829,0.345,0.0,0.0,0.0,0.0,0.0,0.0,0.371,0.446,0.0,0.0,0.0,,0.0,0.6,1.0,,0.8,1.0,0.6,1.0,1.0,,1.0,,0.0,,,0.8,1.0,,1.0,1.0,,,,,,,,,,,,,,,,,,,,,,,,,,,,,,,,,,,,,0.0,,1.0,,0.0,,0.0,,0.6,1.0,0.0,
LaoRodriguez2023,council_consensus_baseline,council_consensus,Original 8-Model Council Baseline Consensus,2023.0,empirical,10.0,8.0,0.56,0.32,0.4,0.2,0.667,0.094,0.467,0.377,0.2,0.0,0.667,0.094,,,,0.2,0.6,0.8,,,,0.2,,1.0,,,,,,,,,,0.6,,0.2,,,0.8,,,,,0.6,,,,0.6,,,,,0.2,,,,,0.2,,1.0,,,,,,,,,,0.2,,0.2,,,0.8,,,,,0.6,,,,0.6
Attinger2017,deepseek_r1_distill_llama_70b,autonomous_council_agent,DeepSeek-R1 Distill Llama 70B,2017.0,empirical,23.0,23.0,0.71,0.17,0.833,0.082,0.8,0.141,0.7,0.173,0.844,0.107,0.8,0.187,0.8,0.6,0.4,,0.7,0.9,0.9,,0.8,0.5,0.9,0.6,0.8,0.8,0.7,0.9,0.8,1.0,,0.8,0.9,,0.8,,0.8,,0.8,,0.6,,,,,1.0,,,0.9,0.6,0.4,,0.8,0.8,0.8,,0.7,0.4,0.9,0.7,0.9,0.8,0.8,0.9,0.8,1.0,,0.6,0.9,,0.9,,0.8,,0.9,,0.5,,,,,1.0,,
Bakhtiari2021,deepseek_r1_distill_llama_70b,autonomous_council_agent,DeepSeek-R1 Distill Llama 70B,2021.0,empirical,0.0,0.0,0.0,0.0,0.0,0.0,0.0,0.0,0.0,0.0,0.0,0.0,0.0,0.0,,,,,,,,,,,,,,,,,,,,,,,,,,,,,,,,,,,,,,,,,,,,,,,,,,,,,,,,,,,,,,,,,,,,,,,,
Bastos2012,deepseek_r1_distill_llama_70b,autonomous_council_agent,DeepSeek-R1 Distill Llama 70B,2012.0,other,33.0,33.0,0.7,0.1,0.733,0.125,0.744,0.083,0.7,0.071,0.733,0.085,0.778,0.079,0.9,0.6,0.7,0.8,0.7,0.8,0.7,0.6,0.5,0.7,0.7,0.7,0.9,0.6,0.5,0.8,0.7,0.9,0.6,0.9,0.7,0.7,0.7,0.8,0.7,0.8,0.7,0.8,0.7,,0.6,0.8,0.7,0.9,,,0.8,0.6,0.7,0.6,0.7,0.8,0.7,0.7,0.6,0.7,0.7,0.8,0.8,0.7,0.6,0.9,0.7,0.7,0.7,0.7,0.7,0.7,0.7,0.9,0.8,0.7,0.8,0.9,0.8,,0.7,0.7,0.7,0.9,,
Bastos2020,deepseek_r1_distill_llama_70b,autonomous_council_agent,DeepSeek-R1 Distill Llama 70B,2020.0,empirical,18.0,18.0,0.171,0.724,0.683,0.09,0.6,0.0,0.143,0.746,0.767,0.094,0.64,0.049,0.7,,,-1.0,-0.9,0.7,0.3,0.8,,,0.6,,0.7,,,0.7,,0.7,,0.5,0.7,,,0.8,0.6,,0.6,0.6,0.6,,,,0.6,,,,0.8,,,-1.0,-1.0,0.6,0.2,0.8,,,0.6,,0.8,,,0.8,,0.7,,0.6,0.8,,,0.9,0.7,,0.6,0.7,0.6,,,,0.6,,,
Bekinschtein2009,deepseek_r1_distill_llama_70b,autonomous_council_agent,DeepSeek-R1 Distill Llama 70B,2009.0,empirical,12.0,10.0,0.5,0.141,0.65,0.173,0.4,0.0,0.525,0.259,0.58,0.117,0.4,0.0,,,,0.6,0.6,0.3,,,,,,,0.9,0.7,,0.5,0.6,,,0.8,0.7,,0.7,0.3,,,0.4,,,,,,,,,,,,,,,0.1,0.8,,,0.6,0.6,,,,,0.4,,,,,0.5,0.7,0.6,0.7,,,0.4,,,,,,,,,
Chao2018,deepseek_r1_distill_llama_70b,autonomous_council_agent,DeepSeek-R1 Distill Llama 70B,2019.0,empirical,25.0,25.0,0.743,0.073,0.864,0.048,0.886,0.125,0.429,0.44,-0.236,0.048,0.729,0.399,,,,0.8,0.7,0.8,0.6,0.8,,0.7,0.8,,0.9,,0.8,0.9,0.8,0.9,0.9,0.9,0.9,0.8,0.8,0.9,1.0,0.9,0.9,1.0,1.0,,,,0.7,0.7,,,,,,0.7,0.7,0.9,0.6,0.6,,-0.2,-0.3,,-0.2,,-0.2,-0.2,-0.3,-0.2,-0.3,-0.2,-0.2,-0.2,-0.3,-0.3,-0.2,1.0,0.9,1.0,1.0,,,,0.7,0.7,,
Friston2010,deepseek_r1_distill_llama_70b,autonomous_council_agent,DeepSeek-R1 Distill Llama 70B,2010.0,other,29.0,29.0,0.63,0.173,0.655,0.13,0.6,0.158,0.64,0.102,0.664,0.107,0.6,0.158,0.9,0.6,0.8,0.7,0.6,0.8,0.6,,0.4,0.6,0.3,,0.8,0.5,0.8,0.6,0.7,0.5,0.4,0.7,0.8,,0.7,0.7,0.2,0.6,0.7,,0.7,,0.6,0.6,0.7,0.7,,,0.6,0.8,0.6,0.6,0.7,0.7,0.7,,0.4,0.7,0.6,,0.8,0.6,0.8,0.6,0.6,0.5,0.5,0.7,0.8,,0.7,0.7,0.2,0.7,0.6,,0.6,,0.6,0.7,0.7,0.7,,
Furutachi2024,deepseek_r1_distill_llama_70b,autonomous_council_agent,DeepSeek-R1 Distill Llama 70B,2024.0,empirical,30.0,30.0,0.67,0.155,0.755,0.078,0.667,0.094,0.58,0.271,-0.145,0.05,0.667,0.094,0.5,,0.6,0.9,0.6,0.7,0.7,,1.0,0.6,0.5,0.6,0.9,0.8,0.6,0.7,0.8,0.8,,0.8,0.7,0.7,0.7,0.8,0.6,0.6,0.8,0.6,0.8,,0.6,0.6,0.8,0.6,,,0.6,,0.6,0.8,0.4,0.7,0.6,,1.0,0.6,0.6,-0.1,-0.1,-0.2,-0.1,-0.2,-0.1,-0.1,,-0.1,-0.2,-0.1,-0.2,-0.2,0.7,0.6,0.7,0.6,0.8,,0.5,0.7,0.8,0.6,,
Garret2020,deepseek_r1_distill_llama_70b,autonomous_council_agent,DeepSeek-R1 Distill Llama 70B,2020.0,empirical,23.0,23.0,0.71,0.158,0.543,0.15,0.6,0.0,0.37,0.412,-0.2,0.0,0.483,0.313,0.6,,0.4,0.7,0.8,0.9,0.6,,0.9,0.7,0.6,0.9,0.2,,,,0.7,0.6,,0.6,0.6,0.5,0.6,,0.6,0.6,0.6,,0.6,,,0.6,,0.6,,,0.6,,0.4,0.6,0.6,0.9,0.6,,0.7,-0.2,-0.2,-0.3,-0.2,,,,-0.2,-0.2,,-0.2,-0.2,-0.2,-0.2,,-0.2,0.7,0.6,,0.5,,,0.7,,0.6,,
Greedy2022,deepseek_r1_distill_llama_70b,autonomous_council_agent,DeepSeek-R1 Distill Llama 70B,2022.0,empirical,19.0,19.0,0.475,0.179,0.686,0.264,0.6,0.0,0.5,0.173,0.714,0.247,0.587,0.06,,,0.5,,0.5,0.7,,,,0.2,,,0.7,0.2,,,0.5,0.8,,1.0,0.6,,1.0,,0.6,0.6,0.6,,0.6,0.6,,,0.6,0.6,0.6,,,,0.6,,0.6,0.6,,,,0.2,,,0.6,0.2,,,0.7,0.9,,1.0,0.7,,0.9,,0.5,0.6,0.7,,0.5,0.6,,,0.6,0.6,0.6,
Hertag2020,deepseek_r1_distill_llama_70b,autonomous_council_agent,DeepSeek-R1 Distill Llama 70B,2020.0,other,15.0,15.0,0.586,0.455,0.717,0.121,0.65,0.05,0.586,0.649,0.75,0.138,0.7,0.1,0.7,0.8,0.9,,,0.7,,,0.6,,0.9,-0.5,0.7,,,,0.7,0.9,,0.7,0.5,,0.8,,0.7,0.6,,,,,,,,,,,0.8,0.8,0.9,,,0.9,,,0.8,,0.9,-1.0,0.7,,,,0.8,1.0,,0.8,0.6,,0.6,,0.8,0.6,,,,,,,,,,
Jiang&Rao2024,deepseek_r1_distill_llama_70b,autonomous_council_agent,DeepSeek-R1 Distill Llama 70B,2024.0,other,0.0,0.0,0.0,0.0,0.0,0.0,0.0,0.0,0.0,0.0,0.0,0.0,0.0,0.0,,,,,,,,,,,,,,,,,,,,,,,,,,,,,,,,,,,,,,,,,,,,,,,,,,,,,,,,,,,,,,,,,,,,,,,,
Keller2012,deepseek_r1_distill_llama_70b,autonomous_council_agent,DeepSeek-R1 Distill Llama 70B,2012.0,empirical,16.0,15.0,0.725,0.083,0.863,0.111,0.8,0.2,0.75,0.05,0.886,0.064,0.775,0.228,,,,,,0.8,0.7,,,0.6,,0.8,1.0,0.9,0.9,,0.7,0.7,,1.0,0.8,,0.9,,,,0.6,,1.0,,,,1.0,,0.6,,,,,,,0.8,0.7,,,0.7,,0.8,0.9,1.0,,,0.8,0.9,,0.9,0.8,,0.9,,,,0.5,,1.0,,,,1.0,,0.6,
Keller2018,deepseek_r1_distill_llama_70b,autonomous_council_agent,DeepSeek-R1 Distill Llama 70B,2018.0,empirical,29.0,29.0,0.891,0.079,0.89,0.054,0.887,0.117,0.864,0.098,0.9,0.077,0.875,0.12,0.9,0.8,0.9,0.7,0.9,0.9,0.9,,0.9,1.0,1.0,0.9,0.9,0.8,0.9,,0.9,0.9,1.0,0.9,0.9,,0.9,0.8,0.9,0.9,0.9,1.0,1.0,,0.9,0.6,,0.9,,,0.9,0.8,0.9,0.6,0.9,0.9,0.8,,1.0,0.9,0.9,0.9,0.9,0.8,0.9,,0.9,1.0,1.0,1.0,0.8,,0.9,0.8,0.8,1.0,0.9,1.0,0.9,,0.9,0.6,,0.9,,
Kiebel2008,deepseek_r1_distill_llama_70b,autonomous_council_agent,DeepSeek-R1 Distill Llama 70B,2008.0,other,22.0,22.0,0.8,0.122,0.878,0.103,0.889,0.087,0.9,0.071,0.844,0.096,0.911,0.074,,,,,,0.7,,,,0.8,1.0,0.7,0.9,,,,1.0,0.8,0.7,0.8,0.8,1.0,1.0,0.9,0.8,0.8,0.8,1.0,1.0,,1.0,0.8,0.9,0.9,,,,,,,,0.9,,,,0.9,1.0,0.8,0.8,,,,0.9,0.8,0.8,0.7,0.8,1.0,1.0,0.8,0.8,0.9,0.9,1.0,1.0,,1.0,0.8,0.9,0.9,,
LaoRodriguez2023,deepseek_r1_distill_llama_70b,autonomous_council_agent,DeepSeek-R1 Distill Llama 70B,2023.0,empirical,5.0,5.0,0.65,0.296,1.0,0.0,0.0,0.0,0.45,0.166,0.4,0.0,0.0,0.0,,,,,0.8,0.6,,,,,0.2,1.0,1.0,,,,,,,,,,,,,,,,,,,,,,,,,,,,0.6,0.6,,,,,0.2,0.4,0.4,,,,,,,,,,,,,,,,,,,,,,,
LeeMejias2025,deepseek_r1_distill_llama_70b,autonomous_council_agent,DeepSeek-R1 Distill Llama 70B,2025.0,other,28.0,28.0,0.89,0.122,0.882,0.103,0.814,0.125,0.89,0.104,0.918,0.057,0.786,0.112,0.9,0.9,1.0,0.6,,1.0,1.0,1.0,0.9,,0.8,0.8,0.9,1.0,1.0,0.7,0.8,1.0,1.0,0.8,0.9,,0.8,0.8,1.0,0.8,0.7,1.0,0.7,,,0.8,0.7,,,,0.9,0.9,1.0,0.6,,0.9,1.0,0.9,0.9,,0.9,0.9,0.9,1.0,1.0,0.8,0.9,1.0,0.9,0.9,0.9,,0.9,0.9,1.0,0.7,0.7,0.9,0.7,,,0.8,0.7,,,
Mikulasch2023,deepseek_r1_distill_llama_70b,autonomous_council_agent,DeepSeek-R1 Distill Llama 70B,2023.0,other,31.0,31.0,0.73,0.155,0.867,0.075,0.822,0.042,0.46,0.441,-0.233,0.047,0.656,0.306,0.7,0.8,1.0,,0.6,0.7,0.7,,0.5,0.7,1.0,0.6,0.9,1.0,0.9,0.7,0.9,0.9,0.8,0.8,0.9,0.8,0.9,0.9,0.8,0.9,0.8,0.8,0.8,,0.8,0.8,0.8,0.9,,,0.7,0.8,0.9,,0.6,0.8,0.8,,0.6,-0.2,-0.2,-0.2,-0.3,-0.2,-0.2,-0.3,-0.3,-0.2,-0.2,-0.2,-0.2,-0.2,-0.2,-0.3,-0.2,0.7,0.8,0.7,0.8,,0.8,0.7,0.8,0.8,,
Nejad2025,deepseek_r1_distill_llama_70b,autonomous_council_agent,DeepSeek-R1 Distill Llama 70B,2025.0,other,28.0,27.0,0.614,0.083,0.791,0.108,0.65,0.05,0.567,0.309,-0.155,0.05,0.67,0.09,,,,0.6,0.7,0.7,0.7,,,0.5,0.6,0.5,0.9,0.6,0.6,,0.9,0.8,0.7,0.9,0.9,0.8,0.8,0.8,0.7,0.7,0.7,0.6,0.6,0.6,,0.6,0.7,0.7,0.6,,,,,,0.8,0.8,0.7,,,0.6,0.6,-0.1,-0.2,-0.2,-0.1,,-0.2,-0.1,-0.2,-0.1,-0.2,-0.2,-0.1,-0.1,0.8,0.7,0.8,0.5,0.6,0.7,,0.6,0.7,0.7,0.6,
Payeur2021,deepseek_r1_distill_llama_70b,autonomous_council_agent,DeepSeek-R1 Distill Llama 70B,2021.0,other,20.0,20.0,0.675,0.192,0.55,0.071,0.6,0.0,0.7,0.173,0.612,0.06,0.575,0.043,,,,,0.6,1.0,0.6,,,0.5,,,0.5,0.5,0.6,,0.6,0.5,,0.5,0.7,,0.5,,0.6,0.6,0.6,,0.6,0.6,,,0.6,0.6,0.6,,,,,,0.6,1.0,0.6,,,0.6,,,0.6,0.6,0.6,,0.5,0.7,,0.6,0.7,,0.6,,0.6,0.5,0.5,,0.6,0.6,,,0.6,0.6,0.6,
Rao2024,deepseek_r1_distill_llama_70b,autonomous_council_agent,DeepSeek-R1 Distill Llama 70B,2024.0,other,27.0,26.0,0.643,0.105,0.745,0.089,0.678,0.063,0.633,0.047,0.745,0.066,0.689,0.11,,,,0.7,0.5,0.8,0.6,,,0.7,0.5,0.7,0.7,0.9,0.8,0.7,0.7,0.7,0.7,0.8,0.9,,0.7,0.6,0.7,0.6,0.7,0.6,0.7,,0.8,0.6,0.7,0.7,,,,,,,0.6,0.7,0.6,,,0.7,0.6,0.6,0.7,0.8,0.8,0.6,0.8,0.8,0.7,0.8,0.7,,0.7,0.8,0.8,0.5,0.7,0.7,0.8,,0.8,0.5,0.7,0.7,,
Rao&Ballard1999,deepseek_r1_distill_llama_70b,autonomous_council_agent,DeepSeek-R1 Distill Llama 70B,1999.0,other,23.0,23.0,0.625,0.083,0.744,0.171,0.667,0.075,0.688,0.105,0.756,0.117,0.65,0.076,0.6,0.5,0.6,,0.6,0.8,0.7,,,0.6,0.6,,0.9,,0.7,,0.9,0.9,0.4,0.6,0.9,,0.8,0.6,0.6,0.8,0.6,,0.7,,,0.6,,0.7,,,0.6,0.6,0.6,,0.8,0.9,0.7,,,0.7,0.6,,0.8,,0.6,,0.8,0.9,0.9,0.6,0.8,,0.8,0.6,0.6,0.7,0.7,,0.7,,,0.5,,0.7,,
Sacramento2018,deepseek_r1_distill_llama_70b,autonomous_council_agent,DeepSeek-R1 Distill Llama 70B,2018.0,other,0.0,0.0,0.0,0.0,0.0,0.0,0.0,0.0,0.0,0.0,0.0,0.0,0.0,0.0,,,,,,,,,,,,,,,,,,,,,,,,,,,,,,,,,,,,,,,,,,,,,,,,,,,,,,,,,,,,,,,,,,,,,,,,
Spratling2008,deepseek_r1_distill_llama_70b,autonomous_council_agent,DeepSeek-R1 Distill Llama 70B,2008.0,other,22.0,22.0,0.656,0.083,0.725,0.083,0.62,0.04,0.544,0.267,0.725,0.12,0.6,0.063,0.7,0.5,0.7,,0.7,0.8,0.6,,0.7,0.6,0.6,,0.7,,0.7,,0.8,,0.7,0.7,0.7,,0.9,0.6,0.6,0.6,0.7,,0.6,,,,,0.6,,,-0.2,0.6,0.7,,0.6,0.7,0.6,,0.6,0.7,0.6,,0.7,,0.6,,0.8,,0.5,0.7,0.8,,0.9,0.8,0.6,0.6,0.7,,0.5,,,,,0.6,,
Spratling2010,deepseek_r1_distill_llama_70b,autonomous_council_agent,DeepSeek-R1 Distill Llama 70B,2010.0,other,23.0,24.0,0.588,0.611,0.8,0.52,0.067,0.754,0.167,0.724,0.7,0.528,0.033,0.732,0.9,1.0,0.6,,-1.0,0.8,0.9,,,0.7,0.8,,0.9,1.0,1.0,1.0,1.0,0.9,0.7,1.0,1.0,1.0,1.0,-0.9,,,,,,,-1.0,0.6,,0.6,,,-0.5,0.6,0.5,-1.0,-1.0,0.7,0.7,,,0.7,0.8,,0.8,1.0,1.0,0.9,0.8,1.0,0.7,0.6,0.8,1.0,0.8,-1.0,,,,,,,-1.0,0.5,,0.6,,
Srinivasan1982,deepseek_r1_distill_llama_70b,autonomous_council_agent,DeepSeek-R1 Distill Llama 70B,1982.0,other,13.0,13.0,0.886,0.136,0.96,0.049,0.8,0.0,0.886,0.112,0.98,0.04,0.8,0.0,1.0,,1.0,,0.6,1.0,0.8,,,0.9,0.9,,0.9,,,,1.0,,,1.0,1.0,,0.9,,,,,,,,,0.8,,,,,1.0,,1.0,,0.7,1.0,0.9,,,0.8,0.8,,1.0,,,,1.0,,,0.9,1.0,,1.0,,,,,,,,,0.8,,,,
VanDerveer2021,deepseek_r1_distill_llama_70b,autonomous_council_agent,DeepSeek-R1 Distill Llama 70B,2021.0,empirical,19.0,19.0,0.686,0.21,0.686,0.146,0.6,0.0,0.743,0.213,0.629,0.158,0.62,0.04,0.9,,0.8,,0.3,0.8,,0.9,,0.5,0.6,,0.7,,,0.7,,0.6,0.7,0.5,,,0.6,1.0,0.6,,0.6,,0.6,,,0.6,,0.6,,,0.9,,0.9,,0.3,0.9,,0.9,,0.6,0.7,,0.6,,,0.5,,0.5,0.6,0.6,,,0.6,1.0,0.7,,0.6,,0.6,,,0.6,,0.6,,
Wacongne2012,deepseek_r1_distill_llama_70b,autonomous_council_agent,DeepSeek-R1 Distill Llama 70B,2012.0,empirical,27.0,23.0,0.389,0.748,0.882,0.127,0.857,0.14,0.429,0.904,0.95,0.12,0.683,0.426,0.8,,0.7,-1.0,-1.0,0.8,,0.7,,0.8,0.7,1.0,1.0,0.8,1.0,0.6,0.9,1.0,0.9,0.9,0.9,,1.0,0.7,1.0,0.8,0.8,,0.6,,1.0,1.0,0.8,,,,,,1.0,-1.0,-1.0,1.0,,,,1.0,1.0,1.0,1.0,1.0,1.0,,1.0,1.0,0.9,1.0,1.0,,1.0,0.6,1.0,-0.2,0.7,,0.6,,1.0,1.0,,,,
Wacongne2011,deepseek_r1_distill_llama_70b,autonomous_council_agent,DeepSeek-R1 Distill Llama 70B,2011.0,empirical,19.0,19.0,0.48,0.605,0.762,0.132,0.867,0.149,0.44,0.637,0.8,0.194,0.783,0.167,,,,0.6,-0.7,0.8,,,,0.7,,1.0,0.6,,,,0.8,0.6,,0.9,0.8,0.7,0.7,1.0,,0.8,0.8,0.6,1.0,,,,1.0,1.0,,,,,,0.6,-0.8,0.6,,,,0.8,,1.0,0.6,,,,0.9,0.5,,1.0,1.0,0.6,1.0,0.8,,0.7,0.6,0.6,1.0,,,,1.0,0.8,,
Westerberg&Xiong2025,deepseek_r1_distill_llama_70b,autonomous_council_agent,DeepSeek-R1 Distill Llama 70B,2025.0,empirical,23.0,24.0,0.012,0.655,0.475,0.561,0.186,0.753,-0.556,0.638,-0.7,0.173,-0.286,0.533,0.7,0.6,0.7,,0.2,0.1,-0.2,,-1.0,,-1.0,,,0.7,-0.2,0.7,,0.9,-0.7,0.8,,0.6,,1.0,0.6,-1.0,,0.6,0.7,,,0.6,-1.0,0.8,,,-0.8,-0.8,-0.6,0.8,-1.0,0.4,-1.0,,-1.0,,-1.0,,-0.8,-0.5,-0.6,-0.6,-0.9,,-0.5,,-0.7,,-1.0,,-0.1,-1.0,0.3,-0.6,,,,0.3,-1.0,0.1,,
Yamins2014,deepseek_r1_distill_llama_70b,autonomous_council_agent,DeepSeek-R1 Distill Llama 70B,2014.0,other,0.0,0.0,0.0,0.0,0.0,0.0,0.0,0.0,0.0,0.0,0.0,0.0,0.0,0.0,,,,,,,,,,,,,,,,,,,,,,,,,,,,,,,,,,,,,,,,,,,,,,,,,,,,,,,,,,,,,,,,,,,,,,,,
Attinger2017,gemma_3_27b,autonomous_council_agent,Gemma 3 27B,2017.0,empirical,23.0,22.0,0.4,0.176,0.575,0.043,0.25,0.087,0.44,0.206,0.562,0.048,0.25,0.15,0.6,0.6,0.6,0.3,0.1,0.5,0.2,,0.5,0.3,0.5,0.2,0.5,0.6,0.6,,0.6,0.6,0.5,,0.6,,0.6,,0.4,,0.2,,,0.2,,,,,0.2,,0.7,0.5,0.6,,0.1,0.6,0.3,,0.6,0.2,0.6,0.2,0.5,0.6,0.6,,0.5,0.6,0.6,,0.5,,0.6,,0.5,,0.1,,,0.2,,,,,0.2,
Bakhtiari2021,gemma_3_27b,autonomous_council_agent,Gemma 3 27B,2021.0,empirical,6.0,6.0,0.25,0.05,0.6,0.0,0.0,0.0,0.2,0.0,0.4,0.0,0.0,0.0,,,,,,0.3,,,,0.2,,,,0.6,0.6,,0.6,,,,,,0.6,,,,,,,,,,,,,,,,,,,0.2,,,,0.2,,,,0.4,0.4,,0.4,,,,,,0.4,,,,,,,,,,,,,
Bastos2012,gemma_3_27b,autonomous_council_agent,Gemma 3 27B,2012.0,other,27.0,26.0,0.51,0.207,0.591,0.193,0.417,0.261,0.489,0.197,0.609,0.211,0.367,0.236,0.6,0.6,0.6,0.8,0.5,0.8,0.2,0.3,,0.2,0.5,,0.5,0.6,0.5,0.2,0.6,0.8,0.7,0.8,0.3,,0.7,0.8,0.9,0.2,0.2,,,0.6,,,,0.4,0.2,,0.6,0.6,0.6,,0.5,0.8,0.2,0.3,,0.2,0.6,,0.6,0.6,0.6,0.1,0.7,0.8,0.9,0.7,0.4,,0.5,0.8,0.8,0.2,0.1,,,0.5,,,,0.4,0.2,
Bastos2020,gemma_3_27b,autonomous_council_agent,Gemma 3 27B,2020.0,empirical,25.0,25.0,0.42,0.26,0.4,0.249,0.275,0.083,0.41,0.262,0.364,0.231,0.275,0.083,0.2,0.2,0.2,0.6,0.7,0.8,0.1,0.8,,0.3,0.3,,0.6,0.2,0.2,0.6,0.3,0.9,0.1,0.7,0.4,,0.2,0.2,0.3,,0.4,,,0.2,,,,0.2,,,0.2,0.2,0.2,0.6,0.8,0.8,0.2,0.7,,0.2,0.2,,0.6,0.2,0.2,0.7,0.2,0.7,0.1,0.6,0.4,,0.1,0.2,0.4,,0.3,,,0.2,,,,0.2,,
Bekinschtein2009,gemma_3_27b,autonomous_council_agent,Gemma 3 27B,2009.0,empirical,11.0,19.0,0.425,0.238,0.343,0.199,0.0,0.0,0.486,0.259,0.543,0.105,0.38,0.194,,,,0.3,0.6,0.7,,,,0.1,,,0.6,,,,0.4,0.2,0.1,,0.4,,0.6,0.1,,,,,,,,,,,,,,,,0.6,0.8,0.6,,0.2,0.2,0.8,,0.2,0.6,,,,0.3,0.6,0.5,,0.6,,0.6,0.6,0.3,0.2,0.5,,,0.7,,,,0.2,,
Chao2018,gemma_3_27b,autonomous_council_agent,Gemma 3 27B,2019.0,empirical,26.0,26.0,0.56,0.206,0.636,0.123,0.38,0.16,0.34,0.338,-0.273,0.045,0.28,0.264,0.7,0.7,0.7,0.6,0.6,0.8,0.2,0.2,,0.4,0.7,,0.7,0.7,0.7,0.4,0.7,0.6,0.7,0.7,0.6,,0.8,0.4,0.2,0.2,0.6,,,0.5,,,,0.4,,,0.6,0.6,0.6,0.1,0.6,0.8,0.2,0.3,,-0.2,-0.2,,-0.3,-0.3,-0.2,-0.3,-0.3,-0.3,-0.3,-0.3,-0.2,,-0.3,-0.2,-0.2,0.2,0.5,,,0.5,,,,0.4,,
Friston2010,gemma_3_27b,autonomous_council_agent,Gemma 3 27B,2010.0,other,9.0,13.0,0.25,0.087,0.14,0.049,0.0,0.0,0.35,0.218,0.36,0.206,0.6,0.071,,,,0.2,0.4,0.2,,,,0.2,,,0.2,,,,0.1,,,,0.1,,0.2,0.1,,,,,,,,,,,,,,,,0.1,0.3,0.3,,,,0.7,,,0.6,,,,0.2,,,,0.1,,0.6,0.3,0.5,0.6,0.7,,,0.6,,,,,,
Furutachi2024,gemma_3_27b,autonomous_council_agent,Gemma 3 27B,2024.0,empirical,16.0,16.0,0.39,0.207,0.54,0.224,0.3,0.0,0.4,0.283,-0.18,0.04,0.3,0.0,,0.6,0.3,0.4,0.2,0.4,0.3,,0.8,0.6,0.1,0.2,0.6,,,,0.3,0.9,,,0.3,,0.6,,0.3,,,,,,,,,,,,,0.5,0.2,0.8,0.2,0.3,0.4,,0.8,0.7,0.2,-0.1,-0.2,,,,-0.2,-0.2,,,-0.2,,-0.1,,0.3,,,,,,,,,,,
Garret2020,gemma_3_27b,autonomous_council_agent,Gemma 3 27B,2020.0,empirical,18.0,17.0,0.582,0.244,0.3,0.122,0.267,0.094,0.22,0.368,-0.225,0.043,0.167,0.287,0.1,0.7,0.5,0.8,0.4,0.7,0.3,,0.8,0.6,0.5,1.0,0.5,0.2,0.3,,,0.2,,,,,,,0.2,,0.4,,,,,,0.2,,,,,0.4,0.3,0.2,0.2,0.7,0.2,,0.9,-0.2,-0.3,-0.2,-0.2,-0.2,-0.3,,,-0.2,,,,,,,-0.2,,0.5,,,,,,0.2,,,
Greedy2022,gemma_3_27b,autonomous_council_agent,Gemma 3 27B,2022.0,empirical,17.0,17.0,0.438,0.218,0.514,0.173,0.4,0.2,0.45,0.194,0.486,0.188,0.35,0.15,0.1,0.6,0.7,,0.6,0.6,,,0.2,0.5,0.2,,,0.6,0.6,,0.3,0.6,0.6,,0.2,,0.7,,,,,,,0.6,,,,0.2,,,0.2,0.6,0.6,,0.6,0.6,,,0.2,0.6,0.2,,,0.6,0.6,,0.2,0.6,0.5,,0.2,,0.7,,,,,,,0.5,,,,0.2,,
Hertag2020,gemma_3_27b,autonomous_council_agent,Gemma 3 27B,2020.0,other,18.0,18.0,0.544,0.254,0.363,0.149,0.6,0.0,0.533,0.231,0.375,0.148,0.7,0.0,0.7,0.8,0.7,0.1,0.2,0.6,,,0.7,0.3,0.8,,0.4,0.3,0.4,,0.2,0.6,0.5,,0.4,,0.1,,0.6,,,,,,,,,,,,0.6,0.7,0.7,0.1,0.2,0.6,,,0.7,0.4,0.8,,0.4,0.4,0.4,,0.1,0.5,0.6,,0.4,,0.2,,0.7,,,,,,,,,,,
Jiang&Rao2024,gemma_3_27b,autonomous_council_agent,Gemma 3 27B,2024.0,other,10.0,10.0,0.26,0.049,0.32,0.204,0.0,0.0,0.26,0.08,0.32,0.16,0.0,0.0,,,,0.2,0.3,0.2,,,,0.3,,0.3,0.7,,,,0.2,,,0.1,0.3,,0.3,,,,,,,,,,,,,,,,,0.2,0.2,0.2,,,,0.4,,0.3,0.6,,,,0.3,,,0.1,0.3,,0.3,,,,,,,,,,,,,
Keller2012,gemma_3_27b,autonomous_council_agent,Gemma 3 27B,2012.0,empirical,11.0,11.0,0.275,0.192,0.367,0.125,0.2,0.0,0.5,0.173,0.433,0.17,0.3,0.0,,,,0.1,0.2,0.6,,,,0.2,,,0.4,,,,0.3,0.6,0.2,,0.3,,0.4,,,,0.2,,,,,,,,,,,,,0.6,0.6,0.6,,,,0.2,,,0.6,,,,0.3,0.6,0.2,,0.3,,0.6,,,,0.3,,,,,,,,,
Keller2018,gemma_3_27b,autonomous_council_agent,Gemma 3 27B,2018.0,empirical,24.0,24.0,0.51,0.192,0.489,0.152,0.2,0.11,0.5,0.205,0.489,0.129,0.18,0.117,0.6,0.5,0.5,0.6,0.7,0.6,0.2,,,0.1,0.6,0.7,0.4,0.6,0.6,,0.5,0.6,0.5,,0.6,,0.5,0.1,0.4,0.1,0.2,,,0.2,,,,0.1,,,0.6,0.5,0.6,0.2,0.7,0.7,0.2,,,0.2,0.6,0.7,0.4,0.6,0.6,,0.4,0.5,0.6,,0.5,,0.6,0.2,0.4,0.1,0.1,,,0.2,,,,0.1,,
Kiebel2008,gemma_3_27b,autonomous_council_agent,Gemma 3 27B,2008.0,other,12.0,12.0,0.36,0.12,0.55,0.35,0.68,0.098,0.54,0.174,0.5,0.3,0.78,0.075,,,,0.3,0.3,0.6,,,,0.3,,0.3,0.2,,,,,,,,,,,0.9,,0.6,0.6,,0.6,,,,0.8,0.8,,,,,,0.6,0.8,0.6,,,,0.4,,0.3,0.2,,,,,,,,,,,0.8,,0.9,0.7,,0.7,,,,0.8,0.8,,
LaoRodriguez2023,gemma_3_27b,autonomous_council_agent,Gemma 3 27B,2023.0,empirical,19.0,19.0,0.383,0.273,0.325,0.13,0.28,0.16,0.283,0.134,0.25,0.132,0.32,0.147,,,0.1,0.4,0.3,0.5,,,,0.1,,0.9,0.5,,,,0.4,0.3,0.3,,0.3,0.2,0.5,0.1,,,0.6,,,0.2,,0.2,0.2,,,0.2,,,0.1,0.2,0.3,0.5,,,,0.2,,0.4,0.4,,,,0.4,0.3,0.2,,0.1,0.1,0.4,0.1,,,0.6,,,0.3,,0.3,0.2,,,0.2
LeeMejias2025,gemma_3_27b,autonomous_council_agent,Gemma 3 27B,2025.0,other,20.0,20.0,0.322,0.193,0.257,0.176,0.45,0.218,0.333,0.163,0.329,0.128,0.475,0.217,0.1,0.6,0.3,,0.3,0.3,,0.2,0.7,0.3,0.1,,0.1,,,,0.1,0.6,0.4,,0.1,,0.2,0.3,0.8,,0.4,,,,,,0.2,0.4,,,0.2,0.6,0.4,,0.2,0.2,,0.2,0.6,0.4,0.2,,0.2,,,,0.3,0.6,0.4,,0.2,,0.3,0.3,0.8,,0.5,,,,,,0.2,0.4,,
Mikulasch2023,gemma_3_27b,autonomous_council_agent,Gemma 3 27B,2023.0,other,15.0,15.0,0.389,0.251,0.467,0.17,0.333,0.189,0.244,0.31,-0.233,0.047,0.067,0.189,0.1,0.6,0.8,,0.5,0.2,0.2,,0.1,0.3,0.7,,,,,,,0.7,0.3,,,,,0.4,0.6,,0.2,,,,,,,0.2,,,0.2,0.6,0.8,,0.4,0.2,0.2,,0.2,-0.2,-0.2,,,,,,,-0.2,-0.2,,,,,-0.3,-0.2,,0.2,,,,,,,0.2,,
Nejad2025,gemma_3_27b,autonomous_council_agent,Gemma 3 27B,2025.0,other,21.0,22.0,0.378,0.23,0.512,0.196,0.325,0.217,0.4,0.231,-0.138,0.048,0.28,0.271,0.2,0.2,0.2,0.6,0.7,0.7,0.1,,,0.5,0.2,,0.7,0.2,0.2,,0.5,0.7,0.7,,0.5,,0.6,,0.7,0.2,0.2,,,0.2,,,,,,,0.2,0.2,0.2,0.6,0.8,0.6,0.2,,,0.6,0.2,,-0.1,-0.2,-0.1,,-0.1,-0.2,-0.2,,-0.1,,-0.1,,0.8,0.1,0.1,,,0.3,,,0.1,,,
Payeur2021,gemma_3_27b,autonomous_council_agent,Gemma 3 27B,2021.0,other,16.0,16.0,0.5,0.2,0.433,0.205,0.2,0.0,0.467,0.189,0.367,0.236,0.2,0.0,0.2,0.7,0.5,,0.6,0.6,0.2,,0.3,0.7,0.7,,,0.7,0.6,,0.2,0.2,0.3,,,,0.6,,,,,,,0.2,,,,,,,0.2,0.6,0.6,,0.6,0.6,0.2,,0.2,0.6,0.6,,,0.6,0.6,,0.1,0.2,0.1,,,,0.6,,,,,,,0.2,,,,,,
Rao2024,gemma_3_27b,autonomous_council_agent,Gemma 3 27B,2024.0,other,17.0,17.0,0.533,0.249,0.417,0.273,0.68,0.098,0.533,0.249,0.517,0.211,0.68,0.098,,,0.2,0.6,0.8,0.6,,,,0.8,,0.2,0.7,,,,0.1,0.5,0.3,,0.1,,,0.8,0.6,0.6,0.8,,,,,,0.6,0.8,,,,,0.2,0.6,0.8,0.6,,,,0.8,,0.2,0.6,,,,0.2,0.7,0.5,,0.3,,,0.8,0.6,0.6,0.8,,,,,,0.6,0.8,,
Rao&Ballard1999,gemma_3_27b,autonomous_council_agent,Gemma 3 27B,1999.0,other,13.0,13.0,0.42,0.194,0.629,0.212,0.6,0.0,0.4,0.179,0.629,0.158,0.6,0.0,,0.3,0.2,,0.7,0.3,,,,0.6,,,0.6,,,,0.8,0.7,0.2,,0.5,,0.9,0.7,,,,,,,,,,0.6,,,,0.2,0.2,,0.6,0.4,,,,0.6,,,0.6,,,,0.8,0.8,0.3,,0.6,,0.7,0.6,,,,,,,,,,0.6,,
Sacramento2018,gemma_3_27b,autonomous_council_agent,Gemma 3 27B,2018.0,other,18.0,17.0,0.556,0.189,0.6,0.087,0.2,0.0,0.525,0.198,-0.175,0.043,0.1,0.0,0.6,0.6,0.6,0.8,0.6,0.8,0.2,,,0.3,0.5,,0.5,0.5,0.6,,0.7,0.7,0.7,,0.6,,0.5,,0.2,,,,,,,,,,,,0.6,0.6,0.6,,0.6,0.8,0.2,,,0.2,0.6,,-0.2,-0.2,-0.2,,-0.1,-0.2,-0.2,,-0.1,,-0.2,,0.1,,,,,,,,,,,
Spratling2008,gemma_3_27b,autonomous_council_agent,Gemma 3 27B,2008.0,other,10.0,10.0,0.033,0.499,0.3,0.122,0.0,0.0,0.067,0.512,0.25,0.15,0.0,0.0,-0.6,0.7,-0.3,,,-0.4,0.2,,,0.6,,,0.2,,,,0.3,,,,0.5,,0.2,,,,,,,,,,,,,,-0.6,0.8,-0.2,,,-0.4,0.2,,,0.6,,,0.2,,,,0.2,,,,0.5,,0.1,,,,,,,,,,,,,
Spratling2010,gemma_3_27b,autonomous_council_agent,Gemma 3 27B,2010.0,other,15.0,14.0,0.433,0.254,0.55,0.112,0.0,0.0,0.45,0.212,0.517,0.107,0.0,0.0,0.7,0.9,0.6,0.2,0.2,0.6,0.3,,,0.2,0.2,,0.5,0.5,0.5,,0.7,,,,0.4,,0.7,,,,,,,,,,,,,,0.6,0.8,0.6,,0.3,0.6,0.3,,,0.2,0.2,,0.6,0.6,0.6,,0.5,,,,0.3,,0.5,,,,,,,,,,,,,
Srinivasan1982,gemma_3_27b,autonomous_council_agent,Gemma 3 27B,1982.0,other,6.0,6.0,0.583,0.203,0.0,0.0,0.0,0.0,0.617,0.203,0.0,0.0,0.0,0.0,0.8,0.5,0.6,,0.2,0.8,0.6,,,,,,,,,,,,,,,,,,,,,,,,,,,,,,0.8,0.6,0.7,,0.2,0.8,0.6,,,,,,,,,,,,,,,,,,,,,,,,,,,,,
VanDerveer2021,gemma_3_27b,autonomous_council_agent,Gemma 3 27B,2021.0,empirical,8.0,8.0,0.16,0.383,0.367,0.17,0.0,0.0,0.12,0.627,0.767,0.125,0.0,0.0,0.6,,0.1,,,-0.3,,0.6,,,-0.2,,0.2,,,,,0.6,,,,,,0.3,,,,,,,,,,,,,0.8,,0.2,,,-0.6,,0.8,,,-0.6,,0.6,,,,,0.9,,,,,,0.8,,,,,,,,,,,,
Wacongne2012,gemma_3_27b,autonomous_council_agent,Gemma 3 27B,2012.0,empirical,18.0,18.0,0.213,0.355,0.575,0.156,0.1,0.0,0.25,0.354,0.562,0.158,0.15,0.05,0.1,0.2,0.2,-0.3,-0.3,0.6,,,,0.5,,0.7,0.6,0.6,0.8,,0.6,0.6,0.6,,0.2,,0.6,,0.1,,,,,,,,0.1,,,,0.2,0.2,0.2,-0.3,-0.2,0.6,,,,0.5,,0.8,0.6,0.5,0.7,,0.5,0.6,0.7,,0.2,,0.7,,0.2,,,,,,,,0.1,,,
Wacongne2011,gemma_3_27b,autonomous_council_agent,Gemma 3 27B,2011.0,empirical,13.0,13.0,0.46,0.25,0.575,0.13,0.5,0.224,0.56,0.162,0.575,0.249,0.575,0.249,,,,0.2,0.2,0.4,,,,0.7,,0.8,0.5,,,,0.4,,,,,,0.7,0.7,,0.4,0.6,,,0.2,,,,0.8,,,,,,0.6,0.3,0.5,,,,0.6,,0.8,0.6,,,,0.2,,,,,,0.6,0.9,,0.5,0.8,,,0.2,,,,0.8,,
Westerberg&Xiong2025,gemma_3_27b,autonomous_council_agent,Gemma 3 27B,2025.0,empirical,13.0,13.0,0.433,0.544,0.4,0.384,0.0,0.6,-0.867,0.189,-0.487,0.645,-0.2,0.4,,,,1.0,0.6,-0.3,,,,,,,0.3,,,,,0.7,-0.3,0.1,0.7,0.8,0.1,0.8,-0.6,,0.6,,,,,,,,,,-1.0,-1.0,-0.6,,,,,,,,,,-0.8,,,,-0.9,-0.5,0.6,-1.0,-0.9,,-1.0,0.6,-0.6,,0.2,,,,,,,,,
Yamins2014,gemma_3_27b,autonomous_council_agent,Gemma 3 27B,2014.0,other,18.0,17.0,0.456,0.222,0.6,0.053,0.2,0.0,0.425,0.233,0.4,0.0,0.2,0.0,0.2,0.6,0.5,0.7,0.6,0.8,0.3,,,0.2,0.2,,,0.6,0.6,,0.6,0.7,0.6,,0.6,,0.5,,,,,,,0.2,,,,0.2,,,0.2,0.6,0.6,,0.6,0.8,0.2,,,0.2,0.2,,,0.4,0.4,,0.4,0.4,0.4,,0.4,,0.4,,,,,,,0.2,,,,0.2,,
Attinger2017,gpt_oss_claude_4_5_sonnet,autonomous_council_agent,GPT-OSS Claude 4.5 Sonnet Profile,2017.0,empirical,22.0,22.0,0.56,0.326,0.689,0.292,0.267,0.094,0.6,0.322,0.644,0.306,0.267,0.094,1.0,0.1,0.6,,0.2,0.9,0.6,,0.7,0.3,1.0,0.2,,0.6,0.5,,0.9,1.0,0.3,0.7,1.0,,1.0,0.2,,,,,,,0.2,,0.4,,,0.2,1.0,0.2,0.6,,0.2,1.0,0.6,,0.8,0.4,1.0,0.2,,0.6,0.6,,0.8,1.0,0.1,0.6,1.0,,0.9,0.2,,,,,,,0.2,,0.4,,,0.2
Bakhtiari2021,gpt_oss_claude_4_5_sonnet,autonomous_council_agent,GPT-OSS Claude 4.5 Sonnet Profile,2021.0,empirical,0.0,0.0,0.0,0.0,0.0,0.0,0.0,0.0,0.0,0.0,0.0,0.0,0.0,0.0,,,,,,,,,,,,,,,,,,,,,,,,,,,,,,,,,,,,,,,,,,,,,,,,,,,,,,,,,,,,,,,,,,,,,,,,
Bastos2012,gpt_oss_claude_4_5_sonnet,autonomous_council_agent,GPT-OSS Claude 4.5 Sonnet Profile,2012.0,other,10.0,10.0,0.0,0.0,0.45,0.112,0.0,0.0,0.0,0.0,0.46,0.12,0.0,0.0,,,,,,,,,,,,,,0.5,0.3,0.5,0.4,0.5,0.4,0.7,0.5,,0.3,0.4,,,,,,,,,,,,,,,,,,,,,,,,,,0.4,0.4,0.5,0.3,0.7,0.5,0.6,0.3,,0.5,0.4,,,,,,,,,,,,
Bastos2020,gpt_oss_claude_4_5_sonnet,autonomous_council_agent,GPT-OSS Claude 4.5 Sonnet Profile,2020.0,empirical,0.0,0.0,0.0,0.0,0.0,0.0,0.0,0.0,0.0,0.0,0.0,0.0,0.0,0.0,,,,,,,,,,,,,,,,,,,,,,,,,,,,,,,,,,,,,,,,,,,,,,,,,,,,,,,,,,,,,,,,,,,,,,,,
Bekinschtein2009,gpt_oss_claude_4_5_sonnet,autonomous_council_agent,GPT-OSS Claude 4.5 Sonnet Profile,2009.0,empirical,28.0,0.0,0.5,0.148,0.7,0.171,-0.467,0.149,0.0,0.0,0.0,0.0,0.0,0.0,0.6,0.7,0.5,0.5,0.6,0.7,0.5,0.5,,0.4,0.3,0.2,,0.8,0.9,0.9,0.8,0.6,0.7,0.8,0.7,0.5,0.7,0.3,,,,,,-0.4,-0.6,-0.6,-0.4,-0.2,,-0.6,,,,,,,,,,,,,,,,,,,,,,,,,,,,,,,,,,,,
Chao2018,gpt_oss_claude_4_5_sonnet,autonomous_council_agent,GPT-OSS Claude 4.5 Sonnet Profile,2019.0,empirical,19.0,19.0,0.567,0.356,0.867,0.137,-0.25,0.779,0.444,0.495,-0.233,0.047,-0.275,0.766,1.0,,,0.6,0.2,1.0,0.7,1.0,0.1,0.2,0.3,,,,,1.0,0.9,,,0.9,1.0,0.6,0.8,,,,,,,0.2,-1.0,-1.0,,0.8,,,1.0,,,0.6,0.2,1.0,0.6,1.0,0.2,-0.3,-0.3,,,,,-0.3,-0.2,,,-0.2,-0.2,-0.3,-0.2,,,,,,,0.1,-1.0,-1.0,,0.8,,
Friston2010,gpt_oss_claude_4_5_sonnet,autonomous_council_agent,GPT-OSS Claude 4.5 Sonnet Profile,2010.0,other,23.0,23.0,0.433,0.094,0.582,0.094,0.0,0.0,0.558,0.161,0.736,0.155,0.0,0.0,0.3,0.5,0.5,0.3,0.4,0.5,0.5,0.4,0.3,0.5,0.6,0.4,,0.7,0.6,0.6,0.5,0.6,0.5,0.7,0.6,0.5,0.7,0.4,,,,,,,,,,,,,0.6,0.6,0.6,0.2,0.3,0.7,0.6,0.5,0.5,0.8,0.7,0.6,,0.8,0.8,0.7,0.6,0.9,0.7,0.8,0.8,0.4,1.0,0.6,,,,,,,,,,,,
Furutachi2024,gpt_oss_claude_4_5_sonnet,autonomous_council_agent,GPT-OSS Claude 4.5 Sonnet Profile,2024.0,empirical,0.0,0.0,0.0,0.0,0.0,0.0,0.0,0.0,0.0,0.0,0.0,0.0,0.0,0.0,,,,,,,,,,,,,,,,,,,,,,,,,,,,,,,,,,,,,,,,,,,,,,,,,,,,,,,,,,,,,,,,,,,,,,,,
Garret2020,gpt_oss_claude_4_5_sonnet,autonomous_council_agent,GPT-OSS Claude 4.5 Sonnet Profile,2020.0,empirical,0.0,0.0,0.0,0.0,0.0,0.0,0.0,0.0,0.0,0.0,0.0,0.0,0.0,0.0,,,,,,,,,,,,,,,,,,,,,,,,,,,,,,,,,,,,,,,,,,,,,,,,,,,,,,,,,,,,,,,,,,,,,,,,
Greedy2022,gpt_oss_claude_4_5_sonnet,autonomous_council_agent,GPT-OSS Claude 4.5 Sonnet Profile,2022.0,empirical,6.0,6.0,0.0,0.0,0.867,0.111,0.0,0.0,0.0,0.0,0.883,0.107,0.0,0.0,,,,,,,,,,,,,,0.8,0.7,,0.9,,,0.8,1.0,,1.0,,,,,,,,,,,,,,,,,,,,,,,,,,,0.8,0.7,,1.0,,,0.9,0.9,,1.0,,,,,,,,,,,,,
Hertag2020,gpt_oss_claude_4_5_sonnet,autonomous_council_agent,GPT-OSS Claude 4.5 Sonnet Profile,2020.0,other,0.0,0.0,0.0,0.0,0.0,0.0,0.0,0.0,0.0,0.0,0.0,0.0,0.0,0.0,,,,,,,,,,,,,,,,,,,,,,,,,,,,,,,,,,,,,,,,,,,,,,,,,,,,,,,,,,,,,,,,,,,,,,,,
Jiang&Rao2024,gpt_oss_claude_4_5_sonnet,autonomous_council_agent,GPT-OSS Claude 4.5 Sonnet Profile,2024.0,other,11.0,0.0,0.482,0.255,0.0,0.0,0.0,0.0,0.0,0.0,0.0,0.0,0.0,0.0,0.7,0.1,0.8,,0.6,0.8,0.5,0.2,0.1,0.5,0.3,0.7,,,,,,,,,,,,,,,,,,,,,,,,,,,,,,,,,,,,,,,,,,,,,,,,,,,,,,,,,,,,
Keller2012,gpt_oss_claude_4_5_sonnet,autonomous_council_agent,GPT-OSS Claude 4.5 Sonnet Profile,2012.0,empirical,0.0,0.0,0.0,0.0,0.0,0.0,0.0,0.0,0.0,0.0,0.0,0.0,0.0,0.0,,,,,,,,,,,,,,,,,,,,,,,,,,,,,,,,,,,,,,,,,,,,,,,,,,,,,,,,,,,,,,,,,,,,,,,,
Keller2018,gpt_oss_claude_4_5_sonnet,autonomous_council_agent,GPT-OSS Claude 4.5 Sonnet Profile,2018.0,empirical,0.0,0.0,0.0,0.0,0.0,0.0,0.0,0.0,0.0,0.0,0.0,0.0,0.0,0.0,,,,,,,,,,,,,,,,,,,,,,,,,,,,,,,,,,,,,,,,,,,,,,,,,,,,,,,,,,,,,,,,,,,,,,,,
Kiebel2008,gpt_oss_claude_4_5_sonnet,autonomous_council_agent,GPT-OSS Claude 4.5 Sonnet Profile,2008.0,other,0.0,0.0,0.0,0.0,0.0,0.0,0.0,0.0,0.0,0.0,0.0,0.0,0.0,0.0,,,,,,,,,,,,,,,,,,,,,,,,,,,,,,,,,,,,,,,,,,,,,,,,,,,,,,,,,,,,,,,,,,,,,,,,
LaoRodriguez2023,gpt_oss_claude_4_5_sonnet,autonomous_council_agent,GPT-OSS Claude 4.5 Sonnet Profile,2023.0,empirical,8.0,0.0,0.4,0.274,0.0,0.0,0.0,0.0,0.0,0.0,0.0,0.0,0.0,0.0,,,0.2,0.6,0.5,0.6,0.2,,,0.1,0.1,0.9,,,,,,,,,,,,,,,,,,,,,,,,,,,,,,,,,,,,,,,,,,,,,,,,,,,,,,,,,,,,
LeeMejias2025,gpt_oss_claude_4_5_sonnet,autonomous_council_agent,GPT-OSS Claude 4.5 Sonnet Profile,2025.0,other,0.0,0.0,0.0,0.0,0.0,0.0,0.0,0.0,0.0,0.0,0.0,0.0,0.0,0.0,,,,,,,,,,,,,,,,,,,,,,,,,,,,,,,,,,,,,,,,,,,,,,,,,,,,,,,,,,,,,,,,,,,,,,,,
Mikulasch2023,gpt_oss_claude_4_5_sonnet,autonomous_council_agent,GPT-OSS Claude 4.5 Sonnet Profile,2023.0,other,15.0,15.0,0.444,0.183,0.417,0.211,0.0,0.0,0.256,0.317,-0.217,0.037,0.0,0.0,0.6,0.5,0.7,,0.2,0.4,0.2,,0.3,0.7,0.4,,,,0.2,,0.6,0.5,0.1,,0.4,,0.7,,,,,,,,,,,,,,0.6,0.6,0.6,,0.2,0.4,0.2,,0.2,-0.2,-0.3,,,,-0.2,,-0.2,-0.2,-0.2,,-0.2,,-0.3,,,,,,,,,,,,,
Nejad2025,gpt_oss_claude_4_5_sonnet,autonomous_council_agent,GPT-OSS Claude 4.5 Sonnet Profile,2025.0,other,0.0,0.0,0.0,0.0,0.0,0.0,0.0,0.0,0.0,0.0,0.0,0.0,0.0,0.0,,,,,,,,,,,,,,,,,,,,,,,,,,,,,,,,,,,,,,,,,,,,,,,,,,,,,,,,,,,,,,,,,,,,,,,,
Payeur2021,gpt_oss_claude_4_5_sonnet,autonomous_council_agent,GPT-OSS Claude 4.5 Sonnet Profile,2021.0,other,0.0,0.0,0.0,0.0,0.0,0.0,0.0,0.0,0.0,0.0,0.0,0.0,0.0,0.0,,,,,,,,,,,,,,,,,,,,,,,,,,,,,,,,,,,,,,,,,,,,,,,,,,,,,,,,,,,,,,,,,,,,,,,,
Rao&Ballard1999,gpt_oss_claude_4_5_sonnet,autonomous_council_agent,GPT-OSS Claude 4.5 Sonnet Profile,1999.0,other,0.0,0.0,0.0,0.0,0.0,0.0,0.0,0.0,0.0,0.0,0.0,0.0,0.0,0.0,,,,,,,,,,,,,,,,,,,,,,,,,,,,,,,,,,,,,,,,,,,,,,,,,,,,,,,,,,,,,,,,,,,,,,,,
Sacramento2018,gpt_oss_claude_4_5_sonnet,autonomous_council_agent,GPT-OSS Claude 4.5 Sonnet Profile,2018.0,other,0.0,0.0,0.0,0.0,0.0,0.0,0.0,0.0,0.0,0.0,0.0,0.0,0.0,0.0,,,,,,,,,,,,,,,,,,,,,,,,,,,,,,,,,,,,,,,,,,,,,,,,,,,,,,,,,,,,,,,,,,,,,,,,
Spratling2008,gpt_oss_claude_4_5_sonnet,autonomous_council_agent,GPT-OSS Claude 4.5 Sonnet Profile,2008.0,other,0.0,0.0,0.0,0.0,0.0,0.0,0.0,0.0,0.0,0.0,0.0,0.0,0.0,0.0,,,,,,,,,,,,,,,,,,,,,,,,,,,,,,,,,,,,,,,,,,,,,,,,,,,,,,,,,,,,,,,,,,,,,,,,
Spratling2010,gpt_oss_claude_4_5_sonnet,autonomous_council_agent,GPT-OSS Claude 4.5 Sonnet Profile,2010.0,other,0.0,0.0,0.0,0.0,0.0,0.0,0.0,0.0,0.0,0.0,0.0,0.0,0.0,0.0,,,,,,,,,,,,,,,,,,,,,,,,,,,,,,,,,,,,,,,,,,,,,,,,,,,,,,,,,,,,,,,,,,,,,,,,
Srinivasan1982,gpt_oss_claude_4_5_sonnet,autonomous_council_agent,GPT-OSS Claude 4.5 Sonnet Profile,1982.0,other,5.0,5.0,0.66,0.383,0.0,0.0,0.0,0.0,0.68,0.392,0.0,0.0,0.0,0.0,1.0,,,,0.3,0.9,1.0,,,0.1,,,,,,,,,,,,,,,,,,,,,,,,,,,1.0,,,,0.2,1.0,1.0,,,0.2,,,,,,,,,,,,,,,,,,,,,,,,,,
VanDerveer2021,gpt_oss_claude_4_5_sonnet,autonomous_council_agent,GPT-OSS Claude 4.5 Sonnet Profile,2021.0,empirical,0.0,0.0,0.0,0.0,0.0,0.0,0.0,0.0,0.0,0.0,0.0,0.0,0.0,0.0,,,,,,,,,,,,,,,,,,,,,,,,,,,,,,,,,,,,,,,,,,,,,,,,,,,,,,,,,,,,,,,,,,,,,,,,
Wacongne2012,gpt_oss_claude_4_5_sonnet,autonomous_council_agent,GPT-OSS Claude 4.5 Sonnet Profile,2012.0,empirical,0.0,0.0,0.0,0.0,0.0,0.0,0.0,0.0,0.0,0.0,0.0,0.0,0.0,0.0,,,,,,,,,,,,,,,,,,,,,,,,,,,,,,,,,,,,,,,,,,,,,,,,,,,,,,,,,,,,,,,,,,,,,,,,
Wacongne2011,gpt_oss_claude_4_5_sonnet,autonomous_council_agent,GPT-OSS Claude 4.5 Sonnet Profile,2011.0,empirical,0.0,0.0,0.0,0.0,0.0,0.0,0.0,0.0,0.0,0.0,0.0,0.0,0.0,0.0,,,,,,,,,,,,,,,,,,,,,,,,,,,,,,,,,,,,,,,,,,,,,,,,,,,,,,,,,,,,,,,,,,,,,,,,
Westerberg&Xiong2025,gpt_oss_claude_4_5_sonnet,autonomous_council_agent,GPT-OSS Claude 4.5 Sonnet Profile,2025.0,empirical,0.0,0.0,0.0,0.0,0.0,0.0,0.0,0.0,0.0,0.0,0.0,0.0,0.0,0.0,,,,,,,,,,,,,,,,,,,,,,,,,,,,,,,,,,,,,,,,,,,,,,,,,,,,,,,,,,,,,,,,,,,,,,,,
Yamins2014,gpt_oss_claude_4_5_sonnet,autonomous_council_agent,GPT-OSS Claude 4.5 Sonnet Profile,2014.0,other,1.0,1.0,0.0,0.0,0.7,0.0,0.0,0.0,0.0,0.0,0.4,0.0,0.0,0.0,,,,,,,,,,,,,,,,,0.7,,,,,,,,,,,,,,,,,,,,,,,,,,,,,,,,,,,,0.4,,,,,,,,,,,,,,,,,,,
Attinger2017,mistral_nemo_12b_thinking,autonomous_council_agent,Mistral Nemo 12B Thinking,2017.0,empirical,32.0,32.0,0.817,0.162,0.933,0.111,1.0,0.0,0.633,0.278,0.75,0.096,0.7,0.071,0.7,1.0,0.9,0.9,1.0,0.7,0.7,0.5,0.7,1.0,1.0,0.7,1.0,1.0,0.9,0.6,1.0,1.0,1.0,1.0,1.0,0.9,0.9,0.9,1.0,1.0,1.0,1.0,1.0,,1.0,1.0,1.0,,,,0.5,-0.2,0.8,0.6,0.8,0.7,0.8,0.7,0.9,0.8,0.7,0.5,0.9,0.8,0.7,0.5,0.8,0.8,0.8,0.7,0.7,0.7,0.8,0.8,0.7,0.8,0.6,0.6,0.7,,0.7,0.8,0.7,,,
Bakhtiari2021,mistral_nemo_12b_thinking,autonomous_council_agent,Mistral Nemo 12B Thinking,2021.0,empirical,0.0,0.0,0.0,0.0,0.0,0.0,0.0,0.0,0.0,0.0,0.0,0.0,0.0,0.0,,,,,,,,,,,,,,,,,,,,,,,,,,,,,,,,,,,,,,,,,,,,,,,,,,,,,,,,,,,,,,,,,,,,,,,,
Bastos2012,mistral_nemo_12b_thinking,autonomous_council_agent,Mistral Nemo 12B Thinking,2012.0,other,5.0,3.0,0.76,0.136,0.0,0.0,0.0,0.0,0.8,0.082,0.0,0.0,0.0,0.0,0.9,0.9,0.6,,,0.8,,0.6,,,,,,,,,,,,,,,,,,,,,,,,,,,,,,,,,,,,,0.8,0.7,0.9,,,,,,,,,,,,,,,,,,,,,,,,,
Bastos2020,mistral_nemo_12b_thinking,autonomous_council_agent,Mistral Nemo 12B Thinking,2020.0,empirical,0.0,17.0,0.0,0.0,0.0,0.0,0.0,0.0,0.483,0.09,0.583,0.069,0.5,0.063,,,,,,,,,,,,,,,,,,,,,,,,,,,,,,,,,,,,,0.6,,0.5,,0.3,,0.5,,0.5,,0.5,,0.6,,0.5,,0.7,,0.6,,0.6,,0.5,,0.4,,0.5,,0.5,,0.6,,0.5,,,
Bekinschtein2009,mistral_nemo_12b_thinking,autonomous_council_agent,Mistral Nemo 12B Thinking,2009.0,empirical,5.0,6.0,0.8,0.0,0.9,0.1,0.9,0.0,0.675,0.217,1.0,0.0,0.0,0.0,,0.8,,,,,,,0.8,,,,,1.0,,0.8,,,,,,,,,,,,,,,0.9,,,,,,0.8,,,,,,,,,0.8,0.8,0.3,,,,,,,,1.0,1.0,,,,,,,,,,,,,,,
Chao2018,mistral_nemo_12b_thinking,autonomous_council_agent,Mistral Nemo 12B Thinking,2019.0,empirical,32.0,32.0,0.4,0.204,0.567,0.262,0.55,0.218,0.017,0.339,-0.242,0.049,0.175,0.356,0.3,0.2,0.3,0.7,0.5,0.8,0.2,0.4,0.3,0.6,0.1,0.4,0.9,0.2,0.3,0.7,0.7,0.5,0.3,0.7,0.5,0.2,0.8,1.0,0.6,0.8,0.6,0.2,0.6,,0.2,0.8,0.6,,,,-0.2,-0.2,0.4,-0.2,0.4,0.6,-0.4,0.2,0.4,-0.2,-0.3,-0.3,-0.2,-0.2,-0.3,-0.3,-0.3,-0.3,-0.2,-0.2,-0.2,-0.2,-0.2,-0.3,-0.2,-0.2,0.5,-0.1,0.6,,-0.2,0.6,0.4,,,
Friston2010,mistral_nemo_12b_thinking,autonomous_council_agent,Mistral Nemo 12B Thinking,2010.0,other,7.0,7.0,0.986,0.035,0.0,0.0,0.0,0.0,1.0,0.0,0.0,0.0,0.0,0.0,1.0,1.0,1.0,1.0,1.0,1.0,0.9,,,,,,,,,,,,,,,,,,,,,,,,,,,,,,1.0,1.0,1.0,1.0,1.0,1.0,1.0,,,,,,,,,,,,,,,,,,,,,,,,,,,,,
Furutachi2024,mistral_nemo_12b_thinking,autonomous_council_agent,Mistral Nemo 12B Thinking,2024.0,empirical,0.0,0.0,0.0,0.0,0.0,0.0,0.0,0.0,0.0,0.0,0.0,0.0,0.0,0.0,,,,,,,,,,,,,,,,,,,,,,,,,,,,,,,,,,,,,,,,,,,,,,,,,,,,,,,,,,,,,,,,,,,,,,,,
Garret2020,mistral_nemo_12b_thinking,autonomous_council_agent,Mistral Nemo 12B Thinking,2020.0,empirical,20.0,21.0,0.443,0.346,0.575,0.12,0.72,0.075,0.188,0.366,-0.238,0.048,0.6,0.141,0.8,,0.5,,0.3,-0.3,0.7,,0.7,,0.4,,0.6,,,0.5,,0.4,0.6,0.8,0.5,,0.7,0.5,,0.8,0.7,,0.6,,,0.8,0.7,,,,0.5,-0.2,0.4,,0.3,-0.4,0.5,,0.6,,-0.2,,-0.3,,,-0.3,,-0.2,-0.3,-0.2,-0.2,,-0.2,-0.2,,0.8,0.5,,0.4,,,0.7,0.6,,,
Greedy2022,mistral_nemo_12b_thinking,autonomous_council_agent,Mistral Nemo 12B Thinking,2022.0,empirical,0.0,0.0,0.0,0.0,0.0,0.0,0.0,0.0,0.0,0.0,0.0,0.0,0.0,0.0,,,,,,,,,,,,,,,,,,,,,,,,,,,,,,,,,,,,,,,,,,,,,,,,,,,,,,,,,,,,,,,,,,,,,,,,
Hertag2020,mistral_nemo_12b_thinking,autonomous_council_agent,Mistral Nemo 12B Thinking,2020.0,other,16.0,8.0,0.808,0.161,0.9,0.071,0.0,0.0,0.96,0.08,0.967,0.047,0.0,0.0,0.9,0.6,0.8,0.7,1.0,1.0,0.8,1.0,0.6,1.0,0.7,0.6,1.0,0.8,0.9,0.9,,,,,,,,,,,,,,,,,,,,,1.0,1.0,,0.8,,1.0,,1.0,,,,,,1.0,,1.0,0.9,,,,,,,,,,,,,,,,,,,
Jiang&Rao2024,mistral_nemo_12b_thinking,autonomous_council_agent,Mistral Nemo 12B Thinking,2024.0,other,0.0,0.0,0.0,0.0,0.0,0.0,0.0,0.0,0.0,0.0,0.0,0.0,0.0,0.0,,,,,,,,,,,,,,,,,,,,,,,,,,,,,,,,,,,,,,,,,,,,,,,,,,,,,,,,,,,,,,,,,,,,,,,,
Keller2012,mistral_nemo_12b_thinking,autonomous_council_agent,Mistral Nemo 12B Thinking,2012.0,empirical,0.0,0.0,0.0,0.0,0.0,0.0,0.0,0.0,0.0,0.0,0.0,0.0,0.0,0.0,,,,,,,,,,,,,,,,,,,,,,,,,,,,,,,,,,,,,,,,,,,,,,,,,,,,,,,,,,,,,,,,,,,,,,,,
Keller2018,mistral_nemo_12b_thinking,autonomous_council_agent,Mistral Nemo 12B Thinking,2018.0,empirical,18.0,19.0,0.78,0.075,0.775,0.083,0.8,0.0,0.463,0.255,0.533,0.047,0.52,0.075,0.8,0.9,0.7,0.7,0.8,0.8,0.7,,0.9,0.7,,0.8,,,,,,,0.9,,0.7,,0.7,0.8,0.8,,0.8,,0.8,,,0.8,,,,,0.5,-0.2,0.6,,0.6,0.5,0.6,,0.6,,0.5,,0.5,,0.6,,0.5,,0.5,,0.5,,0.6,,0.5,,0.6,,0.4,,0.5,,0.6,,,
Kiebel2008,mistral_nemo_12b_thinking,autonomous_council_agent,Mistral Nemo 12B Thinking,2008.0,other,13.0,19.0,0.613,0.372,0.6,0.482,0.0,0.0,0.6,0.329,0.767,0.249,1.0,0.0,0.7,0.8,,-0.2,0.6,1.0,1.0,,0.3,,0.7,,0.9,,-0.3,,1.0,,,0.9,,0.5,,,,,,,,,,,,,,,0.5,0.7,,0.8,,0.6,0.7,-0.2,0.4,0.5,1.0,1.0,,0.3,,0.6,,1.0,,0.9,,0.8,,1.0,,1.0,,,1.0,,,1.0,,,,
LaoRodriguez2023,mistral_nemo_12b_thinking,autonomous_council_agent,Mistral Nemo 12B Thinking,2023.0,empirical,0.0,0.0,0.0,0.0,0.0,0.0,0.0,0.0,0.0,0.0,0.0,0.0,0.0,0.0,,,,,,,,,,,,,,,,,,,,,,,,,,,,,,,,,,,,,,,,,,,,,,,,,,,,,,,,,,,,,,,,,,,,,,,,
LeeMejias2025,mistral_nemo_12b_thinking,autonomous_council_agent,Mistral Nemo 12B Thinking,2025.0,other,4.0,4.0,0.6,0.3,0.0,0.0,0.0,0.0,0.6,0.141,0.0,0.0,0.0,0.0,0.7,0.9,0.1,0.7,,,,,,,,,,,,,,,,,,,,,,,,,,,,,,,,,,,,,,,,0.6,0.8,0.6,0.4,,,,,,,,,,,,,,,,,,,,,,,,,
Mikulasch2023,mistral_nemo_12b_thinking,autonomous_council_agent,Mistral Nemo 12B Thinking,2023.0,other,0.0,0.0,0.0,0.0,0.0,0.0,0.0,0.0,0.0,0.0,0.0,0.0,0.0,0.0,,,,,,,,,,,,,,,,,,,,,,,,,,,,,,,,,,,,,,,,,,,,,,,,,,,,,,,,,,,,,,,,,,,,,,,,
Nejad2025,mistral_nemo_12b_thinking,autonomous_council_agent,Mistral Nemo 12B Thinking,2025.0,other,0.0,0.0,0.0,0.0,0.0,0.0,0.0,0.0,0.0,0.0,0.0,0.0,0.0,0.0,,,,,,,,,,,,,,,,,,,,,,,,,,,,,,,,,,,,,,,,,,,,,,,,,,,,,,,,,,,,,,,,,,,,,,,,
Payeur2021,mistral_nemo_12b_thinking,autonomous_council_agent,Mistral Nemo 12B Thinking,2021.0,other,0.0,0.0,0.0,0.0,0.0,0.0,0.0,0.0,0.0,0.0,0.0,0.0,0.0,0.0,,,,,,,,,,,,,,,,,,,,,,,,,,,,,,,,,,,,,,,,,,,,,,,,,,,,,,,,,,,,,,,,,,,,,,,,
Rao&Ballard1999,mistral_nemo_12b_thinking,autonomous_council_agent,Mistral Nemo 12B Thinking,1999.0,other,7.0,7.0,0.829,0.103,0.0,0.0,0.0,0.0,0.529,0.103,0.0,0.0,0.0,0.0,0.9,0.8,0.9,0.7,0.8,1.0,0.7,,,,,,,,,,,,,,,,,,,,,,,,,,,,,,0.6,0.6,0.7,0.4,0.5,0.5,0.4,,,,,,,,,,,,,,,,,,,,,,,,,,,,,
Sacramento2018,mistral_nemo_12b_thinking,autonomous_council_agent,Mistral Nemo 12B Thinking,2018.0,other,0.0,0.0,0.0,0.0,0.0,0.0,0.0,0.0,0.0,0.0,0.0,0.0,0.0,0.0,,,,,,,,,,,,,,,,,,,,,,,,,,,,,,,,,,,,,,,,,,,,,,,,,,,,,,,,,,,,,,,,,,,,,,,,
Spratling2008,mistral_nemo_12b_thinking,autonomous_council_agent,Mistral Nemo 12B Thinking,2008.0,other,0.0,0.0,0.0,0.0,0.0,0.0,0.0,0.0,0.0,0.0,0.0,0.0,0.0,0.0,,,,,,,,,,,,,,,,,,,,,,,,,,,,,,,,,,,,,,,,,,,,,,,,,,,,,,,,,,,,,,,,,,,,,,,,
Spratling2010,mistral_nemo_12b_thinking,autonomous_council_agent,Mistral Nemo 12B Thinking,2010.0,other,0.0,0.0,0.0,0.0,0.0,0.0,0.0,0.0,0.0,0.0,0.0,0.0,0.0,0.0,,,,,,,,,,,,,,,,,,,,,,,,,,,,,,,,,,,,,,,,,,,,,,,,,,,,,,,,,,,,,,,,,,,,,,,,
Srinivasan1982,mistral_nemo_12b_thinking,autonomous_council_agent,Mistral Nemo 12B Thinking,1982.0,other,20.0,20.0,0.914,0.099,1.0,0.0,1.0,0.0,0.943,0.09,0.971,0.045,0.967,0.047,0.9,,1.0,,1.0,0.9,,0.7,,0.9,1.0,,1.0,,,1.0,1.0,,1.0,,1.0,,1.0,1.0,,1.0,,1.0,1.0,,1.0,1.0,,1.0,,,1.0,,1.0,,1.0,1.0,,0.8,,0.8,1.0,,1.0,,,1.0,0.9,,0.9,,1.0,,1.0,1.0,,0.9,,0.9,1.0,,1.0,1.0,,1.0,,
VanDerveer2021,mistral_nemo_12b_thinking,autonomous_council_agent,Mistral Nemo 12B Thinking,2021.0,empirical,16.0,20.0,0.383,0.254,0.575,0.198,0.8,0.0,0.222,0.225,0.533,0.258,0.75,0.05,0.9,,,0.2,0.2,0.5,0.2,,0.3,,,,0.7,0.4,,0.8,0.3,0.3,0.6,,,0.8,,0.7,,0.8,,,,,,0.8,,,,,0.5,-0.2,,0.2,0.1,0.6,0.3,0.1,0.3,0.1,,,0.8,0.3,0.1,0.8,0.3,0.4,0.5,,,0.8,,0.8,,0.8,,,,,,0.7,,,,
Wacongne2012,mistral_nemo_12b_thinking,autonomous_council_agent,Mistral Nemo 12B Thinking,2012.0,empirical,17.0,0.0,0.0,0.0,0.812,0.093,0.622,0.063,0.0,0.0,0.0,0.0,0.0,0.0,,,,,,,,,,,,,0.8,,,,0.9,0.9,0.8,,0.9,0.6,0.8,0.8,0.6,0.6,0.6,0.6,0.6,,0.6,0.6,0.6,0.8,,,,,,,,,,,,,,,,,,,,,,,,,,,,,,,,,,,,,,
Wacongne2011,mistral_nemo_12b_thinking,autonomous_council_agent,Mistral Nemo 12B Thinking,2011.0,empirical,11.0,0.0,0.555,0.223,0.0,0.0,0.0,0.0,0.0,0.0,0.0,0.0,0.0,0.0,0.9,0.5,0.7,0.5,0.1,0.7,0.6,0.5,0.2,0.7,0.7,,,,,,,,,,,,,,,,,,,,,,,,,,,,,,,,,,,,,,,,,,,,,,,,,,,,,,,,,,,,,
Westerberg&Xiong2025,mistral_nemo_12b_thinking,autonomous_council_agent,Mistral Nemo 12B Thinking,2025.0,empirical,19.0,24.0,0.043,0.703,0.788,0.078,0.8,0.0,-0.27,0.417,-0.13,0.372,-0.2,0.49,,,0.9,-0.4,0.8,-0.4,-0.9,,,0.8,,-0.5,0.9,,,0.8,0.7,0.9,,0.8,0.7,,0.8,0.7,0.8,,0.8,,0.8,,,0.8,,,,,0.5,-0.2,-0.5,-0.2,0.5,-0.5,-0.8,-0.5,,-0.5,,-0.5,0.5,-0.2,-0.5,-0.1,0.6,-0.3,,-0.5,-0.1,,-0.5,-0.2,0.6,,-0.6,,-0.2,,,-0.6,,,,
Yamins2014,mistral_nemo_12b_thinking,autonomous_council_agent,Mistral Nemo 12B Thinking,2014.0,other,0.0,0.0,0.0,0.0,0.0,0.0,0.0,0.0,0.0,0.0,0.0,0.0,0.0,0.0,,,,,,,,,,,,,,,,,,,,,,,,,,,,,,,,,,,,,,,,,,,,,,,,,,,,,,,,,,,,,,,,,,,,,,,,
Attinger2017,olmo_3_32b_think,autonomous_council_agent,OLMo 3 32B Think,2017.0,empirical,15.0,15.0,0.844,0.259,0.975,0.043,0.4,0.2,0.867,0.267,0.975,0.043,0.4,0.2,0.9,0.6,1.0,0.2,,1.0,,,1.0,1.0,1.0,0.9,,,,,1.0,0.9,,,1.0,,1.0,,,,,,,,,,0.6,0.2,,,1.0,0.6,1.0,0.2,,1.0,,,1.0,1.0,1.0,1.0,,,,,0.9,1.0,,,1.0,,1.0,,,,,,,,,,0.6,0.2,,
Bakhtiari2021,olmo_3_32b_think,autonomous_council_agent,OLMo 3 32B Think,2021.0,empirical,11.0,11.0,0.2,0.0,0.583,0.241,0.4,0.2,0.2,0.0,0.333,0.111,0.45,0.25,,,,0.2,,0.2,,,,0.2,,,,,,,0.7,0.3,0.3,0.6,0.6,,1.0,,,,,,,0.6,,,,0.2,,,,,,0.2,,0.2,,,,0.2,,,,,,,0.4,0.3,0.1,0.4,0.4,,0.4,,,,,,,0.7,,,,0.2,,
Bastos2012,olmo_3_32b_think,autonomous_council_agent,OLMo 3 32B Think,2012.0,other,2.0,2.0,0.6,0.0,0.0,0.0,0.0,0.0,0.6,0.0,0.0,0.0,0.0,0.0,,,0.6,0.6,,,,,,,,,,,,,,,,,,,,,,,,,,,,,,,,,,,0.6,0.6,,,,,,,,,,,,,,,,,,,,,,,,,,,,,,,,
Bastos2020,olmo_3_32b_think,autonomous_council_agent,OLMo 3 32B Think,2020.0,empirical,17.0,17.0,0.438,0.296,0.75,0.076,0.467,0.189,0.45,0.26,0.7,0.115,0.5,0.216,0.1,,0.6,0.2,0.1,0.8,0.2,0.8,,,0.7,,,,,0.9,0.7,0.7,,0.8,0.7,,0.7,,,,,,,0.6,,,0.2,0.6,,,0.2,,0.6,0.2,0.2,0.8,0.2,0.8,,,0.6,,,,,0.7,0.6,0.8,,0.9,0.6,,0.6,,,,,,,0.7,,,0.2,0.6,,
Bekinschtein2009,olmo_3_32b_think,autonomous_council_agent,OLMo 3 32B Think,2009.0,empirical,0.0,0.0,0.0,0.0,0.0,0.0,0.0,0.0,0.0,0.0,0.0,0.0,0.0,0.0,,,,,,,,,,,,,,,,,,,,,,,,,,,,,,,,,,,,,,,,,,,,,,,,,,,,,,,,,,,,,,,,,,,,,,,,
Chao2018,olmo_3_32b_think,autonomous_council_agent,OLMo 3 32B Think,2019.0,empirical,10.0,10.0,0.55,0.05,0.967,0.047,0.8,0.2,0.2,0.4,-0.2,0.0,0.75,0.15,,,,,,,,0.6,,0.5,,,,,,1.0,0.9,1.0,,,0.9,1.0,1.0,,,,,,,1.0,,,,0.6,,,,,,,,,,0.6,,-0.2,,,,,,-0.2,-0.2,-0.2,,,-0.2,-0.2,-0.2,,,,,,,0.9,,,,0.6,,
Friston2010,olmo_3_32b_think,autonomous_council_agent,OLMo 3 32B Think,2010.0,other,17.0,17.0,0.75,0.265,0.883,0.134,0.467,0.189,0.75,0.278,0.867,0.189,0.433,0.17,1.0,1.0,0.9,0.2,,1.0,0.7,,,0.6,0.6,,,,,,0.7,1.0,1.0,0.9,0.7,,1.0,,,,,,,0.6,,,0.2,0.6,,,1.0,1.0,1.0,0.2,,1.0,0.6,,,0.6,0.6,,,,,,0.6,1.0,1.0,1.0,0.6,,1.0,,,,,,,0.5,,,0.2,0.6,,
Furutachi2024,olmo_3_32b_think,autonomous_council_agent,OLMo 3 32B Think,2024.0,empirical,0.0,0.0,0.0,0.0,0.0,0.0,0.0,0.0,0.0,0.0,0.0,0.0,0.0,0.0,,,,,,,,,,,,,,,,,,,,,,,,,,,,,,,,,,,,,,,,,,,,,,,,,,,,,,,,,,,,,,,,,,,,,,,,
Garret2020,olmo_3_32b_think,autonomous_council_agent,OLMo 3 32B Think,2020.0,empirical,0.0,0.0,0.0,0.0,0.0,0.0,0.0,0.0,0.0,0.0,0.0,0.0,0.0,0.0,,,,,,,,,,,,,,,,,,,,,,,,,,,,,,,,,,,,,,,,,,,,,,,,,,,,,,,,,,,,,,,,,,,,,,,,
Greedy2022,olmo_3_32b_think,autonomous_council_agent,OLMo 3 32B Think,2022.0,empirical,0.0,0.0,0.0,0.0,0.0,0.0,0.0,0.0,0.0,0.0,0.0,0.0,0.0,0.0,,,,,,,,,,,,,,,,,,,,,,,,,,,,,,,,,,,,,,,,,,,,,,,,,,,,,,,,,,,,,,,,,,,,,,,,
Hertag2020,olmo_3_32b_think,autonomous_council_agent,OLMo 3 32B Think,2020.0,other,17.0,17.0,0.88,0.154,0.883,0.167,0.6,0.0,0.92,0.16,0.817,0.157,0.6,0.0,1.0,1.0,0.9,0.9,,0.9,1.0,,0.7,0.5,0.9,1.0,,,0.6,,1.0,1.0,,0.7,1.0,,1.0,,,,,,,,,,,0.6,,,1.0,1.0,1.0,1.0,,1.0,1.0,,0.6,0.6,1.0,1.0,,,0.6,,1.0,0.9,,0.6,0.9,,0.9,,,,,,,,,,,0.6,,
Jiang&Rao2024,olmo_3_32b_think,autonomous_council_agent,OLMo 3 32B Think,2024.0,other,10.0,10.0,0.8,0.141,0.643,0.159,0.0,0.0,0.867,0.189,0.671,0.139,0.0,0.0,,,,,,0.9,,,,0.6,,0.9,,,,0.5,0.6,1.0,,0.7,0.6,,0.5,0.6,,,,,,,,,,,,,,,,,,1.0,,,,0.6,,1.0,,,,0.6,0.6,1.0,,0.6,0.6,,0.6,0.7,,,,,,,,,,,,
Keller2012,olmo_3_32b_think,autonomous_council_agent,OLMo 3 32B Think,2012.0,empirical,7.0,7.0,0.733,0.189,0.4,0.356,-0.6,0.0,0.733,0.189,0.5,0.356,-0.6,0.0,,,,0.6,,,,,,0.6,,1.0,,,,,0.1,0.9,,,0.2,,,,,,,,,,,,-0.6,,,,,,,0.6,,,,,,0.6,,1.0,,,,,0.2,1.0,,,0.3,,,,,,,,,,,,-0.6,,,
Keller2018,olmo_3_32b_think,autonomous_council_agent,OLMo 3 32B Think,2018.0,empirical,14.0,14.0,0.817,0.227,0.9,0.173,0.1,0.173,0.867,0.189,0.875,0.217,0.1,0.187,1.0,,1.0,0.5,,0.9,,,,,0.5,1.0,,,,,1.0,1.0,,,0.6,,1.0,,,,,,,0.2,0.2,,,0.2,,-0.2,1.0,,1.0,0.6,,1.0,,,,,0.6,1.0,,,,,1.0,1.0,,,0.5,,1.0,,,,,,,0.3,0.1,,,0.2,,-0.2
Kiebel2008,olmo_3_32b_think,autonomous_council_agent,OLMo 3 32B Think,2008.0,other,2.0,2.0,0.55,0.05,0.0,0.0,0.0,0.0,0.6,0.0,0.0,0.0,0.0,0.0,,,,,,0.6,,,,0.5,,,,,,,,,,,,,,,,,,,,,,,,,,,,,,,,0.6,,,,0.6,,,,,,,,,,,,,,,,,,,,,,,,,,
LaoRodriguez2023,olmo_3_32b_think,autonomous_council_agent,OLMo 3 32B Think,2023.0,empirical,0.0,0.0,0.0,0.0,0.0,0.0,0.0,0.0,0.0,0.0,0.0,0.0,0.0,0.0,,,,,,,,,,,,,,,,,,,,,,,,,,,,,,,,,,,,,,,,,,,,,,,,,,,,,,,,,,,,,,,,,,,,,,,,
LeeMejias2025,olmo_3_32b_think,autonomous_council_agent,OLMo 3 32B Think,2025.0,other,18.0,18.0,0.845,0.254,0.8,0.21,0.6,0.0,0.855,0.257,0.82,0.183,0.6,0.0,1.0,1.0,1.0,1.0,,1.0,0.2,0.6,1.0,0.6,0.9,1.0,,,,,1.0,0.9,1.0,,0.6,,0.5,,,,,,,,,,0.6,0.6,,,1.0,1.0,1.0,1.0,,1.0,0.2,0.6,1.0,0.6,1.0,1.0,,,,,1.0,0.9,1.0,,0.6,,0.6,,,,,,,,,,0.6,0.6,,
Mikulasch2023,olmo_3_32b_think,autonomous_council_agent,OLMo 3 32B Think,2023.0,other,0.0,0.0,0.0,0.0,0.0,0.0,0.0,0.0,0.0,0.0,0.0,0.0,0.0,0.0,,,,,,,,,,,,,,,,,,,,,,,,,,,,,,,,,,,,,,,,,,,,,,,,,,,,,,,,,,,,,,,,,,,,,,,,
Nejad2025,olmo_3_32b_think,autonomous_council_agent,OLMo 3 32B Think,2025.0,other,0.0,0.0,0.0,0.0,0.0,0.0,0.0,0.0,0.0,0.0,0.0,0.0,0.0,0.0,,,,,,,,,,,,,,,,,,,,,,,,,,,,,,,,,,,,,,,,,,,,,,,,,,,,,,,,,,,,,,,,,,,,,,,,
Payeur2021,olmo_3_32b_think,autonomous_council_agent,OLMo 3 32B Think,2021.0,other,16.0,16.0,0.388,0.169,0.48,0.204,0.467,0.189,0.4,0.2,0.46,0.185,0.467,0.189,0.2,0.3,0.6,,0.5,0.5,,,0.2,0.2,0.6,,,,,,0.7,0.5,,0.1,0.6,,0.5,,,,,,,0.2,,,0.6,0.6,,,0.2,0.2,0.6,,0.6,0.6,,,0.2,0.2,0.6,,,,,,0.6,0.5,,0.1,0.6,,0.5,,,,,,,0.2,,,0.6,0.6,,
Rao&Ballard1999,olmo_3_32b_think,autonomous_council_agent,OLMo 3 32B Think,1999.0,other,0.0,0.0,0.0,0.0,0.0,0.0,0.0,0.0,0.0,0.0,0.0,0.0,0.0,0.0,,,,,,,,,,,,,,,,,,,,,,,,,,,,,,,,,,,,,,,,,,,,,,,,,,,,,,,,,,,,,,,,,,,,,,,,
Sacramento2018,olmo_3_32b_think,autonomous_council_agent,OLMo 3 32B Think,2018.0,other,8.0,8.0,0.925,0.13,0.85,0.15,0.8,0.2,0.9,0.173,-0.1,0.0,0.8,0.2,1.0,,1.0,,,1.0,,,,,0.7,,,,,,,1.0,,,0.7,,,,,,,,,,,,0.6,1.0,,,1.0,,1.0,,,1.0,,,,,0.6,,,,,,,-0.1,,,-0.1,,,,,,,,,,,,0.6,1.0,,
Spratling2008,olmo_3_32b_think,autonomous_council_agent,OLMo 3 32B Think,2008.0,other,9.0,9.0,0.62,0.075,0.65,0.206,0.0,0.0,0.6,0.0,0.65,0.15,0.0,0.0,,0.6,,,,0.7,0.7,,,0.5,0.6,,,,,,0.6,,,0.5,0.5,,1.0,,,,,,,,,,,,,,,0.6,,,,0.6,0.6,,,0.6,0.6,,,,,,0.5,,,0.6,0.6,,0.9,,,,,,,,,,,,,
Spratling2010,olmo_3_32b_think,autonomous_council_agent,OLMo 3 32B Think,2010.0,other,0.0,0.0,0.0,0.0,0.0,0.0,0.0,0.0,0.0,0.0,0.0,0.0,0.0,0.0,,,,,,,,,,,,,,,,,,,,,,,,,,,,,,,,,,,,,,,,,,,,,,,,,,,,,,,,,,,,,,,,,,,,,,,,
Srinivasan1982,olmo_3_32b_think,autonomous_council_agent,OLMo 3 32B Think,1982.0,other,0.0,0.0,0.0,0.0,0.0,0.0,0.0,0.0,0.0,0.0,0.0,0.0,0.0,0.0,,,,,,,,,,,,,,,,,,,,,,,,,,,,,,,,,,,,,,,,,,,,,,,,,,,,,,,,,,,,,,,,,,,,,,,,
VanDerveer2021,olmo_3_32b_think,autonomous_council_agent,OLMo 3 32B Think,2021.0,empirical,0.0,0.0,0.0,0.0,0.0,0.0,0.0,0.0,0.0,0.0,0.0,0.0,0.0,0.0,,,,,,,,,,,,,,,,,,,,,,,,,,,,,,,,,,,,,,,,,,,,,,,,,,,,,,,,,,,,,,,,,,,,,,,,
Wacongne2012,olmo_3_32b_think,autonomous_council_agent,OLMo 3 32B Think,2012.0,empirical,16.0,16.0,0.757,0.555,0.989,0.031,0.0,0.0,0.771,0.56,0.967,0.047,0.0,0.0,1.0,,1.0,-0.6,1.0,1.0,,,,,0.9,1.0,,1.0,1.0,,1.0,1.0,0.9,1.0,1.0,1.0,1.0,,,,,,,,,,,,,,1.0,,1.0,-0.6,1.0,1.0,,,,,1.0,1.0,,1.0,1.0,,0.9,1.0,0.9,1.0,0.9,1.0,1.0,,,,,,,,,,,,,
Wacongne2011,olmo_3_32b_think,autonomous_council_agent,OLMo 3 32B Think,2011.0,empirical,0.0,0.0,0.0,0.0,0.0,0.0,0.0,0.0,0.0,0.0,0.0,0.0,0.0,0.0,,,,,,,,,,,,,,,,,,,,,,,,,,,,,,,,,,,,,,,,,,,,,,,,,,,,,,,,,,,,,,,,,,,,,,,,
Westerberg&Xiong2025,olmo_3_32b_think,autonomous_council_agent,OLMo 3 32B Think,2025.0,empirical,0.0,0.0,0.0,0.0,0.0,0.0,0.0,0.0,0.0,0.0,0.0,0.0,0.0,0.0,,,,,,,,,,,,,,,,,,,,,,,,,,,,,,,,,,,,,,,,,,,,,,,,,,,,,,,,,,,,,,,,,,,,,,,,
Yamins2014,olmo_3_32b_think,autonomous_council_agent,OLMo 3 32B Think,2014.0,other,0.0,0.0,0.0,0.0,0.0,0.0,0.0,0.0,0.0,0.0,0.0,0.0,0.0,0.0,,,,,,,,,,,,,,,,,,,,,,,,,,,,,,,,,,,,,,,,,,,,,,,,,,,,,,,,,,,,,,,,,,,,,,,,
Attinger2017,phi_4_reasoning_plus,autonomous_council_agent,Phi 4 Reasoning Plus,2017.0,empirical,21.0,18.0,0.656,0.117,0.614,0.125,0.64,0.08,0.675,0.097,0.6,0.058,0.575,0.043,0.9,0.5,0.7,,,0.6,0.6,,0.6,0.6,0.8,0.6,0.8,,,,0.5,0.8,,0.6,0.5,0.6,0.5,,0.8,,,,0.6,,,,0.6,0.6,0.6,,0.8,0.6,0.6,,,0.8,0.6,,0.6,0.6,0.8,,0.6,,,,0.6,0.7,,,0.6,0.6,0.5,,,,,,0.5,,,,0.6,0.6,0.6,
Bakhtiari2021,phi_4_reasoning_plus,autonomous_council_agent,Phi 4 Reasoning Plus,2021.0,empirical,3.0,3.0,0.0,0.0,0.0,0.0,0.2,0.0,0.0,0.0,0.0,0.0,0.233,0.047,,,,,,,,,,,,,,,,,,,,,,,,,,,,,0.2,,,,,0.2,0.2,,,,,,,,,,,,,,,,,,,,,,,,,,,,,,0.3,,,,,0.2,0.2,
Bastos2012,phi_4_reasoning_plus,autonomous_council_agent,Phi 4 Reasoning Plus,2012.0,other,36.0,36.0,0.458,0.281,0.742,0.104,0.675,0.13,0.467,0.262,0.692,0.104,0.683,0.121,0.1,0.2,0.8,0.7,0.2,0.9,0.4,0.5,0.2,0.7,0.7,0.1,0.9,0.7,0.6,0.7,0.6,0.7,0.8,0.8,0.9,0.6,0.8,0.8,1.0,0.8,0.6,0.6,0.5,0.8,0.7,0.6,0.6,0.7,0.6,0.6,0.2,0.2,0.8,0.6,0.2,1.0,0.4,0.6,0.2,0.6,0.6,0.2,0.7,0.6,0.6,0.6,0.6,0.8,0.8,0.9,0.8,0.6,0.6,0.7,0.9,0.9,0.7,0.6,0.5,0.8,0.6,0.7,0.6,0.7,0.6,0.6
Bastos2020,phi_4_reasoning_plus,autonomous_council_agent,Phi 4 Reasoning Plus,2020.0,empirical,25.0,25.0,0.371,0.139,0.856,0.068,0.633,0.163,0.571,0.198,0.456,0.15,0.656,0.183,,,0.6,0.3,0.2,0.4,0.5,0.4,,,0.2,,0.9,,,0.9,0.8,0.8,,0.9,0.8,0.8,0.8,1.0,0.7,0.5,0.8,0.6,0.8,0.3,,,0.5,0.8,0.7,,,,0.6,0.3,0.4,0.8,0.5,0.9,,,0.5,,0.3,,,0.5,0.4,0.5,,0.5,0.3,0.8,0.5,0.3,0.8,0.5,0.8,0.6,0.9,0.3,,,0.5,0.8,0.7,
Bekinschtein2009,phi_4_reasoning_plus,autonomous_council_agent,Phi 4 Reasoning Plus,2009.0,empirical,11.0,8.0,0.65,0.05,0.729,0.191,0.5,0.1,0.6,0.0,0.1,0.704,0.733,0.189,,,,0.6,0.7,,,,,,,,1.0,,,,0.9,,,0.5,0.9,0.6,0.5,0.7,,,0.6,,,,,,,0.4,,,,,,,,,,,,0.6,,,-0.6,,,,-0.6,,,,,0.7,,0.9,,,0.6,,,,,,0.6,1.0,,
Chao2018,phi_4_reasoning_plus,autonomous_council_agent,Phi 4 Reasoning Plus,2019.0,empirical,21.0,20.0,0.529,0.103,0.562,0.453,0.7,0.153,0.317,0.463,-0.263,0.099,0.7,0.191,,,,0.6,0.6,0.5,0.3,0.5,,0.6,,0.6,0.8,,,0.9,0.6,,,-0.6,0.8,0.6,0.6,0.8,,0.6,0.8,,0.6,,,0.6,0.6,1.0,,,,,,1.0,,0.6,0.2,0.6,,-0.3,,-0.2,-0.2,,,-0.2,-0.2,,,-0.5,-0.2,-0.3,-0.3,-0.2,,0.5,0.9,,0.6,,,0.5,0.7,1.0,,
Friston2010,phi_4_reasoning_plus,autonomous_council_agent,Phi 4 Reasoning Plus,2010.0,other,14.0,14.0,0.62,0.04,0.56,0.049,0.675,0.083,0.62,0.04,0.62,0.04,0.7,0.071,,,0.6,,,0.6,0.6,,,0.6,0.7,,0.6,,,,0.5,,,0.6,,,0.5,0.6,,0.6,0.7,,,,,,0.6,0.8,,,,,0.6,,,0.6,0.6,,,0.7,0.6,,0.6,,,,0.6,,,0.6,,,0.7,0.6,,0.7,0.7,,,,,,0.6,0.8,,
Furutachi2024,phi_4_reasoning_plus,autonomous_council_agent,Phi 4 Reasoning Plus,2024.0,empirical,0.0,0.0,0.0,0.0,0.0,0.0,0.0,0.0,0.0,0.0,0.0,0.0,0.0,0.0,,,,,,,,,,,,,,,,,,,,,,,,,,,,,,,,,,,,,,,,,,,,,,,,,,,,,,,,,,,,,,,,,,,,,,,,
Garret2020,phi_4_reasoning_plus,autonomous_council_agent,Phi 4 Reasoning Plus,2020.0,empirical,0.0,0.0,0.0,0.0,0.0,0.0,0.0,0.0,0.0,0.0,0.0,0.0,0.0,0.0,,,,,,,,,,,,,,,,,,,,,,,,,,,,,,,,,,,,,,,,,,,,,,,,,,,,,,,,,,,,,,,,,,,,,,,,
Greedy2022,phi_4_reasoning_plus,autonomous_council_agent,Phi 4 Reasoning Plus,2022.0,empirical,0.0,0.0,0.0,0.0,0.0,0.0,0.0,0.0,0.0,0.0,0.0,0.0,0.0,0.0,,,,,,,,,,,,,,,,,,,,,,,,,,,,,,,,,,,,,,,,,,,,,,,,,,,,,,,,,,,,,,,,,,,,,,,,
Hertag2020,phi_4_reasoning_plus,autonomous_council_agent,Phi 4 Reasoning Plus,2020.0,other,0.0,0.0,0.0,0.0,0.0,0.0,0.0,0.0,0.0,0.0,0.0,0.0,0.0,0.0,,,,,,,,,,,,,,,,,,,,,,,,,,,,,,,,,,,,,,,,,,,,,,,,,,,,,,,,,,,,,,,,,,,,,,,,
Jiang&Rao2024,phi_4_reasoning_plus,autonomous_council_agent,Phi 4 Reasoning Plus,2024.0,other,0.0,0.0,0.0,0.0,0.0,0.0,0.0,0.0,0.0,0.0,0.0,0.0,0.0,0.0,,,,,,,,,,,,,,,,,,,,,,,,,,,,,,,,,,,,,,,,,,,,,,,,,,,,,,,,,,,,,,,,,,,,,,,,
Keller2012,phi_4_reasoning_plus,autonomous_council_agent,Phi 4 Reasoning Plus,2012.0,empirical,8.0,6.0,0.6,0.0,0.58,0.232,0.6,0.0,0.4,0.2,0.6,0.4,0.65,0.05,,,,,,,,,,,,0.6,0.7,,,,0.6,0.9,,,0.2,,0.5,,,,,,,,0.6,0.6,,,,,,,,0.6,,,,,,,,0.2,,,,,,1.0,,,0.2,,,,,,,,,,0.6,0.7,,,,
Keller2018,phi_4_reasoning_plus,autonomous_council_agent,Phi 4 Reasoning Plus,2018.0,empirical,23.0,21.0,0.678,0.14,0.713,0.105,0.733,0.111,0.657,0.09,0.662,0.111,0.7,0.115,0.6,,0.6,0.5,0.6,0.8,0.6,,,0.7,0.7,1.0,0.7,,,,0.7,0.8,,0.5,0.8,0.6,0.8,0.8,0.9,,0.7,,,,0.8,0.6,0.6,0.8,,,0.6,,0.6,,,0.8,0.6,,,0.6,0.6,0.8,0.7,,,,0.6,0.5,,0.6,0.7,0.6,0.9,0.7,0.9,,0.6,,,,0.7,0.6,0.6,0.8,,
Kiebel2008,phi_4_reasoning_plus,autonomous_council_agent,Phi 4 Reasoning Plus,2008.0,other,16.0,16.0,0.7,0.082,0.6,0.058,0.471,0.191,0.6,0.327,0.75,0.096,0.714,0.242,,,,,,0.6,,,,0.8,,0.7,,,,,0.6,,,0.6,0.5,0.6,0.6,0.7,,0.2,0.6,,0.6,,0.2,0.6,0.4,0.7,,,,,,,,0.2,,,,0.6,,1.0,,,,,0.7,,,0.6,0.7,0.8,0.9,0.8,,0.9,0.6,,1.0,,0.2,0.7,0.8,0.8,,
LaoRodriguez2023,phi_4_reasoning_plus,autonomous_council_agent,Phi 4 Reasoning Plus,2023.0,empirical,25.0,25.0,0.233,0.519,0.344,0.291,0.643,0.09,-0.056,0.324,0.244,0.267,0.614,0.125,0.8,,0.6,-0.2,-0.3,-0.4,,0.2,,0.7,-0.3,1.0,0.5,,,-0.2,0.3,0.5,0.6,,0.3,-0.1,0.5,0.7,0.6,0.8,0.7,,0.6,,,0.7,0.6,0.5,,,-0.1,,-0.3,0.2,-0.5,-0.4,,0.1,,0.4,-0.3,0.4,0.4,,,-0.3,0.3,0.4,0.4,,0.4,-0.2,0.4,0.4,0.4,0.7,0.6,,0.6,,,0.8,0.7,0.5,,
LeeMejias2025,phi_4_reasoning_plus,autonomous_council_agent,Phi 4 Reasoning Plus,2025.0,other,29.0,29.0,0.708,0.144,0.83,0.173,0.729,0.191,0.7,0.115,0.82,0.125,0.871,0.167,0.7,0.9,0.6,0.5,0.6,0.9,0.7,0.5,0.9,0.6,0.8,0.8,0.8,0.8,,0.4,0.9,1.0,1.0,1.0,0.7,,0.9,0.8,0.9,0.6,0.8,,0.6,,,0.4,1.0,0.8,,,0.7,0.8,0.6,0.9,0.6,0.8,0.6,0.5,0.8,0.6,0.8,0.7,0.7,0.8,,0.6,0.8,1.0,1.0,0.9,0.7,,0.9,0.8,0.9,1.0,1.0,,0.9,,,0.5,1.0,0.8,,
Mikulasch2023,phi_4_reasoning_plus,autonomous_council_agent,Phi 4 Reasoning Plus,2023.0,other,21.0,22.0,0.7,0.1,0.6,0.327,0.64,0.136,0.42,0.414,-0.243,0.049,0.46,0.367,0.7,0.9,0.8,,0.8,0.6,0.6,,0.7,0.6,0.7,0.6,-0.1,,,,,0.9,0.7,0.7,0.6,,,0.8,0.7,,0.7,,,,0.6,0.4,,0.8,,,0.7,0.9,0.7,,0.7,0.6,0.6,,0.6,-0.2,-0.2,-0.2,-0.2,,,,,-0.3,-0.2,-0.2,-0.3,,-0.2,-0.3,-0.2,,0.8,,,,0.5,0.4,,0.8,,
Nejad2025,phi_4_reasoning_plus,autonomous_council_agent,Phi 4 Reasoning Plus,2025.0,other,20.0,19.0,0.55,0.507,0.738,0.472,0.55,0.296,0.343,0.478,-0.163,0.07,0.55,0.296,0.9,0.6,-0.3,,1.0,0.8,0.7,,,,-0.3,1.0,1.0,,,,,0.9,-0.4,1.0,1.0,1.0,1.0,0.4,1.0,0.4,,,,,,,0.6,0.2,,,0.8,0.6,-0.2,,,0.8,0.8,,,,-0.3,-0.1,-0.1,,,,,-0.1,-0.3,-0.2,-0.1,-0.2,-0.1,-0.2,1.0,0.4,,,,,,,0.6,0.2,,
Payeur2021,phi_4_reasoning_plus,autonomous_council_agent,Phi 4 Reasoning Plus,2021.0,other,0.0,0.0,0.0,0.0,0.0,0.0,0.0,0.0,0.0,0.0,0.0,0.0,0.0,0.0,,,,,,,,,,,,,,,,,,,,,,,,,,,,,,,,,,,,,,,,,,,,,,,,,,,,,,,,,,,,,,,,,,,,,,,,
Rao2024,phi_4_reasoning_plus,autonomous_council_agent,Phi 4 Reasoning Plus,2024.0,other,24.0,23.0,0.657,0.118,0.589,0.202,0.8,0.132,0.617,0.09,0.622,0.181,0.812,0.127,,,0.5,,0.6,0.6,0.7,,,0.9,0.6,0.7,0.4,,,,0.5,0.8,0.7,0.6,0.7,0.2,0.5,0.9,0.8,1.0,0.8,,0.7,,0.6,0.7,0.8,1.0,,,,,0.6,,,0.6,0.5,,,0.8,0.6,0.6,0.6,,,,0.6,0.8,0.5,0.6,0.6,0.3,0.6,1.0,0.8,1.0,0.8,,0.8,,0.7,0.6,0.8,1.0,,
Rao&Ballard1999,phi_4_reasoning_plus,autonomous_council_agent,Phi 4 Reasoning Plus,1999.0,other,18.0,13.0,0.54,0.233,0.8,0.206,0.68,0.098,0.667,0.047,0.817,0.037,0.7,0.1,0.6,0.6,,0.1,,0.8,0.6,,,,,,0.8,,,,0.8,0.8,,1.0,0.9,0.3,1.0,0.8,,0.6,0.8,,0.6,,,0.6,,0.8,,,,,,0.6,,0.7,0.7,,,,,,0.8,,,,0.8,0.8,,,0.8,,0.9,0.8,,0.6,0.8,,,,,,0.6,0.8,,
Sacramento2018,phi_4_reasoning_plus,autonomous_council_agent,Phi 4 Reasoning Plus,2018.0,other,0.0,0.0,0.0,0.0,0.0,0.0,0.0,0.0,0.0,0.0,0.0,0.0,0.0,0.0,,,,,,,,,,,,,,,,,,,,,,,,,,,,,,,,,,,,,,,,,,,,,,,,,,,,,,,,,,,,,,,,,,,,,,,,
Spratling2008,phi_4_reasoning_plus,autonomous_council_agent,Phi 4 Reasoning Plus,2008.0,other,0.0,0.0,0.0,0.0,0.0,0.0,0.0,0.0,0.0,0.0,0.0,0.0,0.0,0.0,,,,,,,,,,,,,,,,,,,,,,,,,,,,,,,,,,,,,,,,,,,,,,,,,,,,,,,,,,,,,,,,,,,,,,,,
Spratling2010,phi_4_reasoning_plus,autonomous_council_agent,Phi 4 Reasoning Plus,2010.0,other,15.0,10.0,0.56,0.45,0.7,0.173,0.525,0.217,0.317,0.59,0.0,0.0,0.525,0.217,,0.6,0.7,,-0.3,1.0,0.8,,,,,,0.5,,,,0.6,,0.9,0.8,0.5,,0.9,,,,,,0.6,,0.8,0.5,0.2,,,,,0.6,0.6,-0.6,-0.4,0.9,0.8,,,,,,,,,,,,,,,,,,,,,,0.6,,0.8,0.5,0.2,,,
Srinivasan1982,phi_4_reasoning_plus,autonomous_council_agent,Phi 4 Reasoning Plus,1982.0,other,7.0,7.0,0.817,0.203,0.0,0.0,0.8,0.0,0.833,0.18,0.0,0.0,1.0,0.0,1.0,,0.6,,,1.0,1.0,,,0.5,0.8,,,,,,,,,,,,,,,,,,,,,,0.8,,,,1.0,,0.6,,,1.0,1.0,,,0.6,0.8,,,,,,,,,,,,,,,,,,,,,,1.0,,,
VanDerveer2021,phi_4_reasoning_plus,autonomous_council_agent,Phi 4 Reasoning Plus,2021.0,empirical,28.0,25.0,0.5,0.279,0.755,0.227,0.686,0.099,0.425,0.185,0.65,0.211,0.686,0.112,0.2,1.0,0.7,0.8,0.5,0.7,0.2,0.2,,0.2,0.5,,1.0,0.2,0.7,0.9,0.8,0.9,1.0,0.5,0.9,,0.7,0.7,0.8,0.6,0.8,,0.6,,0.8,0.6,,0.6,,,0.2,0.6,0.6,,,0.6,0.2,0.4,,0.2,0.6,,1.0,0.2,0.8,0.9,0.6,0.6,0.5,,0.6,,0.7,0.6,0.9,0.6,0.7,,0.6,,0.8,0.6,,0.6,,
Wacongne2012,phi_4_reasoning_plus,autonomous_council_agent,Phi 4 Reasoning Plus,2012.0,empirical,25.0,25.0,0.425,0.832,0.63,0.338,0.8,0.151,0.388,0.81,0.61,0.373,0.686,0.383,0.6,,0.9,-1.0,-1.0,1.0,,,,1.0,0.9,1.0,0.2,0.6,1.0,,0.3,1.0,1.0,1.0,0.2,,0.3,0.7,1.0,,0.8,,0.6,,0.8,1.0,0.8,0.6,,,0.6,,1.0,-1.0,-1.0,0.9,,,,0.8,0.8,1.0,0.2,0.7,1.0,,0.1,1.0,1.0,1.0,0.2,,0.2,0.7,0.9,,0.9,,0.7,,0.9,1.0,-0.2,0.6,,
Wacongne2011,phi_4_reasoning_plus,autonomous_council_agent,Phi 4 Reasoning Plus,2011.0,empirical,16.0,14.0,0.257,0.558,0.85,0.189,0.5,0.216,0.2,0.558,0.625,0.238,0.7,0.082,,,0.6,-0.6,-0.5,0.7,,,,0.3,0.3,1.0,1.0,,,,1.0,,,,0.7,0.5,1.0,0.9,,,0.6,,,,,,0.2,0.7,,,,,0.6,-0.6,-0.6,0.7,,,,0.2,0.2,0.9,0.8,,,,,,,,0.3,0.5,,0.9,,,0.7,,,,,,0.6,0.8,,
Westerberg&Xiong2025,phi_4_reasoning_plus,autonomous_council_agent,Phi 4 Reasoning Plus,2025.0,empirical,21.0,24.0,-0.386,0.412,0.662,0.173,0.633,0.16,-0.72,0.098,-0.717,0.191,-0.814,0.136,-0.7,-0.5,-0.4,,0.6,-0.6,,,-0.5,,-0.6,,0.8,,,,0.3,0.6,,0.6,0.8,0.6,0.9,0.7,0.6,,0.8,,0.3,,,0.7,0.7,0.7,,,-0.8,-0.8,-0.8,,,,,,-0.6,,-0.6,,-0.8,-0.6,-0.6,-0.7,-1.0,-0.5,-0.5,-0.8,-1.0,-0.5,-1.0,-0.6,-1.0,-0.7,-1.0,,-0.8,,,-0.6,-0.8,-0.8,,
Yamins2014,phi_4_reasoning_plus,autonomous_council_agent,Phi 4 Reasoning Plus,2014.0,other,0.0,0.0,0.0,0.0,0.0,0.0,0.0,0.0,0.0,0.0,0.0,0.0,0.0,0.0,,,,,,,,,,,,,,,,,,,,,,,,,,,,,,,,,,,,,,,,,,,,,,,,,,,,,,,,,,,,,,,,,,,,,,,,
Attinger2017,qwen3_14b_gemini_3_pro,autonomous_council_agent,Qwen3 14B Gemini 3 Pro Profile,2017.0,empirical,11.0,14.0,0.62,0.431,0.967,0.047,0.0,0.0,0.125,0.685,0.8,0.153,0.0,0.0,1.0,,0.8,,,,,,0.9,0.6,,-0.2,1.0,,,,0.9,0.9,,1.0,1.0,,1.0,,,,,,,,,,,,,,1.0,,0.8,-0.2,-0.6,,,,0.8,0.4,-0.2,-1.0,0.6,,,,0.7,1.0,,0.7,0.8,,1.0,,,,,,,,,,,,,
Bakhtiari2021,qwen3_14b_gemini_3_pro,autonomous_council_agent,Qwen3 14B Gemini 3 Pro Profile,2021.0,empirical,0.0,0.0,0.0,0.0,0.0,0.0,0.0,0.0,0.0,0.0,0.0,0.0,0.0,0.0,,,,,,,,,,,,,,,,,,,,,,,,,,,,,,,,,,,,,,,,,,,,,,,,,,,,,,,,,,,,,,,,,,,,,,,,
Bastos2012,qwen3_14b_gemini_3_pro,autonomous_council_agent,Qwen3 14B Gemini 3 Pro Profile,2012.0,other,14.0,14.0,0.68,0.248,0.762,0.122,1.0,0.0,0.56,0.388,0.725,0.164,0.9,0.0,,,0.9,,0.8,0.2,,,,0.7,0.8,,,,,0.6,0.9,0.9,0.6,0.7,0.9,,0.7,0.8,1.0,,,,,,,,,,,,,,0.8,-0.2,,0.6,,,,0.8,0.8,,,,,0.5,0.8,0.6,0.6,0.9,0.8,,0.6,1.0,0.9,,,,,,,,,,,
Bastos2020,qwen3_14b_gemini_3_pro,autonomous_council_agent,Qwen3 14B Gemini 3 Pro Profile,2020.0,empirical,11.0,11.0,0.9,0.071,0.957,0.049,0.0,0.0,0.95,0.087,0.971,0.045,0.0,0.0,,,,0.8,0.9,1.0,,0.9,,,,,0.9,,,0.9,0.9,,,1.0,1.0,,1.0,1.0,,,,,,,,,,,,,,,,0.8,1.0,1.0,,1.0,,,,,1.0,,,0.9,0.9,,,1.0,1.0,,1.0,1.0,,,,,,,,,,,,
Bekinschtein2009,qwen3_14b_gemini_3_pro,autonomous_council_agent,Qwen3 14B Gemini 3 Pro Profile,2009.0,empirical,6.0,11.0,0.325,0.589,0.85,0.05,0.0,0.0,0.28,0.776,0.333,0.65,0.0,0.0,0.3,,,-0.6,1.0,,,,,0.6,,,0.9,,,,,,,,0.8,,,,,,,,,,,,,,,,-0.2,,,1.0,-1.0,,,,0.6,1.0,,,-1.0,,,,0.8,,,,0.9,0.5,0.7,0.1,,,,,,,,,,,,
Chao2018,qwen3_14b_gemini_3_pro,autonomous_council_agent,Qwen3 14B Gemini 3 Pro Profile,2019.0,empirical,13.0,14.0,0.3,0.0,0.75,0.1,0.65,0.087,0.733,0.094,-0.214,0.035,0.7,0.071,,,,,,,,0.3,,,,,0.9,,,0.8,0.6,0.8,,0.8,0.6,,0.7,0.8,,,0.6,,0.6,,,0.6,,0.8,,,,,,0.8,0.6,,,0.8,,,,,,,,-0.2,-0.2,-0.2,,-0.2,-0.2,,-0.2,-0.3,,,0.6,,0.7,,,0.7,,0.8,,
Friston2010,qwen3_14b_gemini_3_pro,autonomous_council_agent,Qwen3 14B Gemini 3 Pro Profile,2010.0,other,9.0,9.0,0.45,0.35,0.65,0.05,0.72,0.204,0.6,0.2,0.65,0.05,0.76,0.206,,,,,,,,,0.1,0.8,,,,,,,0.6,,,,,,,0.7,,0.6,0.4,,0.8,,,,0.8,1.0,,,,,,,,,,,0.4,0.8,,,,,,,0.6,,,,,,,0.7,,0.7,0.4,,0.9,,,,0.8,1.0,,
Furutachi2024,qwen3_14b_gemini_3_pro,autonomous_council_agent,Qwen3 14B Gemini 3 Pro Profile,2024.0,empirical,12.0,13.0,0.214,0.599,0.94,0.08,0.0,0.0,0.425,0.533,-0.2,0.0,0.0,0.0,-0.6,,-0.1,,0.7,-0.6,0.5,,1.0,0.6,,,1.0,,,,0.9,1.0,,,0.8,,1.0,,,,,,,,,,,,,,-0.6,,0.2,0.8,0.6,-0.2,0.8,,1.0,0.8,,,-0.2,,,,-0.2,-0.2,,,-0.2,,-0.2,,,,,,,,,,,,,
Garret2020,qwen3_14b_gemini_3_pro,autonomous_council_agent,Qwen3 14B Gemini 3 Pro Profile,2020.0,empirical,6.0,6.0,0.6,0.406,0.8,0.2,0.0,0.0,0.7,0.52,-0.25,0.05,0.0,0.0,,,,0.3,1.0,1.0,,,,,,0.1,0.6,,,,,1.0,,,,,,,,,,,,,,,,,,,,,,1.0,1.0,1.0,,,,,,-0.2,-0.2,,,,,-0.3,,,,,,,,,,,,,,,,,,
Greedy2022,qwen3_14b_gemini_3_pro,autonomous_council_agent,Qwen3 14B Gemini 3 Pro Profile,2022.0,empirical,0.0,0.0,0.0,0.0,0.0,0.0,0.0,0.0,0.0,0.0,0.0,0.0,0.0,0.0,,,,,,,,,,,,,,,,,,,,,,,,,,,,,,,,,,,,,,,,,,,,,,,,,,,,,,,,,,,,,,,,,,,,,,,,
Hertag2020,qwen3_14b_gemini_3_pro,autonomous_council_agent,Qwen3 14B Gemini 3 Pro Profile,2020.0,other,17.0,17.0,0.637,0.304,0.65,0.296,0.8,0.0,0.65,0.296,0.65,0.283,0.9,0.0,0.2,0.9,0.7,0.8,,0.8,0.1,,0.6,,1.0,,0.2,,,,0.8,0.9,0.5,0.9,0.7,,1.0,0.2,0.8,,,,,,,,,,,,0.2,0.8,0.6,1.0,,0.8,0.2,,0.6,,1.0,,0.2,,,,0.8,1.0,0.7,0.8,0.6,,0.9,0.2,0.9,,,,,,,,,,,
Jiang&Rao2024,qwen3_14b_gemini_3_pro,autonomous_council_agent,Qwen3 14B Gemini 3 Pro Profile,2024.0,other,16.0,14.0,0.4,0.638,0.8,0.226,0.6,0.0,0.333,0.618,0.8,0.177,0.8,0.0,,0.5,0.9,-1.0,0.7,0.6,,,,0.7,,,1.0,0.5,,,1.0,0.4,0.8,0.6,1.0,,1.0,0.9,,,,,,,,,,0.6,,,,,0.4,-1.0,0.6,0.8,,,0.4,0.8,,,0.6,,,,0.8,0.5,1.0,,0.9,,0.8,1.0,,,,,,,,,,0.8,,
Keller2012,qwen3_14b_gemini_3_pro,autonomous_council_agent,Qwen3 14B Gemini 3 Pro Profile,2012.0,empirical,11.0,11.0,0.05,0.82,0.586,0.285,0.0,0.0,0.0,0.812,0.571,0.333,0.0,0.0,,,,,,-0.5,,,,-1.0,0.8,0.9,0.6,,,,0.7,0.8,-0.1,0.7,0.7,,0.7,,,,,,,,,,,,,,,,,,,-0.6,,,,-1.0,0.8,0.8,0.6,,,,0.9,0.7,-0.2,0.6,0.8,,0.6,,,,,,,,,,,,,
Keller2018,qwen3_14b_gemini_3_pro,autonomous_council_agent,Qwen3 14B Gemini 3 Pro Profile,2018.0,empirical,11.0,11.0,0.5,0.245,0.8,0.141,0.8,0.0,0.467,0.189,0.643,0.238,0.6,0.0,,0.2,,,0.5,0.8,,,,,,,0.8,,,,0.6,0.9,,0.8,0.6,,0.9,1.0,,,,,,,,,,0.8,,,,0.2,,,0.6,0.6,,,,,,,0.6,,,,0.4,1.0,,0.5,0.4,,0.6,1.0,,,,,,,,,,0.6,,
Kiebel2008,qwen3_14b_gemini_3_pro,autonomous_council_agent,Qwen3 14B Gemini 3 Pro Profile,2008.0,other,14.0,13.0,0.7,0.2,0.757,0.105,0.92,0.098,0.7,0.1,0.717,0.134,0.92,0.117,,,,0.5,,0.9,,,,,,,0.8,,,0.7,0.7,,,0.7,0.9,,0.6,0.9,,0.8,0.8,,1.0,,,,1.0,1.0,,,,,,0.8,,0.6,,,,,,,0.6,,,,0.7,,,0.7,0.7,,0.6,1.0,,0.7,0.9,,1.0,,,,1.0,1.0,,
LaoRodriguez2023,qwen3_14b_gemini_3_pro,autonomous_council_agent,Qwen3 14B Gemini 3 Pro Profile,2023.0,empirical,17.0,17.0,0.213,0.631,0.625,0.282,0.4,0.0,-0.05,0.691,0.338,0.165,0.6,0.0,,0.4,,-0.7,0.2,-0.9,0.8,,,0.5,0.4,1.0,0.7,,,,1.0,0.5,0.3,,0.8,0.2,1.0,0.5,,,0.4,,,,,,,,,,,0.6,,-1.0,-0.8,-1.0,0.6,,,0.4,0.4,0.4,0.4,,,,0.4,0.4,0.4,,0.4,-0.1,0.4,0.4,,,0.6,,,,,,,,,
LeeMejias2025,qwen3_14b_gemini_3_pro,autonomous_council_agent,Qwen3 14B Gemini 3 Pro Profile,2025.0,other,20.0,19.0,0.525,0.589,0.529,0.636,0.86,0.12,0.9,0.107,0.225,0.719,1.0,0.0,0.7,0.8,1.0,-1.0,,0.8,,0.6,0.6,,0.7,,-1.0,,,0.8,0.6,0.9,,,0.7,,0.7,1.0,1.0,0.8,0.7,,,,,,0.8,1.0,,,0.7,0.9,0.9,,,1.0,,1.0,0.8,,1.0,,-1.0,,,1.0,-0.2,1.0,,-0.4,-0.2,,0.7,0.9,1.0,1.0,1.0,,,,,,,1.0,,
Mikulasch2023,qwen3_14b_gemini_3_pro,autonomous_council_agent,Qwen3 14B Gemini 3 Pro Profile,2023.0,other,5.0,6.0,0.35,0.25,0.75,0.05,0.6,0.0,0.2,0.327,-0.2,0.0,0.8,0.0,,,,,0.1,,,,,,0.6,,,,,,0.7,,,,,,0.8,,,,,,,,,,,0.6,,,,,,0.2,0.6,,,,,,-0.2,,,,,,-0.2,,,,,,-0.2,,,,,,,,,,,0.8,,
Nejad2025,qwen3_14b_gemini_3_pro,autonomous_council_agent,Qwen3 14B Gemini 3 Pro Profile,2025.0,other,14.0,12.0,0.7,0.2,0.689,0.463,0.8,0.163,0.2,0.0,-0.163,0.048,0.767,0.205,,,,,0.5,0.9,,,,,,,0.7,,,,1.0,0.8,-0.6,0.8,0.8,0.9,0.9,0.9,1.0,,0.6,,,,,,,0.8,,,,,,0.2,,,,,,,,,-0.2,,,,-0.2,-0.1,,-0.1,-0.1,-0.2,-0.2,-0.2,1.0,,0.5,,,,,,,0.8,,
Payeur2021,qwen3_14b_gemini_3_pro,autonomous_council_agent,Qwen3 14B Gemini 3 Pro Profile,2021.0,other,0.0,0.0,0.0,0.0,0.0,0.0,0.0,0.0,0.0,0.0,0.0,0.0,0.0,0.0,,,,,,,,,,,,,,,,,,,,,,,,,,,,,,,,,,,,,,,,,,,,,,,,,,,,,,,,,,,,,,,,,,,,,,,,
Rao2024,qwen3_14b_gemini_3_pro,autonomous_council_agent,Qwen3 14B Gemini 3 Pro Profile,2024.0,other,14.0,6.0,0.467,0.499,0.762,0.206,0.733,0.094,0.467,0.249,0.7,0.0,0.75,0.05,,,,,1.0,-0.2,,,0.6,,,,0.8,,,0.3,0.8,0.9,,0.9,0.6,,1.0,0.8,,,0.6,,0.8,,0.8,,,,,,,,,0.2,0.8,,,,0.4,,,,,,,,,,,,,,,0.7,,,,,0.7,,0.8,,,,,
Rao&Ballard1999,qwen3_14b_gemini_3_pro,autonomous_council_agent,Qwen3 14B Gemini 3 Pro Profile,1999.0,other,13.0,13.0,0.8,0.0,0.775,0.185,0.675,0.148,0.7,0.0,0.625,0.171,0.575,0.192,,,,,,0.8,,,,,,,0.5,,,,1.0,0.7,0.5,0.8,0.9,,1.0,0.8,,,0.7,,0.6,,,0.5,,0.9,,,,,,,,0.7,,,,,,,0.4,,,,0.6,0.5,0.4,0.7,0.7,,0.9,0.8,,,0.7,,0.5,,,0.3,,0.8,,
Sacramento2018,qwen3_14b_gemini_3_pro,autonomous_council_agent,Qwen3 14B Gemini 3 Pro Profile,2018.0,other,0.0,0.0,0.0,0.0,0.0,0.0,0.0,0.0,0.0,0.0,0.0,0.0,0.0,0.0,,,,,,,,,,,,,,,,,,,,,,,,,,,,,,,,,,,,,,,,,,,,,,,,,,,,,,,,,,,,,,,,,,,,,,,,
Spratling2008,qwen3_14b_gemini_3_pro,autonomous_council_agent,Qwen3 14B Gemini 3 Pro Profile,2008.0,other,17.0,16.0,0.2,0.552,0.5,0.278,0.733,0.149,0.24,0.557,0.667,0.236,0.68,0.172,,,,,,-0.7,0.2,,0.7,0.6,,,0.1,,,,0.5,0.7,,0.5,0.5,,0.2,1.0,0.6,0.8,0.6,,0.8,,,,0.6,1.0,,,,,,-0.2,,-0.6,0.4,,0.8,0.8,,,,,,,0.6,0.7,,0.9,0.5,,0.3,1.0,0.5,0.7,0.6,,,,,,0.6,1.0,,
Spratling2010,qwen3_14b_gemini_3_pro,autonomous_council_agent,Qwen3 14B Gemini 3 Pro Profile,2010.0,other,9.0,9.0,0.7,0.424,0.7,0.356,0.0,0.0,0.733,0.442,0.633,0.386,0.0,0.0,,0.9,1.0,,-0.2,0.9,0.6,,,1.0,,,,,,,0.2,,,,0.9,,1.0,,,,,,,,,,,,,,,1.0,1.0,,-0.2,1.0,0.6,,,1.0,,,,,,,0.1,,,,0.8,,1.0,,,,,,,,,,,,,
Srinivasan1982,qwen3_14b_gemini_3_pro,autonomous_council_agent,Qwen3 14B Gemini 3 Pro Profile,1982.0,other,9.0,9.0,0.675,0.259,0.84,0.136,0.0,0.0,0.65,0.296,0.86,0.12,0.0,0.0,1.0,,,,0.3,0.8,,,,0.6,,,0.9,,,,0.9,,,0.6,0.8,,1.0,,,,,,,,,,,,,,1.0,,,,0.2,0.8,,,,0.6,,,0.8,,,,1.0,,,0.7,0.8,,1.0,,,,,,,,,,,,,
VanDerveer2021,qwen3_14b_gemini_3_pro,autonomous_council_agent,Qwen3 14B Gemini 3 Pro Profile,2021.0,empirical,10.0,10.0,0.713,0.257,0.6,0.1,0.0,0.0,0.925,0.139,0.9,0.1,0.0,0.0,0.3,,1.0,0.9,0.5,0.8,,0.4,1.0,,0.8,,,,,,,0.7,0.5,,,,,,,,,,,,,,,,,,1.0,,1.0,1.0,0.8,1.0,,0.6,1.0,,1.0,,,,,,,1.0,0.8,,,,,,,,,,,,,,,,,
Wacongne2012,qwen3_14b_gemini_3_pro,autonomous_council_agent,Qwen3 14B Gemini 3 Pro Profile,2012.0,empirical,14.0,14.0,-0.04,0.789,0.733,0.323,0.0,0.0,-0.04,0.814,0.744,0.334,0.0,0.0,,,0.1,-1.0,-0.9,,,,,0.7,,0.9,0.9,0.2,0.9,,1.0,1.0,0.7,0.1,0.9,,0.9,,,,,,,,,,,,,,,,0.2,-1.0,-1.0,,,,,0.8,,0.8,1.0,0.2,0.8,,0.9,1.0,0.7,0.1,1.0,,1.0,,,,,,,,,,,,,
Wacongne2011,qwen3_14b_gemini_3_pro,autonomous_council_agent,Qwen3 14B Gemini 3 Pro Profile,2011.0,empirical,6.0,6.0,0.0,1.0,0.967,0.047,1.0,0.0,0.0,1.0,0.967,0.047,1.0,0.0,,,,,-1.0,,,,,,,1.0,1.0,,,,1.0,,,,,,,0.9,,,,,,,,,,1.0,,,,,,-1.0,,,,,,,,1.0,1.0,,,,0.9,,,,,,,1.0,,,,,,,,,,1.0,,
Westerberg&Xiong2025,qwen3_14b_gemini_3_pro,autonomous_council_agent,Qwen3 14B Gemini 3 Pro Profile,2025.0,empirical,15.0,13.0,-0.4,0.733,-0.3,0.86,0.867,0.189,-0.1,0.592,-0.283,0.914,0.867,0.189,-0.9,,-0.6,1.0,-1.0,-1.0,,,,0.1,,,-1.0,,,,,0.9,,-1.0,-0.6,,-1.0,0.9,,,0.6,,,,,1.0,,1.0,,,-1.0,,-0.2,,,0.6,,,,0.2,,,-1.0,,,,,1.0,,-1.0,-0.7,,-1.0,1.0,,,0.6,,,,,1.0,,1.0,,
Yamins2014,qwen3_14b_gemini_3_pro,autonomous_council_agent,Qwen3 14B Gemini 3 Pro Profile,2014.0,other,0.0,0.0,0.0,0.0,0.0,0.0,0.0,0.0,0.0,0.0,0.0,0.0,0.0,0.0,,,,,,,,,,,,,,,,,,,,,,,,,,,,,,,,,,,,,,,,,,,,,,,,,,,,,,,,,,,,,,,,,,,,,,,,
Attinger2017,qwen3_5_40b_claude_4_5_opus,autonomous_council_agent,Qwen 3.5 40B Claude 4.5 Opus Profile,2017.0,empirical,23.0,23.0,0.61,0.197,0.586,0.28,0.55,0.206,0.56,0.22,0.5,0.2,0.467,0.243,0.8,0.4,0.8,0.3,,0.7,0.4,,0.8,0.4,0.7,0.8,0.9,0.3,,,0.6,1.0,,0.2,0.4,,0.7,,0.5,,,,,0.8,,0.3,0.6,0.8,0.3,,0.8,0.3,0.8,0.3,,0.6,0.3,,0.8,0.3,0.7,0.7,0.7,0.2,,,0.4,0.8,,0.3,0.5,,0.6,,0.2,,,,,0.8,,0.3,0.4,0.8,0.3,
Bakhtiari2021,qwen3_5_40b_claude_4_5_opus,autonomous_council_agent,Qwen 3.5 40B Claude 4.5 Opus Profile,2021.0,empirical,0.0,0.0,0.0,0.0,0.0,0.0,0.0,0.0,0.0,0.0,0.0,0.0,0.0,0.0,,,,,,,,,,,,,,,,,,,,,,,,,,,,,,,,,,,,,,,,,,,,,,,,,,,,,,,,,,,,,,,,,,,,,,,,
Bastos2012,qwen3_5_40b_claude_4_5_opus,autonomous_council_agent,Qwen 3.5 40B Claude 4.5 Opus Profile,2012.0,other,32.0,32.0,0.633,0.105,0.717,0.211,0.591,0.108,0.567,0.141,0.667,0.189,0.545,0.137,0.7,,0.7,0.6,,0.8,0.6,0.6,,0.7,0.6,0.4,1.0,0.7,0.4,0.6,0.7,0.8,0.7,0.7,0.7,0.3,1.0,1.0,0.8,0.6,0.7,0.6,0.5,0.7,0.5,0.4,0.5,0.6,0.6,,0.6,,0.7,0.4,,0.8,0.5,0.4,,0.7,0.6,0.4,0.8,0.6,0.4,0.5,0.8,0.8,0.8,0.7,0.6,0.3,1.0,0.7,0.7,0.5,0.6,0.6,0.4,0.8,0.5,0.3,0.4,0.6,0.6,
Bastos2020,qwen3_5_40b_claude_4_5_opus,autonomous_council_agent,Qwen 3.5 40B Claude 4.5 Opus Profile,2020.0,empirical,28.0,29.0,0.717,0.146,0.742,0.218,0.59,0.234,0.457,0.399,0.708,0.189,0.58,0.223,,,0.7,0.5,,0.9,0.7,0.9,,,0.6,,0.8,0.7,0.7,0.8,0.9,0.9,0.2,0.9,0.8,0.4,1.0,0.8,0.7,0.8,0.7,0.6,0.8,0.6,0.2,0.1,0.6,0.8,,,,,0.8,-0.1,-0.2,0.8,0.5,0.8,,,0.6,,0.8,0.7,0.7,0.7,0.7,0.8,0.2,0.8,0.8,0.5,1.0,0.8,0.7,0.7,0.7,0.7,0.6,0.7,0.2,0.1,0.6,0.8,,
Bekinschtein2009,qwen3_5_40b_claude_4_5_opus,autonomous_council_agent,Qwen 3.5 40B Claude 4.5 Opus Profile,2009.0,empirical,13.0,16.0,0.6,0.187,0.617,0.09,0.5,0.163,0.44,0.15,0.35,0.222,0.52,0.24,,,,0.6,0.9,0.5,,,,0.4,,,0.7,0.6,,,0.7,,,,0.5,,0.7,0.5,,0.3,,,0.7,,,,,0.5,,,,,,0.4,,0.5,,,0.3,0.7,,0.3,,0.3,,0.1,,0.4,,0.2,,0.3,,0.8,,0.4,0.7,,0.7,,,0.1,,0.7,,
Chao2018,qwen3_5_40b_claude_4_5_opus,autonomous_council_agent,Qwen 3.5 40B Claude 4.5 Opus Profile,2019.0,empirical,20.0,20.0,0.114,0.391,0.775,0.171,0.56,0.08,0.057,0.462,-0.213,0.033,0.62,0.16,,,-0.2,0.5,-0.2,0.8,0.3,,,-0.3,,-0.1,1.0,,,0.9,0.7,,,0.5,0.7,0.6,1.0,0.8,,0.4,0.6,,,0.6,,,0.6,0.6,,,,,-0.2,-0.6,,0.6,0.2,0.8,,-0.2,,-0.2,-0.2,,,-0.2,-0.2,,,-0.2,-0.2,-0.3,-0.2,-0.2,,0.4,0.9,,,0.6,,,0.6,0.6,,
Friston2010,qwen3_5_40b_claude_4_5_opus,autonomous_council_agent,Qwen 3.5 40B Claude 4.5 Opus Profile,2010.0,other,28.0,24.0,0.456,0.157,0.56,0.211,0.444,0.117,0.438,0.173,0.533,0.245,0.586,0.164,0.7,0.5,0.4,0.4,,0.4,0.5,0.2,,0.7,,0.3,,0.5,0.5,0.3,0.7,0.7,,0.9,0.6,0.2,0.8,0.4,0.7,0.5,0.4,0.3,0.4,,0.5,0.3,0.4,0.5,,,0.7,0.6,0.2,0.4,,0.4,,0.2,,0.6,0.4,,0.8,,0.4,0.2,0.6,0.5,,0.9,0.4,,0.8,0.2,0.7,,0.7,0.4,0.6,,0.8,0.3,,0.6,,
Furutachi2024,qwen3_5_40b_claude_4_5_opus,autonomous_council_agent,Qwen 3.5 40B Claude 4.5 Opus Profile,2024.0,empirical,28.0,26.0,0.458,0.435,0.48,0.631,0.083,0.573,0.358,0.621,-0.186,0.099,0.029,0.528,0.7,0.3,1.0,0.3,0.1,0.2,0.8,-0.6,1.0,0.7,0.7,0.3,,0.8,0.4,,1.0,0.9,-0.5,1.0,0.6,-0.9,1.0,0.5,0.6,,-0.3,,0.6,,0.4,0.2,,-1.0,,,0.8,0.2,0.9,-1.0,0.8,0.2,0.9,-0.6,0.9,0.7,0.7,-0.2,-0.2,,-0.2,-0.1,,-0.2,,-0.1,,-0.4,,-0.1,0.5,-1.0,-0.1,,0.6,,0.3,,-0.4,0.3,,
Garret2020,qwen3_5_40b_claude_4_5_opus,autonomous_council_agent,Qwen 3.5 40B Claude 4.5 Opus Profile,2020.0,empirical,17.0,17.0,0.55,0.432,0.65,0.166,0.433,0.189,0.3,0.525,-0.225,0.043,0.433,0.189,-0.7,,0.8,0.7,0.5,0.8,0.6,,0.7,0.6,0.6,0.9,0.5,,,,0.5,0.9,,,,,0.7,,,,,,0.3,,,,0.7,,0.3,,-0.6,,0.8,0.7,0.6,0.8,0.6,,0.8,-0.3,-0.2,-0.2,-0.2,,,,-0.3,-0.2,,,,,-0.2,,,,,,0.3,,,,0.7,,0.3,
Greedy2022,qwen3_5_40b_claude_4_5_opus,autonomous_council_agent,Qwen 3.5 40B Claude 4.5 Opus Profile,2022.0,empirical,0.0,0.0,0.0,0.0,0.0,0.0,0.0,0.0,0.0,0.0,0.0,0.0,0.0,0.0,,,,,,,,,,,,,,,,,,,,,,,,,,,,,,,,,,,,,,,,,,,,,,,,,,,,,,,,,,,,,,,,,,,,,,,,
Hertag2020,qwen3_5_40b_claude_4_5_opus,autonomous_council_agent,Qwen 3.5 40B Claude 4.5 Opus Profile,2020.0,other,15.0,15.0,0.745,0.188,0.9,0.0,0.567,0.205,0.73,0.185,0.65,0.15,0.567,0.125,0.7,0.9,1.0,0.7,0.8,0.8,0.3,,0.8,0.5,0.9,0.8,,,,,,0.9,,,,,,,0.6,0.3,,0.8,,,,,,,,,0.7,0.9,0.9,,0.9,0.8,0.4,,0.7,0.4,0.9,0.7,,,,,,0.8,,,,,,0.5,0.6,0.4,,0.7,,,,,,,,
Jiang&Rao2024,qwen3_5_40b_claude_4_5_opus,autonomous_council_agent,Qwen 3.5 40B Claude 4.5 Opus Profile,2024.0,other,29.0,26.0,0.589,0.218,0.755,0.108,0.489,0.269,0.556,0.302,0.75,0.143,0.529,0.225,0.8,,0.7,,0.8,0.6,0.6,,0.2,0.7,0.7,0.2,0.9,0.9,0.8,,0.8,0.7,0.7,0.8,0.5,0.7,0.8,0.7,-0.1,0.5,0.6,,0.7,0.6,,0.7,0.8,0.2,0.4,,0.8,,,-0.1,0.8,0.3,0.8,,0.3,0.7,0.8,0.6,0.9,,0.8,,0.7,0.5,0.8,0.7,0.5,0.9,0.9,0.8,,0.3,0.7,,0.8,0.5,,0.8,,0.2,0.4,
Keller2012,qwen3_5_40b_claude_4_5_opus,autonomous_council_agent,Qwen 3.5 40B Claude 4.5 Opus Profile,2012.0,empirical,4.0,4.0,0.4,0.141,0.8,0.0,0.0,0.0,0.4,0.163,0.9,0.0,0.0,0.0,,,,0.6,,0.3,,,,,,0.3,,,,,,0.8,,,,,,,,,,,,,,,,,,,,,,0.6,,0.2,,,,,,0.4,,,,,,0.9,,,,,,,,,,,,,,,,,,
Keller2018,qwen3_5_40b_claude_4_5_opus,autonomous_council_agent,Qwen 3.5 40B Claude 4.5 Opus Profile,2018.0,empirical,20.0,19.0,0.65,0.087,0.7,0.082,0.583,0.037,0.629,0.045,0.733,0.075,0.55,0.05,0.6,,0.5,0.7,0.6,0.8,,,,0.6,0.7,0.7,0.8,,,,0.7,0.8,,0.6,0.6,,0.7,,,,,,,0.6,0.6,0.6,,0.6,0.6,0.5,0.6,,0.6,,0.6,0.7,,,,0.6,0.6,0.7,0.8,,,,0.8,0.7,,0.7,0.6,,0.8,,,,,,,0.5,0.5,0.6,,0.6,0.6,0.5
Kiebel2008,qwen3_5_40b_claude_4_5_opus,autonomous_council_agent,Qwen 3.5 40B Claude 4.5 Opus Profile,2008.0,other,18.0,16.0,0.056,0.33,0.487,0.389,0.6,0.0,0.4,0.273,0.163,0.324,0.6,0.0,,,-0.4,-0.2,-0.3,0.4,0.3,,-0.1,0.3,-0.1,0.6,0.6,,0.6,,0.8,,,0.6,0.5,-0.5,0.5,0.8,,,,,,0.6,,,,,,,,-0.2,0.4,,0.3,0.6,0.5,,,0.5,,0.7,-0.1,,0.2,,0.3,-0.1,,-0.4,0.3,,0.4,0.7,,,,,,0.6,,,,,,
LaoRodriguez2023,qwen3_5_40b_claude_4_5_opus,autonomous_council_agent,Qwen 3.5 40B Claude 4.5 Opus Profile,2023.0,empirical,12.0,12.0,0.65,0.166,0.36,0.28,0.6,0.0,0.55,0.087,0.28,0.098,0.6,0.0,,,,0.5,0.7,0.5,,,,,,0.9,,,,,,0.2,0.7,,0.1,,0.7,0.1,,,,,,,,0.6,,0.6,,0.6,,,,0.6,0.6,0.6,,,,,,0.4,,,,,,0.2,0.4,,0.2,,0.4,0.2,,,,,,,,0.6,,0.6,,0.6
LeeMejias2025,qwen3_5_40b_claude_4_5_opus,autonomous_council_agent,Qwen 3.5 40B Claude 4.5 Opus Profile,2025.0,other,29.0,29.0,0.555,0.15,0.622,0.225,0.433,0.447,0.591,0.168,0.656,0.222,0.433,0.447,0.5,0.3,0.6,0.7,,0.8,0.5,0.3,0.7,0.5,0.6,0.6,0.9,,,0.2,0.6,0.9,0.3,0.7,0.7,,0.7,0.6,0.8,0.6,0.6,,,0.5,-0.8,,0.4,0.6,0.6,0.6,0.6,0.3,0.6,0.7,,0.8,0.5,0.3,0.8,0.5,0.7,0.7,0.9,,,0.2,0.6,0.8,0.4,0.7,0.8,,0.9,0.6,0.8,0.6,0.6,,,0.5,-0.8,,0.4,0.6,0.6,0.6
Mikulasch2023,qwen3_5_40b_claude_4_5_opus,autonomous_council_agent,Qwen 3.5 40B Claude 4.5 Opus Profile,2023.0,other,25.0,20.0,0.61,0.524,0.655,0.548,-0.075,0.536,0.383,0.46,-0.25,0.05,0.317,0.362,0.8,0.9,,-0.9,0.7,0.8,0.6,,1.0,0.6,1.0,0.6,1.0,0.8,0.6,1.0,0.8,1.0,0.8,0.5,0.7,-1.0,1.0,,-0.6,,,,0.6,,0.3,,,-0.6,,,0.8,,-0.3,,,0.7,0.5,,0.8,,-0.2,,-0.3,,-0.3,,-0.2,-0.3,-0.2,,-0.2,-0.3,,-0.2,-0.2,0.6,0.8,,0.5,,-0.1,,0.3,,,
Nejad2025,qwen3_5_40b_claude_4_5_opus,autonomous_council_agent,Qwen 3.5 40B Claude 4.5 Opus Profile,2025.0,other,14.0,10.0,0.62,0.194,0.517,0.227,0.567,0.17,0.34,0.301,-0.167,0.047,0.55,0.15,,,,,,0.5,0.9,,,0.4,0.5,0.8,,,,,,0.9,0.4,0.5,0.4,0.2,,0.7,0.8,0.4,,,,,,0.5,,,,,,,,,,0.5,0.7,,,0.3,0.4,-0.2,,,,,,-0.1,,,-0.2,,,-0.2,0.7,0.4,,,,,,,,,,
Payeur2021,qwen3_5_40b_claude_4_5_opus,autonomous_council_agent,Qwen 3.5 40B Claude 4.5 Opus Profile,2021.0,other,0.0,0.0,0.0,0.0,0.0,0.0,0.0,0.0,0.0,0.0,0.0,0.0,0.0,0.0,,,,,,,,,,,,,,,,,,,,,,,,,,,,,,,,,,,,,,,,,,,,,,,,,,,,,,,,,,,,,,,,,,,,,,,,
Rao&Ballard1999,qwen3_5_40b_claude_4_5_opus,autonomous_council_agent,Qwen 3.5 40B Claude 4.5 Opus Profile,1999.0,other,18.0,18.0,0.5,0.185,0.8,0.129,0.72,0.075,0.486,0.21,0.817,0.121,0.68,0.098,0.5,0.3,0.2,,,0.8,0.5,,,0.6,0.6,,0.8,,,,1.0,0.9,,0.6,0.7,,0.8,,0.8,0.7,0.8,,,0.6,,,,0.7,,,0.6,0.2,0.2,,,0.8,0.4,,,0.6,0.6,,0.9,,,,0.9,0.9,,0.6,0.7,,0.9,,0.8,0.7,0.7,,,0.5,,,,0.7,,
Sacramento2018,qwen3_5_40b_claude_4_5_opus,autonomous_council_agent,Qwen 3.5 40B Claude 4.5 Opus Profile,2018.0,other,15.0,16.0,0.26,0.383,0.0,0.2,0.133,0.047,0.17,0.385,-0.167,0.047,0.167,0.047,0.5,,0.6,-0.5,-0.4,0.5,0.6,,0.1,0.5,0.3,0.4,,,,,-0.2,,,,0.2,,,,,,,,,,0.1,,0.2,0.1,,,0.5,,0.5,-0.5,-0.4,0.6,0.5,,0.1,0.4,0.2,-0.2,,,,,-0.2,,,,-0.2,,-0.1,,,,,,,,0.2,,0.2,0.1,,
Spratling2008,qwen3_5_40b_claude_4_5_opus,autonomous_council_agent,Qwen 3.5 40B Claude 4.5 Opus Profile,2008.0,other,10.0,10.0,0.62,0.117,0.75,0.166,0.4,0.0,0.66,0.102,0.7,0.071,0.4,0.0,0.7,0.7,,,,0.7,0.4,,,0.6,,,0.9,,,,0.7,,,,0.5,,0.9,,0.4,,,,,,,,,,,,0.8,0.7,,,,0.7,0.5,,,0.6,,,0.8,,,,0.7,,,,0.6,,0.7,,0.4,,,,,,,,,,,
Spratling2010,qwen3_5_40b_claude_4_5_opus,autonomous_council_agent,Qwen 3.5 40B Claude 4.5 Opus Profile,2010.0,other,22.0,22.0,0.444,0.422,0.456,0.462,0.4,0.141,0.478,0.434,0.478,0.421,0.375,0.148,-0.2,0.7,1.0,-0.2,0.1,0.9,0.7,,,0.5,0.5,,-0.7,0.8,0.8,0.7,0.6,,,0.1,0.8,,0.6,0.4,,,,,,0.4,0.2,0.4,,0.6,,,-0.2,0.8,1.0,-0.2,0.1,0.9,0.7,,,0.6,0.6,,-0.6,0.8,0.8,0.6,0.6,,,0.2,0.8,,0.6,0.5,,,,,,0.4,0.2,0.3,,0.6,,
Srinivasan1982,qwen3_5_40b_claude_4_5_opus,autonomous_council_agent,Qwen 3.5 40B Claude 4.5 Opus Profile,1982.0,other,21.0,27.0,0.46,0.326,0.367,0.17,-0.04,0.206,0.3,0.33,0.19,0.301,0.07,0.149,0.8,,,,,0.7,0.6,,,0.3,-0.1,,0.5,,,,0.5,,,0.2,0.2,,0.6,0.2,0.1,-0.2,-0.3,0.1,-0.2,,-0.2,0.2,-0.3,0.2,,0.2,0.8,,,0.1,-0.2,0.7,0.4,,0.1,,,0.2,0.4,-0.2,0.1,-0.3,0.6,,0.2,0.2,0.4,-0.1,0.6,,0.2,-0.1,0.1,-0.1,0.3,,0.1,0.1,-0.2,0.1,,0.2
VanDerveer2021,qwen3_5_40b_claude_4_5_opus,autonomous_council_agent,Qwen 3.5 40B Claude 4.5 Opus Profile,2021.0,empirical,29.0,26.0,0.482,0.307,0.6,0.095,0.414,0.188,0.455,0.271,0.618,0.103,0.425,0.13,0.7,0.6,0.5,0.3,-0.4,0.6,,0.7,0.7,0.5,0.4,0.7,0.6,0.6,0.7,0.5,0.6,0.8,0.6,0.5,0.5,,0.5,0.7,0.6,,0.2,,0.6,0.6,0.5,0.2,,0.2,,,0.6,0.5,0.4,0.2,-0.3,0.6,,0.6,0.7,0.6,0.5,0.6,0.6,0.6,0.6,0.7,0.6,0.9,0.6,0.5,0.6,,0.5,0.6,0.5,,0.2,,0.5,,0.5,,,,,
Wacongne2012,qwen3_5_40b_claude_4_5_opus,autonomous_council_agent,Qwen 3.5 40B Claude 4.5 Opus Profile,2012.0,empirical,27.0,27.0,0.411,0.509,0.76,0.102,0.487,0.169,0.378,0.498,0.72,0.075,0.5,0.158,0.5,,0.8,-0.5,-0.5,0.8,0.6,,,0.4,0.7,0.9,0.8,0.6,0.7,,0.8,0.8,0.9,0.8,0.7,,0.9,0.6,0.6,0.6,,,0.8,0.3,0.5,,0.3,0.5,0.3,,0.4,,0.8,-0.5,-0.5,0.8,0.5,,,0.4,0.6,0.9,0.8,0.6,0.8,,0.7,0.8,0.8,0.7,0.7,,0.6,0.7,0.6,0.6,,,0.8,0.4,0.5,,0.3,0.5,0.3,
Wacongne2011,qwen3_5_40b_claude_4_5_opus,autonomous_council_agent,Qwen 3.5 40B Claude 4.5 Opus Profile,2011.0,empirical,5.0,4.0,0.533,0.33,0.2,0.0,0.2,0.0,0.8,0.2,0.2,0.0,0.1,0.0,,,,0.1,,0.6,,,,,,0.9,0.2,,,,,,,,,,,,,,0.2,,,,,,,,,,,,,,,0.6,,,,,,1.0,0.2,,,,,,,,,,,,,,0.1,,,,,,,,,
Westerberg&Xiong2025,qwen3_5_40b_claude_4_5_opus,autonomous_council_agent,Qwen 3.5 40B Claude 4.5 Opus Profile,2025.0,empirical,25.0,21.0,-0.457,0.354,0.573,0.379,0.657,0.09,-0.68,0.16,-0.87,0.078,-0.317,0.667,-0.4,-0.4,-0.4,-0.8,0.3,-0.8,,,,,-0.7,,0.8,1.0,0.6,,0.5,1.0,-0.5,0.6,0.6,0.6,0.5,0.6,,0.6,0.6,,0.6,0.8,,0.6,,0.6,0.8,,-0.8,-0.8,-0.8,,,-0.6,,,,,-0.4,,-0.8,-1.0,-1.0,,-0.8,-0.8,,-0.8,-0.8,-0.9,-0.9,-0.9,,-1.0,-0.9,,0.5,-0.6,,0.7,,,-0.6,
Yamins2014,qwen3_5_40b_claude_4_5_opus,autonomous_council_agent,Qwen 3.5 40B Claude 4.5 Opus Profile,2014.0,other,2.0,2.0,0.0,0.0,0.2,0.0,0.2,0.0,0.0,0.0,0.3,0.0,0.2,0.0,,,,,,,,,,,,,,,,,,,,,0.2,,,,,,,,,,,,,,0.2,,,,,,,,,,,,,,,,,,,,,,0.3,,,,,,,,,,,,,,0.2,
Attinger2017,gemma4_31b_it_multiturn_mean,autonomous_robustness_agent,Gemma 4 31B IT Multi-Turn Averaged Robustness Run (9 turns),2017.0,empirical,12.0,12.0,0.65,0.112,0.46,0.162,0.267,0.047,0.65,0.112,0.46,0.162,0.267,0.047,,,,,,0.6,,,0.7,,0.5,0.8,0.7,,,,0.3,0.4,,,0.3,,0.6,,0.3,,,,,0.2,,,,,0.3,,,,,,,0.6,,,0.7,,0.5,0.8,0.7,,,,0.3,0.4,,,0.3,,0.6,,0.3,,,,,0.2,,,,,0.3,
Bakhtiari2021,gemma4_31b_it_multiturn_mean,autonomous_robustness_agent,Gemma 4 31B IT Multi-Turn Averaged Robustness Run (9 turns),2021.0,computational,3.0,3.0,0.0,0.0,0.0,0.0,0.533,0.094,0.0,0.0,0.0,0.0,0.533,0.094,,,,,,,,,,,,,,,,,,,,,,,,,,,,,,0.6,,0.4,,0.6,,,,,,,,,,,,,,,,,,,,,,,,,,,,,,,,0.6,,0.4,,0.6,,
Bastos2012,gemma4_31b_it_multiturn_mean,autonomous_robustness_agent,Gemma 4 31B IT Multi-Turn Averaged Robustness Run (9 turns),2012.0,computational,22.0,20.0,0.5,0.216,0.714,0.112,0.656,0.107,0.625,0.109,0.714,0.112,0.656,0.107,,,0.6,0.4,0.1,0.8,,0.5,,0.6,,,0.8,,,0.7,,0.8,0.8,,0.6,,0.8,0.5,0.8,0.6,0.7,,0.5,0.7,0.8,0.7,,0.6,0.5,,,,0.6,,,0.8,,0.5,,0.6,,,0.8,,,0.7,,0.8,0.8,,0.6,,0.8,0.5,0.8,0.6,0.7,,0.5,0.7,0.8,0.7,,0.6,0.5,
Bastos2020,gemma4_31b_it_multiturn_mean,autonomous_robustness_agent,Gemma 4 31B IT Multi-Turn Averaged Robustness Run (9 turns),2020.0,empirical,18.0,16.0,0.475,0.517,0.814,0.064,0.643,0.176,0.85,0.05,0.814,0.064,0.643,0.176,,,,0.6,-0.4,0.8,,0.9,,,,,0.8,,,0.9,0.7,0.8,,0.9,0.8,,0.8,,0.6,0.4,0.8,,0.7,0.9,,,0.4,0.7,,,,,,,,0.8,,0.9,,,,,0.8,,,0.9,0.7,0.8,,0.9,0.8,,0.8,,0.6,0.4,0.8,,0.7,0.9,,,0.4,0.7,,
Bekinschtein2009,gemma4_31b_it_multiturn_mean,autonomous_robustness_agent,Gemma 4 31B IT Multi-Turn Averaged Robustness Run (9 turns),2009.0,empirical,7.0,9.0,0.0,0.0,0.467,0.094,0.5,0.224,0.4,0.0,0.6,0.0,0.34,0.585,,,,,,,,,,,,,0.6,,,,,,,,0.4,,0.4,,,,0.2,,0.6,0.4,,,,,,0.8,,,,,,,,,,0.4,,,0.6,,,,,,,,0.6,,0.6,,,,0.6,,0.7,0.8,,,,0.4,,-0.8
Chao2018,gemma4_31b_it_multiturn_mean,autonomous_robustness_agent,Gemma 4 31B IT Multi-Turn Averaged Robustness Run (9 turns),2018.0,empirical,15.0,14.0,0.6,0.082,0.8,0.115,0.617,0.134,0.65,0.05,0.817,0.107,0.633,0.149,,,,0.6,,0.7,,0.5,,,,,0.9,,,0.9,,,,0.7,0.8,0.6,0.9,,,0.6,0.7,,0.5,0.8,,0.4,,0.7,,,,,,,,0.6,,0.7,,,,,0.9,,,0.9,,,,0.8,0.8,0.6,0.9,,,0.6,0.8,,0.5,0.8,,0.4,,0.7,,
Friston2010,gemma4_31b_it_multiturn_mean,autonomous_robustness_agent,Gemma 4 31B IT Multi-Turn Averaged Robustness Run (9 turns),2010.0,computational,17.0,17.0,0.533,0.094,0.55,0.076,0.512,0.078,0.533,0.094,0.55,0.076,0.512,0.078,,,0.4,,,0.6,,,,0.6,,,0.6,,,,0.5,0.5,,0.5,0.5,,0.7,,0.6,0.5,0.5,,,0.5,0.4,0.6,,0.6,0.4,,,,0.4,,,0.6,,,,0.6,,,0.6,,,,0.5,0.5,,0.5,0.5,,0.7,,0.6,0.5,0.5,,,0.5,0.4,0.6,,0.6,0.4,
Furutachi2024,gemma4_31b_it_multiturn_mean,autonomous_robustness_agent,Gemma 4 31B IT Multi-Turn Averaged Robustness Run (9 turns),2024.0,empirical,17.0,15.0,0.557,0.424,0.76,0.102,0.42,0.098,0.7,0.19,0.76,0.102,0.42,0.098,,,,0.8,-0.4,0.7,0.9,,0.9,,0.4,0.6,0.8,,,,,0.7,,,0.6,,0.8,0.9,0.5,,0.3,,,0.3,,,0.5,,0.5,,,,,,,0.7,0.9,,0.9,,0.4,0.6,0.8,,,,,0.7,,,0.6,,0.8,0.9,0.5,,0.3,,,0.3,,,0.5,,0.5,
Garret2020,gemma4_31b_it_multiturn_mean,autonomous_robustness_agent,Gemma 4 31B IT Multi-Turn Averaged Robustness Run (9 turns),2020.0,empirical,5.0,4.0,0.76,0.102,0.0,0.0,0.0,0.0,0.8,0.071,0.0,0.0,0.0,0.0,,,,0.6,,0.8,0.7,,0.8,,,0.9,,,,,,,,,,,,,,,,,,,,,,,,,,,,,,0.8,0.7,,0.8,,,0.9,,,,,,,,,,,,,,,,,,,,,,,,
Greedy2022,gemma4_31b_it_multiturn_mean,autonomous_robustness_agent,Gemma 4 31B IT Multi-Turn Averaged Robustness Run (9 turns),2022.0,computational,0.0,7.0,0.0,0.0,0.0,0.0,0.0,0.0,0.0,0.0,0.667,0.189,0.55,0.112,,,,,,,,,,,,,,,,,,,,,,,,,,,,,,,,,,,,,,,,,,,,,,,,,0.8,,,,0.4,,,,,,0.8,,0.4,0.5,0.7,,,,,,,0.6,,
Hertag2020,gemma4_31b_it_multiturn_mean,autonomous_robustness_agent,Gemma 4 31B IT Multi-Turn Averaged Robustness Run (9 turns),2020.0,computational,14.0,14.0,0.8,0.122,0.56,0.102,0.46,0.136,0.8,0.122,0.56,0.102,0.46,0.136,,,0.6,,,0.9,,,0.8,,0.9,,0.7,,,,0.4,0.6,,,0.5,,0.6,,0.7,0.4,,,,0.3,,0.4,,,0.5,,,,0.6,,,0.9,,,0.8,,0.9,,0.7,,,,0.4,0.6,,,0.5,,0.6,,0.7,0.4,,,,0.3,,0.4,,,0.5,
Jiang&Rao2024,gemma4_31b_it_multiturn_mean,autonomous_robustness_agent,Gemma 4 31B IT Multi-Turn Averaged Robustness Run (9 turns),2024.0,computational,12.0,12.0,0.65,0.05,0.65,0.166,0.6,0.153,0.65,0.05,0.65,0.166,0.6,0.153,,,,,,0.6,,,,0.7,,,0.8,,,,0.4,,,,0.6,,0.8,,0.4,0.7,0.8,,,0.6,,0.4,,0.7,,,,,,,,0.6,,,,0.7,,,0.8,,,,0.4,,,,0.6,,0.8,,0.4,0.7,0.8,,,0.6,,0.4,,0.7,,
Keller2012,gemma4_31b_it_multiturn_mean,autonomous_robustness_agent,Gemma 4 31B IT Multi-Turn Averaged Robustness Run (9 turns),2012.0,empirical,8.0,8.0,0.0,0.0,0.46,0.102,0.333,0.094,0.0,0.0,0.46,0.102,0.333,0.094,,,,,,,,,,,,,0.6,,,,0.4,0.5,,,0.3,,0.5,,,,,,,0.2,0.4,,,,0.4,,,,,,,,,,,,,,0.6,,,,0.4,0.5,,,0.3,,0.5,,,,,,,0.2,0.4,,,,0.4,
Keller2018,gemma4_31b_it_multiturn_mean,autonomous_robustness_agent,Gemma 4 31B IT Multi-Turn Averaged Robustness Run (9 turns),2018.0,empirical,21.0,19.0,0.5,0.22,0.5,0.089,0.5,0.189,0.52,0.24,0.5,0.089,0.5,0.189,,,0.4,0.6,0.3,0.8,,,,0.4,0.2,0.8,0.6,,,,0.4,0.5,,,0.4,,0.6,,0.6,0.4,0.6,,,0.6,0.8,0.6,,0.4,0.4,0.1,,,0.4,,,0.8,,,,0.4,0.2,0.8,0.6,,,,0.4,0.5,,,0.4,,0.6,,0.6,0.4,0.6,,,0.6,0.8,0.6,,0.4,0.4,0.1
Kiebel2008,gemma4_31b_it_multiturn_mean,autonomous_robustness_agent,Gemma 4 31B IT Multi-Turn Averaged Robustness Run (9 turns),2008.0,computational,12.0,12.0,0.6,0.163,0.6,0.0,0.557,0.15,0.6,0.163,0.6,0.0,0.557,0.15,,,,,,0.6,,,,0.4,,0.8,0.6,,,,,,,,,,0.6,,0.4,0.6,0.6,,,0.8,0.4,0.4,,0.7,,,,,,,,0.6,,,,0.4,,0.8,0.6,,,,,,,,,,0.6,,0.4,0.6,0.6,,,0.8,0.4,0.4,,0.7,,
LaoRodriguez2023,gemma4_31b_it_multiturn_mean,autonomous_robustness_agent,Gemma 4 31B IT Multi-Turn Averaged Robustness Run (9 turns),2023.0,empirical,15.0,0.0,0.7,0.187,0.325,0.083,0.5,0.185,0.0,0.0,0.0,0.0,0.0,0.0,,,,0.6,0.7,0.5,,,,,,1.0,0.4,,,,,,,,,0.3,0.2,0.4,,0.3,0.6,,,0.4,,0.8,,0.4,0.3,0.7,,,,,,,,,,,,,,,,,,,,,,,,,,,,,,,,,,,,
LeeMejias2025,gemma4_31b_it_multiturn_mean,autonomous_robustness_agent,Gemma 4 31B IT Multi-Turn Averaged Robustness Run (9 turns),2025.0,computational,21.0,20.0,0.6,0.185,0.714,0.112,0.529,0.103,0.567,0.18,0.714,0.112,0.529,0.103,,,,0.8,,0.7,,0.4,0.8,0.3,0.5,0.7,0.8,,,0.6,0.5,0.8,0.8,,0.7,,0.8,,0.6,0.5,0.7,,0.4,0.4,,,,0.6,0.5,,,,,,,0.7,,0.4,0.8,0.3,0.5,0.7,0.8,,,0.6,0.5,0.8,0.8,,0.7,,0.8,,0.6,0.5,0.7,,0.4,0.4,,,,0.6,0.5,
Mikulasch2023,gemma4_31b_it_multiturn_mean,autonomous_robustness_agent,Gemma 4 31B IT Multi-Turn Averaged Robustness Run (9 turns),2023.0,computational,23.0,22.0,0.486,0.181,0.571,0.103,0.489,0.074,0.533,0.149,0.571,0.103,0.489,0.074,,,0.4,,0.2,0.6,,,0.4,0.4,0.8,0.6,0.6,,,0.6,0.4,0.7,0.5,,0.5,,0.7,,0.6,0.4,0.5,,0.5,0.5,0.6,0.4,,0.5,0.4,,,,0.4,,,0.6,,,0.4,0.4,0.8,0.6,0.6,,,0.6,0.4,0.7,0.5,,0.5,,0.7,,0.6,0.4,0.5,,0.5,0.5,0.6,0.4,,0.5,0.4,
Nejad2025,gemma4_31b_it_multiturn_mean,autonomous_robustness_agent,Gemma 4 31B IT Multi-Turn Averaged Robustness Run (9 turns),2025.0,empirical,15.0,15.0,0.0,0.0,0.522,0.442,0.433,0.111,0.0,0.0,0.522,0.442,0.433,0.111,,,,,,,,,,,,,0.8,,,,-0.7,0.7,0.7,0.6,0.6,0.5,0.8,0.7,0.6,,0.5,,,0.4,0.3,0.3,,0.5,,,,,,,,,,,,,,,0.8,,,,-0.7,0.7,0.7,0.6,0.6,0.5,0.8,0.7,0.6,,0.5,,,0.4,0.3,0.3,,0.5,,
Payeur2021,gemma4_31b_it_multiturn_mean,autonomous_robustness_agent,Gemma 4 31B IT Multi-Turn Averaged Robustness Run (9 turns),2021.0,computational,0.0,10.0,0.0,0.0,0.0,0.0,0.0,0.0,0.0,0.0,0.62,0.098,0.56,0.102,,,,,,,,,,,,,,,,,,,,,,,,,,,,,,,,,,,,,,,,,,,,,,,,,0.6,,0.6,,0.5,,,,0.6,,0.8,,0.7,0.6,0.5,,0.4,,,,,0.6,,
Rao&Ballard1999,gemma4_31b_it_multiturn_mean,autonomous_robustness_agent,Gemma 4 31B IT Multi-Turn Averaged Robustness Run (9 turns),1999.0,computational,15.0,15.0,0.8,0.0,0.75,0.126,0.525,0.13,0.8,0.0,0.75,0.126,0.525,0.13,,,,,,0.8,,,,,,,0.9,,,,0.7,0.8,,0.6,0.6,,0.9,,0.5,0.5,0.7,,,0.4,0.5,0.6,,0.7,,0.3,,,,,,0.8,,,,,,,0.9,,,,0.7,0.8,,0.6,0.6,,0.9,,0.5,0.5,0.7,,,0.4,0.5,0.6,,0.7,,0.3
Rao2024,gemma4_31b_it_multiturn_mean,autonomous_robustness_agent,Gemma 4 31B IT Multi-Turn Averaged Robustness Run (9 turns),2024.0,empirical,18.0,18.0,0.5,0.1,0.571,0.139,0.678,0.123,0.5,0.1,0.571,0.139,0.678,0.123,,,,,,0.4,,,,0.6,,,0.5,,,,0.3,0.7,0.6,,0.5,,0.7,0.7,0.8,0.7,0.8,,0.4,0.8,0.7,0.6,,0.7,0.6,,,,,,,0.4,,,,0.6,,,0.5,,,,0.3,0.7,0.6,,0.5,,0.7,0.7,0.8,0.7,0.8,,0.4,0.8,0.7,0.6,,0.7,0.6,
Sacramento2018,gemma4_31b_it_multiturn_mean,autonomous_robustness_agent,Gemma 4 31B IT Multi-Turn Averaged Robustness Run (9 turns),2018.0,computational,17.0,17.0,0.467,0.094,0.65,0.096,0.55,0.112,0.467,0.094,0.65,0.096,0.55,0.112,,,0.4,,,0.6,,,,,0.4,,0.7,,,,0.5,0.6,,0.6,0.7,,0.8,,0.7,0.6,0.7,,0.4,0.5,,0.4,,0.6,0.5,,,,0.4,,,0.6,,,,,0.4,,0.7,,,,0.5,0.6,,0.6,0.7,,0.8,,0.7,0.6,0.7,,0.4,0.5,,0.4,,0.6,0.5,
Spratling2008,gemma4_31b_it_multiturn_mean,autonomous_robustness_agent,Gemma 4 31B IT Multi-Turn Averaged Robustness Run (9 turns),2008.0,computational,11.0,11.0,0.75,0.05,0.675,0.13,0.54,0.08,0.75,0.05,0.675,0.13,0.54,0.08,,,,,,0.8,,,,0.7,,,0.8,,,,0.5,,,,0.6,,0.8,,0.4,0.5,0.6,,,0.6,,,,0.6,,,,,,,,0.8,,,,0.7,,,0.8,,,,0.5,,,,0.6,,0.8,,0.4,0.5,0.6,,,0.6,,,,0.6,,
Spratling2010,gemma4_31b_it_multiturn_mean,autonomous_robustness_agent,Gemma 4 31B IT Multi-Turn Averaged Robustness Run (9 turns),2010.0,computational,11.0,10.0,0.267,0.618,0.433,0.047,0.36,0.15,0.7,0.1,0.433,0.047,0.36,0.15,,,,,-0.6,0.8,0.6,,,,,,0.5,,,,0.4,,,,,,0.4,,0.4,,0.2,,,0.2,,0.6,,,0.4,,,,,,,0.8,0.6,,,,,,0.5,,,,0.4,,,,,,0.4,,0.4,,0.2,,,0.2,,0.6,,,0.4,
Srinivasan1982,gemma4_31b_it_multiturn_mean,autonomous_robustness_agent,Gemma 4 31B IT Multi-Turn Averaged Robustness Run (9 turns),1982.0,computational,6.0,6.0,0.7,0.1,0.6,0.0,0.5,0.1,0.7,0.1,0.6,0.0,0.5,0.1,,,,,,0.8,,,,0.6,,,0.6,,,,,,,,,,0.6,,,0.4,,,,,,0.6,,,,,,,,,,0.8,,,,0.6,,,0.6,,,,,,,,,,0.6,,,0.4,,,,,,0.6,,,,
VanDerveer2021,gemma4_31b_it_multiturn_mean,autonomous_robustness_agent,Gemma 4 31B IT Multi-Turn Averaged Robustness Run (9 turns),2021.0,empirical,14.0,14.0,0.467,0.094,0.55,0.166,0.5,0.12,0.467,0.094,0.55,0.166,0.5,0.12,,,,,,0.4,,0.6,0.4,,,,0.8,,,0.4,,,0.6,,,,0.4,,0.4,,0.4,,0.4,0.6,0.7,0.6,,0.4,,,,,,,,0.4,,0.6,0.4,,,,0.8,,,0.4,,,0.6,,,,0.4,,0.4,,0.4,,0.4,0.6,0.7,0.6,,0.4,,
Wacongne2011,gemma4_31b_it_multiturn_mean,autonomous_robustness_agent,Gemma 4 31B IT Multi-Turn Averaged Robustness Run (9 turns),2011.0,computational,11.0,9.0,0.0,0.758,0.567,0.094,0.575,0.109,0.75,0.15,0.567,0.094,0.625,0.083,,,,-0.7,-0.8,0.6,,,,,,0.9,0.7,,,,,,,,0.5,,0.5,,,0.4,0.6,,,0.6,,,,0.7,,,,,,,,0.6,,,,,,0.9,0.7,,,,,,,,0.5,,0.5,,,0.5,0.6,,,0.7,,,,0.7,,
Wacongne2012,gemma4_31b_it_multiturn_mean,autonomous_robustness_agent,Gemma 4 31B IT Multi-Turn Averaged Robustness Run (9 turns),2012.0,empirical,25.0,23.0,0.167,0.77,0.667,0.115,0.47,0.127,0.675,0.164,0.667,0.115,0.47,0.127,,,0.8,-0.9,-0.9,0.7,,,,,0.4,0.9,0.8,0.6,0.8,,0.5,0.7,0.7,,0.6,,0.8,0.5,0.6,0.4,0.5,,0.3,0.3,0.7,0.6,,0.4,0.4,0.5,,,0.8,,,0.7,,,,,0.4,0.8,0.8,0.6,0.8,,0.5,0.7,0.7,,0.6,,0.8,0.5,0.6,0.4,0.5,,0.3,0.3,0.7,0.6,,0.4,0.4,0.5
Westerberg&Xiong2025,gemma4_31b_it_multiturn_mean,autonomous_robustness_agent,Gemma 4 31B IT Multi-Turn Averaged Robustness Run (9 turns),2025.0,empirical,16.0,18.0,-0.267,0.694,0.8,0.093,0.8,0.082,-0.45,0.35,-0.863,0.086,-0.613,0.465,,,,-0.6,0.7,-0.9,,,,,,,0.8,,,,0.6,0.8,,0.9,0.8,0.9,0.8,,,0.7,0.9,,,0.9,,0.8,,0.7,0.8,,,,-0.8,,,-0.1,,,,,,,-0.9,,,,-0.9,-0.8,-0.7,-0.9,-0.8,-0.9,-1.0,,-0.7,-0.8,-0.9,-0.7,,-0.8,,0.6,,-0.7,-0.9,
Yamins2014,gemma4_31b_it_multiturn_mean,autonomous_robustness_agent,Gemma 4 31B IT Multi-Turn Averaged Robustness Run (9 turns),2014.0,computational,4.0,4.0,0.0,0.0,0.0,0.0,0.6,0.141,0.0,0.0,0.0,0.0,0.6,0.141,,,,,,,,,,,,,,,,,,,,,,,,,,,,,,0.6,,0.4,,0.8,0.6,,,,,,,,,,,,,,,,,,,,,,,,,,,,,,,0.6,,0.4,,0.8,0.6,
