evaluator_or_model,study,source_path,archive_path,status,sha256,score_table_identifier
unknown,Attinger2017_gemma-4-e4b-it-mxfp8_HPC_run1,content/outputs/Attinger2017_gemma-4-e4b-it-mxfp8_HPC_run1.json,data/reasoning_logs/Attinger2017_gemma-4-e4b-it-mxfp8_HPC_run1.json,complete,53d254539d1744e6abf168197b7f1d51f54e269994c60833a275c298ec3e0536,hpc_ag_table
unknown,Bakhtiari2021_gemma-4-e4b-it-mxfp8_HPC_run1,content/outputs/Bakhtiari2021_gemma-4-e4b-it-mxfp8_HPC_run1.json,data/reasoning_logs/Bakhtiari2021_gemma-4-e4b-it-mxfp8_HPC_run1.json,complete,869cb872d5ba93dbb2f1c498733ceca07bb0783bbfdbdf40731df9f0196107f1,hpc_ag_table
unknown,Bastos2012_gemma-4-e4b-it-mxfp8_HPC_run1,content/outputs/Bastos2012_gemma-4-e4b-it-mxfp8_HPC_run1.json,data/reasoning_logs/Bastos2012_gemma-4-e4b-it-mxfp8_HPC_run1.json,complete,65e7bd0a88285838f1bbc06abbf6f1545d81d05b142889676b4a794c847136f7,hpc_ag_table
unknown,Bastos2020_gemma-4-e4b-it-mxfp8_HPC_run1,content/outputs/Bastos2020_gemma-4-e4b-it-mxfp8_HPC_run1.json,data/reasoning_logs/Bastos2020_gemma-4-e4b-it-mxfp8_HPC_run1.json,complete,9b661107d5f0251278b2b79d01b9bee7ad467b5a3810969517f683321d597ae9,hpc_ag_table
unknown,Bekinschtein2009_gemma-4-e4b-it-mxfp8_HPC_run1,content/outputs/Bekinschtein2009_gemma-4-e4b-it-mxfp8_HPC_run1.json,data/reasoning_logs/Bekinschtein2009_gemma-4-e4b-it-mxfp8_HPC_run1.json,complete,fca09a899ee605910df2132d94e5a76982198527d17f7bebeeeb26ac0cf0aab8,hpc_ag_table
unknown,Chao2018_gemma-4-e4b-it-mxfp8_HPC_run1,content/outputs/Chao2018_gemma-4-e4b-it-mxfp8_HPC_run1.json,data/reasoning_logs/Chao2018_gemma-4-e4b-it-mxfp8_HPC_run1.json,complete,7b2961f69419156bf3e8bb7f5297578195d8bd8d15d970d983abe3babe409726,hpc_ag_table
unknown,Friston2010_gemma-4-e4b-it-mxfp8_HPC_run1,content/outputs/Friston2010_gemma-4-e4b-it-mxfp8_HPC_run1.json,data/reasoning_logs/Friston2010_gemma-4-e4b-it-mxfp8_HPC_run1.json,complete,faa7ed0d18e2f23623bbf39d4679f0f8858fb5a9c548009a0eb06dc2d14064cf,hpc_ag_table
unknown,Furutachi2024_gemma-4-e4b-it-mxfp8_HPC_run1,content/outputs/Furutachi2024_gemma-4-e4b-it-mxfp8_HPC_run1.json,data/reasoning_logs/Furutachi2024_gemma-4-e4b-it-mxfp8_HPC_run1.json,complete,38ae3e456b6852a92993f28e4504eb94b2de0918adebfd6a21083ed7d2ee2ced,hpc_ag_table
unknown,Garret2020_gemma-4-e4b-it-mxfp8_HPC_run1,content/outputs/Garret2020_gemma-4-e4b-it-mxfp8_HPC_run1.json,data/reasoning_logs/Garret2020_gemma-4-e4b-it-mxfp8_HPC_run1.json,complete,7c8cf1a25d45dabf9159941f44222eac290c55bda94c7bdb324754b27ad01c71,hpc_ag_table
unknown,Greedy2022_gemma-4-e4b-it-mxfp8_HPC_run1,content/outputs/Greedy2022_gemma-4-e4b-it-mxfp8_HPC_run1.json,data/reasoning_logs/Greedy2022_gemma-4-e4b-it-mxfp8_HPC_run1.json,complete,29871148693865c6ca23dde791f91cfa42c65ba83b84ecf35cc46bc63db917d8,hpc_ag_table
unknown,Hertag2020_gemma-4-e4b-it-mxfp8_HPC_run1,content/outputs/Hertag2020_gemma-4-e4b-it-mxfp8_HPC_run1.json,data/reasoning_logs/Hertag2020_gemma-4-e4b-it-mxfp8_HPC_run1.json,complete,cc70a18bec1d873568aab09ff5c3921df18b50c432086eeda254f3a8cb447859,hpc_ag_table
unknown,Jiang&Rao2024_gemma-4-e4b-it-mxfp8_HPC_run1,content/outputs/Jiang&Rao2024_gemma-4-e4b-it-mxfp8_HPC_run1.json,data/reasoning_logs/Jiang&Rao2024_gemma-4-e4b-it-mxfp8_HPC_run1.json,complete,ffd549dfd59b60ed298e43754ec6e7efb413a48ef649834b66db07803a9aa4b1,hpc_ag_table
unknown,Keller2012_gemma-4-e4b-it-mxfp8_HPC_run1,content/outputs/Keller2012_gemma-4-e4b-it-mxfp8_HPC_run1.json,data/reasoning_logs/Keller2012_gemma-4-e4b-it-mxfp8_HPC_run1.json,complete,47d3f410c55b4e54b94e4917f46dddcbf2a19df20c9e470e9dce061ffca405f5,hpc_ag_table
unknown,Keller2018_gemma-4-e4b-it-mxfp8_HPC_run1,content/outputs/Keller2018_gemma-4-e4b-it-mxfp8_HPC_run1.json,data/reasoning_logs/Keller2018_gemma-4-e4b-it-mxfp8_HPC_run1.json,complete,8f7646f3964734be48157e6cfec7f4ce71eee6f66444ce5908bf330df4544acc,hpc_ag_table
unknown,Kiebel2008_gemma-4-e4b-it-mxfp8_HPC_run1,content/outputs/Kiebel2008_gemma-4-e4b-it-mxfp8_HPC_run1.json,data/reasoning_logs/Kiebel2008_gemma-4-e4b-it-mxfp8_HPC_run1.json,complete,824a4beee55929dfd259d39d25726db4c9deeb440f819d34b0dbbbfc0276670c,hpc_ag_table
unknown,LaoRodriguez2023_gemma-4-e4b-it-mxfp8_HPC_run1,content/outputs/LaoRodriguez2023_gemma-4-e4b-it-mxfp8_HPC_run1.json,data/reasoning_logs/LaoRodriguez2023_gemma-4-e4b-it-mxfp8_HPC_run1.json,complete,50fc9205888b876f45a5bd1b910515f10d2b422dc38fe4cbe52803caf332a932,hpc_ag_table
unknown,LeeMejias2025_gemma-4-e4b-it-mxfp8_HPC_run1,content/outputs/LeeMejias2025_gemma-4-e4b-it-mxfp8_HPC_run1.json,data/reasoning_logs/LeeMejias2025_gemma-4-e4b-it-mxfp8_HPC_run1.json,complete,55bd63042d02c1c980ee1a8f09a996a198ae7c9a3809fca7b71a0cd9d7b26148,hpc_ag_table
unknown,Mikulasch2023_gemma-4-e4b-it-mxfp8_HPC_run1,content/outputs/Mikulasch2023_gemma-4-e4b-it-mxfp8_HPC_run1.json,data/reasoning_logs/Mikulasch2023_gemma-4-e4b-it-mxfp8_HPC_run1.json,complete,151fc0033db5d3258f2bf7b38c0fcb241fa13b76ef84c4b40707ac37b1d7201d,hpc_ag_table
unknown,Nejad2025_gemma-4-e4b-it-mxfp8_HPC_run1,content/outputs/Nejad2025_gemma-4-e4b-it-mxfp8_HPC_run1.json,data/reasoning_logs/Nejad2025_gemma-4-e4b-it-mxfp8_HPC_run1.json,complete,3c88b9d0217f15314bc88d19198a45c39c113a60a1c9da3a103b8fab2ab39b1f,hpc_ag_table
unknown,Payeur2021_gemma-4-e4b-it-mxfp8_HPC_run1,content/outputs/Payeur2021_gemma-4-e4b-it-mxfp8_HPC_run1.json,data/reasoning_logs/Payeur2021_gemma-4-e4b-it-mxfp8_HPC_run1.json,complete,6596c41b077d50435602e1cc3b45f69eb633da861613c390db8227e1ebde2643,hpc_ag_table
unknown,Rao&Ballard1999_gemma-4-e4b-it-mxfp8_HPC_run1,content/outputs/Rao&Ballard1999_gemma-4-e4b-it-mxfp8_HPC_run1.json,data/reasoning_logs/Rao&Ballard1999_gemma-4-e4b-it-mxfp8_HPC_run1.json,complete,5154107c7471459c54c6b9ee210ba36fe4f98c33f5821ce42ff15b2a608fb7d6,hpc_ag_table
unknown,Rao2024_gemma-4-e4b-it-mxfp8_HPC_run1,content/outputs/Rao2024_gemma-4-e4b-it-mxfp8_HPC_run1.json,data/reasoning_logs/Rao2024_gemma-4-e4b-it-mxfp8_HPC_run1.json,complete,5a12557d8202b1714527d3e603b5b75b9d42c49b3b03594748b489a857818715,hpc_ag_table
unknown,Sacramento2018_gemma-4-e4b-it-mxfp8_HPC_run1,content/outputs/Sacramento2018_gemma-4-e4b-it-mxfp8_HPC_run1.json,data/reasoning_logs/Sacramento2018_gemma-4-e4b-it-mxfp8_HPC_run1.json,complete,24bb8862285be5ad97dbfa69cb334ed307089cb2d53f5122293dcaeb2a320e3c,hpc_ag_table
unknown,Spratling2008_gemma-4-e4b-it-mxfp8_HPC_run1,content/outputs/Spratling2008_gemma-4-e4b-it-mxfp8_HPC_run1.json,data/reasoning_logs/Spratling2008_gemma-4-e4b-it-mxfp8_HPC_run1.json,complete,16e2907ff1c6bc87d364c063ab7fc0ae2e0120641800f2a372df4de13c89759b,hpc_ag_table
unknown,Spratling2010_gemma-4-e4b-it-mxfp8_HPC_run1,content/outputs/Spratling2010_gemma-4-e4b-it-mxfp8_HPC_run1.json,data/reasoning_logs/Spratling2010_gemma-4-e4b-it-mxfp8_HPC_run1.json,complete,629ded05b0014d708f03a18e1c3e04664eeab0f429db2562d8b5e586c3339653,hpc_ag_table
unknown,Srinivasan1982_gemma-4-e4b-it-mxfp8_HPC_run1,content/outputs/Srinivasan1982_gemma-4-e4b-it-mxfp8_HPC_run1.json,data/reasoning_logs/Srinivasan1982_gemma-4-e4b-it-mxfp8_HPC_run1.json,complete,26460852903b588ffe03a4ef235dcfe05bebd9a4666458c205e22e164f156c47,hpc_ag_table
unknown,VanDerveer2021_gemma-4-e4b-it-mxfp8_HPC_run1,content/outputs/VanDerveer2021_gemma-4-e4b-it-mxfp8_HPC_run1.json,data/reasoning_logs/VanDerveer2021_gemma-4-e4b-it-mxfp8_HPC_run1.json,complete,3ceffbf421b8665ba5d5c9cf3417c969101c2dea4541f3ee3b508190fd2767d8,hpc_ag_table
unknown,Wacongne2011_gemma-4-e4b-it-mxfp8_HPC_run1,content/outputs/Wacongne2011_gemma-4-e4b-it-mxfp8_HPC_run1.json,data/reasoning_logs/Wacongne2011_gemma-4-e4b-it-mxfp8_HPC_run1.json,complete,c1c886b6720e1dddfcbdae79dd4a1fc9c2a60ebbbcf23f71d74ef2f48898ce57,hpc_ag_table
unknown,Wacongne2012_gemma-4-e4b-it-mxfp8_HPC_run1,content/outputs/Wacongne2012_gemma-4-e4b-it-mxfp8_HPC_run1.json,data/reasoning_logs/Wacongne2012_gemma-4-e4b-it-mxfp8_HPC_run1.json,complete,152a1de672bbd33d148e8d48e5e50c91c6c34611055256d180c7287635ae1a46,hpc_ag_table
unknown,Westerberg&Xiong2025_gemma-4-e4b-it-mxfp8_HPC_run1,content/outputs/Westerberg&Xiong2025_gemma-4-e4b-it-mxfp8_HPC_run1.json,data/reasoning_logs/Westerberg&Xiong2025_gemma-4-e4b-it-mxfp8_HPC_run1.json,complete,9f4625a161bfb05201a2a63f8cc9ac43c1905b13faa9e05a239accc0c88893c0,hpc_ag_table
unknown,Yamins2014_gemma-4-e4b-it-mxfp8_HPC_run1,content/outputs/Yamins2014_gemma-4-e4b-it-mxfp8_HPC_run1.json,data/reasoning_logs/Yamins2014_gemma-4-e4b-it-mxfp8_HPC_run1.json,complete,1d6c13f33d80b9cc27585e8f649b9796af43d9ad84fe180cb6e770af58a645a2,hpc_ag_table
evidence_prior_202608,EP-01,content/raw_responses/evidence_prior_202608/EP-01.json,data/reasoning_logs/evidence_prior_202608/EP-01.json,complete,1491dedb4d36ce57894c6837b57a3430bdf8a77c18f2f5a38ed1b96606fb7a1d,hpc_ag_table
evidence_prior_202608,EP-02,content/raw_responses/evidence_prior_202608/EP-02.json,data/reasoning_logs/evidence_prior_202608/EP-02.json,complete,6c6716a861d996e01b557404f89a36a9cb155ee2313f0f60251a37cd3ae0c851,hpc_ag_table
evidence_prior_202608,EP-03,content/raw_responses/evidence_prior_202608/EP-03.json,data/reasoning_logs/evidence_prior_202608/EP-03.json,complete,46378fffe2bb8bc9ab1e64efb07c1d0dce7f4c40912d0888efeead93597ad089,hpc_ag_table
evidence_prior_202608,EP-04,content/raw_responses/evidence_prior_202608/EP-04.json,data/reasoning_logs/evidence_prior_202608/EP-04.json,complete,72ecea9d5ed512a36aef0f00fd705325687e6f1eba797d246d604310fcd72ee1,hpc_ag_table
evidence_prior_202608,EP-05,content/raw_responses/evidence_prior_202608/EP-05.json,data/reasoning_logs/evidence_prior_202608/EP-05.json,complete,1ab784f14c5abee721a4a952f9adc115e44be89182a69ff5f4386780e0f98968,hpc_ag_table
evidence_prior_202608,EP-06,content/raw_responses/evidence_prior_202608/EP-06.json,data/reasoning_logs/evidence_prior_202608/EP-06.json,complete,90093af3d4412f94deba6c65c7f06e428c9ee51339bd1f188f816cafee3c08f4,hpc_ag_table
evidence_prior_202608,EP-07,content/raw_responses/evidence_prior_202608/EP-07.json,data/reasoning_logs/evidence_prior_202608/EP-07.json,complete,207da453b893a5706f3bf8f9237df04abdb0b1719c311b0845f3ee0897edd94d,hpc_ag_table
evidence_prior_202608,EP-08,content/raw_responses/evidence_prior_202608/EP-08.json,data/reasoning_logs/evidence_prior_202608/EP-08.json,complete,4dad41e7e3657d6914c542efdb422a14313b96ed10c42997121cc0a877432369,hpc_ag_table
evidence_prior_202608,EP-09,content/raw_responses/evidence_prior_202608/EP-09.json,data/reasoning_logs/evidence_prior_202608/EP-09.json,complete,892f6ab7b3f0f404086b96a9ef0e084b7bc867326976df27785d34dd7e760af9,hpc_ag_table
evidence_prior_202608,EP-10,content/raw_responses/evidence_prior_202608/EP-10.json,data/reasoning_logs/evidence_prior_202608/EP-10.json,complete,ad6e7aba63fd5a282e377e25e46dc2cf19d000d560137441ca9e21fed155e159,hpc_ag_table
evidence_prior_202608,EP-11,content/raw_responses/evidence_prior_202608/EP-11.json,data/reasoning_logs/evidence_prior_202608/EP-11.json,complete,bc63b508e0f325ff9c6e1836db403970944ee91c7607ecdf7738f4de260ee45a,hpc_ag_table
evidence_prior_202608,EP-12,content/raw_responses/evidence_prior_202608/EP-12.json,data/reasoning_logs/evidence_prior_202608/EP-12.json,complete,f0058328fbffe9ec27386652cc35ede863be83aad72d5ebc81aa99f3ce4f609f,hpc_ag_table
evidence_prior_202608,EP-13,content/raw_responses/evidence_prior_202608/EP-13.json,data/reasoning_logs/evidence_prior_202608/EP-13.json,complete,1aef4882c4deab9cf8fd3d265fd3434ac59801686ca48ba0a9de873920d90fd1,hpc_ag_table
evidence_prior_202608,EP-14,content/raw_responses/evidence_prior_202608/EP-14.json,data/reasoning_logs/evidence_prior_202608/EP-14.json,complete,fd061aae54f1e65193e00400218682631a5748ed2cb2e4984eeff55e82270902,hpc_ag_table
evidence_prior_202608,EP-15,content/raw_responses/evidence_prior_202608/EP-15.json,data/reasoning_logs/evidence_prior_202608/EP-15.json,complete,20be3f3fb1d01dee798ff6b1220f66adf5ba3650b101cfa1f0288b527df506e5,hpc_ag_table
evidence_prior_202608,EP-16,content/raw_responses/evidence_prior_202608/EP-16.json,data/reasoning_logs/evidence_prior_202608/EP-16.json,complete,9a5c2619db587e7ef4a879eb49cb05d7ca48a1164d67dcff6fab25d548311aaf,hpc_ag_table
evidence_prior_202608,EP-17,content/raw_responses/evidence_prior_202608/EP-17.json,data/reasoning_logs/evidence_prior_202608/EP-17.json,complete,3e59eed101406e5301e504374040e7156191ac97ffe7c4b6fce99024c859477e,hpc_ag_table
evidence_prior_202608,EP-18,content/raw_responses/evidence_prior_202608/EP-18.json,data/reasoning_logs/evidence_prior_202608/EP-18.json,complete,8e8d9cf345c474699003aae69a808ea4e85ba4952f6be76e65823ae8f0ad5834,hpc_ag_table
evidence_prior_202608,EP-19,content/raw_responses/evidence_prior_202608/EP-19.json,data/reasoning_logs/evidence_prior_202608/EP-19.json,complete,b63b9ef9c626fea1b88a7afc217eb05d165b451a7137b1460c6ef5c9621eaf3a,hpc_ag_table
evidence_prior_202608,EP-20,content/raw_responses/evidence_prior_202608/EP-20.json,data/reasoning_logs/evidence_prior_202608/EP-20.json,complete,5ba8e78014a3b991e68ce399531b32256b6182bdac1544f2b3bad1959be2a58f,hpc_ag_table
evidence_prior_202608,EP-21,content/raw_responses/evidence_prior_202608/EP-21.json,data/reasoning_logs/evidence_prior_202608/EP-21.json,complete,07401e9657a5bdb4000243aa58d54239b920cb9cdc2f85bdb3955844107b74d6,hpc_ag_table
evidence_prior_202608,EP-22,content/raw_responses/evidence_prior_202608/EP-22.json,data/reasoning_logs/evidence_prior_202608/EP-22.json,complete,04107c86787f0e0dae9dc881ce5c7babf703589ed47f71c3b95668c2d76459e5,hpc_ag_table
evidence_prior_202608,EP-23,content/raw_responses/evidence_prior_202608/EP-23.json,data/reasoning_logs/evidence_prior_202608/EP-23.json,complete,b4d8c0602b46fa7098df8e8af51be00716781ad5217aadb7f3c8282cad66cca1,hpc_ag_table
evidence_prior_202608,EP-24,content/raw_responses/evidence_prior_202608/EP-24.json,data/reasoning_logs/evidence_prior_202608/EP-24.json,complete,e1faca763bcf570e1878ac1271033f5c390972ae402e31816d3a577921f4bf46,hpc_ag_table
evidence_prior_202608,EP-25,content/raw_responses/evidence_prior_202608/EP-25.json,data/reasoning_logs/evidence_prior_202608/EP-25.json,complete,a55db09dad1fe032f1e226b80145c3d264bf080621b4263cebf36053ded59bb7,hpc_ag_table
evidence_prior_202608,EP-26,content/raw_responses/evidence_prior_202608/EP-26.json,data/reasoning_logs/evidence_prior_202608/EP-26.json,complete,a69a9a15746f195bbe9d064ecffa858db0613b6b36aaae1d9160cdc56637cee4,hpc_ag_table
evidence_prior_202608,EP-27,content/raw_responses/evidence_prior_202608/EP-27.json,data/reasoning_logs/evidence_prior_202608/EP-27.json,complete,f87c5168f54b75fc644ddaacc3c8ad964524bf0f94a780a230f73b96c65356fd,hpc_ag_table
evidence_prior_202608,EP-28,content/raw_responses/evidence_prior_202608/EP-28.json,data/reasoning_logs/evidence_prior_202608/EP-28.json,complete,8f1226e408f65bb7db6144ca73ca3a04a0b802633774637fd027eabcaac8c567,hpc_ag_table
evidence_prior_202608,EP-29,content/raw_responses/evidence_prior_202608/EP-29.json,data/reasoning_logs/evidence_prior_202608/EP-29.json,complete,06a5165f48c22d040b74fb3a77ccdf420ac724d9f27ecd5a67c0b282d54776c5,hpc_ag_table
evidence_prior_202608,EP-30,content/raw_responses/evidence_prior_202608/EP-30.json,data/reasoning_logs/evidence_prior_202608/EP-30.json,complete,00ff6bd3742f703e4954a8d6269d31ea3e9e898afdaf7f1cc281af5e158505bf,hpc_ag_table
evidence_prior_202608,EP-31,content/raw_responses/evidence_prior_202608/EP-31.json,data/reasoning_logs/evidence_prior_202608/EP-31.json,complete,21a8069ee92b28cfe530abf7a3e6ed8d843b7c6ce168d8536b2cb0d0805567c0,hpc_ag_table
evidence_prior_202608,EP-32,content/raw_responses/evidence_prior_202608/EP-32.json,data/reasoning_logs/evidence_prior_202608/EP-32.json,complete,72908dc0bec0ca46c9037249010d3fb674aab953c1156cc3448c7bdc900c759f,hpc_ag_table
evidence_prior_202608,EP-33,content/raw_responses/evidence_prior_202608/EP-33.json,data/reasoning_logs/evidence_prior_202608/EP-33.json,complete,aa83c34efd095e23bb45a3268a8025da4e5366ad43d67ec032bdad63b987609d,hpc_ag_table
evidence_prior_202608,EP-34,content/raw_responses/evidence_prior_202608/EP-34.json,data/reasoning_logs/evidence_prior_202608/EP-34.json,complete,82b2252a2bf3b5f4fbe9d0c26adcfb7047fb0b3d2b70ad24aea8cee8da8f2ae1,hpc_ag_table
evidence_prior_202608,EP-35,content/raw_responses/evidence_prior_202608/EP-35.json,data/reasoning_logs/evidence_prior_202608/EP-35.json,complete,ae7be0cc7ffdd80002331d5d789bf54081e609a5eb5587eafa74d43f146937e4,hpc_ag_table
evidence_prior_202608,EP-36,content/raw_responses/evidence_prior_202608/EP-36.json,data/reasoning_logs/evidence_prior_202608/EP-36.json,complete,9258f7efc146a8280ee78af99035e1ccd755a6060c52df620385dbdc9d6c9c3c,hpc_ag_table
evidence_prior_202608,EP-37,content/raw_responses/evidence_prior_202608/EP-37.json,data/reasoning_logs/evidence_prior_202608/EP-37.json,complete,95cbb410b40e8d93423d71164f7c67f40c57ed3358fa6e784651830d07a88aba,hpc_ag_table
evidence_prior_202608,EP-38,content/raw_responses/evidence_prior_202608/EP-38.json,data/reasoning_logs/evidence_prior_202608/EP-38.json,complete,5be67aac2d44d806482c28eacc25430f3b4b5a8583e5fbe55e1f20fa34fc727b,hpc_ag_table
evidence_prior_202608,EP-39,content/raw_responses/evidence_prior_202608/EP-39.json,data/reasoning_logs/evidence_prior_202608/EP-39.json,complete,eefe2d2a9e612e0b19fd296d2a086243254dcb0e25c174781d15673302f0738c,hpc_ag_table
evidence_prior_202608,EP-40,content/raw_responses/evidence_prior_202608/EP-40.json,data/reasoning_logs/evidence_prior_202608/EP-40.json,complete,7d90d5f97b8a4084633836102f1f125bb7ad27a4b284ec2eabcfcc6f6dab0ae6,hpc_ag_table
evidence_prior_202608,EP-41,content/raw_responses/evidence_prior_202608/EP-41.json,data/reasoning_logs/evidence_prior_202608/EP-41.json,complete,5c21ac22d026fedbd3929a6d5b2b9b1ce5c5e95277f0d5d3877aeaac83facd7c,hpc_ag_table
evidence_prior_202608,EP-42,content/raw_responses/evidence_prior_202608/EP-42.json,data/reasoning_logs/evidence_prior_202608/EP-42.json,complete,1f43ce68660d159d7d8b5939bc6f02e055a587a6d41c53c3981482f38fcffaa4,hpc_ag_table
evidence_prior_202608,EP-43,content/raw_responses/evidence_prior_202608/EP-43.json,data/reasoning_logs/evidence_prior_202608/EP-43.json,complete,5e483b3861a7940e6f22e8c642b6bf25faec3076fccc644186d1d91c06323ffc,hpc_ag_table
evidence_prior_202608,EP-44,content/raw_responses/evidence_prior_202608/EP-44.json,data/reasoning_logs/evidence_prior_202608/EP-44.json,complete,7f4b9021f5a211d2e51ba42b7ffada1b327ba24039ac1c9b5af0dfa920e5b827,hpc_ag_table
evidence_prior_202608,EP-45,content/raw_responses/evidence_prior_202608/EP-45.json,data/reasoning_logs/evidence_prior_202608/EP-45.json,complete,f00774306b19f588d1bb09daf8f22d48685da3874bacdaf2ee7a624b75423290,hpc_ag_table
evidence_prior_202608,EP-46,content/raw_responses/evidence_prior_202608/EP-46.json,data/reasoning_logs/evidence_prior_202608/EP-46.json,complete,d140df3751e5566655a7fa8a706d8368758f5ead0babe99543bc47874d81d966,hpc_ag_table
evidence_prior_202608,EP-47,content/raw_responses/evidence_prior_202608/EP-47.json,data/reasoning_logs/evidence_prior_202608/EP-47.json,complete,db713eca1be35e18c4cf551753eff2727a1163ab92ac921ec4d638df145ff72d,hpc_ag_table
evidence_prior_202608,EP-48,content/raw_responses/evidence_prior_202608/EP-48.json,data/reasoning_logs/evidence_prior_202608/EP-48.json,complete,d3bedd9b0f70320bf8df3a87b710c33c38e6c44998ecd7370c239e96009c7491,hpc_ag_table
evidence_prior_202608,EP-49,content/raw_responses/evidence_prior_202608/EP-49.json,data/reasoning_logs/evidence_prior_202608/EP-49.json,complete,65727f475e9021197f9ebf0ae959f9460df512533c77b80d37195a449e7c2d38,hpc_ag_table
evidence_prior_202608,EP-50,content/raw_responses/evidence_prior_202608/EP-50.json,data/reasoning_logs/evidence_prior_202608/EP-50.json,complete,7fac32d6c540c67af4f72332d143a3ad0645f23e6aa043fbcd162194d23cda9d,hpc_ag_table
evidence_prior_202608,EP-51,content/raw_responses/evidence_prior_202608/EP-51.json,data/reasoning_logs/evidence_prior_202608/EP-51.json,complete,3dac6e1a064be9a06a4cc617e34f936e8ec01cf67ab32e3a251a65c14bac83d6,hpc_ag_table
evidence_prior_202608,EP-52,content/raw_responses/evidence_prior_202608/EP-52.json,data/reasoning_logs/evidence_prior_202608/EP-52.json,complete,b793b28bcc77f036a99ae370084af46922d77680f304ab387f9ea944231403e8,hpc_ag_table
evidence_prior_202608,EP-53,content/raw_responses/evidence_prior_202608/EP-53.json,data/reasoning_logs/evidence_prior_202608/EP-53.json,complete,e1d5c20a2754b8a004f51a55597de5496fbd446f638ed0748d5748ccd13e52ba,hpc_ag_table
evidence_prior_202608,EP-54,content/raw_responses/evidence_prior_202608/EP-54.json,data/reasoning_logs/evidence_prior_202608/EP-54.json,complete,4805452dc6d3efce6e9c1d9e12b33b60a822c2ace5bef99c30a7b028f4e82f1d,hpc_ag_table
figure_text_ablation_202608,NOFIG,content/raw_responses/figure_text_ablation_202608/NOFIG__Attinger2017__gemma-4-31b-it__T000__R01.json,data/reasoning_logs/figure_text_ablation_202608/NOFIG__Attinger2017__gemma-4-31b-it__T000__R01.json,complete,359f7224b74d1f0948545ffe38da98a0dc7731ec3d935bcd60e08f9e9f2be7da,hpc_ag_table
figure_text_ablation_202608,NOFIG,content/raw_responses/figure_text_ablation_202608/NOFIG__Bakhtiari2021__gemma-4-31b-it__T000__R01.json,data/reasoning_logs/figure_text_ablation_202608/NOFIG__Bakhtiari2021__gemma-4-31b-it__T000__R01.json,complete,7aa34cc199770ac9837519dc78bea521d06fccbdee91b1e65f96f51d95135ccf,hpc_ag_table
figure_text_ablation_202608,NOFIG,content/raw_responses/figure_text_ablation_202608/NOFIG__Bastos2012__gemma-4-31b-it__T000__R01.json,data/reasoning_logs/figure_text_ablation_202608/NOFIG__Bastos2012__gemma-4-31b-it__T000__R01.json,complete,ccf5d862fa8c68994f0642d1faa277f44f4255e0326214f98be240b9bb0ed6f5,hpc_ag_table
figure_text_ablation_202608,NOFIG,content/raw_responses/figure_text_ablation_202608/NOFIG__Bastos2020__gemma-4-31b-it__T000__R01.json,data/reasoning_logs/figure_text_ablation_202608/NOFIG__Bastos2020__gemma-4-31b-it__T000__R01.json,complete,ac49e9562ffb750a34fc8d9c01fbd1bbb9c1dca5754c36f30dbcaf850f58956e,hpc_ag_table
figure_text_ablation_202608,NOFIG,content/raw_responses/figure_text_ablation_202608/NOFIG__Bekinschtein2009__gemma-4-31b-it__T000__R01.json,data/reasoning_logs/figure_text_ablation_202608/NOFIG__Bekinschtein2009__gemma-4-31b-it__T000__R01.json,complete,9e50557e01d0bf103b8590302348d3f04692de6be03bc12df55485278e2174cc,hpc_ag_table
figure_text_ablation_202608,NOFIG,content/raw_responses/figure_text_ablation_202608/NOFIG__Chao2018__gemma-4-31b-it__T000__R01.json,data/reasoning_logs/figure_text_ablation_202608/NOFIG__Chao2018__gemma-4-31b-it__T000__R01.json,complete,065c5fa4c6e903cc2a482e54a11aa55febc145707ac104bd66397a16bc913874,hpc_ag_table
figure_text_ablation_202608,NOFIG,content/raw_responses/figure_text_ablation_202608/NOFIG__Friston2010__gemma-4-31b-it__T000__R01.json,data/reasoning_logs/figure_text_ablation_202608/NOFIG__Friston2010__gemma-4-31b-it__T000__R01.json,complete,b8b829b09ea66babf4fff65f8ddeeae18df0c4bd17806b1345291ee28a66d95b,hpc_ag_table
figure_text_ablation_202608,NOFIG,content/raw_responses/figure_text_ablation_202608/NOFIG__Furutachi2024__gemma-4-31b-it__T000__R01.json,data/reasoning_logs/figure_text_ablation_202608/NOFIG__Furutachi2024__gemma-4-31b-it__T000__R01.json,complete,9930c6067a2fda9b3732c1a035e1414aad4fbe9b77a90714296956c1156318ca,hpc_ag_table
figure_text_ablation_202608,NOFIG,content/raw_responses/figure_text_ablation_202608/NOFIG__Garret2020__gemma-4-31b-it__T000__R01.json,data/reasoning_logs/figure_text_ablation_202608/NOFIG__Garret2020__gemma-4-31b-it__T000__R01.json,complete,bae771d0224d6e3439e7baba1b7f9ec4add1efb01fd7053fc92f077c7c3101c5,hpc_ag_table
figure_text_ablation_202608,NOFIG,content/raw_responses/figure_text_ablation_202608/NOFIG__Greedy2022__gemma-4-31b-it__T000__R01.json,data/reasoning_logs/figure_text_ablation_202608/NOFIG__Greedy2022__gemma-4-31b-it__T000__R01.json,complete,1088ae66b5f286abe71666963411902806bc9ddfc446c0d692509ad05039de68,hpc_ag_table
figure_text_ablation_202608,NOFIG,content/raw_responses/figure_text_ablation_202608/NOFIG__Hertag2020__gemma-4-31b-it__T000__R01.json,data/reasoning_logs/figure_text_ablation_202608/NOFIG__Hertag2020__gemma-4-31b-it__T000__R01.json,complete,8f968f2548ba35d9bcdc938a4a956da42b036b166b3637962e15da16fb61640e,hpc_ag_table
figure_text_ablation_202608,NOFIG,content/raw_responses/figure_text_ablation_202608/NOFIG__Jiang&Rao2024__gemma-4-31b-it__T000__R01.json,data/reasoning_logs/figure_text_ablation_202608/NOFIG__Jiang&Rao2024__gemma-4-31b-it__T000__R01.json,complete,30eb7a0cf4110e0b426a27237eeae29d6c6325b46353cfd4cbbddc1e6874fc92,hpc_ag_table
figure_text_ablation_202608,NOFIG,content/raw_responses/figure_text_ablation_202608/NOFIG__Keller2012__gemma-4-31b-it__T000__R01.json,data/reasoning_logs/figure_text_ablation_202608/NOFIG__Keller2012__gemma-4-31b-it__T000__R01.json,complete,372df95ec8028d25b10d3e63f95633554a92b17235fbfe7926e3a3f09ba6e0d0,hpc_ag_table
figure_text_ablation_202608,NOFIG,content/raw_responses/figure_text_ablation_202608/NOFIG__Keller2018__gemma-4-31b-it__T000__R01.json,data/reasoning_logs/figure_text_ablation_202608/NOFIG__Keller2018__gemma-4-31b-it__T000__R01.json,complete,cc45f35a4fe97ea4e3ea8116f718fca35c71c5fab39a9355c15ead5bc8334207,hpc_ag_table
figure_text_ablation_202608,NOFIG,content/raw_responses/figure_text_ablation_202608/NOFIG__Kiebel2008__gemma-4-31b-it__T000__R01.json,data/reasoning_logs/figure_text_ablation_202608/NOFIG__Kiebel2008__gemma-4-31b-it__T000__R01.json,complete,c6c3eb2973c37eca8797bdd955970c24644e8b98b67a009291369ae23efb3116,hpc_ag_table
figure_text_ablation_202608,NOFIG,content/raw_responses/figure_text_ablation_202608/NOFIG__LaoRodriguez2023__gemma-4-31b-it__T000__R01.json,data/reasoning_logs/figure_text_ablation_202608/NOFIG__LaoRodriguez2023__gemma-4-31b-it__T000__R01.json,complete,59cabd6e9c60f21e9326463bccbbda84ecc388e971c964d8b7124c47926244a0,hpc_ag_table
figure_text_ablation_202608,NOFIG,content/raw_responses/figure_text_ablation_202608/NOFIG__LeeMejias2025__gemma-4-31b-it__T000__R01.json,data/reasoning_logs/figure_text_ablation_202608/NOFIG__LeeMejias2025__gemma-4-31b-it__T000__R01.json,complete,0ae53bbef360298efb431ba715e01f1f53ec79605c0c7857f3bde11d3c1d824f,hpc_ag_table
figure_text_ablation_202608,NOFIG,content/raw_responses/figure_text_ablation_202608/NOFIG__Mikulasch2023__gemma-4-31b-it__T000__R01.json,data/reasoning_logs/figure_text_ablation_202608/NOFIG__Mikulasch2023__gemma-4-31b-it__T000__R01.json,complete,e7b6d71f3fc9e3aa00e4875ed0cbcb52cb733718da5ca0a50aaa38c2f8e3dfcd,hpc_ag_table
figure_text_ablation_202608,NOFIG,content/raw_responses/figure_text_ablation_202608/NOFIG__Nejad2025__gemma-4-31b-it__T000__R01.json,data/reasoning_logs/figure_text_ablation_202608/NOFIG__Nejad2025__gemma-4-31b-it__T000__R01.json,complete,10205b986f4b34ca994664cf249729cd75d74062b82953b94cad92c401764442,hpc_ag_table
figure_text_ablation_202608,NOFIG,content/raw_responses/figure_text_ablation_202608/NOFIG__Payeur2021__gemma-4-31b-it__T000__R01.json,data/reasoning_logs/figure_text_ablation_202608/NOFIG__Payeur2021__gemma-4-31b-it__T000__R01.json,complete,43f985d0469908243cab308045a57731c3df2338b1dba8300d6de786ee4e25c9,hpc_ag_table
figure_text_ablation_202608,NOFIG,content/raw_responses/figure_text_ablation_202608/NOFIG__Rao&Ballard1999__gemma-4-31b-it__T000__R01.json,data/reasoning_logs/figure_text_ablation_202608/NOFIG__Rao&Ballard1999__gemma-4-31b-it__T000__R01.json,complete,f425e5209ba2081feaf72eda5dd61dae7f3f4d8aa6b1b7f2e10975e62290ddc7,hpc_ag_table
figure_text_ablation_202608,NOFIG,content/raw_responses/figure_text_ablation_202608/NOFIG__Rao2024__gemma-4-31b-it__T000__R01.json,data/reasoning_logs/figure_text_ablation_202608/NOFIG__Rao2024__gemma-4-31b-it__T000__R01.json,complete,afb21ed746c5c1ff72ace476233ed6c38ade60dde494edf063e83bbdcecbfe18,hpc_ag_table
figure_text_ablation_202608,NOFIG,content/raw_responses/figure_text_ablation_202608/NOFIG__Sacramento2018__gemma-4-31b-it__T000__R01.json,data/reasoning_logs/figure_text_ablation_202608/NOFIG__Sacramento2018__gemma-4-31b-it__T000__R01.json,complete,b4d7fdfe502449841af52000f4f4107f730014bc19927108657d81bdd963097f,hpc_ag_table
figure_text_ablation_202608,NOFIG,content/raw_responses/figure_text_ablation_202608/NOFIG__Spratling2008__gemma-4-31b-it__T000__R01.json,data/reasoning_logs/figure_text_ablation_202608/NOFIG__Spratling2008__gemma-4-31b-it__T000__R01.json,complete,1f17711648928364e775914e272d237a597f31c375a7e8ffa838e98574d2aa76,hpc_ag_table
figure_text_ablation_202608,NOFIG,content/raw_responses/figure_text_ablation_202608/NOFIG__Spratling2010__gemma-4-31b-it__T000__R01.json,data/reasoning_logs/figure_text_ablation_202608/NOFIG__Spratling2010__gemma-4-31b-it__T000__R01.json,complete,03b807920540f0dd0ced00d3c85347ebdcf223aa83fa201dafbd6439e1bd5640,hpc_ag_table
figure_text_ablation_202608,NOFIG,content/raw_responses/figure_text_ablation_202608/NOFIG__Srinivasan1982__gemma-4-31b-it__T000__R01.json,data/reasoning_logs/figure_text_ablation_202608/NOFIG__Srinivasan1982__gemma-4-31b-it__T000__R01.json,complete,dab0f6a5cd5f0ea6ca8ed23d9f04d25b3de37c6463d89c2b70a1cc3fbbfbf4c0,hpc_ag_table
figure_text_ablation_202608,NOFIG,content/raw_responses/figure_text_ablation_202608/NOFIG__VanDerveer2021__gemma-4-31b-it__T000__R01.json,data/reasoning_logs/figure_text_ablation_202608/NOFIG__VanDerveer2021__gemma-4-31b-it__T000__R01.json,complete,9dc0bbd75d57720d8fb72f2394f2ede545e032918ec0bfda00c4e482638c669b,hpc_ag_table
figure_text_ablation_202608,NOFIG,content/raw_responses/figure_text_ablation_202608/NOFIG__Wacongne2011__gemma-4-31b-it__T000__R01.json,data/reasoning_logs/figure_text_ablation_202608/NOFIG__Wacongne2011__gemma-4-31b-it__T000__R01.json,complete,9ee65fd50f30ae923e8f923770ce2da63d1435c3e23fd767f354cb603bf89d87,hpc_ag_table
figure_text_ablation_202608,NOFIG,content/raw_responses/figure_text_ablation_202608/NOFIG__Wacongne2012__gemma-4-31b-it__T000__R01.json,data/reasoning_logs/figure_text_ablation_202608/NOFIG__Wacongne2012__gemma-4-31b-it__T000__R01.json,complete,db41ee20727ad16e96438882cb9ec939e7bbc3f7625aa5b4aff6dfdaf2dd7eb9,hpc_ag_table
figure_text_ablation_202608,NOFIG,content/raw_responses/figure_text_ablation_202608/NOFIG__Westerberg&Xiong2025__gemma-4-31b-it__T000__R01.json,data/reasoning_logs/figure_text_ablation_202608/NOFIG__Westerberg&Xiong2025__gemma-4-31b-it__T000__R01.json,complete,a435f18fbaeb3840d80fe18a25d25c0117fc7606e0e5cd4bd842263d89c874ea,hpc_ag_table
figure_text_ablation_202608,NOFIG,content/raw_responses/figure_text_ablation_202608/NOFIG__Yamins2014__gemma-4-31b-it__T000__R01.json,data/reasoning_logs/figure_text_ablation_202608/NOFIG__Yamins2014__gemma-4-31b-it__T000__R01.json,complete,1a023955a4d83bea760566ed8e0b349bc8da0081332294bc37ffe8abd8df8c7a,hpc_ag_table
backups,Attinger2017,content/reviewer_robustness_2026/backups/raw_snapshot_20260816/Attinger2017__gemma-4-31b-it__T000__R01.json,data/reasoning_logs/backups/raw_snapshot_20260816/Attinger2017__gemma-4-31b-it__T000__R01.json,complete,80596d77270a2e4cb7af148f83ca8de0690310dae923dc73f63d488991ffe728,hpc_ag_table
backups,Attinger2017,content/reviewer_robustness_2026/backups/raw_snapshot_20260816/Attinger2017__gemma-4-31b-it__T000__R02.json,data/reasoning_logs/backups/raw_snapshot_20260816/Attinger2017__gemma-4-31b-it__T000__R02.json,complete,19fa66998f8962e31c5f01af6e7b7de929a92755642bf2a18b40cf4cb4032782,hpc_ag_table
backups,Attinger2017,content/reviewer_robustness_2026/backups/raw_snapshot_20260816/Attinger2017__gemma-4-31b-it__T000__R03.json,data/reasoning_logs/backups/raw_snapshot_20260816/Attinger2017__gemma-4-31b-it__T000__R03.json,complete,69c4ad59ae65b45a8927b5a0a825f6ed0ffb629a1a8d960842ce5e65b5f5972a,hpc_ag_table
backups,Attinger2017,content/reviewer_robustness_2026/backups/raw_snapshot_20260816/Attinger2017__gemma-4-31b-it__T035__R01.json,data/reasoning_logs/backups/raw_snapshot_20260816/Attinger2017__gemma-4-31b-it__T035__R01.json,complete,94fd82b1a6133655b7e63277f873d99b02994a21b6d648862f980a029742a4cc,hpc_ag_table
backups,Attinger2017,content/reviewer_robustness_2026/backups/raw_snapshot_20260816/Attinger2017__gemma-4-31b-it__T035__R02.json,data/reasoning_logs/backups/raw_snapshot_20260816/Attinger2017__gemma-4-31b-it__T035__R02.json,complete,154824e59912a3becfa1096e9316a75b97100ad11ad65065e3e0d8098cfee36e,hpc_ag_table
backups,Attinger2017,content/reviewer_robustness_2026/backups/raw_snapshot_20260816/Attinger2017__gemma-4-31b-it__T035__R03.json,data/reasoning_logs/backups/raw_snapshot_20260816/Attinger2017__gemma-4-31b-it__T035__R03.json,complete,22bb7c6000149d2bb690124c491fa6c330936677095a4d50867dfee657e9505f,hpc_ag_table
backups,Attinger2017,content/reviewer_robustness_2026/backups/raw_snapshot_20260816/Attinger2017__gemma-4-31b-it__T070__R01.json,data/reasoning_logs/backups/raw_snapshot_20260816/Attinger2017__gemma-4-31b-it__T070__R01.json,complete,df150b58b305848d624f5f76783d1ec77b8557334aa494ac1165dd59422731b8,hpc_ag_table
backups,Attinger2017,content/reviewer_robustness_2026/backups/raw_snapshot_20260816/Attinger2017__gemma-4-31b-it__T070__R02.json,data/reasoning_logs/backups/raw_snapshot_20260816/Attinger2017__gemma-4-31b-it__T070__R02.json,complete,f655f60cd9310ce6a84dacedd8f05a025d6fcd7127b1cf2c574824e536468f75,hpc_ag_table
backups,Attinger2017,content/reviewer_robustness_2026/backups/raw_snapshot_20260816/Attinger2017__gemma-4-31b-it__T070__R03.json,data/reasoning_logs/backups/raw_snapshot_20260816/Attinger2017__gemma-4-31b-it__T070__R03.json,complete,5f7bfa3c7e49e50c4e8178c24f3f40fb74be31fa722673c160086c20e90bb14a,hpc_ag_table
backups,Attinger2017,content/reviewer_robustness_2026/backups/raw_snapshot_20260816/Attinger2017__olmo-3-32b-think__T000__R01.json,data/reasoning_logs/backups/raw_snapshot_20260816/Attinger2017__olmo-3-32b-think__T000__R01.json,complete,2e5b27039dfb2636c61519b46ed2abdd55d0d56e227feef2c524783c64e4544e,hpc_ag_table
backups,Attinger2017,content/reviewer_robustness_2026/backups/raw_snapshot_20260816/Attinger2017__olmo-3-32b-think__T000__R02.json,data/reasoning_logs/backups/raw_snapshot_20260816/Attinger2017__olmo-3-32b-think__T000__R02.json,complete,01ee2820a4273a02f2841ead8657829bf09bc04b5428f7e879fad4c1087fa660,hpc_ag_table
backups,Attinger2017,content/reviewer_robustness_2026/backups/raw_snapshot_20260816/Attinger2017__olmo-3-32b-think__T000__R03.json,data/reasoning_logs/backups/raw_snapshot_20260816/Attinger2017__olmo-3-32b-think__T000__R03.json,complete,89ff5b436697ef1b0edf2da62f7de4256724ee09c4f0f92897d75ef71505451a,hpc_ag_table
backups,Attinger2017,content/reviewer_robustness_2026/backups/raw_snapshot_20260816/Attinger2017__phi-4-reasoning-plus__T000__R01.json,data/reasoning_logs/backups/raw_snapshot_20260816/Attinger2017__phi-4-reasoning-plus__T000__R01.json,complete,e86a5e92fc54b62f53e0e3e32462ca25bded01ba8c655fb7c9d5cb90d2ba988a,hpc_ag_table
backups,Attinger2017,content/reviewer_robustness_2026/backups/raw_snapshot_20260816/Attinger2017__phi-4-reasoning-plus__T000__R02.json,data/reasoning_logs/backups/raw_snapshot_20260816/Attinger2017__phi-4-reasoning-plus__T000__R02.json,complete,44b9f877452a552363268a38e8227e035be72e3e842346d384d3abbde9fd5e4c,hpc_ag_table
backups,Attinger2017,content/reviewer_robustness_2026/backups/raw_snapshot_20260816/Attinger2017__phi-4-reasoning-plus__T000__R03.json,data/reasoning_logs/backups/raw_snapshot_20260816/Attinger2017__phi-4-reasoning-plus__T000__R03.json,complete,80719ce971ecfc2f1ecd5058662f48416d28743453ff279bc37fd495f32cc0f1,hpc_ag_table
backups,Attinger2017,content/reviewer_robustness_2026/backups/raw_snapshot_20260816/Attinger2017__phi-4-reasoning-plus__T035__R01.json,data/reasoning_logs/backups/raw_snapshot_20260816/Attinger2017__phi-4-reasoning-plus__T035__R01.json,complete,62dd9610eaf43ff871ab2859c03a8e9afb0581f3989d0355c191b2bf3e90be40,hpc_ag_table
backups,Attinger2017,content/reviewer_robustness_2026/backups/raw_snapshot_20260816/Attinger2017__phi-4-reasoning-plus__T035__R02.json,data/reasoning_logs/backups/raw_snapshot_20260816/Attinger2017__phi-4-reasoning-plus__T035__R02.json,complete,07f8a9cf459b1b9f68baf1bec10dbef0829bd37c7ddfbacf57a15aca01b67cd9,hpc_ag_table
backups,Attinger2017,content/reviewer_robustness_2026/backups/raw_snapshot_20260816/Attinger2017__phi-4-reasoning-plus__T035__R03.json,data/reasoning_logs/backups/raw_snapshot_20260816/Attinger2017__phi-4-reasoning-plus__T035__R03.json,complete,835a822168670485b07133666ea6230fa0c491d89db823c5e5c62b0ef2a8ea27,hpc_ag_table
backups,Attinger2017,content/reviewer_robustness_2026/backups/raw_snapshot_20260816/Attinger2017__phi-4-reasoning-plus__T070__R01.json,data/reasoning_logs/backups/raw_snapshot_20260816/Attinger2017__phi-4-reasoning-plus__T070__R01.json,complete,cc53542fb5634365513318cfba42d3278e80467fdba08b4da93f241e2ca3e8e0,hpc_ag_table
backups,Attinger2017,content/reviewer_robustness_2026/backups/raw_snapshot_20260816/Attinger2017__phi-4-reasoning-plus__T070__R02.json,data/reasoning_logs/backups/raw_snapshot_20260816/Attinger2017__phi-4-reasoning-plus__T070__R02.json,complete,ba30037bd5ab1e6df1c569578d787dc1fb810c07d2d5f433094e0507591e68f8,hpc_ag_table
backups,Attinger2017,content/reviewer_robustness_2026/backups/raw_snapshot_20260816/Attinger2017__phi-4-reasoning-plus__T070__R03.json,data/reasoning_logs/backups/raw_snapshot_20260816/Attinger2017__phi-4-reasoning-plus__T070__R03.json,complete,ee08935a809436f68e24657cf9fbc10b8c99a2de22d925f3756630ed49b909ee,hpc_ag_table
backups,Bakhtiari2021,content/reviewer_robustness_2026/backups/raw_snapshot_20260816/Bakhtiari2021__gemma-4-31b-it__T000__R01.json,data/reasoning_logs/backups/raw_snapshot_20260816/Bakhtiari2021__gemma-4-31b-it__T000__R01.json,complete,6648649c1a6f5bc906c640d6fa6875c838d1ea38e48eee668c6c1e8708c46a24,hpc_ag_table
backups,Bakhtiari2021,content/reviewer_robustness_2026/backups/raw_snapshot_20260816/Bakhtiari2021__gemma-4-31b-it__T000__R02.json,data/reasoning_logs/backups/raw_snapshot_20260816/Bakhtiari2021__gemma-4-31b-it__T000__R02.json,complete,be772bcb967b8b6b77064613d3999ac21de128cd500dda4a29c500cbb4f09b09,hpc_ag_table
backups,Bakhtiari2021,content/reviewer_robustness_2026/backups/raw_snapshot_20260816/Bakhtiari2021__gemma-4-31b-it__T000__R03.json,data/reasoning_logs/backups/raw_snapshot_20260816/Bakhtiari2021__gemma-4-31b-it__T000__R03.json,complete,637f68ff4de1b34fd57ef68807042718cccbc9fb196aef2dd568c00f028639db,hpc_ag_table
backups,Bakhtiari2021,content/reviewer_robustness_2026/backups/raw_snapshot_20260816/Bakhtiari2021__gemma-4-31b-it__T035__R01.json,data/reasoning_logs/backups/raw_snapshot_20260816/Bakhtiari2021__gemma-4-31b-it__T035__R01.json,complete,1234696846561abeed073b827eb10c358b799cb615a7a38b8a75c3ea0c3b0779,hpc_ag_table
backups,Bakhtiari2021,content/reviewer_robustness_2026/backups/raw_snapshot_20260816/Bakhtiari2021__gemma-4-31b-it__T035__R02.json,data/reasoning_logs/backups/raw_snapshot_20260816/Bakhtiari2021__gemma-4-31b-it__T035__R02.json,complete,1bf4cb148d4578c401dbe9b0de46c986ee3ea87c2f21837fb2ebe9f723cdcc15,hpc_ag_table
backups,Bakhtiari2021,content/reviewer_robustness_2026/backups/raw_snapshot_20260816/Bakhtiari2021__gemma-4-31b-it__T035__R03.json,data/reasoning_logs/backups/raw_snapshot_20260816/Bakhtiari2021__gemma-4-31b-it__T035__R03.json,complete,e7e9bdad3cb90e2d969c7a7b11d22943cd565b44bd3a6801f3fd67404853d6c7,hpc_ag_table
backups,Bakhtiari2021,content/reviewer_robustness_2026/backups/raw_snapshot_20260816/Bakhtiari2021__gemma-4-31b-it__T070__R01.json,data/reasoning_logs/backups/raw_snapshot_20260816/Bakhtiari2021__gemma-4-31b-it__T070__R01.json,complete,994c3642242d8db257e614e1003b268e4b944cd23a4650a4210a2cddd3eb24ed,hpc_ag_table
backups,Bakhtiari2021,content/reviewer_robustness_2026/backups/raw_snapshot_20260816/Bakhtiari2021__gemma-4-31b-it__T070__R02.json,data/reasoning_logs/backups/raw_snapshot_20260816/Bakhtiari2021__gemma-4-31b-it__T070__R02.json,complete,473ea39ef4d8cc82e006d130c144d8760d55f28a89638e25fb9e36d711e57b5f,hpc_ag_table
backups,Bakhtiari2021,content/reviewer_robustness_2026/backups/raw_snapshot_20260816/Bakhtiari2021__gemma-4-31b-it__T070__R03.json,data/reasoning_logs/backups/raw_snapshot_20260816/Bakhtiari2021__gemma-4-31b-it__T070__R03.json,complete,bf44960e72d879a6395f6823611543ba52c08beb1032b15f85f6a2b79f7a2ff9,hpc_ag_table
backups,Bakhtiari2021,content/reviewer_robustness_2026/backups/raw_snapshot_20260816/Bakhtiari2021__olmo-3-32b-think__T000__R01.json,data/reasoning_logs/backups/raw_snapshot_20260816/Bakhtiari2021__olmo-3-32b-think__T000__R01.json,complete,d1bb6f4e9daed2c0a1ce507756a64646e220166f400bdaf1b50bf28b4cc0c989,hpc_ag_table
backups,Bakhtiari2021,content/reviewer_robustness_2026/backups/raw_snapshot_20260816/Bakhtiari2021__olmo-3-32b-think__T000__R02.json,data/reasoning_logs/backups/raw_snapshot_20260816/Bakhtiari2021__olmo-3-32b-think__T000__R02.json,complete,48d7897d17da3b9b5818f2a21282bf2842a3a251fe181277348e5e975d1531df,hpc_ag_table
backups,Bakhtiari2021,content/reviewer_robustness_2026/backups/raw_snapshot_20260816/Bakhtiari2021__olmo-3-32b-think__T000__R03.json,data/reasoning_logs/backups/raw_snapshot_20260816/Bakhtiari2021__olmo-3-32b-think__T000__R03.json,complete,39c6600d43857edbb6150988c3aaa75ab7ab46f91feca8967444236d3ad10f9a,hpc_ag_table
backups,Bakhtiari2021,content/reviewer_robustness_2026/backups/raw_snapshot_20260816/Bakhtiari2021__phi-4-reasoning-plus__T000__R01.json,data/reasoning_logs/backups/raw_snapshot_20260816/Bakhtiari2021__phi-4-reasoning-plus__T000__R01.json,complete,cdd086bf53ffe42111387b0f1aea9f91778657c20572719971bd20f544bd8df6,hpc_ag_table
backups,Bakhtiari2021,content/reviewer_robustness_2026/backups/raw_snapshot_20260816/Bakhtiari2021__phi-4-reasoning-plus__T000__R02.json,data/reasoning_logs/backups/raw_snapshot_20260816/Bakhtiari2021__phi-4-reasoning-plus__T000__R02.json,complete,afd3258aad568f44889e9b920ce0bfbb75ac1351791cbb7d3414dcc7d775ad76,hpc_ag_table
backups,Bakhtiari2021,content/reviewer_robustness_2026/backups/raw_snapshot_20260816/Bakhtiari2021__phi-4-reasoning-plus__T000__R03.json,data/reasoning_logs/backups/raw_snapshot_20260816/Bakhtiari2021__phi-4-reasoning-plus__T000__R03.json,complete,7a90f7929f39bc4c43a1f1a91cab21852e00894e43d878f11b33d2c5993e5d40,hpc_ag_table
backups,Bakhtiari2021,content/reviewer_robustness_2026/backups/raw_snapshot_20260816/Bakhtiari2021__phi-4-reasoning-plus__T035__R01.json,data/reasoning_logs/backups/raw_snapshot_20260816/Bakhtiari2021__phi-4-reasoning-plus__T035__R01.json,complete,abc764565ae6444317b48c79c3b8071d30f95e957645087a2439661f104e0acc,hpc_ag_table
backups,Bakhtiari2021,content/reviewer_robustness_2026/backups/raw_snapshot_20260816/Bakhtiari2021__phi-4-reasoning-plus__T035__R02.json,data/reasoning_logs/backups/raw_snapshot_20260816/Bakhtiari2021__phi-4-reasoning-plus__T035__R02.json,complete,bd022ca023102f92775d715c97799d895c06d1097f28eec8507b1744d270792a,hpc_ag_table
backups,Bakhtiari2021,content/reviewer_robustness_2026/backups/raw_snapshot_20260816/Bakhtiari2021__phi-4-reasoning-plus__T035__R03.json,data/reasoning_logs/backups/raw_snapshot_20260816/Bakhtiari2021__phi-4-reasoning-plus__T035__R03.json,complete,124d6a2fd370dacbd1cf4edcf48b15eb980e431d3ca9ec7dc885a8487b64db03,hpc_ag_table
backups,Bakhtiari2021,content/reviewer_robustness_2026/backups/raw_snapshot_20260816/Bakhtiari2021__phi-4-reasoning-plus__T070__R01.json,data/reasoning_logs/backups/raw_snapshot_20260816/Bakhtiari2021__phi-4-reasoning-plus__T070__R01.json,complete,b0299ed3e69562ce31b47e9091492d544a8b431b57a0f73f11b29029c3adcd4a,hpc_ag_table
backups,Bakhtiari2021,content/reviewer_robustness_2026/backups/raw_snapshot_20260816/Bakhtiari2021__phi-4-reasoning-plus__T070__R02.json,data/reasoning_logs/backups/raw_snapshot_20260816/Bakhtiari2021__phi-4-reasoning-plus__T070__R02.json,complete,5083ee0903c45d56bf0c397ffe416d4133f5fdafcda6faf5a88fac2859375504,hpc_ag_table
backups,Bakhtiari2021,content/reviewer_robustness_2026/backups/raw_snapshot_20260816/Bakhtiari2021__phi-4-reasoning-plus__T070__R03.json,data/reasoning_logs/backups/raw_snapshot_20260816/Bakhtiari2021__phi-4-reasoning-plus__T070__R03.json,complete,a0114359e0eed64723c822284460f5bafb12a8cee031992080498ba6e4c2d809,hpc_ag_table
backups,Bastos2012,content/reviewer_robustness_2026/backups/raw_snapshot_20260816/Bastos2012__gemma-4-31b-it__T000__R01.json,data/reasoning_logs/backups/raw_snapshot_20260816/Bastos2012__gemma-4-31b-it__T000__R01.json,complete,e5f7ab3063236b655e861e4b119dc2e9a9903fa127cefd5c4d3b91b8aa3d5685,hpc_ag_table
backups,Bastos2012,content/reviewer_robustness_2026/backups/raw_snapshot_20260816/Bastos2012__gemma-4-31b-it__T000__R02.json,data/reasoning_logs/backups/raw_snapshot_20260816/Bastos2012__gemma-4-31b-it__T000__R02.json,complete,55ab2d04b065f0cdf89b0f0bf1f3969b60eaa2e83a8ca3057155c74fd250d2b2,hpc_ag_table
backups,Bastos2012,content/reviewer_robustness_2026/backups/raw_snapshot_20260816/Bastos2012__gemma-4-31b-it__T000__R03.json,data/reasoning_logs/backups/raw_snapshot_20260816/Bastos2012__gemma-4-31b-it__T000__R03.json,complete,b24ae826606dd10d9c3c0700facbbe4e932ebc48051b4592f44724d20ce93aa0,hpc_ag_table
backups,Bastos2012,content/reviewer_robustness_2026/backups/raw_snapshot_20260816/Bastos2012__gemma-4-31b-it__T035__R01.json,data/reasoning_logs/backups/raw_snapshot_20260816/Bastos2012__gemma-4-31b-it__T035__R01.json,complete,ba3ba61ebd72d3171d14a5cdcce103d8893fdd3024562ffcbe17368c343a3f64,hpc_ag_table
backups,Bastos2012,content/reviewer_robustness_2026/backups/raw_snapshot_20260816/Bastos2012__gemma-4-31b-it__T035__R02.json,data/reasoning_logs/backups/raw_snapshot_20260816/Bastos2012__gemma-4-31b-it__T035__R02.json,complete,4dcfc7ff74bf5639b144b719a4d42e1569f45ba0486af262a801891b656db32d,hpc_ag_table
backups,Bastos2012,content/reviewer_robustness_2026/backups/raw_snapshot_20260816/Bastos2012__gemma-4-31b-it__T035__R03.json,data/reasoning_logs/backups/raw_snapshot_20260816/Bastos2012__gemma-4-31b-it__T035__R03.json,complete,e8d7e2a3003c906e997d46036605e78805db3a0bfd014acab47eae17de6f5ddf,hpc_ag_table
backups,Bastos2012,content/reviewer_robustness_2026/backups/raw_snapshot_20260816/Bastos2012__gemma-4-31b-it__T070__R01.json,data/reasoning_logs/backups/raw_snapshot_20260816/Bastos2012__gemma-4-31b-it__T070__R01.json,complete,719a169fefdefb02a1f3bfa45cca4c5092d4fde713f707c635150c6e31eebb32,hpc_ag_table
backups,Bastos2012,content/reviewer_robustness_2026/backups/raw_snapshot_20260816/Bastos2012__gemma-4-31b-it__T070__R02.json,data/reasoning_logs/backups/raw_snapshot_20260816/Bastos2012__gemma-4-31b-it__T070__R02.json,complete,28695af4f9e966e10cc1a1b024fd488cd348f4e7289a1141b294a373de6403c4,hpc_ag_table
backups,Bastos2012,content/reviewer_robustness_2026/backups/raw_snapshot_20260816/Bastos2012__gemma-4-31b-it__T070__R03.json,data/reasoning_logs/backups/raw_snapshot_20260816/Bastos2012__gemma-4-31b-it__T070__R03.json,complete,589d7c9754e6945da49ef0f382cd3a78089a4f09d3836a7f7add45270cca3274,hpc_ag_table
backups,Bastos2012,content/reviewer_robustness_2026/backups/raw_snapshot_20260816/Bastos2012__olmo-3-32b-think__T000__R01.json,data/reasoning_logs/backups/raw_snapshot_20260816/Bastos2012__olmo-3-32b-think__T000__R01.json,complete,d509e68c14ce5471e192cefeaaa68c288adcabe7221b49ef6e091d0dd6cadc92,hpc_ag_table
backups,Bastos2012,content/reviewer_robustness_2026/backups/raw_snapshot_20260816/Bastos2012__olmo-3-32b-think__T000__R02.json,data/reasoning_logs/backups/raw_snapshot_20260816/Bastos2012__olmo-3-32b-think__T000__R02.json,complete,f107e814be4283bda55ef37f19f6f6515b98113e7750d49f67d3d9d8aea0aed6,hpc_ag_table
backups,Bastos2012,content/reviewer_robustness_2026/backups/raw_snapshot_20260816/Bastos2012__phi-4-reasoning-plus__T000__R01.json,data/reasoning_logs/backups/raw_snapshot_20260816/Bastos2012__phi-4-reasoning-plus__T000__R01.json,complete,aa3ed0388b843c18f8bbe2d67bc0964397cb3e4eb54fe896df6401e590404268,hpc_ag_table
backups,Bastos2012,content/reviewer_robustness_2026/backups/raw_snapshot_20260816/Bastos2012__phi-4-reasoning-plus__T000__R02.json,data/reasoning_logs/backups/raw_snapshot_20260816/Bastos2012__phi-4-reasoning-plus__T000__R02.json,complete,e4c16785f1195025db281c71ab1768a6c55c904d6138ed4b4a00ba8238239468,hpc_ag_table
backups,Bastos2012,content/reviewer_robustness_2026/backups/raw_snapshot_20260816/Bastos2012__phi-4-reasoning-plus__T000__R03.json,data/reasoning_logs/backups/raw_snapshot_20260816/Bastos2012__phi-4-reasoning-plus__T000__R03.json,complete,5c74f7bf49a33536d573db6287c7a75663dfca05d0825afc9e9c37ccb3c1fb3a,hpc_ag_table
backups,Bastos2012,content/reviewer_robustness_2026/backups/raw_snapshot_20260816/Bastos2012__phi-4-reasoning-plus__T035__R01.json,data/reasoning_logs/backups/raw_snapshot_20260816/Bastos2012__phi-4-reasoning-plus__T035__R01.json,complete,fd002cc1ed38e7c06c33d277321eab8bc18787e570338fe1753b17b5ae82173c,hpc_ag_table
backups,Bastos2012,content/reviewer_robustness_2026/backups/raw_snapshot_20260816/Bastos2012__phi-4-reasoning-plus__T035__R02.json,data/reasoning_logs/backups/raw_snapshot_20260816/Bastos2012__phi-4-reasoning-plus__T035__R02.json,complete,b9684e8f8b9a6572ed80c0262404044044fe89c2359b210af67bdb505d037d52,hpc_ag_table
backups,Bastos2012,content/reviewer_robustness_2026/backups/raw_snapshot_20260816/Bastos2012__phi-4-reasoning-plus__T035__R03.json,data/reasoning_logs/backups/raw_snapshot_20260816/Bastos2012__phi-4-reasoning-plus__T035__R03.json,complete,0936a5efe6fbae56cec78159314174dc8bf938f27d292ea7326056c41d21f745,hpc_ag_table
backups,Bastos2012,content/reviewer_robustness_2026/backups/raw_snapshot_20260816/Bastos2012__phi-4-reasoning-plus__T070__R01.json,data/reasoning_logs/backups/raw_snapshot_20260816/Bastos2012__phi-4-reasoning-plus__T070__R01.json,complete,407b217a1a32e2a542607067a82b8731ce46049c223d6eae118e64c024890b57,hpc_ag_table
backups,Bastos2012,content/reviewer_robustness_2026/backups/raw_snapshot_20260816/Bastos2012__phi-4-reasoning-plus__T070__R02.json,data/reasoning_logs/backups/raw_snapshot_20260816/Bastos2012__phi-4-reasoning-plus__T070__R02.json,complete,253dfb4d2cc665e776b16c3592ae7cae21fa0fb834da0950711e8213235f5b05,hpc_ag_table
backups,Bastos2012,content/reviewer_robustness_2026/backups/raw_snapshot_20260816/Bastos2012__phi-4-reasoning-plus__T070__R03.json,data/reasoning_logs/backups/raw_snapshot_20260816/Bastos2012__phi-4-reasoning-plus__T070__R03.json,complete,c5a71827d2d9138d5c314870601182e582f2bf51c36f0a64a99a3de17e3a081a,hpc_ag_table
backups,Bastos2020,content/reviewer_robustness_2026/backups/raw_snapshot_20260816/Bastos2020__gemma-4-31b-it__T000__R01.json,data/reasoning_logs/backups/raw_snapshot_20260816/Bastos2020__gemma-4-31b-it__T000__R01.json,complete,ee2ed8cd3c7e3ccc6bff9664f7ca568b0191545ac155139af247ba00c8cb4f5a,hpc_ag_table
backups,Bastos2020,content/reviewer_robustness_2026/backups/raw_snapshot_20260816/Bastos2020__gemma-4-31b-it__T000__R02.json,data/reasoning_logs/backups/raw_snapshot_20260816/Bastos2020__gemma-4-31b-it__T000__R02.json,complete,b655d505e65be81634dc391ee1fa433a9468cda7627f2e760cae21d935151498,hpc_ag_table
backups,Bastos2020,content/reviewer_robustness_2026/backups/raw_snapshot_20260816/Bastos2020__gemma-4-31b-it__T000__R03.json,data/reasoning_logs/backups/raw_snapshot_20260816/Bastos2020__gemma-4-31b-it__T000__R03.json,complete,3bcf93c16b1c304617fc6ebb90f2fc50ef24a2a5a34347e8bb57b57db57b6bd8,hpc_ag_table
backups,Bastos2020,content/reviewer_robustness_2026/backups/raw_snapshot_20260816/Bastos2020__gemma-4-31b-it__T035__R01.json,data/reasoning_logs/backups/raw_snapshot_20260816/Bastos2020__gemma-4-31b-it__T035__R01.json,complete,da342ca5f8378aeb95cd81ae2b84596fd416a5cd613b86868ef7facc94dbf958,hpc_ag_table
backups,Bastos2020,content/reviewer_robustness_2026/backups/raw_snapshot_20260816/Bastos2020__gemma-4-31b-it__T035__R02.json,data/reasoning_logs/backups/raw_snapshot_20260816/Bastos2020__gemma-4-31b-it__T035__R02.json,complete,ab4b46cd52f5aca0ac9b3d1446a6d70216af83f2d71e7187de5111cce80e209e,hpc_ag_table
backups,Bastos2020,content/reviewer_robustness_2026/backups/raw_snapshot_20260816/Bastos2020__gemma-4-31b-it__T035__R03.json,data/reasoning_logs/backups/raw_snapshot_20260816/Bastos2020__gemma-4-31b-it__T035__R03.json,complete,2a7cb44bdc14f6b9fc17d9c708805ecd5fc719a6e2b0705efe0ae55e160e0984,hpc_ag_table
backups,Bastos2020,content/reviewer_robustness_2026/backups/raw_snapshot_20260816/Bastos2020__gemma-4-31b-it__T070__R01.json,data/reasoning_logs/backups/raw_snapshot_20260816/Bastos2020__gemma-4-31b-it__T070__R01.json,complete,6df377a97a71458cd507551aa24e58e9d188f2039e418c135b2d983507192e55,hpc_ag_table
backups,Bastos2020,content/reviewer_robustness_2026/backups/raw_snapshot_20260816/Bastos2020__gemma-4-31b-it__T070__R02.json,data/reasoning_logs/backups/raw_snapshot_20260816/Bastos2020__gemma-4-31b-it__T070__R02.json,complete,01ab59686caeac5395c97a9a35d02be04974f51d541b1c54ca44724f3751421f,hpc_ag_table
backups,Bastos2020,content/reviewer_robustness_2026/backups/raw_snapshot_20260816/Bastos2020__gemma-4-31b-it__T070__R03.json,data/reasoning_logs/backups/raw_snapshot_20260816/Bastos2020__gemma-4-31b-it__T070__R03.json,complete,cc712a6e0dd20c35e98d36869454a5fe68960dcd77b4132e5482d3632850869e,hpc_ag_table
backups,Bastos2020,content/reviewer_robustness_2026/backups/raw_snapshot_20260816/Bastos2020__phi-4-reasoning-plus__T000__R01.json,data/reasoning_logs/backups/raw_snapshot_20260816/Bastos2020__phi-4-reasoning-plus__T000__R01.json,complete,cbfe1fc91b750c0f80b2eed3c2f41f9e1ff391318aa8ee3daf990f7ac0395278,hpc_ag_table
backups,Bastos2020,content/reviewer_robustness_2026/backups/raw_snapshot_20260816/Bastos2020__phi-4-reasoning-plus__T000__R02.json,data/reasoning_logs/backups/raw_snapshot_20260816/Bastos2020__phi-4-reasoning-plus__T000__R02.json,complete,5560013ea1a282faff5d523ca20fab2dd7af06aa53b12c7eb6827a51adb32229,hpc_ag_table
backups,Bastos2020,content/reviewer_robustness_2026/backups/raw_snapshot_20260816/Bastos2020__phi-4-reasoning-plus__T000__R03.json,data/reasoning_logs/backups/raw_snapshot_20260816/Bastos2020__phi-4-reasoning-plus__T000__R03.json,complete,8a937cced5d8b1b1949871f82bea37aa0634af684c0717288e7bec1b79fabef8,hpc_ag_table
backups,Bastos2020,content/reviewer_robustness_2026/backups/raw_snapshot_20260816/Bastos2020__phi-4-reasoning-plus__T035__R01.json,data/reasoning_logs/backups/raw_snapshot_20260816/Bastos2020__phi-4-reasoning-plus__T035__R01.json,complete,9a7958eb29a9b2ec116b206d5a593a215fd0160b788c2d0ccb0c25c2de1e7b7d,hpc_ag_table
backups,Bastos2020,content/reviewer_robustness_2026/backups/raw_snapshot_20260816/Bastos2020__phi-4-reasoning-plus__T035__R02.json,data/reasoning_logs/backups/raw_snapshot_20260816/Bastos2020__phi-4-reasoning-plus__T035__R02.json,complete,dd83816c6cd7b78f186401798e3375719439e9924e5d69a6c3c44e014ccd40e9,hpc_ag_table
backups,Bastos2020,content/reviewer_robustness_2026/backups/raw_snapshot_20260816/Bastos2020__phi-4-reasoning-plus__T035__R03.json,data/reasoning_logs/backups/raw_snapshot_20260816/Bastos2020__phi-4-reasoning-plus__T035__R03.json,complete,3e685d126746d6a807a9a30f80d37149976c61ded10c4e9195baaeefa9f4040a,hpc_ag_table
backups,Bastos2020,content/reviewer_robustness_2026/backups/raw_snapshot_20260816/Bastos2020__phi-4-reasoning-plus__T070__R01.json,data/reasoning_logs/backups/raw_snapshot_20260816/Bastos2020__phi-4-reasoning-plus__T070__R01.json,complete,03ccff692f2854e0e51c5048ac4fbbaccefe7342a1c3a006c7e3607d81fd6023,hpc_ag_table
backups,Bastos2020,content/reviewer_robustness_2026/backups/raw_snapshot_20260816/Bastos2020__phi-4-reasoning-plus__T070__R02.json,data/reasoning_logs/backups/raw_snapshot_20260816/Bastos2020__phi-4-reasoning-plus__T070__R02.json,complete,7ec82b9a58b20c72857022236e231a12993a01d22592f50beabad2b46742de84,hpc_ag_table
backups,Bastos2020,content/reviewer_robustness_2026/backups/raw_snapshot_20260816/Bastos2020__phi-4-reasoning-plus__T070__R03.json,data/reasoning_logs/backups/raw_snapshot_20260816/Bastos2020__phi-4-reasoning-plus__T070__R03.json,complete,bc02d7e14e600f80d709b8a35f08c2d77da31ea98abc33043b46d6f42a2cf150,hpc_ag_table
backups,Bekinschtein2009,content/reviewer_robustness_2026/backups/raw_snapshot_20260816/Bekinschtein2009__gemma-4-31b-it__T000__R01.json,data/reasoning_logs/backups/raw_snapshot_20260816/Bekinschtein2009__gemma-4-31b-it__T000__R01.json,complete,dc3d01748857d8ef2fd944ed0cf571457c2ccd4ed0bf0f8c8f027f0604c03ab4,hpc_ag_table
backups,Bekinschtein2009,content/reviewer_robustness_2026/backups/raw_snapshot_20260816/Bekinschtein2009__gemma-4-31b-it__T000__R02.json,data/reasoning_logs/backups/raw_snapshot_20260816/Bekinschtein2009__gemma-4-31b-it__T000__R02.json,complete,1c76dfbdfdb28a5318cc5b455408757da6128a17108c15d60515122b751aca11,hpc_ag_table
backups,Bekinschtein2009,content/reviewer_robustness_2026/backups/raw_snapshot_20260816/Bekinschtein2009__gemma-4-31b-it__T000__R03.json,data/reasoning_logs/backups/raw_snapshot_20260816/Bekinschtein2009__gemma-4-31b-it__T000__R03.json,complete,2e6ec43d6ac6d1462f8187cb42d22b788cfdefead0e0cbb1017091f4c5aabaa6,hpc_ag_table
backups,Bekinschtein2009,content/reviewer_robustness_2026/backups/raw_snapshot_20260816/Bekinschtein2009__gemma-4-31b-it__T035__R01.json,data/reasoning_logs/backups/raw_snapshot_20260816/Bekinschtein2009__gemma-4-31b-it__T035__R01.json,complete,71b8a117016705fb5a993cc7f8c6bdebb5ef455154e3cbaafff27d80f0809b0f,hpc_ag_table
backups,Bekinschtein2009,content/reviewer_robustness_2026/backups/raw_snapshot_20260816/Bekinschtein2009__gemma-4-31b-it__T035__R02.json,data/reasoning_logs/backups/raw_snapshot_20260816/Bekinschtein2009__gemma-4-31b-it__T035__R02.json,complete,af76b2304180debc257296ec16f078c5380a61476d4398101524b22a7604c1c9,hpc_ag_table
backups,Bekinschtein2009,content/reviewer_robustness_2026/backups/raw_snapshot_20260816/Bekinschtein2009__gemma-4-31b-it__T035__R03.json,data/reasoning_logs/backups/raw_snapshot_20260816/Bekinschtein2009__gemma-4-31b-it__T035__R03.json,complete,819dcd559ce0c1c0bdc29711f0b1f2b8c41e47c237802955c87e2581a22805eb,hpc_ag_table
backups,Bekinschtein2009,content/reviewer_robustness_2026/backups/raw_snapshot_20260816/Bekinschtein2009__gemma-4-31b-it__T070__R01.json,data/reasoning_logs/backups/raw_snapshot_20260816/Bekinschtein2009__gemma-4-31b-it__T070__R01.json,complete,407250a6f2a2e5c7daa2360e6d25173c3fc57e5ddfecc94673dc56d38c0012d0,hpc_ag_table
backups,Bekinschtein2009,content/reviewer_robustness_2026/backups/raw_snapshot_20260816/Bekinschtein2009__gemma-4-31b-it__T070__R02.json,data/reasoning_logs/backups/raw_snapshot_20260816/Bekinschtein2009__gemma-4-31b-it__T070__R02.json,complete,bc3c97eb865088673d9d1f595c529268f1ecaa86d66172d9eb4b39ef035f84fd,hpc_ag_table
backups,Bekinschtein2009,content/reviewer_robustness_2026/backups/raw_snapshot_20260816/Bekinschtein2009__gemma-4-31b-it__T070__R03.json,data/reasoning_logs/backups/raw_snapshot_20260816/Bekinschtein2009__gemma-4-31b-it__T070__R03.json,complete,674cd09e226c65578b406d3ebeeda3c0ed8b79a93b47bf2cb6756764082fc8db,hpc_ag_table
backups,Bekinschtein2009,content/reviewer_robustness_2026/backups/raw_snapshot_20260816/Bekinschtein2009__phi-4-reasoning-plus__T000__R01.json,data/reasoning_logs/backups/raw_snapshot_20260816/Bekinschtein2009__phi-4-reasoning-plus__T000__R01.json,complete,197002f3fead6bb8a046e94d739087464515ef613f501319fd2cd5b6c9f90719,hpc_ag_table
backups,Bekinschtein2009,content/reviewer_robustness_2026/backups/raw_snapshot_20260816/Bekinschtein2009__phi-4-reasoning-plus__T000__R02.json,data/reasoning_logs/backups/raw_snapshot_20260816/Bekinschtein2009__phi-4-reasoning-plus__T000__R02.json,complete,a51d51c76eadeba6c76d6c352dce8d96ab7d483b9615775da1ec0d5cb38167e4,hpc_ag_table
backups,Bekinschtein2009,content/reviewer_robustness_2026/backups/raw_snapshot_20260816/Bekinschtein2009__phi-4-reasoning-plus__T000__R03.json,data/reasoning_logs/backups/raw_snapshot_20260816/Bekinschtein2009__phi-4-reasoning-plus__T000__R03.json,complete,1c5b3956f91286d30af429cfe5ba0e01269ceec9ce43349ab9196da1a14a235b,hpc_ag_table
backups,Bekinschtein2009,content/reviewer_robustness_2026/backups/raw_snapshot_20260816/Bekinschtein2009__phi-4-reasoning-plus__T035__R01.json,data/reasoning_logs/backups/raw_snapshot_20260816/Bekinschtein2009__phi-4-reasoning-plus__T035__R01.json,complete,616d61f3e914dea19d92d58da0c729165374982e43828f742160aa4cdb150559,hpc_ag_table
backups,Bekinschtein2009,content/reviewer_robustness_2026/backups/raw_snapshot_20260816/Bekinschtein2009__phi-4-reasoning-plus__T035__R02.json,data/reasoning_logs/backups/raw_snapshot_20260816/Bekinschtein2009__phi-4-reasoning-plus__T035__R02.json,complete,0b4290cf1e974ec26f0841aa380b2d6d8bba7842ee2eaf3e854ed2232f5acf70,hpc_ag_table
backups,Bekinschtein2009,content/reviewer_robustness_2026/backups/raw_snapshot_20260816/Bekinschtein2009__phi-4-reasoning-plus__T035__R03.json,data/reasoning_logs/backups/raw_snapshot_20260816/Bekinschtein2009__phi-4-reasoning-plus__T035__R03.json,complete,57e11c680f83777a848f808695e5892efe1619c956c43cac84b611afbdd713dc,hpc_ag_table
backups,Bekinschtein2009,content/reviewer_robustness_2026/backups/raw_snapshot_20260816/Bekinschtein2009__phi-4-reasoning-plus__T070__R01.json,data/reasoning_logs/backups/raw_snapshot_20260816/Bekinschtein2009__phi-4-reasoning-plus__T070__R01.json,complete,d52c7cf04c4717f64c44a15972cfef1b820e2ddfb06ed088fbbb83d3e38bdc25,hpc_ag_table
backups,Bekinschtein2009,content/reviewer_robustness_2026/backups/raw_snapshot_20260816/Bekinschtein2009__phi-4-reasoning-plus__T070__R02.json,data/reasoning_logs/backups/raw_snapshot_20260816/Bekinschtein2009__phi-4-reasoning-plus__T070__R02.json,complete,858002e3e02ccf20cfe52ef644eaf8ecff73cc7e53f1e0aa9a00e7094591db54,hpc_ag_table
backups,Bekinschtein2009,content/reviewer_robustness_2026/backups/raw_snapshot_20260816/Bekinschtein2009__phi-4-reasoning-plus__T070__R03.json,data/reasoning_logs/backups/raw_snapshot_20260816/Bekinschtein2009__phi-4-reasoning-plus__T070__R03.json,complete,c34d24edcef0bad4e83cb9d2906a3b7ff79663b9f031a18494dc48fcb598c28f,hpc_ag_table
backups,Chao2018,content/reviewer_robustness_2026/backups/raw_snapshot_20260816/Chao2018__gemma-4-31b-it__T000__R01.json,data/reasoning_logs/backups/raw_snapshot_20260816/Chao2018__gemma-4-31b-it__T000__R01.json,complete,a581e7872c402894a0cb389aa781986b980c6c6217b71db83e55e8ffb5522edf,hpc_ag_table
backups,Chao2018,content/reviewer_robustness_2026/backups/raw_snapshot_20260816/Chao2018__gemma-4-31b-it__T000__R02.json,data/reasoning_logs/backups/raw_snapshot_20260816/Chao2018__gemma-4-31b-it__T000__R02.json,complete,ff8804b78216730d8228bbe5e14d6ed090b3e1bd844b4c2c215b029d3e6c10fd,hpc_ag_table
backups,Chao2018,content/reviewer_robustness_2026/backups/raw_snapshot_20260816/Chao2018__gemma-4-31b-it__T000__R03.json,data/reasoning_logs/backups/raw_snapshot_20260816/Chao2018__gemma-4-31b-it__T000__R03.json,complete,33c24642b00c3a1a1bb1386f38fddcf7b0ad8b561f062c6dc0f4e4e58a5b1a2a,hpc_ag_table
backups,Chao2018,content/reviewer_robustness_2026/backups/raw_snapshot_20260816/Chao2018__gemma-4-31b-it__T035__R01.json,data/reasoning_logs/backups/raw_snapshot_20260816/Chao2018__gemma-4-31b-it__T035__R01.json,complete,86fb7acde19f531e66387fadcaa179527c9716393135ff7a4b821545751d4d20,hpc_ag_table
backups,Chao2018,content/reviewer_robustness_2026/backups/raw_snapshot_20260816/Chao2018__gemma-4-31b-it__T035__R02.json,data/reasoning_logs/backups/raw_snapshot_20260816/Chao2018__gemma-4-31b-it__T035__R02.json,complete,af31bd58301c380e30ab342ca0b774d8d6c445bc9015e2332aa3fe0b28b64838,hpc_ag_table
backups,Chao2018,content/reviewer_robustness_2026/backups/raw_snapshot_20260816/Chao2018__gemma-4-31b-it__T035__R03.json,data/reasoning_logs/backups/raw_snapshot_20260816/Chao2018__gemma-4-31b-it__T035__R03.json,complete,fa8a42370d20eb59a1ff9ca4b8acb26ee738cac62f9bb01f0b3caef18d93c298,hpc_ag_table
backups,Chao2018,content/reviewer_robustness_2026/backups/raw_snapshot_20260816/Chao2018__gemma-4-31b-it__T070__R01.json,data/reasoning_logs/backups/raw_snapshot_20260816/Chao2018__gemma-4-31b-it__T070__R01.json,complete,95a3f95dfb7bb452dfedbafd1bd6557daf04eec7d7c61ac3e86b8bfb3accb26d,hpc_ag_table
backups,Chao2018,content/reviewer_robustness_2026/backups/raw_snapshot_20260816/Chao2018__gemma-4-31b-it__T070__R02.json,data/reasoning_logs/backups/raw_snapshot_20260816/Chao2018__gemma-4-31b-it__T070__R02.json,complete,14903214f2557b0668b5480de777f354a679f7415ceede53347808ba79475b1a,hpc_ag_table
backups,Chao2018,content/reviewer_robustness_2026/backups/raw_snapshot_20260816/Chao2018__gemma-4-31b-it__T070__R03.json,data/reasoning_logs/backups/raw_snapshot_20260816/Chao2018__gemma-4-31b-it__T070__R03.json,complete,60beec66a8d1c419233ff7549c07da33a0559286df3eedf978d615ab3906577c,hpc_ag_table
backups,Chao2018,content/reviewer_robustness_2026/backups/raw_snapshot_20260816/Chao2018__phi-4-reasoning-plus__T000__R01.json,data/reasoning_logs/backups/raw_snapshot_20260816/Chao2018__phi-4-reasoning-plus__T000__R01.json,complete,6d782e667d57401ad8dfd959f9c5f4f93eed2481d25bccf5fea58d6a858c1784,hpc_ag_table
backups,Chao2018,content/reviewer_robustness_2026/backups/raw_snapshot_20260816/Chao2018__phi-4-reasoning-plus__T000__R02.json,data/reasoning_logs/backups/raw_snapshot_20260816/Chao2018__phi-4-reasoning-plus__T000__R02.json,complete,e7b9563c6839dd6aabd73249a441997b41405b55cbb919fa30299ab9f67604ad,hpc_ag_table
backups,Chao2018,content/reviewer_robustness_2026/backups/raw_snapshot_20260816/Chao2018__phi-4-reasoning-plus__T000__R03.json,data/reasoning_logs/backups/raw_snapshot_20260816/Chao2018__phi-4-reasoning-plus__T000__R03.json,complete,b82b894e2826d64016b01e516410bb2bbccb448cdda42a74d6714c2e8a09b579,hpc_ag_table
backups,Chao2018,content/reviewer_robustness_2026/backups/raw_snapshot_20260816/Chao2018__phi-4-reasoning-plus__T035__R01.json,data/reasoning_logs/backups/raw_snapshot_20260816/Chao2018__phi-4-reasoning-plus__T035__R01.json,complete,2b1dae180ac588fc7519cb51ccbab5faa891742832e1a3e85e657d5e91abe159,hpc_ag_table
backups,Chao2018,content/reviewer_robustness_2026/backups/raw_snapshot_20260816/Chao2018__phi-4-reasoning-plus__T035__R02.json,data/reasoning_logs/backups/raw_snapshot_20260816/Chao2018__phi-4-reasoning-plus__T035__R02.json,complete,57b6e8b3af383a07ce00495a5b103244d10f16b2e973a5939de817077a9cc357,hpc_ag_table
backups,Chao2018,content/reviewer_robustness_2026/backups/raw_snapshot_20260816/Chao2018__phi-4-reasoning-plus__T035__R03.json,data/reasoning_logs/backups/raw_snapshot_20260816/Chao2018__phi-4-reasoning-plus__T035__R03.json,complete,a807c19959dc11fe5493d9090ef588d2cc54577fa3d47f3a248432a663b00790,hpc_ag_table
backups,Chao2018,content/reviewer_robustness_2026/backups/raw_snapshot_20260816/Chao2018__phi-4-reasoning-plus__T070__R01.json,data/reasoning_logs/backups/raw_snapshot_20260816/Chao2018__phi-4-reasoning-plus__T070__R01.json,complete,2e840f0d3e16b7f96a2e50a177c491be4d646de61f42b8f3e1221100d284f7ca,hpc_ag_table
backups,Chao2018,content/reviewer_robustness_2026/backups/raw_snapshot_20260816/Chao2018__phi-4-reasoning-plus__T070__R02.json,data/reasoning_logs/backups/raw_snapshot_20260816/Chao2018__phi-4-reasoning-plus__T070__R02.json,complete,362590a00e189dedb696c2e631203d73ffe85846fe765a0b7f93881ba9e2db74,hpc_ag_table
backups,Chao2018,content/reviewer_robustness_2026/backups/raw_snapshot_20260816/Chao2018__phi-4-reasoning-plus__T070__R03.json,data/reasoning_logs/backups/raw_snapshot_20260816/Chao2018__phi-4-reasoning-plus__T070__R03.json,complete,fe6044046ea9a9c542fd0c9ff3451a0a01f161059e22f9d2e8f6f4ecce6a79b1,hpc_ag_table
backups,Friston2010,content/reviewer_robustness_2026/backups/raw_snapshot_20260816/Friston2010__gemma-4-31b-it__T000__R01.json,data/reasoning_logs/backups/raw_snapshot_20260816/Friston2010__gemma-4-31b-it__T000__R01.json,complete,4b3b3f20f010e2a266f8fbc2598690d6b1fc9d9c545ad6bf8c8b9ec4812afe13,hpc_ag_table
backups,Friston2010,content/reviewer_robustness_2026/backups/raw_snapshot_20260816/Friston2010__gemma-4-31b-it__T000__R02.json,data/reasoning_logs/backups/raw_snapshot_20260816/Friston2010__gemma-4-31b-it__T000__R02.json,complete,b85a4aaec6faf4306e84a80a160c8a4fcdfece3b5ca17634e569eee5a0a7415d,hpc_ag_table
backups,Friston2010,content/reviewer_robustness_2026/backups/raw_snapshot_20260816/Friston2010__gemma-4-31b-it__T000__R03.json,data/reasoning_logs/backups/raw_snapshot_20260816/Friston2010__gemma-4-31b-it__T000__R03.json,complete,141a2f6018325a8793e225bc1f6df5f08ad9d38bf54e6b2857ae09b2a4df49af,hpc_ag_table
backups,Friston2010,content/reviewer_robustness_2026/backups/raw_snapshot_20260816/Friston2010__gemma-4-31b-it__T035__R01.json,data/reasoning_logs/backups/raw_snapshot_20260816/Friston2010__gemma-4-31b-it__T035__R01.json,complete,baed557201345b34f76896be6b3ebf1486a3692b3754e314f79ee84b1a0d9e21,hpc_ag_table
backups,Friston2010,content/reviewer_robustness_2026/backups/raw_snapshot_20260816/Friston2010__gemma-4-31b-it__T035__R02.json,data/reasoning_logs/backups/raw_snapshot_20260816/Friston2010__gemma-4-31b-it__T035__R02.json,complete,97b5affec2dde3402d4eccf98dc8132b44d154219d6e7959160fa18aab03540c,hpc_ag_table
backups,Friston2010,content/reviewer_robustness_2026/backups/raw_snapshot_20260816/Friston2010__gemma-4-31b-it__T035__R03.json,data/reasoning_logs/backups/raw_snapshot_20260816/Friston2010__gemma-4-31b-it__T035__R03.json,complete,db192395f2a101c775210d92f0bf4a559235a97cb161fc71a753fd9475555977,hpc_ag_table
backups,Friston2010,content/reviewer_robustness_2026/backups/raw_snapshot_20260816/Friston2010__gemma-4-31b-it__T070__R01.json,data/reasoning_logs/backups/raw_snapshot_20260816/Friston2010__gemma-4-31b-it__T070__R01.json,complete,468cf3c0f77b742a9e5a58638e2e340928bbb9749bb6d4eef375192157b736b8,hpc_ag_table
backups,Friston2010,content/reviewer_robustness_2026/backups/raw_snapshot_20260816/Friston2010__gemma-4-31b-it__T070__R02.json,data/reasoning_logs/backups/raw_snapshot_20260816/Friston2010__gemma-4-31b-it__T070__R02.json,complete,b37b3679b5c2ab2daa681f4a1e27e294f66af4283eb0e3119b6868cb0944d659,hpc_ag_table
backups,Friston2010,content/reviewer_robustness_2026/backups/raw_snapshot_20260816/Friston2010__gemma-4-31b-it__T070__R03.json,data/reasoning_logs/backups/raw_snapshot_20260816/Friston2010__gemma-4-31b-it__T070__R03.json,complete,9003ea56d97437b19514d7fea7e1c2f08a5aa901f9e11ac85d02c536240d6984,hpc_ag_table
backups,Friston2010,content/reviewer_robustness_2026/backups/raw_snapshot_20260816/Friston2010__phi-4-reasoning-plus__T000__R01.json,data/reasoning_logs/backups/raw_snapshot_20260816/Friston2010__phi-4-reasoning-plus__T000__R01.json,complete,0099f7a0769f5ed11d5be4629142c77c90de194bf8f437abe4c00d1f56278a39,hpc_ag_table
backups,Friston2010,content/reviewer_robustness_2026/backups/raw_snapshot_20260816/Friston2010__phi-4-reasoning-plus__T000__R02.json,data/reasoning_logs/backups/raw_snapshot_20260816/Friston2010__phi-4-reasoning-plus__T000__R02.json,complete,892337ca2409a0f50b78e41c8b408a79b3877965cc03388f0b5619f983e74d15,hpc_ag_table
backups,Friston2010,content/reviewer_robustness_2026/backups/raw_snapshot_20260816/Friston2010__phi-4-reasoning-plus__T000__R03.json,data/reasoning_logs/backups/raw_snapshot_20260816/Friston2010__phi-4-reasoning-plus__T000__R03.json,complete,fe1dae8b98f19ab3a33898cb3e77929c945597e8a1a725e845c0c902bf360ace,hpc_ag_table
backups,Friston2010,content/reviewer_robustness_2026/backups/raw_snapshot_20260816/Friston2010__phi-4-reasoning-plus__T035__R01.json,data/reasoning_logs/backups/raw_snapshot_20260816/Friston2010__phi-4-reasoning-plus__T035__R01.json,complete,2e33c438b317523a04a8476d7200efa6dfd8cc2bc5aef29905b56ee88e966331,hpc_ag_table
backups,Friston2010,content/reviewer_robustness_2026/backups/raw_snapshot_20260816/Friston2010__phi-4-reasoning-plus__T035__R02.json,data/reasoning_logs/backups/raw_snapshot_20260816/Friston2010__phi-4-reasoning-plus__T035__R02.json,complete,dc18ecbafecd002d154b7b85fae0964f2191809c11acdf2d1ec8da3059c32067,hpc_ag_table
backups,Friston2010,content/reviewer_robustness_2026/backups/raw_snapshot_20260816/Friston2010__phi-4-reasoning-plus__T035__R03.json,data/reasoning_logs/backups/raw_snapshot_20260816/Friston2010__phi-4-reasoning-plus__T035__R03.json,complete,1f972325dbf73933fba516b20a70b1baa0e1d58ace1aa77eb91d82b960e8c798,hpc_ag_table
backups,Friston2010,content/reviewer_robustness_2026/backups/raw_snapshot_20260816/Friston2010__phi-4-reasoning-plus__T070__R01.json,data/reasoning_logs/backups/raw_snapshot_20260816/Friston2010__phi-4-reasoning-plus__T070__R01.json,complete,3491ec7ff05231b42d90a9a81e443804e48e568cacc6ed5c285a28931edb52c1,hpc_ag_table
backups,Friston2010,content/reviewer_robustness_2026/backups/raw_snapshot_20260816/Friston2010__phi-4-reasoning-plus__T070__R02.json,data/reasoning_logs/backups/raw_snapshot_20260816/Friston2010__phi-4-reasoning-plus__T070__R02.json,complete,59c48b16774297f1d53fc2a30c014ad89c45bfd564c4f523d19c297e6c3c3fde,hpc_ag_table
backups,Friston2010,content/reviewer_robustness_2026/backups/raw_snapshot_20260816/Friston2010__phi-4-reasoning-plus__T070__R03.json,data/reasoning_logs/backups/raw_snapshot_20260816/Friston2010__phi-4-reasoning-plus__T070__R03.json,complete,393dda2f1d257bec830193478f521f0c7c74d171133d66aa60fa9f17a093d358,hpc_ag_table
backups,Furutachi2024,content/reviewer_robustness_2026/backups/raw_snapshot_20260816/Furutachi2024__gemma-4-31b-it__T000__R01.json,data/reasoning_logs/backups/raw_snapshot_20260816/Furutachi2024__gemma-4-31b-it__T000__R01.json,complete,299e329f8dd10b3a1ccfabf9f48557b7429059ba856bc077a441da8f3871b9f6,hpc_ag_table
backups,Furutachi2024,content/reviewer_robustness_2026/backups/raw_snapshot_20260816/Furutachi2024__gemma-4-31b-it__T000__R02.json,data/reasoning_logs/backups/raw_snapshot_20260816/Furutachi2024__gemma-4-31b-it__T000__R02.json,complete,d98b80a19059af03e159dbf399f3350785c774fc1ec5a6fccd9d74efd0869393,hpc_ag_table
backups,Furutachi2024,content/reviewer_robustness_2026/backups/raw_snapshot_20260816/Furutachi2024__gemma-4-31b-it__T000__R03.json,data/reasoning_logs/backups/raw_snapshot_20260816/Furutachi2024__gemma-4-31b-it__T000__R03.json,complete,9b471701441ce6e0375843a08b24f527c5cd1e0c5af159474b045c5ec5dc5c22,hpc_ag_table
backups,Furutachi2024,content/reviewer_robustness_2026/backups/raw_snapshot_20260816/Furutachi2024__gemma-4-31b-it__T035__R01.json,data/reasoning_logs/backups/raw_snapshot_20260816/Furutachi2024__gemma-4-31b-it__T035__R01.json,complete,13e18ab0df79bd1a5a8030345bc21ef674270d868acf19bcfb26dfe0988927f3,hpc_ag_table
backups,Furutachi2024,content/reviewer_robustness_2026/backups/raw_snapshot_20260816/Furutachi2024__gemma-4-31b-it__T035__R02.json,data/reasoning_logs/backups/raw_snapshot_20260816/Furutachi2024__gemma-4-31b-it__T035__R02.json,complete,e43ba92d1cc3427775559e32f269c56331f9d7747d0fb036a259a02af7ff9b47,hpc_ag_table
backups,Furutachi2024,content/reviewer_robustness_2026/backups/raw_snapshot_20260816/Furutachi2024__gemma-4-31b-it__T035__R03.json,data/reasoning_logs/backups/raw_snapshot_20260816/Furutachi2024__gemma-4-31b-it__T035__R03.json,complete,1cc272e2976f37d92a5c450e55c20ad5ba74b055100cdb1672d5e537b136c6ad,hpc_ag_table
backups,Furutachi2024,content/reviewer_robustness_2026/backups/raw_snapshot_20260816/Furutachi2024__gemma-4-31b-it__T070__R01.json,data/reasoning_logs/backups/raw_snapshot_20260816/Furutachi2024__gemma-4-31b-it__T070__R01.json,complete,bf5d7162c20d1ace7c5c6c151f5adfdd33023883b26febe955ce79cb01c824cd,hpc_ag_table
backups,Furutachi2024,content/reviewer_robustness_2026/backups/raw_snapshot_20260816/Furutachi2024__gemma-4-31b-it__T070__R02.json,data/reasoning_logs/backups/raw_snapshot_20260816/Furutachi2024__gemma-4-31b-it__T070__R02.json,complete,10b42101afc6d90f200f022f7facf8855eb9f9f16dcf784e8bc806f6f4e569ee,hpc_ag_table
backups,Furutachi2024,content/reviewer_robustness_2026/backups/raw_snapshot_20260816/Furutachi2024__gemma-4-31b-it__T070__R03.json,data/reasoning_logs/backups/raw_snapshot_20260816/Furutachi2024__gemma-4-31b-it__T070__R03.json,complete,b7cc20db0745dd47dbddcd562e3709edcd2d2c3767277bb80a713fc841dec7dd,hpc_ag_table
backups,Furutachi2024,content/reviewer_robustness_2026/backups/raw_snapshot_20260816/Furutachi2024__phi-4-reasoning-plus__T000__R01.json,data/reasoning_logs/backups/raw_snapshot_20260816/Furutachi2024__phi-4-reasoning-plus__T000__R01.json,complete,7a9f8f83f461f90119384da5f9f47efdcf57b14597a9bfc1ae83d539dd27203d,hpc_ag_table
backups,Furutachi2024,content/reviewer_robustness_2026/backups/raw_snapshot_20260816/Furutachi2024__phi-4-reasoning-plus__T000__R02.json,data/reasoning_logs/backups/raw_snapshot_20260816/Furutachi2024__phi-4-reasoning-plus__T000__R02.json,complete,4193a3bf8c6cce29f58162ab78915caba6b8f28d6fb88a251ce852bb9be64102,hpc_ag_table
backups,Furutachi2024,content/reviewer_robustness_2026/backups/raw_snapshot_20260816/Furutachi2024__phi-4-reasoning-plus__T000__R03.json,data/reasoning_logs/backups/raw_snapshot_20260816/Furutachi2024__phi-4-reasoning-plus__T000__R03.json,complete,1855486026e8280099cb112fa192fbdc754cb2939d37b43c4c3839f15aefb46c,hpc_ag_table
backups,Furutachi2024,content/reviewer_robustness_2026/backups/raw_snapshot_20260816/Furutachi2024__phi-4-reasoning-plus__T035__R01.json,data/reasoning_logs/backups/raw_snapshot_20260816/Furutachi2024__phi-4-reasoning-plus__T035__R01.json,complete,c1b71513fa0fdb25ca41cf0403a62bcd781ff70fa58fe930a8fa697f9f692096,hpc_ag_table
backups,Furutachi2024,content/reviewer_robustness_2026/backups/raw_snapshot_20260816/Furutachi2024__phi-4-reasoning-plus__T035__R02.json,data/reasoning_logs/backups/raw_snapshot_20260816/Furutachi2024__phi-4-reasoning-plus__T035__R02.json,complete,5ea801f6fab67baebc6de7d212fe1340029b34839ebade6fc0a28a0938c531d1,hpc_ag_table
backups,Furutachi2024,content/reviewer_robustness_2026/backups/raw_snapshot_20260816/Furutachi2024__phi-4-reasoning-plus__T035__R03.json,data/reasoning_logs/backups/raw_snapshot_20260816/Furutachi2024__phi-4-reasoning-plus__T035__R03.json,complete,8b54d06ffd0ce66852d58ecb6e352db4bacce9f77ba36219c4611eb0fc9b5004,hpc_ag_table
backups,Furutachi2024,content/reviewer_robustness_2026/backups/raw_snapshot_20260816/Furutachi2024__phi-4-reasoning-plus__T070__R01.json,data/reasoning_logs/backups/raw_snapshot_20260816/Furutachi2024__phi-4-reasoning-plus__T070__R01.json,complete,616bb14ee802cbfff7efe244e3c5c4c7e9e98c0f5fb19162f221d4d7659491ba,hpc_ag_table
backups,Furutachi2024,content/reviewer_robustness_2026/backups/raw_snapshot_20260816/Furutachi2024__phi-4-reasoning-plus__T070__R02.json,data/reasoning_logs/backups/raw_snapshot_20260816/Furutachi2024__phi-4-reasoning-plus__T070__R02.json,complete,fe003057a76ffaf5ab263e3b294d15156d4b4357c95aecf2199233a9e73600f4,hpc_ag_table
backups,Furutachi2024,content/reviewer_robustness_2026/backups/raw_snapshot_20260816/Furutachi2024__phi-4-reasoning-plus__T070__R03.json,data/reasoning_logs/backups/raw_snapshot_20260816/Furutachi2024__phi-4-reasoning-plus__T070__R03.json,complete,b379b052f26c1f8b8163544096a724e4482f2db5267dd24d6756f88c632f72f4,hpc_ag_table
backups,Garret2020,content/reviewer_robustness_2026/backups/raw_snapshot_20260816/Garret2020__gemma-4-31b-it__T000__R01.json,data/reasoning_logs/backups/raw_snapshot_20260816/Garret2020__gemma-4-31b-it__T000__R01.json,complete,d651526530625305880e180dbcc94929cb5f5be1c7d98ca5eaed6f5ee99c3393,hpc_ag_table
backups,Garret2020,content/reviewer_robustness_2026/backups/raw_snapshot_20260816/Garret2020__gemma-4-31b-it__T000__R02.json,data/reasoning_logs/backups/raw_snapshot_20260816/Garret2020__gemma-4-31b-it__T000__R02.json,complete,aa93a79e03c5301a9b628c3034e66a92deb7ab6d63aa0e67a72d41c5f0294fc3,hpc_ag_table
backups,Garret2020,content/reviewer_robustness_2026/backups/raw_snapshot_20260816/Garret2020__gemma-4-31b-it__T000__R03.json,data/reasoning_logs/backups/raw_snapshot_20260816/Garret2020__gemma-4-31b-it__T000__R03.json,complete,aebef76936561c53fa6ad6194594693116822bad9498a52ed43230b430acd3f4,hpc_ag_table
backups,Garret2020,content/reviewer_robustness_2026/backups/raw_snapshot_20260816/Garret2020__gemma-4-31b-it__T035__R01.json,data/reasoning_logs/backups/raw_snapshot_20260816/Garret2020__gemma-4-31b-it__T035__R01.json,complete,916ab89609597a1559c9678ae79434b8e43df15743d1600b53faabe75cff0611,hpc_ag_table
backups,Garret2020,content/reviewer_robustness_2026/backups/raw_snapshot_20260816/Garret2020__gemma-4-31b-it__T035__R02.json,data/reasoning_logs/backups/raw_snapshot_20260816/Garret2020__gemma-4-31b-it__T035__R02.json,complete,b8e838a5de7be6c279528154fbddf01872c1101a282a650661aaa17303c4a958,hpc_ag_table
backups,Garret2020,content/reviewer_robustness_2026/backups/raw_snapshot_20260816/Garret2020__gemma-4-31b-it__T035__R03.json,data/reasoning_logs/backups/raw_snapshot_20260816/Garret2020__gemma-4-31b-it__T035__R03.json,complete,a766491ab2073e32628c3aa848fd9a63f108d6941a42523ecd5545f2d56830ab,hpc_ag_table
backups,Garret2020,content/reviewer_robustness_2026/backups/raw_snapshot_20260816/Garret2020__gemma-4-31b-it__T070__R01.json,data/reasoning_logs/backups/raw_snapshot_20260816/Garret2020__gemma-4-31b-it__T070__R01.json,complete,b3a4d574d8bccd3b4b5c0d90ffa9b47b9b82c77f1d1abb0a329c501e831aa70c,hpc_ag_table
backups,Garret2020,content/reviewer_robustness_2026/backups/raw_snapshot_20260816/Garret2020__gemma-4-31b-it__T070__R02.json,data/reasoning_logs/backups/raw_snapshot_20260816/Garret2020__gemma-4-31b-it__T070__R02.json,complete,8bf6b3ff214fa020950a5c1964e0624e20bcad27438205762a39d9ab14c42345,hpc_ag_table
backups,Garret2020,content/reviewer_robustness_2026/backups/raw_snapshot_20260816/Garret2020__gemma-4-31b-it__T070__R03.json,data/reasoning_logs/backups/raw_snapshot_20260816/Garret2020__gemma-4-31b-it__T070__R03.json,complete,77db31769c90712e29517ea6ae405c653e0f8c74347f83318a690085d85f28dd,hpc_ag_table
backups,Garret2020,content/reviewer_robustness_2026/backups/raw_snapshot_20260816/Garret2020__phi-4-reasoning-plus__T000__R01.json,data/reasoning_logs/backups/raw_snapshot_20260816/Garret2020__phi-4-reasoning-plus__T000__R01.json,complete,b6be2e29176060c967e043d7f2342a3ddc71dcf6e18247619a4a660478a99894,hpc_ag_table
backups,Garret2020,content/reviewer_robustness_2026/backups/raw_snapshot_20260816/Garret2020__phi-4-reasoning-plus__T000__R02.json,data/reasoning_logs/backups/raw_snapshot_20260816/Garret2020__phi-4-reasoning-plus__T000__R02.json,complete,2796fd810d8497572cc7ec7e8537816b4c4ff262eed1359b48c32c0b3eaea2c7,hpc_ag_table
backups,Garret2020,content/reviewer_robustness_2026/backups/raw_snapshot_20260816/Garret2020__phi-4-reasoning-plus__T000__R03.json,data/reasoning_logs/backups/raw_snapshot_20260816/Garret2020__phi-4-reasoning-plus__T000__R03.json,complete,fc3f8fddd4823cd93f9a63e833f946b785278bed69cdb1cb69817b3790213630,hpc_ag_table
backups,Garret2020,content/reviewer_robustness_2026/backups/raw_snapshot_20260816/Garret2020__phi-4-reasoning-plus__T035__R01.json,data/reasoning_logs/backups/raw_snapshot_20260816/Garret2020__phi-4-reasoning-plus__T035__R01.json,complete,f734fac1ac6f6f1eaa1df4343381da9ef35ba08c0873844a64793dff016ec006,hpc_ag_table
backups,Garret2020,content/reviewer_robustness_2026/backups/raw_snapshot_20260816/Garret2020__phi-4-reasoning-plus__T035__R02.json,data/reasoning_logs/backups/raw_snapshot_20260816/Garret2020__phi-4-reasoning-plus__T035__R02.json,complete,5b5a74d6b0b0f8acdba34119cff0896ec143bd58e95551338dde8ac683ff020c,hpc_ag_table
backups,Garret2020,content/reviewer_robustness_2026/backups/raw_snapshot_20260816/Garret2020__phi-4-reasoning-plus__T035__R03.json,data/reasoning_logs/backups/raw_snapshot_20260816/Garret2020__phi-4-reasoning-plus__T035__R03.json,complete,3c3f58a52e9fed0f490d3bd7709a576151609ed9779512f50b5e09fa7ff2f60c,hpc_ag_table
backups,Garret2020,content/reviewer_robustness_2026/backups/raw_snapshot_20260816/Garret2020__phi-4-reasoning-plus__T070__R01.json,data/reasoning_logs/backups/raw_snapshot_20260816/Garret2020__phi-4-reasoning-plus__T070__R01.json,complete,761081904a1dd744a34e119e55826027ada413da20078b7974c68cdb77c42142,hpc_ag_table
backups,Garret2020,content/reviewer_robustness_2026/backups/raw_snapshot_20260816/Garret2020__phi-4-reasoning-plus__T070__R02.json,data/reasoning_logs/backups/raw_snapshot_20260816/Garret2020__phi-4-reasoning-plus__T070__R02.json,complete,9a5e91b4150e558e6e7ba770be504892294ce8aa1af8cbfc13b4898d215abcc9,hpc_ag_table
backups,Garret2020,content/reviewer_robustness_2026/backups/raw_snapshot_20260816/Garret2020__phi-4-reasoning-plus__T070__R03.json,data/reasoning_logs/backups/raw_snapshot_20260816/Garret2020__phi-4-reasoning-plus__T070__R03.json,complete,53ece5b63f87b8471c0bd529da98a015012322f14639dfb9f4e68692be27a3ec,hpc_ag_table
backups,Greedy2022,content/reviewer_robustness_2026/backups/raw_snapshot_20260816/Greedy2022__gemma-4-31b-it__T000__R01.json,data/reasoning_logs/backups/raw_snapshot_20260816/Greedy2022__gemma-4-31b-it__T000__R01.json,complete,185a90b45e95ed4b9ace54efc03bf020ee8ecfabfa226e4466ed7677ab2e93cd,hpc_ag_table
backups,Greedy2022,content/reviewer_robustness_2026/backups/raw_snapshot_20260816/Greedy2022__gemma-4-31b-it__T000__R02.json,data/reasoning_logs/backups/raw_snapshot_20260816/Greedy2022__gemma-4-31b-it__T000__R02.json,complete,35583b97b24278d20457aef06cb53046247f5fbe7504db39526bb62768b03882,hpc_ag_table
backups,Greedy2022,content/reviewer_robustness_2026/backups/raw_snapshot_20260816/Greedy2022__gemma-4-31b-it__T000__R03.json,data/reasoning_logs/backups/raw_snapshot_20260816/Greedy2022__gemma-4-31b-it__T000__R03.json,complete,169798fbb29b0f565f48f21977437bd920b66c228e3b6cd8c78d223d143c7ec8,hpc_ag_table
backups,Greedy2022,content/reviewer_robustness_2026/backups/raw_snapshot_20260816/Greedy2022__gemma-4-31b-it__T035__R01.json,data/reasoning_logs/backups/raw_snapshot_20260816/Greedy2022__gemma-4-31b-it__T035__R01.json,complete,0ffaf5ba687ac4f91ecd98edd871400e694015c23e8322c134752a35e6571721,hpc_ag_table
backups,Greedy2022,content/reviewer_robustness_2026/backups/raw_snapshot_20260816/Greedy2022__gemma-4-31b-it__T035__R02.json,data/reasoning_logs/backups/raw_snapshot_20260816/Greedy2022__gemma-4-31b-it__T035__R02.json,complete,a0a0c6305f1aaab5f2d90fa312b4f07504e262c6b2cdbe6c355ad9e30fc12999,hpc_ag_table
backups,Greedy2022,content/reviewer_robustness_2026/backups/raw_snapshot_20260816/Greedy2022__gemma-4-31b-it__T035__R03.json,data/reasoning_logs/backups/raw_snapshot_20260816/Greedy2022__gemma-4-31b-it__T035__R03.json,complete,b1f2a28144c16b27c35cf379e1be151977b7094a2a6d9be509f284fc2e5e1a1f,hpc_ag_table
backups,Greedy2022,content/reviewer_robustness_2026/backups/raw_snapshot_20260816/Greedy2022__gemma-4-31b-it__T070__R01.json,data/reasoning_logs/backups/raw_snapshot_20260816/Greedy2022__gemma-4-31b-it__T070__R01.json,complete,b4d98c9bc9c4e8897859765a6347f1b87fbe8d4a7faf0c88de7e83f7d3b9bad9,hpc_ag_table
backups,Greedy2022,content/reviewer_robustness_2026/backups/raw_snapshot_20260816/Greedy2022__gemma-4-31b-it__T070__R02.json,data/reasoning_logs/backups/raw_snapshot_20260816/Greedy2022__gemma-4-31b-it__T070__R02.json,complete,22124d86cdb0e32bb0229d93d4bc44d83ad845600412b1f92ede3df01923c07f,hpc_ag_table
backups,Greedy2022,content/reviewer_robustness_2026/backups/raw_snapshot_20260816/Greedy2022__gemma-4-31b-it__T070__R03.json,data/reasoning_logs/backups/raw_snapshot_20260816/Greedy2022__gemma-4-31b-it__T070__R03.json,complete,946fe1f3d33ad96c54910b54fb904e25cc72d544f5673d5c3764152f216e31cf,hpc_ag_table
backups,Greedy2022,content/reviewer_robustness_2026/backups/raw_snapshot_20260816/Greedy2022__phi-4-reasoning-plus__T000__R01.json,data/reasoning_logs/backups/raw_snapshot_20260816/Greedy2022__phi-4-reasoning-plus__T000__R01.json,complete,a3aad939b230db44ce37392c067eaff784244c4c979e6d9021fe7be73bc4a9f9,hpc_ag_table
backups,Greedy2022,content/reviewer_robustness_2026/backups/raw_snapshot_20260816/Greedy2022__phi-4-reasoning-plus__T000__R02.json,data/reasoning_logs/backups/raw_snapshot_20260816/Greedy2022__phi-4-reasoning-plus__T000__R02.json,complete,e11d80f8f38d286c63e701f09c74c93057c1cf30fdaf56a6b5a55f591ede1105,hpc_ag_table
backups,Greedy2022,content/reviewer_robustness_2026/backups/raw_snapshot_20260816/Greedy2022__phi-4-reasoning-plus__T000__R03.json,data/reasoning_logs/backups/raw_snapshot_20260816/Greedy2022__phi-4-reasoning-plus__T000__R03.json,complete,82625b7df1926ddd162a96e331fd8864233552cf9ff367ed30e85f94021fc378,hpc_ag_table
backups,Greedy2022,content/reviewer_robustness_2026/backups/raw_snapshot_20260816/Greedy2022__phi-4-reasoning-plus__T035__R01.json,data/reasoning_logs/backups/raw_snapshot_20260816/Greedy2022__phi-4-reasoning-plus__T035__R01.json,complete,87bc4b7a68377a25b20f094b94bd7a38cad07b2cbd7bac21ec208235b9a1c3e9,hpc_ag_table
backups,Greedy2022,content/reviewer_robustness_2026/backups/raw_snapshot_20260816/Greedy2022__phi-4-reasoning-plus__T035__R02.json,data/reasoning_logs/backups/raw_snapshot_20260816/Greedy2022__phi-4-reasoning-plus__T035__R02.json,complete,332a9e12450b43bf0aeefb71be4abba4cf6dd02de2611c627e9e4eda3c029b1a,hpc_ag_table
backups,Greedy2022,content/reviewer_robustness_2026/backups/raw_snapshot_20260816/Greedy2022__phi-4-reasoning-plus__T035__R03.json,data/reasoning_logs/backups/raw_snapshot_20260816/Greedy2022__phi-4-reasoning-plus__T035__R03.json,complete,21da91d1c3634effc8ab3df1b3aeb3af6c1ab5d26bdaaae5206f702a028a887a,hpc_ag_table
backups,Greedy2022,content/reviewer_robustness_2026/backups/raw_snapshot_20260816/Greedy2022__phi-4-reasoning-plus__T070__R01.json,data/reasoning_logs/backups/raw_snapshot_20260816/Greedy2022__phi-4-reasoning-plus__T070__R01.json,complete,8bc597615ae61fecb9f4e5dba868cdafa2a55164b6a2df6f82e33a07b3560cb8,hpc_ag_table
backups,Greedy2022,content/reviewer_robustness_2026/backups/raw_snapshot_20260816/Greedy2022__phi-4-reasoning-plus__T070__R02.json,data/reasoning_logs/backups/raw_snapshot_20260816/Greedy2022__phi-4-reasoning-plus__T070__R02.json,complete,54459ed643242530acd81e812fd16a9aabff3dea97a8cc5fddd4aee21068ed97,hpc_ag_table
backups,Greedy2022,content/reviewer_robustness_2026/backups/raw_snapshot_20260816/Greedy2022__phi-4-reasoning-plus__T070__R03.json,data/reasoning_logs/backups/raw_snapshot_20260816/Greedy2022__phi-4-reasoning-plus__T070__R03.json,complete,8760d4cc643e4480636daf71d6f6ae475059f93ec67855d562a4a2b246f6b149,hpc_ag_table
backups,Hertag2020,content/reviewer_robustness_2026/backups/raw_snapshot_20260816/Hertag2020__gemma-4-31b-it__T000__R01.json,data/reasoning_logs/backups/raw_snapshot_20260816/Hertag2020__gemma-4-31b-it__T000__R01.json,complete,94bbf1bad535da1b70f9a509183994a8b24f6acc9eb6e14caa05bbbc55af6464,hpc_ag_table
backups,Hertag2020,content/reviewer_robustness_2026/backups/raw_snapshot_20260816/Hertag2020__gemma-4-31b-it__T000__R02.json,data/reasoning_logs/backups/raw_snapshot_20260816/Hertag2020__gemma-4-31b-it__T000__R02.json,complete,992665ddb38877aa879d4d09968c0880d24f3f5c4a4d7ba06d9771e8036036e2,hpc_ag_table
backups,Hertag2020,content/reviewer_robustness_2026/backups/raw_snapshot_20260816/Hertag2020__gemma-4-31b-it__T000__R03.json,data/reasoning_logs/backups/raw_snapshot_20260816/Hertag2020__gemma-4-31b-it__T000__R03.json,complete,768ebc01f16b516f287e02d44dc9ef9e1b9f7437d2c9d88021aa74aa3564a605,hpc_ag_table
backups,Hertag2020,content/reviewer_robustness_2026/backups/raw_snapshot_20260816/Hertag2020__gemma-4-31b-it__T035__R01.json,data/reasoning_logs/backups/raw_snapshot_20260816/Hertag2020__gemma-4-31b-it__T035__R01.json,complete,210a09ba1e57538438a0310dba35dea207fe26868d49ca014947edf1f8c4aca6,hpc_ag_table
backups,Hertag2020,content/reviewer_robustness_2026/backups/raw_snapshot_20260816/Hertag2020__gemma-4-31b-it__T035__R02.json,data/reasoning_logs/backups/raw_snapshot_20260816/Hertag2020__gemma-4-31b-it__T035__R02.json,complete,ca4d679541f93331ec1982f5502837fe82da4d7e50777ac444a01447e22584eb,hpc_ag_table
backups,Hertag2020,content/reviewer_robustness_2026/backups/raw_snapshot_20260816/Hertag2020__gemma-4-31b-it__T035__R03.json,data/reasoning_logs/backups/raw_snapshot_20260816/Hertag2020__gemma-4-31b-it__T035__R03.json,complete,74016e1e5eba914f99db3f060d6c56a4c0278856ddcbb3d2914af41f55fc8bfb,hpc_ag_table
backups,Hertag2020,content/reviewer_robustness_2026/backups/raw_snapshot_20260816/Hertag2020__gemma-4-31b-it__T070__R01.json,data/reasoning_logs/backups/raw_snapshot_20260816/Hertag2020__gemma-4-31b-it__T070__R01.json,complete,7408769a46ab378dbf1b484b6d45a396cab7dfa6182540dfa543bf39b9bb65fa,hpc_ag_table
backups,Hertag2020,content/reviewer_robustness_2026/backups/raw_snapshot_20260816/Hertag2020__gemma-4-31b-it__T070__R02.json,data/reasoning_logs/backups/raw_snapshot_20260816/Hertag2020__gemma-4-31b-it__T070__R02.json,complete,97438f0e99a029cb0540c9ade2b40fe231c38e27f88117c0e5f6225fab56860b,hpc_ag_table
backups,Hertag2020,content/reviewer_robustness_2026/backups/raw_snapshot_20260816/Hertag2020__gemma-4-31b-it__T070__R03.json,data/reasoning_logs/backups/raw_snapshot_20260816/Hertag2020__gemma-4-31b-it__T070__R03.json,complete,661f583a2d76771b645c2c4df1bdb54df890e8bc7897815d7bff2af35e36b5d6,hpc_ag_table
backups,Hertag2020,content/reviewer_robustness_2026/backups/raw_snapshot_20260816/Hertag2020__phi-4-reasoning-plus__T000__R01.json,data/reasoning_logs/backups/raw_snapshot_20260816/Hertag2020__phi-4-reasoning-plus__T000__R01.json,complete,a233d99108ca994ac36a221f74ca5de45a4dfc4761c786791a89fa1f98814a63,hpc_ag_table
backups,Hertag2020,content/reviewer_robustness_2026/backups/raw_snapshot_20260816/Hertag2020__phi-4-reasoning-plus__T000__R02.json,data/reasoning_logs/backups/raw_snapshot_20260816/Hertag2020__phi-4-reasoning-plus__T000__R02.json,complete,c976142d2d5dd1c88e9e0790df75e8271092f8774194dd014c8ee847168eb9b7,hpc_ag_table
backups,Hertag2020,content/reviewer_robustness_2026/backups/raw_snapshot_20260816/Hertag2020__phi-4-reasoning-plus__T000__R03.json,data/reasoning_logs/backups/raw_snapshot_20260816/Hertag2020__phi-4-reasoning-plus__T000__R03.json,complete,303a3ba3b5af11677ea39ed5595b509604b1fd37663b409a2d419efd4e1d1fec,hpc_ag_table
backups,Hertag2020,content/reviewer_robustness_2026/backups/raw_snapshot_20260816/Hertag2020__phi-4-reasoning-plus__T035__R01.json,data/reasoning_logs/backups/raw_snapshot_20260816/Hertag2020__phi-4-reasoning-plus__T035__R01.json,complete,f2e40354fde8c36c9d07e86b67192c9e40e9cd000355138e0f5219f94e649ffa,hpc_ag_table
backups,Hertag2020,content/reviewer_robustness_2026/backups/raw_snapshot_20260816/Hertag2020__phi-4-reasoning-plus__T035__R02.json,data/reasoning_logs/backups/raw_snapshot_20260816/Hertag2020__phi-4-reasoning-plus__T035__R02.json,complete,93b0ab7fd95646fca6974e005f852d431315d0465beeb270161fda6eede737bd,hpc_ag_table
backups,Hertag2020,content/reviewer_robustness_2026/backups/raw_snapshot_20260816/Hertag2020__phi-4-reasoning-plus__T035__R03.json,data/reasoning_logs/backups/raw_snapshot_20260816/Hertag2020__phi-4-reasoning-plus__T035__R03.json,complete,59675fa203b775b324121d36a7cb92044aacb84927fef37a667d6949e32d7513,hpc_ag_table
backups,Hertag2020,content/reviewer_robustness_2026/backups/raw_snapshot_20260816/Hertag2020__phi-4-reasoning-plus__T070__R01.json,data/reasoning_logs/backups/raw_snapshot_20260816/Hertag2020__phi-4-reasoning-plus__T070__R01.json,complete,6711a50e91a73553eda72be4ab8ca7770e7a2763841a06f17735ed3acb83eb5e,hpc_ag_table
backups,Hertag2020,content/reviewer_robustness_2026/backups/raw_snapshot_20260816/Hertag2020__phi-4-reasoning-plus__T070__R02.json,data/reasoning_logs/backups/raw_snapshot_20260816/Hertag2020__phi-4-reasoning-plus__T070__R02.json,complete,e4d8ace32e4e41d4e6fc1d695cb8d3c3eae5661f2dca93359c0fdff1b6867136,hpc_ag_table
backups,Hertag2020,content/reviewer_robustness_2026/backups/raw_snapshot_20260816/Hertag2020__phi-4-reasoning-plus__T070__R03.json,data/reasoning_logs/backups/raw_snapshot_20260816/Hertag2020__phi-4-reasoning-plus__T070__R03.json,complete,f759817f630442d9c2c44d67b035d980af94bc49038e18ac18c091a815bbf3d2,hpc_ag_table
backups,Jiang&Rao2024,content/reviewer_robustness_2026/backups/raw_snapshot_20260816/Jiang&Rao2024__gemma-4-31b-it__T000__R01.json,data/reasoning_logs/backups/raw_snapshot_20260816/Jiang&Rao2024__gemma-4-31b-it__T000__R01.json,complete,0678e0fb3acc81dc5182c1ca8fc9b2be95a64e1741dc6ea9b874e1d8c59a852a,hpc_ag_table
backups,Jiang&Rao2024,content/reviewer_robustness_2026/backups/raw_snapshot_20260816/Jiang&Rao2024__gemma-4-31b-it__T000__R02.json,data/reasoning_logs/backups/raw_snapshot_20260816/Jiang&Rao2024__gemma-4-31b-it__T000__R02.json,complete,1ede267f63663ba2207839e26f6ebf2513050cb87b9d0f1f6eaf5ed039abc70c,hpc_ag_table
backups,Jiang&Rao2024,content/reviewer_robustness_2026/backups/raw_snapshot_20260816/Jiang&Rao2024__gemma-4-31b-it__T000__R03.json,data/reasoning_logs/backups/raw_snapshot_20260816/Jiang&Rao2024__gemma-4-31b-it__T000__R03.json,complete,e5670df627dec75f8c9c5a8fd8b51ee9b768e3096524d2159526c90a5b6fd87b,hpc_ag_table
backups,Jiang&Rao2024,content/reviewer_robustness_2026/backups/raw_snapshot_20260816/Jiang&Rao2024__gemma-4-31b-it__T035__R01.json,data/reasoning_logs/backups/raw_snapshot_20260816/Jiang&Rao2024__gemma-4-31b-it__T035__R01.json,complete,30f3f2325ece82678ff484ae7c808d5ae4de3111c924244a7b89eb9a5c9ce431,hpc_ag_table
backups,Jiang&Rao2024,content/reviewer_robustness_2026/backups/raw_snapshot_20260816/Jiang&Rao2024__gemma-4-31b-it__T035__R02.json,data/reasoning_logs/backups/raw_snapshot_20260816/Jiang&Rao2024__gemma-4-31b-it__T035__R02.json,complete,4ed5ce9b27e700e96de58ae6dda108a481dfb14dae3bb57843343261bd402e4d,hpc_ag_table
backups,Jiang&Rao2024,content/reviewer_robustness_2026/backups/raw_snapshot_20260816/Jiang&Rao2024__gemma-4-31b-it__T035__R03.json,data/reasoning_logs/backups/raw_snapshot_20260816/Jiang&Rao2024__gemma-4-31b-it__T035__R03.json,complete,a27b73b431fbf8f55261868e8e7f5820e1d63d790d523a662ced5ae4cab9df05,hpc_ag_table
backups,Jiang&Rao2024,content/reviewer_robustness_2026/backups/raw_snapshot_20260816/Jiang&Rao2024__gemma-4-31b-it__T070__R01.json,data/reasoning_logs/backups/raw_snapshot_20260816/Jiang&Rao2024__gemma-4-31b-it__T070__R01.json,complete,451dbdd762d2e9581b5f68d127ba71804b485290a3e0cd192621c632cb08c07e,hpc_ag_table
backups,Jiang&Rao2024,content/reviewer_robustness_2026/backups/raw_snapshot_20260816/Jiang&Rao2024__gemma-4-31b-it__T070__R02.json,data/reasoning_logs/backups/raw_snapshot_20260816/Jiang&Rao2024__gemma-4-31b-it__T070__R02.json,complete,46a8223506cf72896dc2eec3d002e38ad90a301a738f8493f6f8f6bef7845724,hpc_ag_table
backups,Jiang&Rao2024,content/reviewer_robustness_2026/backups/raw_snapshot_20260816/Jiang&Rao2024__gemma-4-31b-it__T070__R03.json,data/reasoning_logs/backups/raw_snapshot_20260816/Jiang&Rao2024__gemma-4-31b-it__T070__R03.json,complete,002ca7324903cfccbe77727dd3272065d32d8f158621444bc8a4c3dc0c9a3d87,hpc_ag_table
backups,Jiang&Rao2024,content/reviewer_robustness_2026/backups/raw_snapshot_20260816/Jiang&Rao2024__phi-4-reasoning-plus__T000__R01.json,data/reasoning_logs/backups/raw_snapshot_20260816/Jiang&Rao2024__phi-4-reasoning-plus__T000__R01.json,complete,48dff926c3f875b9912cff5b6e40b73c519cee16d35ceaa044fc59936b1a8561,hpc_ag_table
backups,Jiang&Rao2024,content/reviewer_robustness_2026/backups/raw_snapshot_20260816/Jiang&Rao2024__phi-4-reasoning-plus__T000__R02.json,data/reasoning_logs/backups/raw_snapshot_20260816/Jiang&Rao2024__phi-4-reasoning-plus__T000__R02.json,complete,1e37d175028e773e8f67513a7a497609fdd5fb430ee0ec0f2c543aff01d1d6cf,hpc_ag_table
backups,Jiang&Rao2024,content/reviewer_robustness_2026/backups/raw_snapshot_20260816/Jiang&Rao2024__phi-4-reasoning-plus__T000__R03.json,data/reasoning_logs/backups/raw_snapshot_20260816/Jiang&Rao2024__phi-4-reasoning-plus__T000__R03.json,complete,6efddff3ff78975b2f97605e8502437bf22e1333383eed514163d50f6846ebd8,hpc_ag_table
backups,Jiang&Rao2024,content/reviewer_robustness_2026/backups/raw_snapshot_20260816/Jiang&Rao2024__phi-4-reasoning-plus__T035__R01.json,data/reasoning_logs/backups/raw_snapshot_20260816/Jiang&Rao2024__phi-4-reasoning-plus__T035__R01.json,complete,d55ea0c1143c4a2daa06dd00a031c6d19f0d691fde9b63509b919474e02f38b6,hpc_ag_table
backups,Jiang&Rao2024,content/reviewer_robustness_2026/backups/raw_snapshot_20260816/Jiang&Rao2024__phi-4-reasoning-plus__T035__R02.json,data/reasoning_logs/backups/raw_snapshot_20260816/Jiang&Rao2024__phi-4-reasoning-plus__T035__R02.json,complete,321e0e32bf8b440024886207585f1a5af0d3728476d02f59cadf24e417ce4d91,hpc_ag_table
backups,Jiang&Rao2024,content/reviewer_robustness_2026/backups/raw_snapshot_20260816/Jiang&Rao2024__phi-4-reasoning-plus__T035__R03.json,data/reasoning_logs/backups/raw_snapshot_20260816/Jiang&Rao2024__phi-4-reasoning-plus__T035__R03.json,complete,6c2d59638b605c55a79fbbe3ea4a1cca29ed9fdb4a5809a890f8a70f69a6f99f,hpc_ag_table
backups,Jiang&Rao2024,content/reviewer_robustness_2026/backups/raw_snapshot_20260816/Jiang&Rao2024__phi-4-reasoning-plus__T070__R01.json,data/reasoning_logs/backups/raw_snapshot_20260816/Jiang&Rao2024__phi-4-reasoning-plus__T070__R01.json,complete,5f478a48b52ecf14edce52624d015974edb3721dc4af5eb3062fb2d50e10a698,hpc_ag_table
backups,Jiang&Rao2024,content/reviewer_robustness_2026/backups/raw_snapshot_20260816/Jiang&Rao2024__phi-4-reasoning-plus__T070__R02.json,data/reasoning_logs/backups/raw_snapshot_20260816/Jiang&Rao2024__phi-4-reasoning-plus__T070__R02.json,complete,3f50a3e9066cf33e74c1b19534cbe5de9a3fee46a09eee291895141ebbfab652,hpc_ag_table
backups,Jiang&Rao2024,content/reviewer_robustness_2026/backups/raw_snapshot_20260816/Jiang&Rao2024__phi-4-reasoning-plus__T070__R03.json,data/reasoning_logs/backups/raw_snapshot_20260816/Jiang&Rao2024__phi-4-reasoning-plus__T070__R03.json,complete,47e1084137f099e5ac8883a51e45a98e2c2bda594b17b05c7b8d374a52fd7a5d,hpc_ag_table
backups,Keller2012,content/reviewer_robustness_2026/backups/raw_snapshot_20260816/Keller2012__gemma-4-31b-it__T000__R01.json,data/reasoning_logs/backups/raw_snapshot_20260816/Keller2012__gemma-4-31b-it__T000__R01.json,complete,22f3cceae0107d5552e69befc35da1fe66832456b37b4c7811a086e3bb48a621,hpc_ag_table
backups,Keller2012,content/reviewer_robustness_2026/backups/raw_snapshot_20260816/Keller2012__gemma-4-31b-it__T000__R02.json,data/reasoning_logs/backups/raw_snapshot_20260816/Keller2012__gemma-4-31b-it__T000__R02.json,complete,00f2d7aa074a080d34fbc4faa78ce93c3112db019aa6f7a6c1512d87bc00193a,hpc_ag_table
backups,Keller2012,content/reviewer_robustness_2026/backups/raw_snapshot_20260816/Keller2012__gemma-4-31b-it__T000__R03.json,data/reasoning_logs/backups/raw_snapshot_20260816/Keller2012__gemma-4-31b-it__T000__R03.json,complete,8aff572fa41d1799b72fcf96740c95d1ea6caa67c8d729c8f0c9275c7a714149,hpc_ag_table
backups,Keller2012,content/reviewer_robustness_2026/backups/raw_snapshot_20260816/Keller2012__gemma-4-31b-it__T035__R01.json,data/reasoning_logs/backups/raw_snapshot_20260816/Keller2012__gemma-4-31b-it__T035__R01.json,complete,54d3087dbda7a2e3a0636d6aaf5bbb5851477531c276246c93e2af496a7ab6ef,hpc_ag_table
backups,Keller2012,content/reviewer_robustness_2026/backups/raw_snapshot_20260816/Keller2012__gemma-4-31b-it__T035__R02.json,data/reasoning_logs/backups/raw_snapshot_20260816/Keller2012__gemma-4-31b-it__T035__R02.json,complete,2bac0ee5f664253b9ad1782b4381afc4b12518ed7a2a285a6b924ed6e196acc5,hpc_ag_table
backups,Keller2012,content/reviewer_robustness_2026/backups/raw_snapshot_20260816/Keller2012__gemma-4-31b-it__T035__R03.json,data/reasoning_logs/backups/raw_snapshot_20260816/Keller2012__gemma-4-31b-it__T035__R03.json,complete,fc845b6b6b0017d661ad129f6544caa98c8fa8c1eadf79cd862bc53533baf0bb,hpc_ag_table
backups,Keller2012,content/reviewer_robustness_2026/backups/raw_snapshot_20260816/Keller2012__gemma-4-31b-it__T070__R01.json,data/reasoning_logs/backups/raw_snapshot_20260816/Keller2012__gemma-4-31b-it__T070__R01.json,complete,5bee8ce0341d52df76d12966f9e82c9a318b6b14c6d0a7f426335d5299973964,hpc_ag_table
backups,Keller2012,content/reviewer_robustness_2026/backups/raw_snapshot_20260816/Keller2012__gemma-4-31b-it__T070__R02.json,data/reasoning_logs/backups/raw_snapshot_20260816/Keller2012__gemma-4-31b-it__T070__R02.json,complete,be16e3e8d5ddb5d87ce9acb3a7fd0cd86a78b6a84d0f5ee9fe014c4e6956db2f,hpc_ag_table
backups,Keller2012,content/reviewer_robustness_2026/backups/raw_snapshot_20260816/Keller2012__gemma-4-31b-it__T070__R03.json,data/reasoning_logs/backups/raw_snapshot_20260816/Keller2012__gemma-4-31b-it__T070__R03.json,complete,82aa4b6d192645332426ca750009f7af65b25ef4d990e5407d5f7200d5d6bf44,hpc_ag_table
backups,Keller2012,content/reviewer_robustness_2026/backups/raw_snapshot_20260816/Keller2012__phi-4-reasoning-plus__T000__R01.json,data/reasoning_logs/backups/raw_snapshot_20260816/Keller2012__phi-4-reasoning-plus__T000__R01.json,complete,4241e678cdacd8336a4c5a37b59635c69e76e725ab2862284ca3eb8d956b49ed,hpc_ag_table
backups,Keller2012,content/reviewer_robustness_2026/backups/raw_snapshot_20260816/Keller2012__phi-4-reasoning-plus__T000__R02.json,data/reasoning_logs/backups/raw_snapshot_20260816/Keller2012__phi-4-reasoning-plus__T000__R02.json,complete,ec7acbabcc3d702115431aca016914b61d177cd9b4504a5f0b9f2ff67c974a21,hpc_ag_table
backups,Keller2012,content/reviewer_robustness_2026/backups/raw_snapshot_20260816/Keller2012__phi-4-reasoning-plus__T000__R03.json,data/reasoning_logs/backups/raw_snapshot_20260816/Keller2012__phi-4-reasoning-plus__T000__R03.json,complete,fd43e509f585c830d55145107775bb0aaa3c21abcb6261cf74fdaa6dd6a748e3,hpc_ag_table
backups,Keller2012,content/reviewer_robustness_2026/backups/raw_snapshot_20260816/Keller2012__phi-4-reasoning-plus__T035__R01.json,data/reasoning_logs/backups/raw_snapshot_20260816/Keller2012__phi-4-reasoning-plus__T035__R01.json,complete,947cabb2621468b4c746b8af7b1444f004fbf0634e2d0f4dcfe9d652d278ab0c,hpc_ag_table
backups,Keller2012,content/reviewer_robustness_2026/backups/raw_snapshot_20260816/Keller2012__phi-4-reasoning-plus__T035__R02.json,data/reasoning_logs/backups/raw_snapshot_20260816/Keller2012__phi-4-reasoning-plus__T035__R02.json,complete,153dad4478bcc0d61c30ff757d1f821df35e3db41fc7d27d70798ccee2c7d4be,hpc_ag_table
backups,Keller2012,content/reviewer_robustness_2026/backups/raw_snapshot_20260816/Keller2012__phi-4-reasoning-plus__T035__R03.json,data/reasoning_logs/backups/raw_snapshot_20260816/Keller2012__phi-4-reasoning-plus__T035__R03.json,complete,9621834006004d44163458effc8a82fd0bbb3782720b29c0c91f79d1fe17061d,hpc_ag_table
backups,Keller2012,content/reviewer_robustness_2026/backups/raw_snapshot_20260816/Keller2012__phi-4-reasoning-plus__T070__R01.json,data/reasoning_logs/backups/raw_snapshot_20260816/Keller2012__phi-4-reasoning-plus__T070__R01.json,complete,9dfc71ba8efa22988ad3352a7214b9e5dbd7edd57220e45d7e1e6ed79689b96f,hpc_ag_table
backups,Keller2012,content/reviewer_robustness_2026/backups/raw_snapshot_20260816/Keller2012__phi-4-reasoning-plus__T070__R02.json,data/reasoning_logs/backups/raw_snapshot_20260816/Keller2012__phi-4-reasoning-plus__T070__R02.json,complete,7a2a4e27ae028705f196508294bbffda25b3b648982011db03443d152a6a7312,hpc_ag_table
backups,Keller2012,content/reviewer_robustness_2026/backups/raw_snapshot_20260816/Keller2012__phi-4-reasoning-plus__T070__R03.json,data/reasoning_logs/backups/raw_snapshot_20260816/Keller2012__phi-4-reasoning-plus__T070__R03.json,complete,7248786b724ec56fbbd46b415764a1a6e751e23e3c01f9bff08c22de570da899,hpc_ag_table
backups,Keller2018,content/reviewer_robustness_2026/backups/raw_snapshot_20260816/Keller2018__gemma-4-31b-it__T000__R01.json,data/reasoning_logs/backups/raw_snapshot_20260816/Keller2018__gemma-4-31b-it__T000__R01.json,complete,0292eaa74fe3073b47c3071f6d177dba0c2ffebfa9b996d1c1760c16e8f85329,hpc_ag_table
backups,Keller2018,content/reviewer_robustness_2026/backups/raw_snapshot_20260816/Keller2018__gemma-4-31b-it__T000__R02.json,data/reasoning_logs/backups/raw_snapshot_20260816/Keller2018__gemma-4-31b-it__T000__R02.json,complete,29886fda0709dd612276c4775b4a3707cb0728a7c4276b5de454e964702bc661,hpc_ag_table
backups,Keller2018,content/reviewer_robustness_2026/backups/raw_snapshot_20260816/Keller2018__gemma-4-31b-it__T000__R03.json,data/reasoning_logs/backups/raw_snapshot_20260816/Keller2018__gemma-4-31b-it__T000__R03.json,complete,799127752415d9a1fd3d7af98d41c4069c7b74072fbf6f4fb15fb4715d235e2f,hpc_ag_table
backups,Keller2018,content/reviewer_robustness_2026/backups/raw_snapshot_20260816/Keller2018__gemma-4-31b-it__T035__R01.json,data/reasoning_logs/backups/raw_snapshot_20260816/Keller2018__gemma-4-31b-it__T035__R01.json,complete,b55502265a96fd62b4b536bf66d95388ab7e29bf875d458e4b1f248e03a49888,hpc_ag_table
backups,Keller2018,content/reviewer_robustness_2026/backups/raw_snapshot_20260816/Keller2018__gemma-4-31b-it__T035__R02.json,data/reasoning_logs/backups/raw_snapshot_20260816/Keller2018__gemma-4-31b-it__T035__R02.json,complete,62c0d62d3f3a84da6bfb110005a103651038fc2aa9f48ce377cca78e3303e959,hpc_ag_table
backups,Keller2018,content/reviewer_robustness_2026/backups/raw_snapshot_20260816/Keller2018__gemma-4-31b-it__T035__R03.json,data/reasoning_logs/backups/raw_snapshot_20260816/Keller2018__gemma-4-31b-it__T035__R03.json,complete,8e5c32b441dcff211075a38ce70a7d5a756f139f498907ce31244fe28987940e,hpc_ag_table
backups,Keller2018,content/reviewer_robustness_2026/backups/raw_snapshot_20260816/Keller2018__gemma-4-31b-it__T070__R01.json,data/reasoning_logs/backups/raw_snapshot_20260816/Keller2018__gemma-4-31b-it__T070__R01.json,complete,4f631d1ee4c86ab417d90731ea4f1685ab99993d1fde60c28feed71950a2a0ff,hpc_ag_table
backups,Keller2018,content/reviewer_robustness_2026/backups/raw_snapshot_20260816/Keller2018__gemma-4-31b-it__T070__R02.json,data/reasoning_logs/backups/raw_snapshot_20260816/Keller2018__gemma-4-31b-it__T070__R02.json,complete,0b0513989818335e15768d175e25024c9d7e0606ff044032f0af4c5769954515,hpc_ag_table
backups,Keller2018,content/reviewer_robustness_2026/backups/raw_snapshot_20260816/Keller2018__gemma-4-31b-it__T070__R03.json,data/reasoning_logs/backups/raw_snapshot_20260816/Keller2018__gemma-4-31b-it__T070__R03.json,complete,4036d7e393052d753dc6c08ba1dd3557f900810ab2404289fc844a4f39455a48,hpc_ag_table
backups,Keller2018,content/reviewer_robustness_2026/backups/raw_snapshot_20260816/Keller2018__phi-4-reasoning-plus__T000__R01.json,data/reasoning_logs/backups/raw_snapshot_20260816/Keller2018__phi-4-reasoning-plus__T000__R01.json,complete,99306541c444e80f677b7712bce14caef690c39c57f9412d0725ac552a033759,hpc_ag_table
backups,Keller2018,content/reviewer_robustness_2026/backups/raw_snapshot_20260816/Keller2018__phi-4-reasoning-plus__T000__R02.json,data/reasoning_logs/backups/raw_snapshot_20260816/Keller2018__phi-4-reasoning-plus__T000__R02.json,complete,55bfc2b80b152f4fafc8ba37f3c704f8c592a17b6bafa337e7fbd2e080574abe,hpc_ag_table
backups,Keller2018,content/reviewer_robustness_2026/backups/raw_snapshot_20260816/Keller2018__phi-4-reasoning-plus__T000__R03.json,data/reasoning_logs/backups/raw_snapshot_20260816/Keller2018__phi-4-reasoning-plus__T000__R03.json,complete,2079b080b82537a7b434d605cd9a99397048bd0f42824ec629fde3de06614a6f,hpc_ag_table
backups,Keller2018,content/reviewer_robustness_2026/backups/raw_snapshot_20260816/Keller2018__phi-4-reasoning-plus__T035__R01.json,data/reasoning_logs/backups/raw_snapshot_20260816/Keller2018__phi-4-reasoning-plus__T035__R01.json,complete,0c3ee0e5e023ea32005a2f61dac9c406e656099d029e20e32df9a490ad8d4220,hpc_ag_table
backups,Keller2018,content/reviewer_robustness_2026/backups/raw_snapshot_20260816/Keller2018__phi-4-reasoning-plus__T035__R02.json,data/reasoning_logs/backups/raw_snapshot_20260816/Keller2018__phi-4-reasoning-plus__T035__R02.json,complete,60ae1e45dd7d59a64172578e1fbe3f2d62cfefdc70f27d7819664a239e615b75,hpc_ag_table
backups,Keller2018,content/reviewer_robustness_2026/backups/raw_snapshot_20260816/Keller2018__phi-4-reasoning-plus__T035__R03.json,data/reasoning_logs/backups/raw_snapshot_20260816/Keller2018__phi-4-reasoning-plus__T035__R03.json,complete,03ba9466d8fda708489c6197e42924344a2f6ef5726bd3045dfd51cb61a28698,hpc_ag_table
backups,Keller2018,content/reviewer_robustness_2026/backups/raw_snapshot_20260816/Keller2018__phi-4-reasoning-plus__T070__R01.json,data/reasoning_logs/backups/raw_snapshot_20260816/Keller2018__phi-4-reasoning-plus__T070__R01.json,complete,674028b7cb20ae0412f198c89776d46f80e210ef9418f3761bbafebf113e409e,hpc_ag_table
backups,Keller2018,content/reviewer_robustness_2026/backups/raw_snapshot_20260816/Keller2018__phi-4-reasoning-plus__T070__R02.json,data/reasoning_logs/backups/raw_snapshot_20260816/Keller2018__phi-4-reasoning-plus__T070__R02.json,complete,a297017d0198b5650d4dd15bac5e10032b60297c8ba3f167bbfd4b94884b9d10,hpc_ag_table
backups,Keller2018,content/reviewer_robustness_2026/backups/raw_snapshot_20260816/Keller2018__phi-4-reasoning-plus__T070__R03.json,data/reasoning_logs/backups/raw_snapshot_20260816/Keller2018__phi-4-reasoning-plus__T070__R03.json,complete,0aebc740cfa0a7f03e1b86ab8ec3c9e8f29c47b9c03a4d687ae87aafc01244d9,hpc_ag_table
backups,Kiebel2008,content/reviewer_robustness_2026/backups/raw_snapshot_20260816/Kiebel2008__gemma-4-31b-it__T000__R01.json,data/reasoning_logs/backups/raw_snapshot_20260816/Kiebel2008__gemma-4-31b-it__T000__R01.json,complete,74a2f19a02f767d8f0dc6999c4b76b2ab4d8b90fd42965e305f3b02198d5e080,hpc_ag_table
backups,Kiebel2008,content/reviewer_robustness_2026/backups/raw_snapshot_20260816/Kiebel2008__gemma-4-31b-it__T000__R02.json,data/reasoning_logs/backups/raw_snapshot_20260816/Kiebel2008__gemma-4-31b-it__T000__R02.json,complete,97a6cdebcaa6a9239e22423fd0fc3520963bc51ceb06ef2b511b3eb589d4c657,hpc_ag_table
backups,Kiebel2008,content/reviewer_robustness_2026/backups/raw_snapshot_20260816/Kiebel2008__gemma-4-31b-it__T000__R03.json,data/reasoning_logs/backups/raw_snapshot_20260816/Kiebel2008__gemma-4-31b-it__T000__R03.json,complete,090b67431429cba119cd2d4ab90d819246e2c2e32a2a19e7bb13d47f33fa9f3e,hpc_ag_table
backups,Kiebel2008,content/reviewer_robustness_2026/backups/raw_snapshot_20260816/Kiebel2008__gemma-4-31b-it__T035__R01.json,data/reasoning_logs/backups/raw_snapshot_20260816/Kiebel2008__gemma-4-31b-it__T035__R01.json,complete,5c28b8750539b3736e252e72485e62d0276ee957730ba78ba7c2132e1dbd8f45,hpc_ag_table
backups,Kiebel2008,content/reviewer_robustness_2026/backups/raw_snapshot_20260816/Kiebel2008__gemma-4-31b-it__T035__R02.json,data/reasoning_logs/backups/raw_snapshot_20260816/Kiebel2008__gemma-4-31b-it__T035__R02.json,complete,730e56519be1ce30b5c13c59dbc10e81aaa04dc67bb22b6709b5277d06d707de,hpc_ag_table
backups,Kiebel2008,content/reviewer_robustness_2026/backups/raw_snapshot_20260816/Kiebel2008__gemma-4-31b-it__T035__R03.json,data/reasoning_logs/backups/raw_snapshot_20260816/Kiebel2008__gemma-4-31b-it__T035__R03.json,complete,909bca829c5c02c0fc3ba548b1a968599b7f2e235b304a3c863ec7ccb187088f,hpc_ag_table
backups,Kiebel2008,content/reviewer_robustness_2026/backups/raw_snapshot_20260816/Kiebel2008__gemma-4-31b-it__T070__R01.json,data/reasoning_logs/backups/raw_snapshot_20260816/Kiebel2008__gemma-4-31b-it__T070__R01.json,complete,984405910ef28acbec01fd2b4898dcf632fdb6f7cc21e9fa448897ce77680d64,hpc_ag_table
backups,Kiebel2008,content/reviewer_robustness_2026/backups/raw_snapshot_20260816/Kiebel2008__gemma-4-31b-it__T070__R02.json,data/reasoning_logs/backups/raw_snapshot_20260816/Kiebel2008__gemma-4-31b-it__T070__R02.json,complete,c0a5c0597aa59a1e5a6c3ae2ce9dac66ef7ed3f9d92a55dc28ff5f0dc267569e,hpc_ag_table
backups,Kiebel2008,content/reviewer_robustness_2026/backups/raw_snapshot_20260816/Kiebel2008__gemma-4-31b-it__T070__R03.json,data/reasoning_logs/backups/raw_snapshot_20260816/Kiebel2008__gemma-4-31b-it__T070__R03.json,complete,b628be1bdfe8bc9d394a401ddfad7138e172d4b1bc194544404db4f3cfd0356d,hpc_ag_table
backups,Kiebel2008,content/reviewer_robustness_2026/backups/raw_snapshot_20260816/Kiebel2008__phi-4-reasoning-plus__T000__R01.json,data/reasoning_logs/backups/raw_snapshot_20260816/Kiebel2008__phi-4-reasoning-plus__T000__R01.json,complete,c083159fd4c12278c353589f733d195c2830fc8ce5f26c8fb35e90178d74183b,hpc_ag_table
backups,Kiebel2008,content/reviewer_robustness_2026/backups/raw_snapshot_20260816/Kiebel2008__phi-4-reasoning-plus__T000__R02.json,data/reasoning_logs/backups/raw_snapshot_20260816/Kiebel2008__phi-4-reasoning-plus__T000__R02.json,complete,77bd91cf8f3ff3d75419d98262a5195104a7835f23334782399811c17338e478,hpc_ag_table
backups,Kiebel2008,content/reviewer_robustness_2026/backups/raw_snapshot_20260816/Kiebel2008__phi-4-reasoning-plus__T000__R03.json,data/reasoning_logs/backups/raw_snapshot_20260816/Kiebel2008__phi-4-reasoning-plus__T000__R03.json,complete,2e1113d57a79b85fa1ca98c9da26241b3681979220c011bbd2f70c41f6c77446,hpc_ag_table
backups,Kiebel2008,content/reviewer_robustness_2026/backups/raw_snapshot_20260816/Kiebel2008__phi-4-reasoning-plus__T035__R01.json,data/reasoning_logs/backups/raw_snapshot_20260816/Kiebel2008__phi-4-reasoning-plus__T035__R01.json,complete,3b24a8da340101a9d82eacd1ee0cbd7cc486079179c5fa44828cca0f0cb67800,hpc_ag_table
backups,Kiebel2008,content/reviewer_robustness_2026/backups/raw_snapshot_20260816/Kiebel2008__phi-4-reasoning-plus__T035__R02.json,data/reasoning_logs/backups/raw_snapshot_20260816/Kiebel2008__phi-4-reasoning-plus__T035__R02.json,complete,fc726942df7969b01a7bbbf9992dc844b22d3cdd34c256fd45a3a341ee91c38f,hpc_ag_table
backups,Kiebel2008,content/reviewer_robustness_2026/backups/raw_snapshot_20260816/Kiebel2008__phi-4-reasoning-plus__T035__R03.json,data/reasoning_logs/backups/raw_snapshot_20260816/Kiebel2008__phi-4-reasoning-plus__T035__R03.json,complete,adaf40a6591e1ce16978f1a7fe346ed3abf4f6851b23e98f6f7632541aa4a9c8,hpc_ag_table
backups,Kiebel2008,content/reviewer_robustness_2026/backups/raw_snapshot_20260816/Kiebel2008__phi-4-reasoning-plus__T070__R01.json,data/reasoning_logs/backups/raw_snapshot_20260816/Kiebel2008__phi-4-reasoning-plus__T070__R01.json,complete,1622c667c4715387f94fcad0f75202d4deff6b68795533c75bb584a9d31a6655,hpc_ag_table
backups,Kiebel2008,content/reviewer_robustness_2026/backups/raw_snapshot_20260816/Kiebel2008__phi-4-reasoning-plus__T070__R02.json,data/reasoning_logs/backups/raw_snapshot_20260816/Kiebel2008__phi-4-reasoning-plus__T070__R02.json,complete,a4718a8078a198ef048492f121648b6a8db03272b639ffa39783406693aeb9dd,hpc_ag_table
backups,Kiebel2008,content/reviewer_robustness_2026/backups/raw_snapshot_20260816/Kiebel2008__phi-4-reasoning-plus__T070__R03.json,data/reasoning_logs/backups/raw_snapshot_20260816/Kiebel2008__phi-4-reasoning-plus__T070__R03.json,complete,3c822429953cd1a0478e7f88ac69fa7949b6e60f10caaa026cc6a1813efcf580,hpc_ag_table
backups,LaoRodriguez2023,content/reviewer_robustness_2026/backups/raw_snapshot_20260816/LaoRodriguez2023__gemma-4-31b-it__T000__R01.json,data/reasoning_logs/backups/raw_snapshot_20260816/LaoRodriguez2023__gemma-4-31b-it__T000__R01.json,complete,553e87e4e5b9ed6c06097d1818aea454abd2e4d31b52e3e2b29cb3389148ead2,hpc_ag_table
backups,LaoRodriguez2023,content/reviewer_robustness_2026/backups/raw_snapshot_20260816/LaoRodriguez2023__gemma-4-31b-it__T000__R02.json,data/reasoning_logs/backups/raw_snapshot_20260816/LaoRodriguez2023__gemma-4-31b-it__T000__R02.json,complete,b8b36a695327cfc2ff26eedfd2963febda902e370d694f22ce1df77b9b7375e2,hpc_ag_table
backups,LaoRodriguez2023,content/reviewer_robustness_2026/backups/raw_snapshot_20260816/LaoRodriguez2023__gemma-4-31b-it__T000__R03.json,data/reasoning_logs/backups/raw_snapshot_20260816/LaoRodriguez2023__gemma-4-31b-it__T000__R03.json,complete,80da9d955fb60b4193a8a3d96e2e0428fba6672b3fdc9729bb6b999b4ee2e328,hpc_ag_table
backups,LaoRodriguez2023,content/reviewer_robustness_2026/backups/raw_snapshot_20260816/LaoRodriguez2023__gemma-4-31b-it__T035__R01.json,data/reasoning_logs/backups/raw_snapshot_20260816/LaoRodriguez2023__gemma-4-31b-it__T035__R01.json,complete,2251d52da4449781ecc0d6dad0f206bd4579cf120a74096ec9525a14c9d2f2ac,hpc_ag_table
backups,LaoRodriguez2023,content/reviewer_robustness_2026/backups/raw_snapshot_20260816/LaoRodriguez2023__gemma-4-31b-it__T035__R02.json,data/reasoning_logs/backups/raw_snapshot_20260816/LaoRodriguez2023__gemma-4-31b-it__T035__R02.json,complete,3d1ee5e94371a1c121ae479df2def927da35375aca3eb99e3edd75e522fb0473,hpc_ag_table
backups,LaoRodriguez2023,content/reviewer_robustness_2026/backups/raw_snapshot_20260816/LaoRodriguez2023__gemma-4-31b-it__T035__R03.json,data/reasoning_logs/backups/raw_snapshot_20260816/LaoRodriguez2023__gemma-4-31b-it__T035__R03.json,complete,52c4a195e2567280be7db92bab9938ccb1067d642a1a59a5d4c1bdd17b20af93,hpc_ag_table
backups,LaoRodriguez2023,content/reviewer_robustness_2026/backups/raw_snapshot_20260816/LaoRodriguez2023__gemma-4-31b-it__T070__R01.json,data/reasoning_logs/backups/raw_snapshot_20260816/LaoRodriguez2023__gemma-4-31b-it__T070__R01.json,complete,69d6a8f1360bf07f943e9866a3c2c19631a9ab33188dbea685a658bdbbf9862d,hpc_ag_table
backups,LaoRodriguez2023,content/reviewer_robustness_2026/backups/raw_snapshot_20260816/LaoRodriguez2023__gemma-4-31b-it__T070__R02.json,data/reasoning_logs/backups/raw_snapshot_20260816/LaoRodriguez2023__gemma-4-31b-it__T070__R02.json,complete,131d3235993dc4c898f542da99e8975dca24a916e0f26cbfccd5546a9b3fa927,hpc_ag_table
backups,LaoRodriguez2023,content/reviewer_robustness_2026/backups/raw_snapshot_20260816/LaoRodriguez2023__gemma-4-31b-it__T070__R03.json,data/reasoning_logs/backups/raw_snapshot_20260816/LaoRodriguez2023__gemma-4-31b-it__T070__R03.json,complete,7cde18b2ef269da98917d99053d2cb7cab02cc1057e6fc87dcb7627af6ad3da4,hpc_ag_table
backups,LaoRodriguez2023,content/reviewer_robustness_2026/backups/raw_snapshot_20260816/LaoRodriguez2023__phi-4-reasoning-plus__T000__R01.json,data/reasoning_logs/backups/raw_snapshot_20260816/LaoRodriguez2023__phi-4-reasoning-plus__T000__R01.json,complete,31686daf506808acb68a8773d6caab8eddd62f1f6d5614670ba053490d5b8b77,hpc_ag_table
backups,LaoRodriguez2023,content/reviewer_robustness_2026/backups/raw_snapshot_20260816/LaoRodriguez2023__phi-4-reasoning-plus__T000__R02.json,data/reasoning_logs/backups/raw_snapshot_20260816/LaoRodriguez2023__phi-4-reasoning-plus__T000__R02.json,complete,015f394092fc7fc2b07b6359e217c3a492fd7f574c3318459f88857efa28380a,hpc_ag_table
backups,LaoRodriguez2023,content/reviewer_robustness_2026/backups/raw_snapshot_20260816/LaoRodriguez2023__phi-4-reasoning-plus__T000__R03.json,data/reasoning_logs/backups/raw_snapshot_20260816/LaoRodriguez2023__phi-4-reasoning-plus__T000__R03.json,complete,de81fbefaa9998f39b49c3489b84c89d3acb354cd6957a7f279ea9eaafd21390,hpc_ag_table
backups,LaoRodriguez2023,content/reviewer_robustness_2026/backups/raw_snapshot_20260816/LaoRodriguez2023__phi-4-reasoning-plus__T035__R01.json,data/reasoning_logs/backups/raw_snapshot_20260816/LaoRodriguez2023__phi-4-reasoning-plus__T035__R01.json,complete,2474b727fe669b77dbaa5fa64a31192d4c70fe5d8995e245a3a185bb5e0cd540,hpc_ag_table
backups,LaoRodriguez2023,content/reviewer_robustness_2026/backups/raw_snapshot_20260816/LaoRodriguez2023__phi-4-reasoning-plus__T035__R02.json,data/reasoning_logs/backups/raw_snapshot_20260816/LaoRodriguez2023__phi-4-reasoning-plus__T035__R02.json,complete,5ecb9b29b7bdb9474ed7ee11f4bd2141ef32d143d03168b9cbf2bbc725f9c50b,hpc_ag_table
backups,LaoRodriguez2023,content/reviewer_robustness_2026/backups/raw_snapshot_20260816/LaoRodriguez2023__phi-4-reasoning-plus__T035__R03.json,data/reasoning_logs/backups/raw_snapshot_20260816/LaoRodriguez2023__phi-4-reasoning-plus__T035__R03.json,complete,0f5d7163e139e6c1618a0db23264c3cf5fd3b5588055f6114624d911b7ed1cbb,hpc_ag_table
backups,LaoRodriguez2023,content/reviewer_robustness_2026/backups/raw_snapshot_20260816/LaoRodriguez2023__phi-4-reasoning-plus__T070__R01.json,data/reasoning_logs/backups/raw_snapshot_20260816/LaoRodriguez2023__phi-4-reasoning-plus__T070__R01.json,complete,fb1d8abe186389f8b1649ab64a0ac9f360944aa9e1302c695d26b6771e96542e,hpc_ag_table
backups,LaoRodriguez2023,content/reviewer_robustness_2026/backups/raw_snapshot_20260816/LaoRodriguez2023__phi-4-reasoning-plus__T070__R02.json,data/reasoning_logs/backups/raw_snapshot_20260816/LaoRodriguez2023__phi-4-reasoning-plus__T070__R02.json,complete,a9182e03f2c656489dd56e3e6cc4521356bec74f4b0579c94b7aae28108f749d,hpc_ag_table
backups,LaoRodriguez2023,content/reviewer_robustness_2026/backups/raw_snapshot_20260816/LaoRodriguez2023__phi-4-reasoning-plus__T070__R03.json,data/reasoning_logs/backups/raw_snapshot_20260816/LaoRodriguez2023__phi-4-reasoning-plus__T070__R03.json,complete,ceaaaab7d15081bef88c06d2e2fe6ce51d1904e8c61155237bdd228fc043a4f3,hpc_ag_table
backups,LeeMejias2025,content/reviewer_robustness_2026/backups/raw_snapshot_20260816/LeeMejias2025__gemma-4-31b-it__T000__R01.json,data/reasoning_logs/backups/raw_snapshot_20260816/LeeMejias2025__gemma-4-31b-it__T000__R01.json,complete,3350d8c261979ce23e0bc058a07a05ed8ca751b1cdca726b8aa570138a3ff4a1,hpc_ag_table
backups,LeeMejias2025,content/reviewer_robustness_2026/backups/raw_snapshot_20260816/LeeMejias2025__gemma-4-31b-it__T000__R02.json,data/reasoning_logs/backups/raw_snapshot_20260816/LeeMejias2025__gemma-4-31b-it__T000__R02.json,complete,08faac473eed77f18c6fbaf30f016b312dd0db8233d5fc3736e88d428ad587d8,hpc_ag_table
backups,LeeMejias2025,content/reviewer_robustness_2026/backups/raw_snapshot_20260816/LeeMejias2025__gemma-4-31b-it__T000__R03.json,data/reasoning_logs/backups/raw_snapshot_20260816/LeeMejias2025__gemma-4-31b-it__T000__R03.json,complete,f36d0a87f821e48656270c7484e1ecd8912e2649ea2c47f7eab161b4decb0910,hpc_ag_table
backups,LeeMejias2025,content/reviewer_robustness_2026/backups/raw_snapshot_20260816/LeeMejias2025__gemma-4-31b-it__T035__R01.json,data/reasoning_logs/backups/raw_snapshot_20260816/LeeMejias2025__gemma-4-31b-it__T035__R01.json,complete,51d0b7e91099d229898b385013444ff0d998a3f2ead8e42283abd65df4df0775,hpc_ag_table
backups,LeeMejias2025,content/reviewer_robustness_2026/backups/raw_snapshot_20260816/LeeMejias2025__gemma-4-31b-it__T035__R02.json,data/reasoning_logs/backups/raw_snapshot_20260816/LeeMejias2025__gemma-4-31b-it__T035__R02.json,complete,9e0e915f9575de4e9da8039811de8c6403ca0ee09d4a940760ef9ce469add4f4,hpc_ag_table
backups,LeeMejias2025,content/reviewer_robustness_2026/backups/raw_snapshot_20260816/LeeMejias2025__gemma-4-31b-it__T035__R03.json,data/reasoning_logs/backups/raw_snapshot_20260816/LeeMejias2025__gemma-4-31b-it__T035__R03.json,complete,d908c272c94f09f33ca0c10d4bf5ca9f3c0d07475965bb48d97285306485ecee,hpc_ag_table
backups,LeeMejias2025,content/reviewer_robustness_2026/backups/raw_snapshot_20260816/LeeMejias2025__gemma-4-31b-it__T070__R01.json,data/reasoning_logs/backups/raw_snapshot_20260816/LeeMejias2025__gemma-4-31b-it__T070__R01.json,complete,d55358967a09e8878b2ad440705a594a680ebac1f5f8f5c29cb9e1a407650833,hpc_ag_table
backups,LeeMejias2025,content/reviewer_robustness_2026/backups/raw_snapshot_20260816/LeeMejias2025__gemma-4-31b-it__T070__R02.json,data/reasoning_logs/backups/raw_snapshot_20260816/LeeMejias2025__gemma-4-31b-it__T070__R02.json,complete,5d8faeb0c5c14b0fbd5f8aa8f882d005b0836f0c25aefdf9b8c8f46a6e1ad958,hpc_ag_table
backups,LeeMejias2025,content/reviewer_robustness_2026/backups/raw_snapshot_20260816/LeeMejias2025__gemma-4-31b-it__T070__R03.json,data/reasoning_logs/backups/raw_snapshot_20260816/LeeMejias2025__gemma-4-31b-it__T070__R03.json,complete,b24b331e453f6c5c5a6e8e54650ef9db09a24d1b1acb03167d7d7c2c055ef40c,hpc_ag_table
backups,LeeMejias2025,content/reviewer_robustness_2026/backups/raw_snapshot_20260816/LeeMejias2025__phi-4-reasoning-plus__T000__R01.json,data/reasoning_logs/backups/raw_snapshot_20260816/LeeMejias2025__phi-4-reasoning-plus__T000__R01.json,complete,9efffc5463f572885c5c42cac3d18e143abd5d41fbe9107ac6359f9b30547157,hpc_ag_table
backups,LeeMejias2025,content/reviewer_robustness_2026/backups/raw_snapshot_20260816/LeeMejias2025__phi-4-reasoning-plus__T000__R02.json,data/reasoning_logs/backups/raw_snapshot_20260816/LeeMejias2025__phi-4-reasoning-plus__T000__R02.json,complete,45f650671e2832a8e254fc7ec1255b28db7bdb82bad611183b61613fe31c121b,hpc_ag_table
backups,LeeMejias2025,content/reviewer_robustness_2026/backups/raw_snapshot_20260816/LeeMejias2025__phi-4-reasoning-plus__T000__R03.json,data/reasoning_logs/backups/raw_snapshot_20260816/LeeMejias2025__phi-4-reasoning-plus__T000__R03.json,complete,827d3550aa8188f810fa002238f73164706744ece07a040e438b790849dda017,hpc_ag_table
backups,LeeMejias2025,content/reviewer_robustness_2026/backups/raw_snapshot_20260816/LeeMejias2025__phi-4-reasoning-plus__T035__R01.json,data/reasoning_logs/backups/raw_snapshot_20260816/LeeMejias2025__phi-4-reasoning-plus__T035__R01.json,complete,401c5ad5f0300de8338693bbb6dcdf488f3bf48855fbda607b24d8446be67c13,hpc_ag_table
backups,LeeMejias2025,content/reviewer_robustness_2026/backups/raw_snapshot_20260816/LeeMejias2025__phi-4-reasoning-plus__T035__R02.json,data/reasoning_logs/backups/raw_snapshot_20260816/LeeMejias2025__phi-4-reasoning-plus__T035__R02.json,complete,ed4da6885a2b59bd924ecbc29268caa0913a30a8a21785fd67b442cdb26d6f9a,hpc_ag_table
backups,LeeMejias2025,content/reviewer_robustness_2026/backups/raw_snapshot_20260816/LeeMejias2025__phi-4-reasoning-plus__T035__R03.json,data/reasoning_logs/backups/raw_snapshot_20260816/LeeMejias2025__phi-4-reasoning-plus__T035__R03.json,complete,39734c04ac85d296ec35765528917a7c528124ed0f2fb699ac9f0291853504cd,hpc_ag_table
backups,LeeMejias2025,content/reviewer_robustness_2026/backups/raw_snapshot_20260816/LeeMejias2025__phi-4-reasoning-plus__T070__R01.json,data/reasoning_logs/backups/raw_snapshot_20260816/LeeMejias2025__phi-4-reasoning-plus__T070__R01.json,complete,91b1bae6de94b05f4095ea4632bd47f37a23a10c44b30419297c039a7ffb9c39,hpc_ag_table
backups,LeeMejias2025,content/reviewer_robustness_2026/backups/raw_snapshot_20260816/LeeMejias2025__phi-4-reasoning-plus__T070__R02.json,data/reasoning_logs/backups/raw_snapshot_20260816/LeeMejias2025__phi-4-reasoning-plus__T070__R02.json,complete,302c1bdf779fe07721406cd0558c85913257474c48f86c8d2833f53a09d74c67,hpc_ag_table
backups,LeeMejias2025,content/reviewer_robustness_2026/backups/raw_snapshot_20260816/LeeMejias2025__phi-4-reasoning-plus__T070__R03.json,data/reasoning_logs/backups/raw_snapshot_20260816/LeeMejias2025__phi-4-reasoning-plus__T070__R03.json,complete,a4efcef786cc2e599ed41deab076e000d18ab968524a2d0f046e074b6dc45028,hpc_ag_table
backups,Mikulasch2023,content/reviewer_robustness_2026/backups/raw_snapshot_20260816/Mikulasch2023__gemma-4-31b-it__T000__R01.json,data/reasoning_logs/backups/raw_snapshot_20260816/Mikulasch2023__gemma-4-31b-it__T000__R01.json,complete,369a1d3aa0c499f94148482aa06006f566a4ff5c16a9645cb7ad8ef64c7f6a4f,hpc_ag_table
backups,Mikulasch2023,content/reviewer_robustness_2026/backups/raw_snapshot_20260816/Mikulasch2023__gemma-4-31b-it__T000__R02.json,data/reasoning_logs/backups/raw_snapshot_20260816/Mikulasch2023__gemma-4-31b-it__T000__R02.json,complete,f22371b85097d47ed52a7c09e136f5962ee397cbf8423e8ea0ab6e36eed6e176,hpc_ag_table
backups,Mikulasch2023,content/reviewer_robustness_2026/backups/raw_snapshot_20260816/Mikulasch2023__gemma-4-31b-it__T000__R03.json,data/reasoning_logs/backups/raw_snapshot_20260816/Mikulasch2023__gemma-4-31b-it__T000__R03.json,complete,fe07198fb87026020658f14b67bd4a097ddb3d2a7da4f9437b9112feaa27d8a6,hpc_ag_table
backups,Mikulasch2023,content/reviewer_robustness_2026/backups/raw_snapshot_20260816/Mikulasch2023__gemma-4-31b-it__T035__R01.json,data/reasoning_logs/backups/raw_snapshot_20260816/Mikulasch2023__gemma-4-31b-it__T035__R01.json,complete,fa3c71a3cd0d73ac2ea286e873b430083d03911ff93a23988189b1898e59cc7b,hpc_ag_table
backups,Mikulasch2023,content/reviewer_robustness_2026/backups/raw_snapshot_20260816/Mikulasch2023__gemma-4-31b-it__T035__R02.json,data/reasoning_logs/backups/raw_snapshot_20260816/Mikulasch2023__gemma-4-31b-it__T035__R02.json,complete,3c9e7a44f6448bc83a2b7a81a0f2af4e56d86ebbc400945241aef0f4539c24b8,hpc_ag_table
backups,Mikulasch2023,content/reviewer_robustness_2026/backups/raw_snapshot_20260816/Mikulasch2023__gemma-4-31b-it__T035__R03.json,data/reasoning_logs/backups/raw_snapshot_20260816/Mikulasch2023__gemma-4-31b-it__T035__R03.json,complete,f30505455bf5d3886771037ff586c7c8dd646198f8958d4fbc58c7bc3b451cf0,hpc_ag_table
backups,Mikulasch2023,content/reviewer_robustness_2026/backups/raw_snapshot_20260816/Mikulasch2023__gemma-4-31b-it__T070__R01.json,data/reasoning_logs/backups/raw_snapshot_20260816/Mikulasch2023__gemma-4-31b-it__T070__R01.json,complete,0a1b8ad74e80084fe70599d5f2a96080985ab4d2dd56bc8bfa1e4b03e9b12028,hpc_ag_table
backups,Mikulasch2023,content/reviewer_robustness_2026/backups/raw_snapshot_20260816/Mikulasch2023__gemma-4-31b-it__T070__R02.json,data/reasoning_logs/backups/raw_snapshot_20260816/Mikulasch2023__gemma-4-31b-it__T070__R02.json,complete,8a0a46794f305dde233d5a99c0954148349c0a146f31e3398a7606a87519e9d6,hpc_ag_table
backups,Mikulasch2023,content/reviewer_robustness_2026/backups/raw_snapshot_20260816/Mikulasch2023__gemma-4-31b-it__T070__R03.json,data/reasoning_logs/backups/raw_snapshot_20260816/Mikulasch2023__gemma-4-31b-it__T070__R03.json,complete,e892a1f77b7d64825e77c90d09d0c29c48c0c93c6c2d1481d64df9debeec92a9,hpc_ag_table
backups,Mikulasch2023,content/reviewer_robustness_2026/backups/raw_snapshot_20260816/Mikulasch2023__phi-4-reasoning-plus__T000__R01.json,data/reasoning_logs/backups/raw_snapshot_20260816/Mikulasch2023__phi-4-reasoning-plus__T000__R01.json,complete,9235f06c2a71bb814b0ccbfc7b033ccdc46ac8b710da070d09307222b6f688d9,hpc_ag_table
backups,Mikulasch2023,content/reviewer_robustness_2026/backups/raw_snapshot_20260816/Mikulasch2023__phi-4-reasoning-plus__T000__R02.json,data/reasoning_logs/backups/raw_snapshot_20260816/Mikulasch2023__phi-4-reasoning-plus__T000__R02.json,complete,ab9cd8b3ecd23ec1de8e173a5ce3964ffa8d0e94a316896a4d3a3696a29fdaef,hpc_ag_table
backups,Mikulasch2023,content/reviewer_robustness_2026/backups/raw_snapshot_20260816/Mikulasch2023__phi-4-reasoning-plus__T000__R03.json,data/reasoning_logs/backups/raw_snapshot_20260816/Mikulasch2023__phi-4-reasoning-plus__T000__R03.json,complete,473b8d1d3d45776e793335ec521d8974830d63afa915e477a6715ac9c9dbff76,hpc_ag_table
backups,Mikulasch2023,content/reviewer_robustness_2026/backups/raw_snapshot_20260816/Mikulasch2023__phi-4-reasoning-plus__T035__R01.json,data/reasoning_logs/backups/raw_snapshot_20260816/Mikulasch2023__phi-4-reasoning-plus__T035__R01.json,complete,751224d0d87710f2a7731b39e2ce7589edb63f08d5fceaa029f96afd9af29a0d,hpc_ag_table
backups,Mikulasch2023,content/reviewer_robustness_2026/backups/raw_snapshot_20260816/Mikulasch2023__phi-4-reasoning-plus__T035__R02.json,data/reasoning_logs/backups/raw_snapshot_20260816/Mikulasch2023__phi-4-reasoning-plus__T035__R02.json,complete,d72554216d4a0d002b4bd7a3438b4cf384d94046cf8c49ff6bc6f52627ede3ab,hpc_ag_table
backups,Mikulasch2023,content/reviewer_robustness_2026/backups/raw_snapshot_20260816/Mikulasch2023__phi-4-reasoning-plus__T035__R03.json,data/reasoning_logs/backups/raw_snapshot_20260816/Mikulasch2023__phi-4-reasoning-plus__T035__R03.json,complete,fd903b973db8848c25f9e391fbbd0903942c7d4af61b62e00050caae048668dc,hpc_ag_table
backups,Mikulasch2023,content/reviewer_robustness_2026/backups/raw_snapshot_20260816/Mikulasch2023__phi-4-reasoning-plus__T070__R01.json,data/reasoning_logs/backups/raw_snapshot_20260816/Mikulasch2023__phi-4-reasoning-plus__T070__R01.json,complete,ba8e893e65f0fcc3e7aab031aac94707acd419ea2bfe7c4236c7506092dff426,hpc_ag_table
backups,Mikulasch2023,content/reviewer_robustness_2026/backups/raw_snapshot_20260816/Mikulasch2023__phi-4-reasoning-plus__T070__R02.json,data/reasoning_logs/backups/raw_snapshot_20260816/Mikulasch2023__phi-4-reasoning-plus__T070__R02.json,complete,fb5de07d3375bcce81d6721a72cf7e66ea3661c80e25f81d7514a9667ddbf4d4,hpc_ag_table
backups,Mikulasch2023,content/reviewer_robustness_2026/backups/raw_snapshot_20260816/Mikulasch2023__phi-4-reasoning-plus__T070__R03.json,data/reasoning_logs/backups/raw_snapshot_20260816/Mikulasch2023__phi-4-reasoning-plus__T070__R03.json,complete,2db5cd9a374233f4fcf8a07dea5b4c8a8662f2954ba17c96dcb931c62f5cb4c9,hpc_ag_table
backups,Nejad2025,content/reviewer_robustness_2026/backups/raw_snapshot_20260816/Nejad2025__gemma-4-31b-it__T000__R01.json,data/reasoning_logs/backups/raw_snapshot_20260816/Nejad2025__gemma-4-31b-it__T000__R01.json,complete,562b23910922ca44380fc53d472ac6f91f9aa8110028c305086c01daaf223524,hpc_ag_table
backups,Nejad2025,content/reviewer_robustness_2026/backups/raw_snapshot_20260816/Nejad2025__gemma-4-31b-it__T000__R02.json,data/reasoning_logs/backups/raw_snapshot_20260816/Nejad2025__gemma-4-31b-it__T000__R02.json,complete,d1054c5fb344416cb1577602582ee0f5efd66a2575989d95a4a7e9c9fd637d52,hpc_ag_table
backups,Nejad2025,content/reviewer_robustness_2026/backups/raw_snapshot_20260816/Nejad2025__gemma-4-31b-it__T000__R03.json,data/reasoning_logs/backups/raw_snapshot_20260816/Nejad2025__gemma-4-31b-it__T000__R03.json,complete,e83d4dfc69326f54df79028d022e703569b0f35314c6dc719cd66e5935e6dc10,hpc_ag_table
backups,Nejad2025,content/reviewer_robustness_2026/backups/raw_snapshot_20260816/Nejad2025__gemma-4-31b-it__T035__R01.json,data/reasoning_logs/backups/raw_snapshot_20260816/Nejad2025__gemma-4-31b-it__T035__R01.json,complete,4146725060c6316aac94a503a984498564cd2c7d78781fb069a6d6e3ace1e47d,hpc_ag_table
backups,Nejad2025,content/reviewer_robustness_2026/backups/raw_snapshot_20260816/Nejad2025__gemma-4-31b-it__T035__R02.json,data/reasoning_logs/backups/raw_snapshot_20260816/Nejad2025__gemma-4-31b-it__T035__R02.json,complete,e9e8158f52684057812ec43f216ff6927955dc47058f0ac2e108c1400f4336ba,hpc_ag_table
backups,Nejad2025,content/reviewer_robustness_2026/backups/raw_snapshot_20260816/Nejad2025__gemma-4-31b-it__T035__R03.json,data/reasoning_logs/backups/raw_snapshot_20260816/Nejad2025__gemma-4-31b-it__T035__R03.json,complete,12f19a4d6ef687e9c2156a710162557f269d4286d87f58a7889c0a7b54fb0dc5,hpc_ag_table
backups,Nejad2025,content/reviewer_robustness_2026/backups/raw_snapshot_20260816/Nejad2025__gemma-4-31b-it__T070__R01.json,data/reasoning_logs/backups/raw_snapshot_20260816/Nejad2025__gemma-4-31b-it__T070__R01.json,complete,5a7b854d85b6d174a68ae109547c412207afcd7f1db7ab20bffb63013d472b11,hpc_ag_table
backups,Nejad2025,content/reviewer_robustness_2026/backups/raw_snapshot_20260816/Nejad2025__gemma-4-31b-it__T070__R02.json,data/reasoning_logs/backups/raw_snapshot_20260816/Nejad2025__gemma-4-31b-it__T070__R02.json,complete,e08eddc726d999658dc495afd0a14826b46ba5485bd00ce62e6dd90989b23c29,hpc_ag_table
backups,Nejad2025,content/reviewer_robustness_2026/backups/raw_snapshot_20260816/Nejad2025__gemma-4-31b-it__T070__R03.json,data/reasoning_logs/backups/raw_snapshot_20260816/Nejad2025__gemma-4-31b-it__T070__R03.json,complete,0b37b39b2309784f948189c353808b99ad5a7de57ab336623e6d2797818e08a2,hpc_ag_table
backups,Nejad2025,content/reviewer_robustness_2026/backups/raw_snapshot_20260816/Nejad2025__phi-4-reasoning-plus__T000__R01.json,data/reasoning_logs/backups/raw_snapshot_20260816/Nejad2025__phi-4-reasoning-plus__T000__R01.json,complete,43ab3b18a293401835ff5bc6d3f57095327a39b51dccc25e0edcd84e67f467b3,hpc_ag_table
backups,Nejad2025,content/reviewer_robustness_2026/backups/raw_snapshot_20260816/Nejad2025__phi-4-reasoning-plus__T000__R02.json,data/reasoning_logs/backups/raw_snapshot_20260816/Nejad2025__phi-4-reasoning-plus__T000__R02.json,complete,acaa52d3ed4f86918778f7b9eeb4b51acf6f66d6ec9b6f568c804f758bb8fdec,hpc_ag_table
backups,Nejad2025,content/reviewer_robustness_2026/backups/raw_snapshot_20260816/Nejad2025__phi-4-reasoning-plus__T000__R03.json,data/reasoning_logs/backups/raw_snapshot_20260816/Nejad2025__phi-4-reasoning-plus__T000__R03.json,complete,377a30c75d5079cea4cf60951e51f46a85d83a992b5935929459bccc89cf4494,hpc_ag_table
backups,Nejad2025,content/reviewer_robustness_2026/backups/raw_snapshot_20260816/Nejad2025__phi-4-reasoning-plus__T035__R01.json,data/reasoning_logs/backups/raw_snapshot_20260816/Nejad2025__phi-4-reasoning-plus__T035__R01.json,complete,b19e4725c180e8a256340e4c40c743c190aeea30e8059edcae5cd43c2f558922,hpc_ag_table
backups,Nejad2025,content/reviewer_robustness_2026/backups/raw_snapshot_20260816/Nejad2025__phi-4-reasoning-plus__T035__R02.json,data/reasoning_logs/backups/raw_snapshot_20260816/Nejad2025__phi-4-reasoning-plus__T035__R02.json,complete,cf518fbfc7a6039ded1283c72b918c8ace837af72b8163bea8846c668b30f73b,hpc_ag_table
backups,Nejad2025,content/reviewer_robustness_2026/backups/raw_snapshot_20260816/Nejad2025__phi-4-reasoning-plus__T035__R03.json,data/reasoning_logs/backups/raw_snapshot_20260816/Nejad2025__phi-4-reasoning-plus__T035__R03.json,complete,de293ee905dec427c0142473980c565a4ec0557a81fc563b6288a957f2d31c9a,hpc_ag_table
backups,Nejad2025,content/reviewer_robustness_2026/backups/raw_snapshot_20260816/Nejad2025__phi-4-reasoning-plus__T070__R01.json,data/reasoning_logs/backups/raw_snapshot_20260816/Nejad2025__phi-4-reasoning-plus__T070__R01.json,complete,760814dd4b8466c9ecd7ea5f8284bb3f577fa855918b69f98af4a6cd49b48a7a,hpc_ag_table
backups,Nejad2025,content/reviewer_robustness_2026/backups/raw_snapshot_20260816/Nejad2025__phi-4-reasoning-plus__T070__R02.json,data/reasoning_logs/backups/raw_snapshot_20260816/Nejad2025__phi-4-reasoning-plus__T070__R02.json,complete,8ac4a85f199eb1e8702a0066ea3d90f56bb7d1c0334e9c3ffe459d624b75c869,hpc_ag_table
backups,Nejad2025,content/reviewer_robustness_2026/backups/raw_snapshot_20260816/Nejad2025__phi-4-reasoning-plus__T070__R03.json,data/reasoning_logs/backups/raw_snapshot_20260816/Nejad2025__phi-4-reasoning-plus__T070__R03.json,complete,efe68bec08b73cbeb7ec537ea8acd1c03ac587426fa38c6232ebd2bb719fe720,hpc_ag_table
backups,Payeur2021,content/reviewer_robustness_2026/backups/raw_snapshot_20260816/Payeur2021__gemma-4-31b-it__T000__R01.json,data/reasoning_logs/backups/raw_snapshot_20260816/Payeur2021__gemma-4-31b-it__T000__R01.json,complete,e27ba4790a89b19929946f352f72dad711a24ac9635815d6faea1a9d200b6ae6,hpc_ag_table
backups,Payeur2021,content/reviewer_robustness_2026/backups/raw_snapshot_20260816/Payeur2021__gemma-4-31b-it__T000__R02.json,data/reasoning_logs/backups/raw_snapshot_20260816/Payeur2021__gemma-4-31b-it__T000__R02.json,complete,54461bf33aa5e801c7a1c711a3e19f10ca6951b3bb726508107c2365cdfc0f2f,hpc_ag_table
backups,Payeur2021,content/reviewer_robustness_2026/backups/raw_snapshot_20260816/Payeur2021__gemma-4-31b-it__T000__R03.json,data/reasoning_logs/backups/raw_snapshot_20260816/Payeur2021__gemma-4-31b-it__T000__R03.json,complete,d846f465ec0465dbf88983b960b0f40db249f18592308f3f85c5b0d6201c754a,hpc_ag_table
backups,Payeur2021,content/reviewer_robustness_2026/backups/raw_snapshot_20260816/Payeur2021__gemma-4-31b-it__T035__R01.json,data/reasoning_logs/backups/raw_snapshot_20260816/Payeur2021__gemma-4-31b-it__T035__R01.json,complete,1904b98b471b69f39cd85a2e4911e23be45864acfd3b9be050cd6d8e4b784248,hpc_ag_table
backups,Payeur2021,content/reviewer_robustness_2026/backups/raw_snapshot_20260816/Payeur2021__gemma-4-31b-it__T035__R02.json,data/reasoning_logs/backups/raw_snapshot_20260816/Payeur2021__gemma-4-31b-it__T035__R02.json,complete,51b5f6c76c72ebc3337a211cba74a520169c0ff37d7bfff096b6b14ce0312f5f,hpc_ag_table
backups,Payeur2021,content/reviewer_robustness_2026/backups/raw_snapshot_20260816/Payeur2021__gemma-4-31b-it__T035__R03.json,data/reasoning_logs/backups/raw_snapshot_20260816/Payeur2021__gemma-4-31b-it__T035__R03.json,complete,93eebbdc302d224cd59db7cff0f5a9724a7c470e2a249cd0ab71dbe09cf001f8,hpc_ag_table
backups,Payeur2021,content/reviewer_robustness_2026/backups/raw_snapshot_20260816/Payeur2021__gemma-4-31b-it__T070__R01.json,data/reasoning_logs/backups/raw_snapshot_20260816/Payeur2021__gemma-4-31b-it__T070__R01.json,complete,e37d9bff18ad4f4ea9def5e6e9e54f762137ea7bebc351f2e847bbe0c8ef227d,hpc_ag_table
backups,Payeur2021,content/reviewer_robustness_2026/backups/raw_snapshot_20260816/Payeur2021__gemma-4-31b-it__T070__R02.json,data/reasoning_logs/backups/raw_snapshot_20260816/Payeur2021__gemma-4-31b-it__T070__R02.json,complete,9ceaca9ee3d4aaee90940785fa952adb482c02a31fab42d5175ef0f22edb1158,hpc_ag_table
backups,Payeur2021,content/reviewer_robustness_2026/backups/raw_snapshot_20260816/Payeur2021__gemma-4-31b-it__T070__R03.json,data/reasoning_logs/backups/raw_snapshot_20260816/Payeur2021__gemma-4-31b-it__T070__R03.json,complete,ace8eab51c4f11f9f455d68426d8637ef6436eba859e85886f49b4d50636126a,hpc_ag_table
backups,Payeur2021,content/reviewer_robustness_2026/backups/raw_snapshot_20260816/Payeur2021__phi-4-reasoning-plus__T000__R01.json,data/reasoning_logs/backups/raw_snapshot_20260816/Payeur2021__phi-4-reasoning-plus__T000__R01.json,complete,15182ad99a3920862dd41731c643f9e5d496fb08b9dd3752f8595379558fe9d4,hpc_ag_table
backups,Payeur2021,content/reviewer_robustness_2026/backups/raw_snapshot_20260816/Payeur2021__phi-4-reasoning-plus__T000__R02.json,data/reasoning_logs/backups/raw_snapshot_20260816/Payeur2021__phi-4-reasoning-plus__T000__R02.json,complete,23099b430e15fc80fdba28595cd8181dc37f073c4d50df3c195ffcdd1eca7305,hpc_ag_table
backups,Payeur2021,content/reviewer_robustness_2026/backups/raw_snapshot_20260816/Payeur2021__phi-4-reasoning-plus__T000__R03.json,data/reasoning_logs/backups/raw_snapshot_20260816/Payeur2021__phi-4-reasoning-plus__T000__R03.json,complete,d1fa773da36f8e9f1333cc92b5178d659fbb385e9df23555aa7e58584e51df7a,hpc_ag_table
backups,Payeur2021,content/reviewer_robustness_2026/backups/raw_snapshot_20260816/Payeur2021__phi-4-reasoning-plus__T035__R01.json,data/reasoning_logs/backups/raw_snapshot_20260816/Payeur2021__phi-4-reasoning-plus__T035__R01.json,complete,14d0937fbde527fbefbf701d78d44327e8b63faac28258e3661b34d58c707192,hpc_ag_table
backups,Payeur2021,content/reviewer_robustness_2026/backups/raw_snapshot_20260816/Payeur2021__phi-4-reasoning-plus__T035__R02.json,data/reasoning_logs/backups/raw_snapshot_20260816/Payeur2021__phi-4-reasoning-plus__T035__R02.json,complete,29061af18e5ce26ac39b6767a02f78c5603687b5e0ec781b16cbaaf3fac451b5,hpc_ag_table
backups,Payeur2021,content/reviewer_robustness_2026/backups/raw_snapshot_20260816/Payeur2021__phi-4-reasoning-plus__T035__R03.json,data/reasoning_logs/backups/raw_snapshot_20260816/Payeur2021__phi-4-reasoning-plus__T035__R03.json,complete,20fdae2793cf8c38bca5ee2e471308b4fb54b78ba45e73f298e0d7c2e3ce1486,hpc_ag_table
backups,Payeur2021,content/reviewer_robustness_2026/backups/raw_snapshot_20260816/Payeur2021__phi-4-reasoning-plus__T070__R01.json,data/reasoning_logs/backups/raw_snapshot_20260816/Payeur2021__phi-4-reasoning-plus__T070__R01.json,complete,267bdb850b8a96e5d9f86df3774c577dfa28744ce33c8bb34100701ce589a525,hpc_ag_table
backups,Payeur2021,content/reviewer_robustness_2026/backups/raw_snapshot_20260816/Payeur2021__phi-4-reasoning-plus__T070__R02.json,data/reasoning_logs/backups/raw_snapshot_20260816/Payeur2021__phi-4-reasoning-plus__T070__R02.json,complete,3a676eb96d012315e2935ec4b7bbf687ed97faf31663e97c1b6e65b5a53c6d6c,hpc_ag_table
backups,Payeur2021,content/reviewer_robustness_2026/backups/raw_snapshot_20260816/Payeur2021__phi-4-reasoning-plus__T070__R03.json,data/reasoning_logs/backups/raw_snapshot_20260816/Payeur2021__phi-4-reasoning-plus__T070__R03.json,complete,4d9c391468ab826ffa9cd476772c74a4a4a01d82296900b225ecfa3e704182bf,hpc_ag_table
backups,Rao&Ballard1999,content/reviewer_robustness_2026/backups/raw_snapshot_20260816/Rao&Ballard1999__gemma-4-31b-it__T000__R01.json,data/reasoning_logs/backups/raw_snapshot_20260816/Rao&Ballard1999__gemma-4-31b-it__T000__R01.json,complete,37d3ac069b1b49dc1b5319c3d3578d7a9c70af20a2811e6df9aa68bccd996e46,hpc_ag_table
backups,Rao&Ballard1999,content/reviewer_robustness_2026/backups/raw_snapshot_20260816/Rao&Ballard1999__gemma-4-31b-it__T000__R02.json,data/reasoning_logs/backups/raw_snapshot_20260816/Rao&Ballard1999__gemma-4-31b-it__T000__R02.json,complete,de4ca61396df8ef48c11290f3bd694edfcc457c861d026adb51e6d1faba48655,hpc_ag_table
backups,Rao&Ballard1999,content/reviewer_robustness_2026/backups/raw_snapshot_20260816/Rao&Ballard1999__gemma-4-31b-it__T000__R03.json,data/reasoning_logs/backups/raw_snapshot_20260816/Rao&Ballard1999__gemma-4-31b-it__T000__R03.json,complete,da36421695e15a105d76b8eb0cc731fbb8c66b7ce9c1eaebe10658187d087463,hpc_ag_table
backups,Rao&Ballard1999,content/reviewer_robustness_2026/backups/raw_snapshot_20260816/Rao&Ballard1999__gemma-4-31b-it__T035__R01.json,data/reasoning_logs/backups/raw_snapshot_20260816/Rao&Ballard1999__gemma-4-31b-it__T035__R01.json,complete,9a0c6bd758e27c23bb2941c89313bcdc4b417c6a7af207dfdba6f26de6c67dde,hpc_ag_table
backups,Rao&Ballard1999,content/reviewer_robustness_2026/backups/raw_snapshot_20260816/Rao&Ballard1999__gemma-4-31b-it__T035__R02.json,data/reasoning_logs/backups/raw_snapshot_20260816/Rao&Ballard1999__gemma-4-31b-it__T035__R02.json,complete,fe13b8b5f72d3ee70de93848a69e8e19f87ccd7c5f59088a03fa182903d3a2e6,hpc_ag_table
backups,Rao&Ballard1999,content/reviewer_robustness_2026/backups/raw_snapshot_20260816/Rao&Ballard1999__gemma-4-31b-it__T035__R03.json,data/reasoning_logs/backups/raw_snapshot_20260816/Rao&Ballard1999__gemma-4-31b-it__T035__R03.json,complete,64bf4b57eee42a96da0b084e13ea3e28ad5f04b04a3db0da5664611da0622af4,hpc_ag_table
backups,Rao&Ballard1999,content/reviewer_robustness_2026/backups/raw_snapshot_20260816/Rao&Ballard1999__gemma-4-31b-it__T070__R01.json,data/reasoning_logs/backups/raw_snapshot_20260816/Rao&Ballard1999__gemma-4-31b-it__T070__R01.json,complete,29252ff9e16003085abb95ec6af34592df3a9e0abcde6dd23e859594c421a237,hpc_ag_table
backups,Rao&Ballard1999,content/reviewer_robustness_2026/backups/raw_snapshot_20260816/Rao&Ballard1999__gemma-4-31b-it__T070__R02.json,data/reasoning_logs/backups/raw_snapshot_20260816/Rao&Ballard1999__gemma-4-31b-it__T070__R02.json,complete,4d1acbac9004d4c4a52dbe73d85d16402d638b0e6eb742c96609ca933be7d445,hpc_ag_table
backups,Rao&Ballard1999,content/reviewer_robustness_2026/backups/raw_snapshot_20260816/Rao&Ballard1999__gemma-4-31b-it__T070__R03.json,data/reasoning_logs/backups/raw_snapshot_20260816/Rao&Ballard1999__gemma-4-31b-it__T070__R03.json,complete,4f0db13ca2c5b4cec5d5cd08af53350066017202fe88db968d5c0b7a2402d074,hpc_ag_table
backups,Rao&Ballard1999,content/reviewer_robustness_2026/backups/raw_snapshot_20260816/Rao&Ballard1999__phi-4-reasoning-plus__T000__R01.json,data/reasoning_logs/backups/raw_snapshot_20260816/Rao&Ballard1999__phi-4-reasoning-plus__T000__R01.json,complete,15c918d5ff557bc79b5bdf9ee81f8a4a91a4777257638377ac2b1468ab30bb7d,hpc_ag_table
backups,Rao&Ballard1999,content/reviewer_robustness_2026/backups/raw_snapshot_20260816/Rao&Ballard1999__phi-4-reasoning-plus__T000__R02.json,data/reasoning_logs/backups/raw_snapshot_20260816/Rao&Ballard1999__phi-4-reasoning-plus__T000__R02.json,complete,63c46fb9766de02ab4720c2cc393090ca5a0cd5ed28008cd0f264c90ccdc0db7,hpc_ag_table
backups,Rao&Ballard1999,content/reviewer_robustness_2026/backups/raw_snapshot_20260816/Rao&Ballard1999__phi-4-reasoning-plus__T000__R03.json,data/reasoning_logs/backups/raw_snapshot_20260816/Rao&Ballard1999__phi-4-reasoning-plus__T000__R03.json,complete,d40f10ed0012f97be25a1066a8ced51096ad27b8afff681446668be93e85e8cd,hpc_ag_table
backups,Rao&Ballard1999,content/reviewer_robustness_2026/backups/raw_snapshot_20260816/Rao&Ballard1999__phi-4-reasoning-plus__T035__R01.json,data/reasoning_logs/backups/raw_snapshot_20260816/Rao&Ballard1999__phi-4-reasoning-plus__T035__R01.json,complete,e75b0732c52c9008409e7d9986107c82c6d0f88918a3728e968f181a490074a1,hpc_ag_table
backups,Rao&Ballard1999,content/reviewer_robustness_2026/backups/raw_snapshot_20260816/Rao&Ballard1999__phi-4-reasoning-plus__T035__R02.json,data/reasoning_logs/backups/raw_snapshot_20260816/Rao&Ballard1999__phi-4-reasoning-plus__T035__R02.json,complete,91f2a575db2939c896a7b74c9cc6b6744c101dbeb0b6df12296605bed684a7e4,hpc_ag_table
backups,Rao&Ballard1999,content/reviewer_robustness_2026/backups/raw_snapshot_20260816/Rao&Ballard1999__phi-4-reasoning-plus__T035__R03.json,data/reasoning_logs/backups/raw_snapshot_20260816/Rao&Ballard1999__phi-4-reasoning-plus__T035__R03.json,complete,e64d085ec0e047b05ec1c3e4419eb2a322a7afefc6287ec8e16d58627a37ba4f,hpc_ag_table
backups,Rao&Ballard1999,content/reviewer_robustness_2026/backups/raw_snapshot_20260816/Rao&Ballard1999__phi-4-reasoning-plus__T070__R01.json,data/reasoning_logs/backups/raw_snapshot_20260816/Rao&Ballard1999__phi-4-reasoning-plus__T070__R01.json,complete,6c2edbde34f4e7f8b20111889d40a89501ee0c2786fd8034f84c42a0db98617f,hpc_ag_table
backups,Rao&Ballard1999,content/reviewer_robustness_2026/backups/raw_snapshot_20260816/Rao&Ballard1999__phi-4-reasoning-plus__T070__R02.json,data/reasoning_logs/backups/raw_snapshot_20260816/Rao&Ballard1999__phi-4-reasoning-plus__T070__R02.json,complete,265cbb31a5452c581c913fa0fd677e22c1db901394ae64c6cb6efa99067ea606,hpc_ag_table
backups,Rao&Ballard1999,content/reviewer_robustness_2026/backups/raw_snapshot_20260816/Rao&Ballard1999__phi-4-reasoning-plus__T070__R03.json,data/reasoning_logs/backups/raw_snapshot_20260816/Rao&Ballard1999__phi-4-reasoning-plus__T070__R03.json,complete,561a1b1530236b67ed3eeeb451dca7cdf4fd225de58d9a7074f48bf0cc67e79e,hpc_ag_table
backups,Rao2024,content/reviewer_robustness_2026/backups/raw_snapshot_20260816/Rao2024__gemma-4-31b-it__T000__R01.json,data/reasoning_logs/backups/raw_snapshot_20260816/Rao2024__gemma-4-31b-it__T000__R01.json,complete,4f823c5255e5a1cb5f2cb7ceb8c9ccf506adbed7c41c239d86e4e9187ba60cbe,hpc_ag_table
backups,Rao2024,content/reviewer_robustness_2026/backups/raw_snapshot_20260816/Rao2024__gemma-4-31b-it__T000__R02.json,data/reasoning_logs/backups/raw_snapshot_20260816/Rao2024__gemma-4-31b-it__T000__R02.json,complete,aaf3022b5130762bf58c89e791e3abf808c57654f80dd74e89f862bea08282fd,hpc_ag_table
backups,Rao2024,content/reviewer_robustness_2026/backups/raw_snapshot_20260816/Rao2024__gemma-4-31b-it__T000__R03.json,data/reasoning_logs/backups/raw_snapshot_20260816/Rao2024__gemma-4-31b-it__T000__R03.json,complete,0e7a38178f4a4e8b63797c9ee7a18ce65abe1e27a1ab68c041bd47584b1cc509,hpc_ag_table
backups,Rao2024,content/reviewer_robustness_2026/backups/raw_snapshot_20260816/Rao2024__gemma-4-31b-it__T035__R01.json,data/reasoning_logs/backups/raw_snapshot_20260816/Rao2024__gemma-4-31b-it__T035__R01.json,complete,4775640cc0de415570c2bc67ed01b6f0a245c7e2feccf8786b312e7084fdb5fe,hpc_ag_table
backups,Rao2024,content/reviewer_robustness_2026/backups/raw_snapshot_20260816/Rao2024__gemma-4-31b-it__T035__R02.json,data/reasoning_logs/backups/raw_snapshot_20260816/Rao2024__gemma-4-31b-it__T035__R02.json,complete,27879a45ce5f13596cce6446a7ae6801f769a592165f9228359812b54bebb17d,hpc_ag_table
backups,Rao2024,content/reviewer_robustness_2026/backups/raw_snapshot_20260816/Rao2024__gemma-4-31b-it__T035__R03.json,data/reasoning_logs/backups/raw_snapshot_20260816/Rao2024__gemma-4-31b-it__T035__R03.json,complete,315cae16d51505e5fb29339869f2a56391a3eae1e689d4ce4a76e02b4d8f82bf,hpc_ag_table
backups,Rao2024,content/reviewer_robustness_2026/backups/raw_snapshot_20260816/Rao2024__gemma-4-31b-it__T070__R01.json,data/reasoning_logs/backups/raw_snapshot_20260816/Rao2024__gemma-4-31b-it__T070__R01.json,complete,3e71dfafb60a994103508f6fe10173c2138237c6995de9beb71911938e2ce630,hpc_ag_table
backups,Rao2024,content/reviewer_robustness_2026/backups/raw_snapshot_20260816/Rao2024__gemma-4-31b-it__T070__R02.json,data/reasoning_logs/backups/raw_snapshot_20260816/Rao2024__gemma-4-31b-it__T070__R02.json,complete,a6e972ea30d438132d39c96ae1737547389c044963e706fc4afd3a1d46c7dd2d,hpc_ag_table
backups,Rao2024,content/reviewer_robustness_2026/backups/raw_snapshot_20260816/Rao2024__gemma-4-31b-it__T070__R03.json,data/reasoning_logs/backups/raw_snapshot_20260816/Rao2024__gemma-4-31b-it__T070__R03.json,complete,65ec42ec31658dbd06d5d87ac4836ce2da5f1a5fd73b4aca9708b590a7d571ac,hpc_ag_table
backups,Rao2024,content/reviewer_robustness_2026/backups/raw_snapshot_20260816/Rao2024__phi-4-reasoning-plus__T000__R01.json,data/reasoning_logs/backups/raw_snapshot_20260816/Rao2024__phi-4-reasoning-plus__T000__R01.json,complete,ccb1d7ebe270ade5f43fee2233a7bb0ca1ff7d386661163d41151d80b3e14d40,hpc_ag_table
backups,Rao2024,content/reviewer_robustness_2026/backups/raw_snapshot_20260816/Rao2024__phi-4-reasoning-plus__T000__R02.json,data/reasoning_logs/backups/raw_snapshot_20260816/Rao2024__phi-4-reasoning-plus__T000__R02.json,complete,75485c403d2bde97cc6d83adf0870536fff72ba7d5b0507c020c8e79495440b8,hpc_ag_table
backups,Rao2024,content/reviewer_robustness_2026/backups/raw_snapshot_20260816/Rao2024__phi-4-reasoning-plus__T000__R03.json,data/reasoning_logs/backups/raw_snapshot_20260816/Rao2024__phi-4-reasoning-plus__T000__R03.json,complete,99c13e0ed064f86cf132ffc5d11629d4446169c1642ded9e6228012a5226d886,hpc_ag_table
backups,Rao2024,content/reviewer_robustness_2026/backups/raw_snapshot_20260816/Rao2024__phi-4-reasoning-plus__T035__R01.json,data/reasoning_logs/backups/raw_snapshot_20260816/Rao2024__phi-4-reasoning-plus__T035__R01.json,complete,df342e936ad76c8ccc6f6fde5b7d6dcb9737621f8b1d2610fe49c780f131cc0c,hpc_ag_table
backups,Rao2024,content/reviewer_robustness_2026/backups/raw_snapshot_20260816/Rao2024__phi-4-reasoning-plus__T035__R02.json,data/reasoning_logs/backups/raw_snapshot_20260816/Rao2024__phi-4-reasoning-plus__T035__R02.json,complete,d865928dfe8c03fb3f8343c6f824cf6a8d7728531e96b02c769fa1a4ca044adf,hpc_ag_table
backups,Rao2024,content/reviewer_robustness_2026/backups/raw_snapshot_20260816/Rao2024__phi-4-reasoning-plus__T035__R03.json,data/reasoning_logs/backups/raw_snapshot_20260816/Rao2024__phi-4-reasoning-plus__T035__R03.json,complete,923e9ed0a84f01ef5cfd318711a1127d10133821ce47a126d14bc2ffcdf18490,hpc_ag_table
backups,Rao2024,content/reviewer_robustness_2026/backups/raw_snapshot_20260816/Rao2024__phi-4-reasoning-plus__T070__R01.json,data/reasoning_logs/backups/raw_snapshot_20260816/Rao2024__phi-4-reasoning-plus__T070__R01.json,complete,1de1ae03feb03ac13cd71706945143776410cffe24cb43eb6f074ff416f16f35,hpc_ag_table
backups,Rao2024,content/reviewer_robustness_2026/backups/raw_snapshot_20260816/Rao2024__phi-4-reasoning-plus__T070__R02.json,data/reasoning_logs/backups/raw_snapshot_20260816/Rao2024__phi-4-reasoning-plus__T070__R02.json,complete,2359fab7398a35149263595e6248cac55357f4587947ac137bc550a97f4c440b,hpc_ag_table
backups,Rao2024,content/reviewer_robustness_2026/backups/raw_snapshot_20260816/Rao2024__phi-4-reasoning-plus__T070__R03.json,data/reasoning_logs/backups/raw_snapshot_20260816/Rao2024__phi-4-reasoning-plus__T070__R03.json,complete,fd753bf58a0408f22dcb658e0fe05042b4da8630484e4d00320c1c9d2f8741db,hpc_ag_table
backups,Sacramento2018,content/reviewer_robustness_2026/backups/raw_snapshot_20260816/Sacramento2018__gemma-4-31b-it__T000__R01.json,data/reasoning_logs/backups/raw_snapshot_20260816/Sacramento2018__gemma-4-31b-it__T000__R01.json,complete,b34dcce84dffae2971c266ed86590d2227ac5b6e9a62f347d115217bdfdd4112,hpc_ag_table
backups,Sacramento2018,content/reviewer_robustness_2026/backups/raw_snapshot_20260816/Sacramento2018__gemma-4-31b-it__T000__R02.json,data/reasoning_logs/backups/raw_snapshot_20260816/Sacramento2018__gemma-4-31b-it__T000__R02.json,complete,71d8907385c3fb0523e4b6fa9ad0599d3e18b65a20585638f423fa5940819150,hpc_ag_table
backups,Sacramento2018,content/reviewer_robustness_2026/backups/raw_snapshot_20260816/Sacramento2018__gemma-4-31b-it__T000__R03.json,data/reasoning_logs/backups/raw_snapshot_20260816/Sacramento2018__gemma-4-31b-it__T000__R03.json,complete,78c39e619ee3d266b157e6bee6c92374c50f4cd59c2f08d1477502d9c3f910ae,hpc_ag_table
backups,Sacramento2018,content/reviewer_robustness_2026/backups/raw_snapshot_20260816/Sacramento2018__gemma-4-31b-it__T035__R01.json,data/reasoning_logs/backups/raw_snapshot_20260816/Sacramento2018__gemma-4-31b-it__T035__R01.json,complete,cf725fe5c2041ad43c3a22e8e480fe494a11092a2b8e79d1dc05c44779302864,hpc_ag_table
backups,Sacramento2018,content/reviewer_robustness_2026/backups/raw_snapshot_20260816/Sacramento2018__gemma-4-31b-it__T035__R02.json,data/reasoning_logs/backups/raw_snapshot_20260816/Sacramento2018__gemma-4-31b-it__T035__R02.json,complete,41c51f1f3b472fde520d93a12bfdc73c149f1eeb14209b1d44654a5ca8c98590,hpc_ag_table
backups,Sacramento2018,content/reviewer_robustness_2026/backups/raw_snapshot_20260816/Sacramento2018__gemma-4-31b-it__T035__R03.json,data/reasoning_logs/backups/raw_snapshot_20260816/Sacramento2018__gemma-4-31b-it__T035__R03.json,complete,374d1a06bf8a42636896c643c649f8da5a6946fca63aca140268e41d967ab8cb,hpc_ag_table
backups,Sacramento2018,content/reviewer_robustness_2026/backups/raw_snapshot_20260816/Sacramento2018__gemma-4-31b-it__T070__R01.json,data/reasoning_logs/backups/raw_snapshot_20260816/Sacramento2018__gemma-4-31b-it__T070__R01.json,complete,5b50762ef74686f42393232b13985980b077567b36b7dcb34bb0568ee49e1a06,hpc_ag_table
backups,Sacramento2018,content/reviewer_robustness_2026/backups/raw_snapshot_20260816/Sacramento2018__gemma-4-31b-it__T070__R02.json,data/reasoning_logs/backups/raw_snapshot_20260816/Sacramento2018__gemma-4-31b-it__T070__R02.json,complete,ea89d0da2a0dc25ec33c386c3f9f6e8eaf09d56877b200c0ee32bd7e2f099402,hpc_ag_table
backups,Sacramento2018,content/reviewer_robustness_2026/backups/raw_snapshot_20260816/Sacramento2018__gemma-4-31b-it__T070__R03.json,data/reasoning_logs/backups/raw_snapshot_20260816/Sacramento2018__gemma-4-31b-it__T070__R03.json,complete,55817ecd4d49c98f71988c3af7f847bee5c5539925c3db61e51c76af2afb3f97,hpc_ag_table
backups,Sacramento2018,content/reviewer_robustness_2026/backups/raw_snapshot_20260816/Sacramento2018__phi-4-reasoning-plus__T000__R01.json,data/reasoning_logs/backups/raw_snapshot_20260816/Sacramento2018__phi-4-reasoning-plus__T000__R01.json,complete,4da4981e847765590a03036411ce12dc45c1c7ec225d595250e9978184ff7d3a,hpc_ag_table
backups,Sacramento2018,content/reviewer_robustness_2026/backups/raw_snapshot_20260816/Sacramento2018__phi-4-reasoning-plus__T000__R02.json,data/reasoning_logs/backups/raw_snapshot_20260816/Sacramento2018__phi-4-reasoning-plus__T000__R02.json,complete,cf05b598520724c5cb96f85d3d2de2a0aab4027d5247613b7f4dec99d9c1420c,hpc_ag_table
backups,Sacramento2018,content/reviewer_robustness_2026/backups/raw_snapshot_20260816/Sacramento2018__phi-4-reasoning-plus__T000__R03.json,data/reasoning_logs/backups/raw_snapshot_20260816/Sacramento2018__phi-4-reasoning-plus__T000__R03.json,complete,359b2e4a366d5c5605af3c57076b0031b8d4f5d9ba522f4044fa4246a0885f7a,hpc_ag_table
backups,Sacramento2018,content/reviewer_robustness_2026/backups/raw_snapshot_20260816/Sacramento2018__phi-4-reasoning-plus__T035__R01.json,data/reasoning_logs/backups/raw_snapshot_20260816/Sacramento2018__phi-4-reasoning-plus__T035__R01.json,complete,f9b2258cda378485ca14ff675ef26dcbfd999694d307e7b646ea7718c4d29301,hpc_ag_table
backups,Sacramento2018,content/reviewer_robustness_2026/backups/raw_snapshot_20260816/Sacramento2018__phi-4-reasoning-plus__T035__R02.json,data/reasoning_logs/backups/raw_snapshot_20260816/Sacramento2018__phi-4-reasoning-plus__T035__R02.json,complete,77bd06bc25c9ecc30af8f7d9513310d194e300001bc852118197163dff575f6b,hpc_ag_table
backups,Sacramento2018,content/reviewer_robustness_2026/backups/raw_snapshot_20260816/Sacramento2018__phi-4-reasoning-plus__T035__R03.json,data/reasoning_logs/backups/raw_snapshot_20260816/Sacramento2018__phi-4-reasoning-plus__T035__R03.json,complete,c17b1d546ab8028f30b7f8026b23f93bf2dc0770dc41a8addeca592b48ec1ea5,hpc_ag_table
backups,Sacramento2018,content/reviewer_robustness_2026/backups/raw_snapshot_20260816/Sacramento2018__phi-4-reasoning-plus__T070__R01.json,data/reasoning_logs/backups/raw_snapshot_20260816/Sacramento2018__phi-4-reasoning-plus__T070__R01.json,complete,7ab3d9f225306d128d3100d6a35eb9b1092dee53e1293e82f765755263637627,hpc_ag_table
backups,Sacramento2018,content/reviewer_robustness_2026/backups/raw_snapshot_20260816/Sacramento2018__phi-4-reasoning-plus__T070__R02.json,data/reasoning_logs/backups/raw_snapshot_20260816/Sacramento2018__phi-4-reasoning-plus__T070__R02.json,complete,c54da6261cc05f316b81e8887d6900911a64c4b4f47a6e70237fc32d3ea50362,hpc_ag_table
backups,Sacramento2018,content/reviewer_robustness_2026/backups/raw_snapshot_20260816/Sacramento2018__phi-4-reasoning-plus__T070__R03.json,data/reasoning_logs/backups/raw_snapshot_20260816/Sacramento2018__phi-4-reasoning-plus__T070__R03.json,complete,37b105e5f7fdf024728329af4b6ca3fb8c2acbd8ae511889ed2c21ee0f78a7db,hpc_ag_table
backups,Spratling2008,content/reviewer_robustness_2026/backups/raw_snapshot_20260816/Spratling2008__gemma-4-31b-it__T000__R01.json,data/reasoning_logs/backups/raw_snapshot_20260816/Spratling2008__gemma-4-31b-it__T000__R01.json,complete,533b10ebce50548146d42cc4bfdd1d9feb01e0c404112acc1cb58179d2e83f2e,hpc_ag_table
backups,Spratling2008,content/reviewer_robustness_2026/backups/raw_snapshot_20260816/Spratling2008__gemma-4-31b-it__T000__R02.json,data/reasoning_logs/backups/raw_snapshot_20260816/Spratling2008__gemma-4-31b-it__T000__R02.json,complete,65396940984e6d9abb073c5cdbce0894425e569192b2215d3031eca1c653e243,hpc_ag_table
backups,Spratling2008,content/reviewer_robustness_2026/backups/raw_snapshot_20260816/Spratling2008__gemma-4-31b-it__T000__R03.json,data/reasoning_logs/backups/raw_snapshot_20260816/Spratling2008__gemma-4-31b-it__T000__R03.json,complete,a34b47431a97d2edd0db49bd517fca9dac22acd514fcaeb5ce009bdbaa0c52b1,hpc_ag_table
backups,Spratling2008,content/reviewer_robustness_2026/backups/raw_snapshot_20260816/Spratling2008__gemma-4-31b-it__T035__R01.json,data/reasoning_logs/backups/raw_snapshot_20260816/Spratling2008__gemma-4-31b-it__T035__R01.json,complete,529123aa94502f4ba8465e6050d7d64dec1f7557f60c8b47f04c091c2b2fcc35,hpc_ag_table
backups,Spratling2008,content/reviewer_robustness_2026/backups/raw_snapshot_20260816/Spratling2008__gemma-4-31b-it__T035__R02.json,data/reasoning_logs/backups/raw_snapshot_20260816/Spratling2008__gemma-4-31b-it__T035__R02.json,complete,286e9b94e7d25fd82df43dc5fff76942b927fc019c8ef79360f7897727148a58,hpc_ag_table
backups,Spratling2008,content/reviewer_robustness_2026/backups/raw_snapshot_20260816/Spratling2008__gemma-4-31b-it__T035__R03.json,data/reasoning_logs/backups/raw_snapshot_20260816/Spratling2008__gemma-4-31b-it__T035__R03.json,complete,38fd36b8124469bc063545a033cca95a39fbcc83dcd35b9ca1db10f4ba51c814,hpc_ag_table
backups,Spratling2008,content/reviewer_robustness_2026/backups/raw_snapshot_20260816/Spratling2008__gemma-4-31b-it__T070__R01.json,data/reasoning_logs/backups/raw_snapshot_20260816/Spratling2008__gemma-4-31b-it__T070__R01.json,complete,df969f664e2984d5d108375a50d9c34911376b850ec401901d9ffee78691ed5a,hpc_ag_table
backups,Spratling2008,content/reviewer_robustness_2026/backups/raw_snapshot_20260816/Spratling2008__gemma-4-31b-it__T070__R02.json,data/reasoning_logs/backups/raw_snapshot_20260816/Spratling2008__gemma-4-31b-it__T070__R02.json,complete,e990add0588fa45fb07f2857080eece36aa510c6567270b4bbc8b5f7a5b8c417,hpc_ag_table
backups,Spratling2008,content/reviewer_robustness_2026/backups/raw_snapshot_20260816/Spratling2008__gemma-4-31b-it__T070__R03.json,data/reasoning_logs/backups/raw_snapshot_20260816/Spratling2008__gemma-4-31b-it__T070__R03.json,complete,a645f731e0e56b03cf75f034db06faef9140937ae79ca7d553cd3f73196d3ba4,hpc_ag_table
backups,Spratling2008,content/reviewer_robustness_2026/backups/raw_snapshot_20260816/Spratling2008__phi-4-reasoning-plus__T000__R01.json,data/reasoning_logs/backups/raw_snapshot_20260816/Spratling2008__phi-4-reasoning-plus__T000__R01.json,complete,a7f6e617a28af67c18f29dcd59a99bb0f4d60262ff062d0806e2d573a4c5f9db,hpc_ag_table
backups,Spratling2008,content/reviewer_robustness_2026/backups/raw_snapshot_20260816/Spratling2008__phi-4-reasoning-plus__T000__R02.json,data/reasoning_logs/backups/raw_snapshot_20260816/Spratling2008__phi-4-reasoning-plus__T000__R02.json,complete,de21019944ee3711f0f58c2881acbdc70df7197596b06e15ccc05d28e7630cb2,hpc_ag_table
backups,Spratling2008,content/reviewer_robustness_2026/backups/raw_snapshot_20260816/Spratling2008__phi-4-reasoning-plus__T000__R03.json,data/reasoning_logs/backups/raw_snapshot_20260816/Spratling2008__phi-4-reasoning-plus__T000__R03.json,complete,34194678e562582cab419144c9253685736495356e8b2875faae18d3605b6390,hpc_ag_table
backups,Spratling2008,content/reviewer_robustness_2026/backups/raw_snapshot_20260816/Spratling2008__phi-4-reasoning-plus__T035__R01.json,data/reasoning_logs/backups/raw_snapshot_20260816/Spratling2008__phi-4-reasoning-plus__T035__R01.json,complete,fcb3e5b80410868554b42fd76154dc3b9160eb094fe3fbfc7db3fcf448fe7a41,hpc_ag_table
backups,Spratling2008,content/reviewer_robustness_2026/backups/raw_snapshot_20260816/Spratling2008__phi-4-reasoning-plus__T035__R02.json,data/reasoning_logs/backups/raw_snapshot_20260816/Spratling2008__phi-4-reasoning-plus__T035__R02.json,complete,8c19599d21d66080f95d824e190fa7e9f5a13d6305dde53de8bd515712955f93,hpc_ag_table
backups,Spratling2008,content/reviewer_robustness_2026/backups/raw_snapshot_20260816/Spratling2008__phi-4-reasoning-plus__T035__R03.json,data/reasoning_logs/backups/raw_snapshot_20260816/Spratling2008__phi-4-reasoning-plus__T035__R03.json,complete,2b49640776a7b0e01ac525728e13d0ae68400ef452fc4fd54bce46472ac7b180,hpc_ag_table
backups,Spratling2008,content/reviewer_robustness_2026/backups/raw_snapshot_20260816/Spratling2008__phi-4-reasoning-plus__T070__R01.json,data/reasoning_logs/backups/raw_snapshot_20260816/Spratling2008__phi-4-reasoning-plus__T070__R01.json,complete,156684de3b63857d3ab90fb688db2a574a26761a0758fd49ee1e45df2be4fe91,hpc_ag_table
backups,Spratling2008,content/reviewer_robustness_2026/backups/raw_snapshot_20260816/Spratling2008__phi-4-reasoning-plus__T070__R02.json,data/reasoning_logs/backups/raw_snapshot_20260816/Spratling2008__phi-4-reasoning-plus__T070__R02.json,complete,64e20ed4bddbac3086e8385e699759a29c13e6ae7b824243a2fa42c9eb29cf36,hpc_ag_table
backups,Spratling2008,content/reviewer_robustness_2026/backups/raw_snapshot_20260816/Spratling2008__phi-4-reasoning-plus__T070__R03.json,data/reasoning_logs/backups/raw_snapshot_20260816/Spratling2008__phi-4-reasoning-plus__T070__R03.json,complete,309fea08e5e84dce3ab162079105d6b834c57322fb2083b3a79e7d0ddcea725c,hpc_ag_table
backups,Spratling2010,content/reviewer_robustness_2026/backups/raw_snapshot_20260816/Spratling2010__gemma-4-31b-it__T000__R01.json,data/reasoning_logs/backups/raw_snapshot_20260816/Spratling2010__gemma-4-31b-it__T000__R01.json,complete,ef73acec4ab40699c4cf460b64d552d9fc9c7e92eb4f2bed1e79bb6edcb89ea7,hpc_ag_table
backups,Spratling2010,content/reviewer_robustness_2026/backups/raw_snapshot_20260816/Spratling2010__gemma-4-31b-it__T000__R02.json,data/reasoning_logs/backups/raw_snapshot_20260816/Spratling2010__gemma-4-31b-it__T000__R02.json,complete,b8afe315cb4e845205c01a59eacef8cb5f5f96b45bf41b5e19144a7dfc222290,hpc_ag_table
backups,Spratling2010,content/reviewer_robustness_2026/backups/raw_snapshot_20260816/Spratling2010__gemma-4-31b-it__T000__R03.json,data/reasoning_logs/backups/raw_snapshot_20260816/Spratling2010__gemma-4-31b-it__T000__R03.json,complete,3b87904be6a85276d7bed9de331a1ba97fa657f796defa5aff7050e4fef0f649,hpc_ag_table
backups,Spratling2010,content/reviewer_robustness_2026/backups/raw_snapshot_20260816/Spratling2010__gemma-4-31b-it__T035__R01.json,data/reasoning_logs/backups/raw_snapshot_20260816/Spratling2010__gemma-4-31b-it__T035__R01.json,complete,9996783d6ad698f00de831d4f88e66a82c592be5762cecb9935f141958103215,hpc_ag_table
backups,Spratling2010,content/reviewer_robustness_2026/backups/raw_snapshot_20260816/Spratling2010__gemma-4-31b-it__T035__R02.json,data/reasoning_logs/backups/raw_snapshot_20260816/Spratling2010__gemma-4-31b-it__T035__R02.json,complete,779d7286395e5f7a98477de3b26d0f37954e9e4ce4aa72a33d224f1a79ec239c,hpc_ag_table
backups,Spratling2010,content/reviewer_robustness_2026/backups/raw_snapshot_20260816/Spratling2010__gemma-4-31b-it__T035__R03.json,data/reasoning_logs/backups/raw_snapshot_20260816/Spratling2010__gemma-4-31b-it__T035__R03.json,complete,14653175fcd1b5e413b492370ff00272c54edf38a648586ef8992e7dd524fe88,hpc_ag_table
backups,Spratling2010,content/reviewer_robustness_2026/backups/raw_snapshot_20260816/Spratling2010__gemma-4-31b-it__T070__R01.json,data/reasoning_logs/backups/raw_snapshot_20260816/Spratling2010__gemma-4-31b-it__T070__R01.json,complete,5a052a772c247ac049003eb8ad7cb27439163f46272a2f7a353ae4c39e08e705,hpc_ag_table
backups,Spratling2010,content/reviewer_robustness_2026/backups/raw_snapshot_20260816/Spratling2010__gemma-4-31b-it__T070__R02.json,data/reasoning_logs/backups/raw_snapshot_20260816/Spratling2010__gemma-4-31b-it__T070__R02.json,complete,600706c0939e6d7f988e1701f4a093a7e804ef252a781388e0457e34d63ab0e5,hpc_ag_table
backups,Spratling2010,content/reviewer_robustness_2026/backups/raw_snapshot_20260816/Spratling2010__gemma-4-31b-it__T070__R03.json,data/reasoning_logs/backups/raw_snapshot_20260816/Spratling2010__gemma-4-31b-it__T070__R03.json,complete,aac9d73ac75d708b377f21d5c190751a631cfa6b63a238a760fc11fd08f1fb54,hpc_ag_table
backups,Spratling2010,content/reviewer_robustness_2026/backups/raw_snapshot_20260816/Spratling2010__phi-4-reasoning-plus__T000__R01.json,data/reasoning_logs/backups/raw_snapshot_20260816/Spratling2010__phi-4-reasoning-plus__T000__R01.json,complete,4644fc8f730e161656bd3faf472c2462cac08509fb1ba3e375f7df018917b214,hpc_ag_table
backups,Spratling2010,content/reviewer_robustness_2026/backups/raw_snapshot_20260816/Spratling2010__phi-4-reasoning-plus__T000__R02.json,data/reasoning_logs/backups/raw_snapshot_20260816/Spratling2010__phi-4-reasoning-plus__T000__R02.json,complete,e9b38e8c51981f86e9035c2ec042c2a07a4a50c7a86c7a417851b1f87ae6f07b,hpc_ag_table
backups,Spratling2010,content/reviewer_robustness_2026/backups/raw_snapshot_20260816/Spratling2010__phi-4-reasoning-plus__T000__R03.json,data/reasoning_logs/backups/raw_snapshot_20260816/Spratling2010__phi-4-reasoning-plus__T000__R03.json,complete,d904376d32aec4f2f0737f787588c51bc191c4f8cc4d0e9e4140f14a7c3a949c,hpc_ag_table
backups,Spratling2010,content/reviewer_robustness_2026/backups/raw_snapshot_20260816/Spratling2010__phi-4-reasoning-plus__T035__R01.json,data/reasoning_logs/backups/raw_snapshot_20260816/Spratling2010__phi-4-reasoning-plus__T035__R01.json,complete,c08c2adc451927c60fa54196b9d50365a1cf29782d30fb5f7e653f6d687df31d,hpc_ag_table
backups,Spratling2010,content/reviewer_robustness_2026/backups/raw_snapshot_20260816/Spratling2010__phi-4-reasoning-plus__T035__R02.json,data/reasoning_logs/backups/raw_snapshot_20260816/Spratling2010__phi-4-reasoning-plus__T035__R02.json,complete,cfd099a5b772a892ec7a026b62b0f58e794a21a16d72bfbdfcefbbcb375ba7b7,hpc_ag_table
backups,Spratling2010,content/reviewer_robustness_2026/backups/raw_snapshot_20260816/Spratling2010__phi-4-reasoning-plus__T035__R03.json,data/reasoning_logs/backups/raw_snapshot_20260816/Spratling2010__phi-4-reasoning-plus__T035__R03.json,complete,afffbe819f2531e82ca4bb4abc09e953c143498c83660717de79c2ccf15c5e18,hpc_ag_table
backups,Spratling2010,content/reviewer_robustness_2026/backups/raw_snapshot_20260816/Spratling2010__phi-4-reasoning-plus__T070__R01.json,data/reasoning_logs/backups/raw_snapshot_20260816/Spratling2010__phi-4-reasoning-plus__T070__R01.json,complete,354821fe5f66a500970468f726b445b13bc1d07dcb2534e4caf58a3c861b02a4,hpc_ag_table
backups,Spratling2010,content/reviewer_robustness_2026/backups/raw_snapshot_20260816/Spratling2010__phi-4-reasoning-plus__T070__R02.json,data/reasoning_logs/backups/raw_snapshot_20260816/Spratling2010__phi-4-reasoning-plus__T070__R02.json,complete,99c2ce45c9d64d940d1021a6bf238e46a79c33d08e37bed9151a7776a384c124,hpc_ag_table
backups,Spratling2010,content/reviewer_robustness_2026/backups/raw_snapshot_20260816/Spratling2010__phi-4-reasoning-plus__T070__R03.json,data/reasoning_logs/backups/raw_snapshot_20260816/Spratling2010__phi-4-reasoning-plus__T070__R03.json,complete,2875457c5f9dc7bf75dd8a68a9644d03578874259821f701293f18f4ebe6a2a3,hpc_ag_table
backups,Srinivasan1982,content/reviewer_robustness_2026/backups/raw_snapshot_20260816/Srinivasan1982__gemma-4-31b-it__T000__R01.json,data/reasoning_logs/backups/raw_snapshot_20260816/Srinivasan1982__gemma-4-31b-it__T000__R01.json,complete,947644b290e18e7bdaa3bb8c568f3eeab090ac46aafab9428bb0f83a313f48b3,hpc_ag_table
backups,Srinivasan1982,content/reviewer_robustness_2026/backups/raw_snapshot_20260816/Srinivasan1982__gemma-4-31b-it__T000__R02.json,data/reasoning_logs/backups/raw_snapshot_20260816/Srinivasan1982__gemma-4-31b-it__T000__R02.json,complete,85aad494263e2972b17a72ca6ee855bdafd80bb7543ec2d12f08a37b15aec1ef,hpc_ag_table
backups,Srinivasan1982,content/reviewer_robustness_2026/backups/raw_snapshot_20260816/Srinivasan1982__gemma-4-31b-it__T000__R03.json,data/reasoning_logs/backups/raw_snapshot_20260816/Srinivasan1982__gemma-4-31b-it__T000__R03.json,complete,56d7174ec73a37fa429e0e9aba0200ef54ffc04c4a03f22b77e300620c76b3c4,hpc_ag_table
backups,Srinivasan1982,content/reviewer_robustness_2026/backups/raw_snapshot_20260816/Srinivasan1982__gemma-4-31b-it__T035__R01.json,data/reasoning_logs/backups/raw_snapshot_20260816/Srinivasan1982__gemma-4-31b-it__T035__R01.json,complete,e207fa7106b5042a7f05ea62f20deffbdddf85032a9fd77e405960748b78aae3,hpc_ag_table
backups,Srinivasan1982,content/reviewer_robustness_2026/backups/raw_snapshot_20260816/Srinivasan1982__gemma-4-31b-it__T035__R02.json,data/reasoning_logs/backups/raw_snapshot_20260816/Srinivasan1982__gemma-4-31b-it__T035__R02.json,complete,0d00aced6dc126feb087634e0243e20c47503f0dce35fc4e334f2f5186f5000c,hpc_ag_table
backups,Srinivasan1982,content/reviewer_robustness_2026/backups/raw_snapshot_20260816/Srinivasan1982__gemma-4-31b-it__T035__R03.json,data/reasoning_logs/backups/raw_snapshot_20260816/Srinivasan1982__gemma-4-31b-it__T035__R03.json,complete,5dc0a9a0c91348b71578a5266bc5dabb8fbdeae400f3f8b42ee3eb811418c96b,hpc_ag_table
backups,Srinivasan1982,content/reviewer_robustness_2026/backups/raw_snapshot_20260816/Srinivasan1982__gemma-4-31b-it__T070__R01.json,data/reasoning_logs/backups/raw_snapshot_20260816/Srinivasan1982__gemma-4-31b-it__T070__R01.json,complete,30f55001b50419f8410e143fe74f404f422e09bcf9e89fe058b5642b63acf773,hpc_ag_table
backups,Srinivasan1982,content/reviewer_robustness_2026/backups/raw_snapshot_20260816/Srinivasan1982__gemma-4-31b-it__T070__R02.json,data/reasoning_logs/backups/raw_snapshot_20260816/Srinivasan1982__gemma-4-31b-it__T070__R02.json,complete,253ff67a03141af66b810efd37c5c384f062d33242bc753fb663b5eb1717f535,hpc_ag_table
backups,Srinivasan1982,content/reviewer_robustness_2026/backups/raw_snapshot_20260816/Srinivasan1982__gemma-4-31b-it__T070__R03.json,data/reasoning_logs/backups/raw_snapshot_20260816/Srinivasan1982__gemma-4-31b-it__T070__R03.json,complete,8046c73467574e3e3d4c229fc36844f75682fb57caac14815e524fd4b5f30156,hpc_ag_table
backups,Srinivasan1982,content/reviewer_robustness_2026/backups/raw_snapshot_20260816/Srinivasan1982__phi-4-reasoning-plus__T000__R01.json,data/reasoning_logs/backups/raw_snapshot_20260816/Srinivasan1982__phi-4-reasoning-plus__T000__R01.json,complete,f5466b267ae9b36a79353be9c2c45bf819358f81b7bd4ae8bb5d990fa8726917,hpc_ag_table
backups,Srinivasan1982,content/reviewer_robustness_2026/backups/raw_snapshot_20260816/Srinivasan1982__phi-4-reasoning-plus__T000__R02.json,data/reasoning_logs/backups/raw_snapshot_20260816/Srinivasan1982__phi-4-reasoning-plus__T000__R02.json,complete,e26a3c78f54a48318d53ff5afad4480f1c83b490294c6204be6bddc3a6a1ed79,hpc_ag_table
backups,Srinivasan1982,content/reviewer_robustness_2026/backups/raw_snapshot_20260816/Srinivasan1982__phi-4-reasoning-plus__T000__R03.json,data/reasoning_logs/backups/raw_snapshot_20260816/Srinivasan1982__phi-4-reasoning-plus__T000__R03.json,complete,6137d104b7ddc65b1cd693a4bce499e2fa8d58d6eb9c9cfb51e7a75ad4083468,hpc_ag_table
backups,Srinivasan1982,content/reviewer_robustness_2026/backups/raw_snapshot_20260816/Srinivasan1982__phi-4-reasoning-plus__T035__R01.json,data/reasoning_logs/backups/raw_snapshot_20260816/Srinivasan1982__phi-4-reasoning-plus__T035__R01.json,complete,4530e8cd6d0ed424b3d4a62a5e7709529b9cfd1cd9207ad88a1f18469523fa70,hpc_ag_table
backups,Srinivasan1982,content/reviewer_robustness_2026/backups/raw_snapshot_20260816/Srinivasan1982__phi-4-reasoning-plus__T035__R02.json,data/reasoning_logs/backups/raw_snapshot_20260816/Srinivasan1982__phi-4-reasoning-plus__T035__R02.json,complete,17a515bbe927a604968ac3fd0819febdb69a6840030820b17f579d9e4b9c402c,hpc_ag_table
backups,Srinivasan1982,content/reviewer_robustness_2026/backups/raw_snapshot_20260816/Srinivasan1982__phi-4-reasoning-plus__T035__R03.json,data/reasoning_logs/backups/raw_snapshot_20260816/Srinivasan1982__phi-4-reasoning-plus__T035__R03.json,complete,ae852dad0045f210122b2cebcf0f67156882d9ce06c6e794f217a1bc0d510984,hpc_ag_table
backups,Srinivasan1982,content/reviewer_robustness_2026/backups/raw_snapshot_20260816/Srinivasan1982__phi-4-reasoning-plus__T070__R01.json,data/reasoning_logs/backups/raw_snapshot_20260816/Srinivasan1982__phi-4-reasoning-plus__T070__R01.json,complete,313a7e786f0ce25cac76364e99a236524e49f81c25f4e56243fdd48b10480117,hpc_ag_table
backups,Srinivasan1982,content/reviewer_robustness_2026/backups/raw_snapshot_20260816/Srinivasan1982__phi-4-reasoning-plus__T070__R02.json,data/reasoning_logs/backups/raw_snapshot_20260816/Srinivasan1982__phi-4-reasoning-plus__T070__R02.json,complete,5192f059c5124cbe1523de94c3d0a1b7065c09ce900d3742b86a42f59daac246,hpc_ag_table
backups,Srinivasan1982,content/reviewer_robustness_2026/backups/raw_snapshot_20260816/Srinivasan1982__phi-4-reasoning-plus__T070__R03.json,data/reasoning_logs/backups/raw_snapshot_20260816/Srinivasan1982__phi-4-reasoning-plus__T070__R03.json,complete,c22df58bd1a834e2a5d2fc7f5971a229e2e80ebc209a37278617888b3a18dd6c,hpc_ag_table
backups,VanDerveer2021,content/reviewer_robustness_2026/backups/raw_snapshot_20260816/VanDerveer2021__gemma-4-31b-it__T000__R01.json,data/reasoning_logs/backups/raw_snapshot_20260816/VanDerveer2021__gemma-4-31b-it__T000__R01.json,complete,e33192d470fa3167e91bcd2ca349659e44ddff7e9f1f808983cafa865103f542,hpc_ag_table
backups,VanDerveer2021,content/reviewer_robustness_2026/backups/raw_snapshot_20260816/VanDerveer2021__gemma-4-31b-it__T000__R02.json,data/reasoning_logs/backups/raw_snapshot_20260816/VanDerveer2021__gemma-4-31b-it__T000__R02.json,complete,8bc354b3c811ab000ce5fa86b5e67102d5e8864ea86dec778fcdebd66592f73f,hpc_ag_table
backups,VanDerveer2021,content/reviewer_robustness_2026/backups/raw_snapshot_20260816/VanDerveer2021__gemma-4-31b-it__T000__R03.json,data/reasoning_logs/backups/raw_snapshot_20260816/VanDerveer2021__gemma-4-31b-it__T000__R03.json,complete,f0cd50ad698181fc6efd44817dd77eeee7d63f9d3079d08be5bd7ccec4a9465d,hpc_ag_table
backups,VanDerveer2021,content/reviewer_robustness_2026/backups/raw_snapshot_20260816/VanDerveer2021__gemma-4-31b-it__T035__R01.json,data/reasoning_logs/backups/raw_snapshot_20260816/VanDerveer2021__gemma-4-31b-it__T035__R01.json,complete,d76c3a47ce0f696659334548a799f04f21de4839c09b4932d5f418171747e8e4,hpc_ag_table
backups,VanDerveer2021,content/reviewer_robustness_2026/backups/raw_snapshot_20260816/VanDerveer2021__gemma-4-31b-it__T035__R02.json,data/reasoning_logs/backups/raw_snapshot_20260816/VanDerveer2021__gemma-4-31b-it__T035__R02.json,complete,152508f7d75e54571e2e71d94838f94af62847deceff50743d0d5a216b03145a,hpc_ag_table
backups,VanDerveer2021,content/reviewer_robustness_2026/backups/raw_snapshot_20260816/VanDerveer2021__gemma-4-31b-it__T035__R03.json,data/reasoning_logs/backups/raw_snapshot_20260816/VanDerveer2021__gemma-4-31b-it__T035__R03.json,complete,b8ab418daf034cec5d762fd8c586e56c58da3dc11fbad2a361c0493baef500a7,hpc_ag_table
backups,VanDerveer2021,content/reviewer_robustness_2026/backups/raw_snapshot_20260816/VanDerveer2021__gemma-4-31b-it__T070__R01.json,data/reasoning_logs/backups/raw_snapshot_20260816/VanDerveer2021__gemma-4-31b-it__T070__R01.json,complete,1e1685685f8d5438bd1a32bd74cd81e685c45b5d693a5b9b02a30f2f8a4aa19a,hpc_ag_table
backups,VanDerveer2021,content/reviewer_robustness_2026/backups/raw_snapshot_20260816/VanDerveer2021__gemma-4-31b-it__T070__R02.json,data/reasoning_logs/backups/raw_snapshot_20260816/VanDerveer2021__gemma-4-31b-it__T070__R02.json,complete,e442d0e2e24325ec88ddeb5406bd71d0913a53aac796a6e6d6b86dccdefcdfe1,hpc_ag_table
backups,VanDerveer2021,content/reviewer_robustness_2026/backups/raw_snapshot_20260816/VanDerveer2021__gemma-4-31b-it__T070__R03.json,data/reasoning_logs/backups/raw_snapshot_20260816/VanDerveer2021__gemma-4-31b-it__T070__R03.json,complete,0de4ce8efc48967ebc022b09cac898c60c352ab42ab77fb2091ba6ffef43cd89,hpc_ag_table
backups,VanDerveer2021,content/reviewer_robustness_2026/backups/raw_snapshot_20260816/VanDerveer2021__phi-4-reasoning-plus__T000__R01.json,data/reasoning_logs/backups/raw_snapshot_20260816/VanDerveer2021__phi-4-reasoning-plus__T000__R01.json,complete,52305631ca5d6a530703a3dda0785d1dec6499feabfd0aca1a0ea20f2e35c0fe,hpc_ag_table
backups,VanDerveer2021,content/reviewer_robustness_2026/backups/raw_snapshot_20260816/VanDerveer2021__phi-4-reasoning-plus__T000__R02.json,data/reasoning_logs/backups/raw_snapshot_20260816/VanDerveer2021__phi-4-reasoning-plus__T000__R02.json,complete,1b889cfdaf4f3c5e578e80f60fd82b3190640a76dff7de5b8dbd9f105d12fc96,hpc_ag_table
backups,VanDerveer2021,content/reviewer_robustness_2026/backups/raw_snapshot_20260816/VanDerveer2021__phi-4-reasoning-plus__T000__R03.json,data/reasoning_logs/backups/raw_snapshot_20260816/VanDerveer2021__phi-4-reasoning-plus__T000__R03.json,complete,1be2ad08fce437608d743f7ae77ceb92747ab6cadc18e5ae5215ee294eaca875,hpc_ag_table
backups,VanDerveer2021,content/reviewer_robustness_2026/backups/raw_snapshot_20260816/VanDerveer2021__phi-4-reasoning-plus__T035__R01.json,data/reasoning_logs/backups/raw_snapshot_20260816/VanDerveer2021__phi-4-reasoning-plus__T035__R01.json,complete,a90fe394826ffa9235884aca3e01488bb591c790207325a84223aa11552e64e1,hpc_ag_table
backups,VanDerveer2021,content/reviewer_robustness_2026/backups/raw_snapshot_20260816/VanDerveer2021__phi-4-reasoning-plus__T035__R02.json,data/reasoning_logs/backups/raw_snapshot_20260816/VanDerveer2021__phi-4-reasoning-plus__T035__R02.json,complete,29bfb50af7d49b5017a85b2fd18f9e24aa5d414f96433d570e26b6df84e12f3e,hpc_ag_table
backups,VanDerveer2021,content/reviewer_robustness_2026/backups/raw_snapshot_20260816/VanDerveer2021__phi-4-reasoning-plus__T035__R03.json,data/reasoning_logs/backups/raw_snapshot_20260816/VanDerveer2021__phi-4-reasoning-plus__T035__R03.json,complete,4a5baafc547a4e49ed1597cd17b03a2c8a8112a06e6cb9791bde32cbeef53415,hpc_ag_table
backups,VanDerveer2021,content/reviewer_robustness_2026/backups/raw_snapshot_20260816/VanDerveer2021__phi-4-reasoning-plus__T070__R01.json,data/reasoning_logs/backups/raw_snapshot_20260816/VanDerveer2021__phi-4-reasoning-plus__T070__R01.json,complete,438792311648ee22edf13b76916f4e33e7c8d8c7398a889c55ec1776200dc5cf,hpc_ag_table
backups,VanDerveer2021,content/reviewer_robustness_2026/backups/raw_snapshot_20260816/VanDerveer2021__phi-4-reasoning-plus__T070__R02.json,data/reasoning_logs/backups/raw_snapshot_20260816/VanDerveer2021__phi-4-reasoning-plus__T070__R02.json,complete,0e4f4b3e513b6da0a02bfea991ee0b0a9833b3aec886b835ddf19d1b291c73c0,hpc_ag_table
backups,VanDerveer2021,content/reviewer_robustness_2026/backups/raw_snapshot_20260816/VanDerveer2021__phi-4-reasoning-plus__T070__R03.json,data/reasoning_logs/backups/raw_snapshot_20260816/VanDerveer2021__phi-4-reasoning-plus__T070__R03.json,complete,8aa9247a4d8d51001b3b6442cf8889d43e46a07f8d4e6acf7de075a7236340ef,hpc_ag_table
backups,Wacongne2011,content/reviewer_robustness_2026/backups/raw_snapshot_20260816/Wacongne2011__gemma-4-31b-it__T000__R01.json,data/reasoning_logs/backups/raw_snapshot_20260816/Wacongne2011__gemma-4-31b-it__T000__R01.json,complete,a0eaf8f675f5a2bc56422566522abedc427037998c3d676c9eadd7c8025c9a0b,hpc_ag_table
backups,Wacongne2011,content/reviewer_robustness_2026/backups/raw_snapshot_20260816/Wacongne2011__gemma-4-31b-it__T000__R02.json,data/reasoning_logs/backups/raw_snapshot_20260816/Wacongne2011__gemma-4-31b-it__T000__R02.json,complete,b06815957177bccd803f501d299401bc1ba1b9b5ce02b559f05fcd2f178c0bb4,hpc_ag_table
backups,Wacongne2011,content/reviewer_robustness_2026/backups/raw_snapshot_20260816/Wacongne2011__gemma-4-31b-it__T000__R03.json,data/reasoning_logs/backups/raw_snapshot_20260816/Wacongne2011__gemma-4-31b-it__T000__R03.json,complete,48d9565733431046d82d838e2a528870c7eff2cbd220486486fbc46cb1253a45,hpc_ag_table
backups,Wacongne2011,content/reviewer_robustness_2026/backups/raw_snapshot_20260816/Wacongne2011__gemma-4-31b-it__T035__R01.json,data/reasoning_logs/backups/raw_snapshot_20260816/Wacongne2011__gemma-4-31b-it__T035__R01.json,complete,bd8e6738699f420d881d70a77300fb772de8e849a24d747f4a20b5a29823a34b,hpc_ag_table
backups,Wacongne2011,content/reviewer_robustness_2026/backups/raw_snapshot_20260816/Wacongne2011__gemma-4-31b-it__T035__R02.json,data/reasoning_logs/backups/raw_snapshot_20260816/Wacongne2011__gemma-4-31b-it__T035__R02.json,complete,b9775dd7103697a3bd6e275d1a8d4266e1d688a4238b9f0eb4b58751e282d6c5,hpc_ag_table
backups,Wacongne2011,content/reviewer_robustness_2026/backups/raw_snapshot_20260816/Wacongne2011__gemma-4-31b-it__T035__R03.json,data/reasoning_logs/backups/raw_snapshot_20260816/Wacongne2011__gemma-4-31b-it__T035__R03.json,complete,59f0a66af66c8dd9a0bd467d5163ad71eae43ef802ad9abcb558b4ddb082685b,hpc_ag_table
backups,Wacongne2011,content/reviewer_robustness_2026/backups/raw_snapshot_20260816/Wacongne2011__gemma-4-31b-it__T070__R01.json,data/reasoning_logs/backups/raw_snapshot_20260816/Wacongne2011__gemma-4-31b-it__T070__R01.json,complete,d3fded4b1eb64a197f86172df490989bcc1e3a138a5c391ccb578128efce6fc3,hpc_ag_table
backups,Wacongne2011,content/reviewer_robustness_2026/backups/raw_snapshot_20260816/Wacongne2011__gemma-4-31b-it__T070__R02.json,data/reasoning_logs/backups/raw_snapshot_20260816/Wacongne2011__gemma-4-31b-it__T070__R02.json,complete,079637da0f27382ac8780808f37f7ad5f19eec72c9922baa2f8f79f44fdc155b,hpc_ag_table
backups,Wacongne2011,content/reviewer_robustness_2026/backups/raw_snapshot_20260816/Wacongne2011__gemma-4-31b-it__T070__R03.json,data/reasoning_logs/backups/raw_snapshot_20260816/Wacongne2011__gemma-4-31b-it__T070__R03.json,complete,77740ea94401d17ba98e302efd94e2426216149c4557f67b70af7adfabffee89,hpc_ag_table
backups,Wacongne2011,content/reviewer_robustness_2026/backups/raw_snapshot_20260816/Wacongne2011__phi-4-reasoning-plus__T000__R01.json,data/reasoning_logs/backups/raw_snapshot_20260816/Wacongne2011__phi-4-reasoning-plus__T000__R01.json,complete,a444ae48074bb1e6c6fb5836ac5cf3a00d6829761602e1de75ad26b487ee5c71,hpc_ag_table
backups,Wacongne2011,content/reviewer_robustness_2026/backups/raw_snapshot_20260816/Wacongne2011__phi-4-reasoning-plus__T000__R02.json,data/reasoning_logs/backups/raw_snapshot_20260816/Wacongne2011__phi-4-reasoning-plus__T000__R02.json,complete,39b8aa4ade50d28885df2dda749f0e572f7ddbc2fee5587018f2e57c574dabe2,hpc_ag_table
backups,Wacongne2011,content/reviewer_robustness_2026/backups/raw_snapshot_20260816/Wacongne2011__phi-4-reasoning-plus__T000__R03.json,data/reasoning_logs/backups/raw_snapshot_20260816/Wacongne2011__phi-4-reasoning-plus__T000__R03.json,complete,97077b7c28ca9f21ebea170f4a1bf9bf5b357e1d85bdedd81fdb388ac14b802f,hpc_ag_table
backups,Wacongne2011,content/reviewer_robustness_2026/backups/raw_snapshot_20260816/Wacongne2011__phi-4-reasoning-plus__T035__R01.json,data/reasoning_logs/backups/raw_snapshot_20260816/Wacongne2011__phi-4-reasoning-plus__T035__R01.json,complete,e331fefd35b61cd15c33f585c6bc92955d60235b781b0c1b5c787b88fe7e6c5c,hpc_ag_table
backups,Wacongne2011,content/reviewer_robustness_2026/backups/raw_snapshot_20260816/Wacongne2011__phi-4-reasoning-plus__T035__R02.json,data/reasoning_logs/backups/raw_snapshot_20260816/Wacongne2011__phi-4-reasoning-plus__T035__R02.json,complete,2c245b45f329a31306849cc9c77b044837ff9b31a54c39eb810376a1ea0633c9,hpc_ag_table
backups,Wacongne2011,content/reviewer_robustness_2026/backups/raw_snapshot_20260816/Wacongne2011__phi-4-reasoning-plus__T035__R03.json,data/reasoning_logs/backups/raw_snapshot_20260816/Wacongne2011__phi-4-reasoning-plus__T035__R03.json,complete,dfb561731e6cd4d79f128df3bb22580a0e1ad229ec3004b1c9249244385f64ad,hpc_ag_table
backups,Wacongne2011,content/reviewer_robustness_2026/backups/raw_snapshot_20260816/Wacongne2011__phi-4-reasoning-plus__T070__R01.json,data/reasoning_logs/backups/raw_snapshot_20260816/Wacongne2011__phi-4-reasoning-plus__T070__R01.json,complete,f137764f8febbe1df7715f56d81c3a0b30880f7855dd299703e2bd25d93b8714,hpc_ag_table
backups,Wacongne2011,content/reviewer_robustness_2026/backups/raw_snapshot_20260816/Wacongne2011__phi-4-reasoning-plus__T070__R02.json,data/reasoning_logs/backups/raw_snapshot_20260816/Wacongne2011__phi-4-reasoning-plus__T070__R02.json,complete,6f5ba437082a229cdfd7787b98cfe7bd27d4ddfc8d382833f74993bd228c1bb6,hpc_ag_table
backups,Wacongne2011,content/reviewer_robustness_2026/backups/raw_snapshot_20260816/Wacongne2011__phi-4-reasoning-plus__T070__R03.json,data/reasoning_logs/backups/raw_snapshot_20260816/Wacongne2011__phi-4-reasoning-plus__T070__R03.json,complete,986b1168b4ca74033372fe231896dcf58398088664c31fe302e0292f94a90aa9,hpc_ag_table
backups,Wacongne2012,content/reviewer_robustness_2026/backups/raw_snapshot_20260816/Wacongne2012__gemma-4-31b-it__T000__R01.json,data/reasoning_logs/backups/raw_snapshot_20260816/Wacongne2012__gemma-4-31b-it__T000__R01.json,complete,d53987119cb6a291b5caf76da60e64e7304ed0e3cf165e939e37aa9d1c1ee5ae,hpc_ag_table
backups,Wacongne2012,content/reviewer_robustness_2026/backups/raw_snapshot_20260816/Wacongne2012__gemma-4-31b-it__T000__R02.json,data/reasoning_logs/backups/raw_snapshot_20260816/Wacongne2012__gemma-4-31b-it__T000__R02.json,complete,fe4a22c188c9d9656fe4936e029b2068723a5c41dbea0182a85b03a1885994d2,hpc_ag_table
backups,Wacongne2012,content/reviewer_robustness_2026/backups/raw_snapshot_20260816/Wacongne2012__gemma-4-31b-it__T000__R03.json,data/reasoning_logs/backups/raw_snapshot_20260816/Wacongne2012__gemma-4-31b-it__T000__R03.json,complete,d1229a401a5f079351da3c28ba64deb1bb2880a23218a3089fe0e7ee7a025926,hpc_ag_table
backups,Wacongne2012,content/reviewer_robustness_2026/backups/raw_snapshot_20260816/Wacongne2012__gemma-4-31b-it__T035__R01.json,data/reasoning_logs/backups/raw_snapshot_20260816/Wacongne2012__gemma-4-31b-it__T035__R01.json,complete,b3049f096436f92cd26260c17b31eb52fdba04cf439441376d9553272aa8425e,hpc_ag_table
backups,Wacongne2012,content/reviewer_robustness_2026/backups/raw_snapshot_20260816/Wacongne2012__gemma-4-31b-it__T035__R02.json,data/reasoning_logs/backups/raw_snapshot_20260816/Wacongne2012__gemma-4-31b-it__T035__R02.json,complete,b1c37ee6e64f28b7bddbc4674f433ba69d505bf56c0e134c3c10595e13803478,hpc_ag_table
backups,Wacongne2012,content/reviewer_robustness_2026/backups/raw_snapshot_20260816/Wacongne2012__gemma-4-31b-it__T035__R03.json,data/reasoning_logs/backups/raw_snapshot_20260816/Wacongne2012__gemma-4-31b-it__T035__R03.json,complete,6ec4a015154d230542245ff53ccbdf3e683a61fd66869603d8d4eb83c55b3c94,hpc_ag_table
backups,Wacongne2012,content/reviewer_robustness_2026/backups/raw_snapshot_20260816/Wacongne2012__gemma-4-31b-it__T070__R01.json,data/reasoning_logs/backups/raw_snapshot_20260816/Wacongne2012__gemma-4-31b-it__T070__R01.json,complete,cf261e6f276058af1df56055366202c30daa4f8ce67196a79ce7a4e066584d97,hpc_ag_table
backups,Wacongne2012,content/reviewer_robustness_2026/backups/raw_snapshot_20260816/Wacongne2012__gemma-4-31b-it__T070__R02.json,data/reasoning_logs/backups/raw_snapshot_20260816/Wacongne2012__gemma-4-31b-it__T070__R02.json,complete,3007bb7a64868b98e1041ef62cd409afe02c5e508793b38a23866fc02110de59,hpc_ag_table
backups,Wacongne2012,content/reviewer_robustness_2026/backups/raw_snapshot_20260816/Wacongne2012__gemma-4-31b-it__T070__R03.json,data/reasoning_logs/backups/raw_snapshot_20260816/Wacongne2012__gemma-4-31b-it__T070__R03.json,complete,cf8c13c2868d81499bfbbf5528079dd361c6af9b982ec78d7d5fdabd71121947,hpc_ag_table
backups,Wacongne2012,content/reviewer_robustness_2026/backups/raw_snapshot_20260816/Wacongne2012__phi-4-reasoning-plus__T000__R01.json,data/reasoning_logs/backups/raw_snapshot_20260816/Wacongne2012__phi-4-reasoning-plus__T000__R01.json,complete,f29b4c6e5ee92c36f166c5647094374d2220cee3bc1408ad8aed3126ccbd577e,hpc_ag_table
backups,Wacongne2012,content/reviewer_robustness_2026/backups/raw_snapshot_20260816/Wacongne2012__phi-4-reasoning-plus__T000__R02.json,data/reasoning_logs/backups/raw_snapshot_20260816/Wacongne2012__phi-4-reasoning-plus__T000__R02.json,complete,32b6380a3655ef44c4ae99a1074c180e3461a54d7ad39aeb38a8867388b0be4b,hpc_ag_table
backups,Wacongne2012,content/reviewer_robustness_2026/backups/raw_snapshot_20260816/Wacongne2012__phi-4-reasoning-plus__T000__R03.json,data/reasoning_logs/backups/raw_snapshot_20260816/Wacongne2012__phi-4-reasoning-plus__T000__R03.json,complete,7dfea4f806e5661002b6dc27a33e1b3568d2536b4fd9b41a5c6d48ac3b48c5de,hpc_ag_table
backups,Wacongne2012,content/reviewer_robustness_2026/backups/raw_snapshot_20260816/Wacongne2012__phi-4-reasoning-plus__T035__R01.json,data/reasoning_logs/backups/raw_snapshot_20260816/Wacongne2012__phi-4-reasoning-plus__T035__R01.json,complete,42e78eeec4e93212e9c1ccd51576dde4b426d9132d228320fc94e73a18b5f704,hpc_ag_table
backups,Wacongne2012,content/reviewer_robustness_2026/backups/raw_snapshot_20260816/Wacongne2012__phi-4-reasoning-plus__T035__R02.json,data/reasoning_logs/backups/raw_snapshot_20260816/Wacongne2012__phi-4-reasoning-plus__T035__R02.json,complete,c2fab0a4278a0efe46a2928caa5c2623bfbc2292a81f7a2875f3c308fae0b9c2,hpc_ag_table
backups,Wacongne2012,content/reviewer_robustness_2026/backups/raw_snapshot_20260816/Wacongne2012__phi-4-reasoning-plus__T035__R03.json,data/reasoning_logs/backups/raw_snapshot_20260816/Wacongne2012__phi-4-reasoning-plus__T035__R03.json,complete,03e64c14a543454c57460da438c3b5a2d1c980bd40eb12fa66f861b88619374c,hpc_ag_table
backups,Wacongne2012,content/reviewer_robustness_2026/backups/raw_snapshot_20260816/Wacongne2012__phi-4-reasoning-plus__T070__R01.json,data/reasoning_logs/backups/raw_snapshot_20260816/Wacongne2012__phi-4-reasoning-plus__T070__R01.json,complete,be11f4eb156f77fd4c10702040d3206ef7a8dc5239e1304e2eca3efa284cf9cf,hpc_ag_table
backups,Wacongne2012,content/reviewer_robustness_2026/backups/raw_snapshot_20260816/Wacongne2012__phi-4-reasoning-plus__T070__R02.json,data/reasoning_logs/backups/raw_snapshot_20260816/Wacongne2012__phi-4-reasoning-plus__T070__R02.json,complete,bd69a62e577e0586d59a9185b213796fe358cca540bb6e0bf227033449cbe674,hpc_ag_table
backups,Wacongne2012,content/reviewer_robustness_2026/backups/raw_snapshot_20260816/Wacongne2012__phi-4-reasoning-plus__T070__R03.json,data/reasoning_logs/backups/raw_snapshot_20260816/Wacongne2012__phi-4-reasoning-plus__T070__R03.json,complete,c565977b05bae7bad343d5b35d0bb603841fdab287d35ab163af3cdfcb311e3b,hpc_ag_table
backups,Westerberg&Xiong2025,content/reviewer_robustness_2026/backups/raw_snapshot_20260816/Westerberg&Xiong2025__gemma-4-31b-it__T000__R01.json,data/reasoning_logs/backups/raw_snapshot_20260816/Westerberg&Xiong2025__gemma-4-31b-it__T000__R01.json,complete,d7ea3978001b80cb3d7647c3ff5bed5135d30d7a2713e85b7b3a611adc6fab67,hpc_ag_table
backups,Westerberg&Xiong2025,content/reviewer_robustness_2026/backups/raw_snapshot_20260816/Westerberg&Xiong2025__gemma-4-31b-it__T000__R02.json,data/reasoning_logs/backups/raw_snapshot_20260816/Westerberg&Xiong2025__gemma-4-31b-it__T000__R02.json,complete,8b0adc198fda5d2f3247982c5193dd931e5c9520bfac4c5519d8fbfd8afefc88,hpc_ag_table
backups,Westerberg&Xiong2025,content/reviewer_robustness_2026/backups/raw_snapshot_20260816/Westerberg&Xiong2025__gemma-4-31b-it__T000__R03.json,data/reasoning_logs/backups/raw_snapshot_20260816/Westerberg&Xiong2025__gemma-4-31b-it__T000__R03.json,complete,91ebd693216d727841c0fd1ada8344ff4da44a803310e9a6b654b99796381bb9,hpc_ag_table
backups,Westerberg&Xiong2025,content/reviewer_robustness_2026/backups/raw_snapshot_20260816/Westerberg&Xiong2025__gemma-4-31b-it__T035__R01.json,data/reasoning_logs/backups/raw_snapshot_20260816/Westerberg&Xiong2025__gemma-4-31b-it__T035__R01.json,complete,a67772b9a881555f8ef1bad3874a8a74c0764703d7adffce79fb633ebf21ac8c,hpc_ag_table
backups,Westerberg&Xiong2025,content/reviewer_robustness_2026/backups/raw_snapshot_20260816/Westerberg&Xiong2025__gemma-4-31b-it__T035__R02.json,data/reasoning_logs/backups/raw_snapshot_20260816/Westerberg&Xiong2025__gemma-4-31b-it__T035__R02.json,complete,85c64a884ee5d0b714c359f939f7822091b1e33552b6571db0e11d69ff54d7dd,hpc_ag_table
backups,Westerberg&Xiong2025,content/reviewer_robustness_2026/backups/raw_snapshot_20260816/Westerberg&Xiong2025__gemma-4-31b-it__T035__R03.json,data/reasoning_logs/backups/raw_snapshot_20260816/Westerberg&Xiong2025__gemma-4-31b-it__T035__R03.json,complete,727160101f39e19d4f53c28ec810a36f1d76838de99ad68b17f8208dc355f921,hpc_ag_table
backups,Westerberg&Xiong2025,content/reviewer_robustness_2026/backups/raw_snapshot_20260816/Westerberg&Xiong2025__gemma-4-31b-it__T070__R01.json,data/reasoning_logs/backups/raw_snapshot_20260816/Westerberg&Xiong2025__gemma-4-31b-it__T070__R01.json,complete,457506c0277a3dbb2dba6e2b011db1bbd4c75ad1373125b352064885689cb6b7,hpc_ag_table
backups,Westerberg&Xiong2025,content/reviewer_robustness_2026/backups/raw_snapshot_20260816/Westerberg&Xiong2025__gemma-4-31b-it__T070__R02.json,data/reasoning_logs/backups/raw_snapshot_20260816/Westerberg&Xiong2025__gemma-4-31b-it__T070__R02.json,complete,696e9a1a144ed56e4e92da2dcdf09edf53c5c388fff8b760636887881375d588,hpc_ag_table
backups,Westerberg&Xiong2025,content/reviewer_robustness_2026/backups/raw_snapshot_20260816/Westerberg&Xiong2025__gemma-4-31b-it__T070__R03.json,data/reasoning_logs/backups/raw_snapshot_20260816/Westerberg&Xiong2025__gemma-4-31b-it__T070__R03.json,complete,7c181ef5c26408fcf25edff097cd6597f55a5ccffb52fba9fa6a22526129d3f0,hpc_ag_table
backups,Westerberg&Xiong2025,content/reviewer_robustness_2026/backups/raw_snapshot_20260816/Westerberg&Xiong2025__phi-4-reasoning-plus__T000__R01.json,data/reasoning_logs/backups/raw_snapshot_20260816/Westerberg&Xiong2025__phi-4-reasoning-plus__T000__R01.json,complete,d13bbd28f656ec445a83eec69f0a670cf0cb394fc8809e8bb0b04c8c3669c59c,hpc_ag_table
backups,Westerberg&Xiong2025,content/reviewer_robustness_2026/backups/raw_snapshot_20260816/Westerberg&Xiong2025__phi-4-reasoning-plus__T000__R02.json,data/reasoning_logs/backups/raw_snapshot_20260816/Westerberg&Xiong2025__phi-4-reasoning-plus__T000__R02.json,complete,5b17335ee43460434f23646c0777ac8ad91f6bdee468977b9ea9132d4ab2f69e,hpc_ag_table
backups,Westerberg&Xiong2025,content/reviewer_robustness_2026/backups/raw_snapshot_20260816/Westerberg&Xiong2025__phi-4-reasoning-plus__T000__R03.json,data/reasoning_logs/backups/raw_snapshot_20260816/Westerberg&Xiong2025__phi-4-reasoning-plus__T000__R03.json,complete,10d5a1dde074db0a5a98e3f70be0408fa6ca15f657e23c4e4c1fe73808c35932,hpc_ag_table
backups,Westerberg&Xiong2025,content/reviewer_robustness_2026/backups/raw_snapshot_20260816/Westerberg&Xiong2025__phi-4-reasoning-plus__T035__R01.json,data/reasoning_logs/backups/raw_snapshot_20260816/Westerberg&Xiong2025__phi-4-reasoning-plus__T035__R01.json,complete,2db38dc54ccccc6d07c3fb20b9757864005bde947868d60e31215e8fc1c9bd54,hpc_ag_table
backups,Westerberg&Xiong2025,content/reviewer_robustness_2026/backups/raw_snapshot_20260816/Westerberg&Xiong2025__phi-4-reasoning-plus__T035__R02.json,data/reasoning_logs/backups/raw_snapshot_20260816/Westerberg&Xiong2025__phi-4-reasoning-plus__T035__R02.json,complete,250f22f411fe9617aa6de6af4a4c052256f5726cf99d0a2f9e4e28ee534f51e3,hpc_ag_table
backups,Westerberg&Xiong2025,content/reviewer_robustness_2026/backups/raw_snapshot_20260816/Westerberg&Xiong2025__phi-4-reasoning-plus__T035__R03.json,data/reasoning_logs/backups/raw_snapshot_20260816/Westerberg&Xiong2025__phi-4-reasoning-plus__T035__R03.json,complete,c61e95f99554bfb560f6f0d166c48d0e73f0eeb60f715fe125279b39dbbd4d62,hpc_ag_table
backups,Westerberg&Xiong2025,content/reviewer_robustness_2026/backups/raw_snapshot_20260816/Westerberg&Xiong2025__phi-4-reasoning-plus__T070__R01.json,data/reasoning_logs/backups/raw_snapshot_20260816/Westerberg&Xiong2025__phi-4-reasoning-plus__T070__R01.json,complete,5b6bcfc70ded535680db49f331bd420b8e8d356cb90893a11a25ef6f7a00fe5a,hpc_ag_table
backups,Westerberg&Xiong2025,content/reviewer_robustness_2026/backups/raw_snapshot_20260816/Westerberg&Xiong2025__phi-4-reasoning-plus__T070__R02.json,data/reasoning_logs/backups/raw_snapshot_20260816/Westerberg&Xiong2025__phi-4-reasoning-plus__T070__R02.json,complete,00a64046369064b7e910d4e43d3e360a6296707eee4fc09905adda7ecb07ebbe,hpc_ag_table
backups,Westerberg&Xiong2025,content/reviewer_robustness_2026/backups/raw_snapshot_20260816/Westerberg&Xiong2025__phi-4-reasoning-plus__T070__R03.json,data/reasoning_logs/backups/raw_snapshot_20260816/Westerberg&Xiong2025__phi-4-reasoning-plus__T070__R03.json,complete,c8ed89055dfcd38ae3186d4f62d9dacf9b49939de9997d3f67b39ac834a22b56,hpc_ag_table
backups,Yamins2014,content/reviewer_robustness_2026/backups/raw_snapshot_20260816/Yamins2014__gemma-4-31b-it__T000__R01.json,data/reasoning_logs/backups/raw_snapshot_20260816/Yamins2014__gemma-4-31b-it__T000__R01.json,complete,876e7463bac9285ff3c1fb597c4760f4510ef3b376d1ad7eafffe1c0bc5e6292,hpc_ag_table
backups,Yamins2014,content/reviewer_robustness_2026/backups/raw_snapshot_20260816/Yamins2014__gemma-4-31b-it__T000__R02.json,data/reasoning_logs/backups/raw_snapshot_20260816/Yamins2014__gemma-4-31b-it__T000__R02.json,complete,e7b392df1acab64bdf8edccfdc863d220f7e659902f862a26db160ff60d14000,hpc_ag_table
backups,Yamins2014,content/reviewer_robustness_2026/backups/raw_snapshot_20260816/Yamins2014__gemma-4-31b-it__T000__R03.json,data/reasoning_logs/backups/raw_snapshot_20260816/Yamins2014__gemma-4-31b-it__T000__R03.json,complete,f763ea5c02ced9c8579e4b0849295821829a02938aff82620c1ce1f125d6b110,hpc_ag_table
backups,Yamins2014,content/reviewer_robustness_2026/backups/raw_snapshot_20260816/Yamins2014__gemma-4-31b-it__T035__R01.json,data/reasoning_logs/backups/raw_snapshot_20260816/Yamins2014__gemma-4-31b-it__T035__R01.json,complete,908e842ea975cb4f779a469f738a23302210cc96b003c3fad22c944e78a4e36e,hpc_ag_table
backups,Yamins2014,content/reviewer_robustness_2026/backups/raw_snapshot_20260816/Yamins2014__gemma-4-31b-it__T035__R02.json,data/reasoning_logs/backups/raw_snapshot_20260816/Yamins2014__gemma-4-31b-it__T035__R02.json,complete,fdd6e15898af41f6b3203b5e5fc938baad637fb5e48d1b0def30d40e9e843efb,hpc_ag_table
backups,Yamins2014,content/reviewer_robustness_2026/backups/raw_snapshot_20260816/Yamins2014__gemma-4-31b-it__T035__R03.json,data/reasoning_logs/backups/raw_snapshot_20260816/Yamins2014__gemma-4-31b-it__T035__R03.json,complete,86b207787e4b67b251e629e491dd58605d8ef91133c2b49093e11b4d0e3d8978,hpc_ag_table
backups,Yamins2014,content/reviewer_robustness_2026/backups/raw_snapshot_20260816/Yamins2014__gemma-4-31b-it__T070__R01.json,data/reasoning_logs/backups/raw_snapshot_20260816/Yamins2014__gemma-4-31b-it__T070__R01.json,complete,5ff3ff09893c1b9e1d2160784d74ac838e4f872335979a4f62cd7345ae386123,hpc_ag_table
backups,Yamins2014,content/reviewer_robustness_2026/backups/raw_snapshot_20260816/Yamins2014__gemma-4-31b-it__T070__R02.json,data/reasoning_logs/backups/raw_snapshot_20260816/Yamins2014__gemma-4-31b-it__T070__R02.json,complete,2ae81966770698de0031e0e1d2cec182cba2ea1fae7341a7aa68c678f9766723,hpc_ag_table
backups,Yamins2014,content/reviewer_robustness_2026/backups/raw_snapshot_20260816/Yamins2014__gemma-4-31b-it__T070__R03.json,data/reasoning_logs/backups/raw_snapshot_20260816/Yamins2014__gemma-4-31b-it__T070__R03.json,complete,f56fcf5a5df3c33d892c90a6c0d1d98575398729811d14ad0a5310b990904206,hpc_ag_table
backups,Yamins2014,content/reviewer_robustness_2026/backups/raw_snapshot_20260816/Yamins2014__phi-4-reasoning-plus__T000__R01.json,data/reasoning_logs/backups/raw_snapshot_20260816/Yamins2014__phi-4-reasoning-plus__T000__R01.json,complete,8e313f03025a9a3235f82379604e7f3eeee0cb6216ddab2355402a00d5a6b895,hpc_ag_table
backups,Yamins2014,content/reviewer_robustness_2026/backups/raw_snapshot_20260816/Yamins2014__phi-4-reasoning-plus__T000__R02.json,data/reasoning_logs/backups/raw_snapshot_20260816/Yamins2014__phi-4-reasoning-plus__T000__R02.json,complete,7e85fc78f9d81853ed550d5899ce0429f98256fb2764673d029c676e543338ec,hpc_ag_table
backups,Yamins2014,content/reviewer_robustness_2026/backups/raw_snapshot_20260816/Yamins2014__phi-4-reasoning-plus__T000__R03.json,data/reasoning_logs/backups/raw_snapshot_20260816/Yamins2014__phi-4-reasoning-plus__T000__R03.json,complete,7f3274369a838f074e5e0d2f074047cb052276f1d28554ec9ccedc880d762266,hpc_ag_table
backups,Yamins2014,content/reviewer_robustness_2026/backups/raw_snapshot_20260816/Yamins2014__phi-4-reasoning-plus__T035__R01.json,data/reasoning_logs/backups/raw_snapshot_20260816/Yamins2014__phi-4-reasoning-plus__T035__R01.json,complete,050038d807f0b1ecd754ec4afb3b5ecefbdce29eb6f884dccfed728d525f2475,hpc_ag_table
backups,Yamins2014,content/reviewer_robustness_2026/backups/raw_snapshot_20260816/Yamins2014__phi-4-reasoning-plus__T035__R02.json,data/reasoning_logs/backups/raw_snapshot_20260816/Yamins2014__phi-4-reasoning-plus__T035__R02.json,complete,eb925daeb3870455bc53cd28aebc71f6a55e142e855c67931bb5aede9bd55f3b,hpc_ag_table
backups,Yamins2014,content/reviewer_robustness_2026/backups/raw_snapshot_20260816/Yamins2014__phi-4-reasoning-plus__T035__R03.json,data/reasoning_logs/backups/raw_snapshot_20260816/Yamins2014__phi-4-reasoning-plus__T035__R03.json,complete,72bf86966eca07656d711f4a73c927738a27c820d77c5843c1d7171697ad5059,hpc_ag_table
backups,Yamins2014,content/reviewer_robustness_2026/backups/raw_snapshot_20260816/Yamins2014__phi-4-reasoning-plus__T070__R01.json,data/reasoning_logs/backups/raw_snapshot_20260816/Yamins2014__phi-4-reasoning-plus__T070__R01.json,complete,9fae54a3af6e95cf7c3446239deab3c6735f2c15c8dad5cca1931d4c867518bd,hpc_ag_table
backups,Yamins2014,content/reviewer_robustness_2026/backups/raw_snapshot_20260816/Yamins2014__phi-4-reasoning-plus__T070__R02.json,data/reasoning_logs/backups/raw_snapshot_20260816/Yamins2014__phi-4-reasoning-plus__T070__R02.json,complete,a6b08bbf63c1a3d27f42379566973268daa41f2fce65d585ede6b23c02723024,hpc_ag_table
backups,Yamins2014,content/reviewer_robustness_2026/backups/raw_snapshot_20260816/Yamins2014__phi-4-reasoning-plus__T070__R03.json,data/reasoning_logs/backups/raw_snapshot_20260816/Yamins2014__phi-4-reasoning-plus__T070__R03.json,complete,f8b6d9002df110d59bccbf9223a8f4d9ed2c297e0f9ea4ebf2a7739a14c86c36,hpc_ag_table
diagnostic_archive,Attinger2017,content/reviewer_robustness_2026/diagnostic_archive/Attinger2017__gemma-4-31b-it__T000__R01.json,data/reasoning_logs/diagnostic_archive/Attinger2017__gemma-4-31b-it__T000__R01.json,complete,11bdfe834f47c08e3dae37fe008a25135b5cb93a29e74b1a4c85474a8fca4760,hpc_ag_table
diagnostic_archive,Attinger2017,content/reviewer_robustness_2026/diagnostic_archive/Attinger2017__gemma-4-31b-it__T035__R01.json,data/reasoning_logs/diagnostic_archive/Attinger2017__gemma-4-31b-it__T035__R01.json,complete,65effdb0f672cd6e4236434049dda52cee4497bddf0dbc64ccc2d759f82d25fd,hpc_ag_table
diagnostic_archive,Attinger2017,content/reviewer_robustness_2026/diagnostic_archive/Attinger2017__gemma-4-31b-it__T070__R01.json,data/reasoning_logs/diagnostic_archive/Attinger2017__gemma-4-31b-it__T070__R01.json,complete,dddceba9c43369e7357ebe25626bf48645e65f867bf5a18b71d8674dfbf3d203,hpc_ag_table
diagnostic_archive,Attinger2017,content/reviewer_robustness_2026/diagnostic_archive/Attinger2017__olmo-3-32b-think__T000__R01.json,data/reasoning_logs/diagnostic_archive/Attinger2017__olmo-3-32b-think__T000__R01.json,complete,cbe9fc9b6118dfa1cb5e8b06e50ea890c6639fe103d213a7653a10618b76579d,hpc_ag_table
diagnostic_archive,Attinger2017,content/reviewer_robustness_2026/diagnostic_archive/Attinger2017__olmo-3-32b-think__T035__R01.json,data/reasoning_logs/diagnostic_archive/Attinger2017__olmo-3-32b-think__T035__R01.json,complete,c1ce58157308932f9b45993be4303ec320c3e621d618ff09aedb2c0e2c48d1fe,hpc_ag_table
diagnostic_archive,Attinger2017,content/reviewer_robustness_2026/diagnostic_archive/Attinger2017__olmo-3-32b-think__T070__R01.json,data/reasoning_logs/diagnostic_archive/Attinger2017__olmo-3-32b-think__T070__R01.json,complete,c5118173c0ee88334c75daabbb0a022326d410e2fd49adadbad27c9b5744389c,hpc_ag_table
diagnostic_archive,Attinger2017,content/reviewer_robustness_2026/diagnostic_archive/Attinger2017__phi-4-reasoning-plus__T000__R01.json,data/reasoning_logs/diagnostic_archive/Attinger2017__phi-4-reasoning-plus__T000__R01.json,complete,ddd2f041109c74e5064a8aa73be5cad2b77b71f8d7ccac74772904352c6c2b63,hpc_ag_table
diagnostic_archive,Attinger2017,content/reviewer_robustness_2026/diagnostic_archive/Attinger2017__phi-4-reasoning-plus__T035__R01.json,data/reasoning_logs/diagnostic_archive/Attinger2017__phi-4-reasoning-plus__T035__R01.json,complete,dbc905a0f7eecdf1514eb4a574e628af4534377401921b081ca43ac581b50a60,hpc_ag_table
diagnostic_archive,Attinger2017,content/reviewer_robustness_2026/diagnostic_archive/Attinger2017__phi-4-reasoning-plus__T070__R01.json,data/reasoning_logs/diagnostic_archive/Attinger2017__phi-4-reasoning-plus__T070__R01.json,complete,0c2b386d468d654df549ae162c6b1128d097e94e783b4e85b39c849842961364,hpc_ag_table
diagnostic_archive,Bakhtiari2021,content/reviewer_robustness_2026/diagnostic_archive/Bakhtiari2021__olmo-3-32b-think__T000__R01.json,data/reasoning_logs/diagnostic_archive/Bakhtiari2021__olmo-3-32b-think__T000__R01.json,complete,29716c32585eac73f23a649ff6e6ba38ec77050005fa70da3057c42a53540045,hpc_ag_table
diagnostic_archive,Bastos2012,content/reviewer_robustness_2026/diagnostic_archive/Bastos2012__gemma-4-31b-it__T035__R01.json,data/reasoning_logs/diagnostic_archive/Bastos2012__gemma-4-31b-it__T035__R01.json,complete,959e15773fd77a1defbcc2971b01da36037d81a25fda1a7d8a797fd4fcd4a4ea,hpc_ag_table
diagnostic_archive,Bastos2012,content/reviewer_robustness_2026/diagnostic_archive/Bastos2012__olmo-3-32b-think__T035__R01.json,data/reasoning_logs/diagnostic_archive/Bastos2012__olmo-3-32b-think__T035__R01.json,complete,9b74f232708f35c30de8dba9ffd6d248960d821d9dc6889bb742ad99ddd2e0d7,hpc_ag_table
diagnostic_archive,Bastos2012,content/reviewer_robustness_2026/diagnostic_archive/Bastos2012__olmo-3-32b-think__T035__R02.json,data/reasoning_logs/diagnostic_archive/Bastos2012__olmo-3-32b-think__T035__R02.json,complete,1d5116e1301f6e8118074b9ccc029b4b4dd3acd3c47ee73e48b75df9c93eb946,hpc_ag_table
diagnostic_archive,Bastos2012,content/reviewer_robustness_2026/diagnostic_archive/Bastos2012__phi-4-reasoning-plus__T035__R01.json,data/reasoning_logs/diagnostic_archive/Bastos2012__phi-4-reasoning-plus__T035__R01.json,complete,67900ddc098f2e62e0e81482f93cf2c76d53989f80573e092a7c5641ae3b9390,hpc_ag_table
diagnostic_archive,Furutachi2024,content/reviewer_robustness_2026/diagnostic_archive/Furutachi2024__gemma-4-31b-it__T035__R01.json,data/reasoning_logs/diagnostic_archive/Furutachi2024__gemma-4-31b-it__T035__R01.json,complete,13b6c97cd11154ca546752b203729508f8214f9d68517bb090df6d032d71e462,hpc_ag_table
diagnostic_archive,Furutachi2024,content/reviewer_robustness_2026/diagnostic_archive/Furutachi2024__olmo-3-32b-think__T035__R01.json,data/reasoning_logs/diagnostic_archive/Furutachi2024__olmo-3-32b-think__T035__R01.json,complete,39fe9746cb36b5b649665dfa5377f1aa206da080a981c1c765a2fb4b90c7d707,hpc_ag_table
diagnostic_archive,Furutachi2024,content/reviewer_robustness_2026/diagnostic_archive/Furutachi2024__phi-4-reasoning-plus__T035__R01.json,data/reasoning_logs/diagnostic_archive/Furutachi2024__phi-4-reasoning-plus__T035__R01.json,complete,77d673b2a70f70632e2f1667ab79de00c7a3f6d8e9a8fc5335039b6a0e8477be,hpc_ag_table
raw,Attinger2017,content/reviewer_robustness_2026/raw/Attinger2017__gemma-4-31b-it__T000__R01.json,data/reasoning_logs/raw/Attinger2017__gemma-4-31b-it__T000__R01.json,complete,80596d77270a2e4cb7af148f83ca8de0690310dae923dc73f63d488991ffe728,hpc_ag_table
raw,Attinger2017,content/reviewer_robustness_2026/raw/Attinger2017__gemma-4-31b-it__T000__R02.json,data/reasoning_logs/raw/Attinger2017__gemma-4-31b-it__T000__R02.json,complete,19fa66998f8962e31c5f01af6e7b7de929a92755642bf2a18b40cf4cb4032782,hpc_ag_table
raw,Attinger2017,content/reviewer_robustness_2026/raw/Attinger2017__gemma-4-31b-it__T000__R03.json,data/reasoning_logs/raw/Attinger2017__gemma-4-31b-it__T000__R03.json,complete,69c4ad59ae65b45a8927b5a0a825f6ed0ffb629a1a8d960842ce5e65b5f5972a,hpc_ag_table
raw,Attinger2017,content/reviewer_robustness_2026/raw/Attinger2017__gemma-4-31b-it__T035__R01.json,data/reasoning_logs/raw/Attinger2017__gemma-4-31b-it__T035__R01.json,complete,94fd82b1a6133655b7e63277f873d99b02994a21b6d648862f980a029742a4cc,hpc_ag_table
raw,Attinger2017,content/reviewer_robustness_2026/raw/Attinger2017__gemma-4-31b-it__T035__R02.json,data/reasoning_logs/raw/Attinger2017__gemma-4-31b-it__T035__R02.json,complete,154824e59912a3becfa1096e9316a75b97100ad11ad65065e3e0d8098cfee36e,hpc_ag_table
raw,Attinger2017,content/reviewer_robustness_2026/raw/Attinger2017__gemma-4-31b-it__T035__R03.json,data/reasoning_logs/raw/Attinger2017__gemma-4-31b-it__T035__R03.json,complete,22bb7c6000149d2bb690124c491fa6c330936677095a4d50867dfee657e9505f,hpc_ag_table
raw,Attinger2017,content/reviewer_robustness_2026/raw/Attinger2017__gemma-4-31b-it__T070__R01.json,data/reasoning_logs/raw/Attinger2017__gemma-4-31b-it__T070__R01.json,complete,df150b58b305848d624f5f76783d1ec77b8557334aa494ac1165dd59422731b8,hpc_ag_table
raw,Attinger2017,content/reviewer_robustness_2026/raw/Attinger2017__gemma-4-31b-it__T070__R02.json,data/reasoning_logs/raw/Attinger2017__gemma-4-31b-it__T070__R02.json,complete,f655f60cd9310ce6a84dacedd8f05a025d6fcd7127b1cf2c574824e536468f75,hpc_ag_table
raw,Attinger2017,content/reviewer_robustness_2026/raw/Attinger2017__gemma-4-31b-it__T070__R03.json,data/reasoning_logs/raw/Attinger2017__gemma-4-31b-it__T070__R03.json,complete,5f7bfa3c7e49e50c4e8178c24f3f40fb74be31fa722673c160086c20e90bb14a,hpc_ag_table
raw,Attinger2017,content/reviewer_robustness_2026/raw/Attinger2017__olmo-3-32b-think__T000__R01.json,data/reasoning_logs/raw/Attinger2017__olmo-3-32b-think__T000__R01.json,complete,2e5b27039dfb2636c61519b46ed2abdd55d0d56e227feef2c524783c64e4544e,hpc_ag_table
raw,Attinger2017,content/reviewer_robustness_2026/raw/Attinger2017__olmo-3-32b-think__T000__R02.json,data/reasoning_logs/raw/Attinger2017__olmo-3-32b-think__T000__R02.json,complete,01ee2820a4273a02f2841ead8657829bf09bc04b5428f7e879fad4c1087fa660,hpc_ag_table
raw,Attinger2017,content/reviewer_robustness_2026/raw/Attinger2017__olmo-3-32b-think__T000__R03.json,data/reasoning_logs/raw/Attinger2017__olmo-3-32b-think__T000__R03.json,complete,835407b9706c98c1194c9ceb38cbc613e7d95c2f66fd325ca926179418d7b32e,hpc_ag_table
raw,Attinger2017,content/reviewer_robustness_2026/raw/Attinger2017__olmo-3-32b-think__T035__R01.json,data/reasoning_logs/raw/Attinger2017__olmo-3-32b-think__T035__R01.json,complete,d0d8faeb8b297c953806cffc5d170d0ae5231b965e763661209839fc6d6035cd,hpc_ag_table
raw,Attinger2017,content/reviewer_robustness_2026/raw/Attinger2017__olmo-3-32b-think__T035__R02.json,data/reasoning_logs/raw/Attinger2017__olmo-3-32b-think__T035__R02.json,complete,b8dd73c529871e30231e736db1a15431d44256dd585c95b40cbb6f54b31fba8d,hpc_ag_table
raw,Attinger2017,content/reviewer_robustness_2026/raw/Attinger2017__olmo-3-32b-think__T035__R03.json,data/reasoning_logs/raw/Attinger2017__olmo-3-32b-think__T035__R03.json,complete,bc82752461c5473af2483589716caef394801357ada5ac31d3bc6f77281e8e6c,hpc_ag_table
raw,Attinger2017,content/reviewer_robustness_2026/raw/Attinger2017__olmo-3-32b-think__T070__R01.json,data/reasoning_logs/raw/Attinger2017__olmo-3-32b-think__T070__R01.json,complete,3fa5b3aaf984e742384994699b62081953bf74740c67156e5e6a497338731341,hpc_ag_table
raw,Attinger2017,content/reviewer_robustness_2026/raw/Attinger2017__olmo-3-32b-think__T070__R02.json,data/reasoning_logs/raw/Attinger2017__olmo-3-32b-think__T070__R02.json,complete,d26708ad0754033c988aa70007a83d65437b6b58ca1a471be7f433bc9582acfa,hpc_ag_table
raw,Attinger2017,content/reviewer_robustness_2026/raw/Attinger2017__olmo-3-32b-think__T070__R03.json,data/reasoning_logs/raw/Attinger2017__olmo-3-32b-think__T070__R03.json,complete,0bc7f48fff57fb8b7eaee7ae8a9a373f1e1fa4bf2281f160aa79219106633256,hpc_ag_table
raw,Attinger2017,content/reviewer_robustness_2026/raw/Attinger2017__phi-4-reasoning-plus__T000__R01.json,data/reasoning_logs/raw/Attinger2017__phi-4-reasoning-plus__T000__R01.json,complete,e86a5e92fc54b62f53e0e3e32462ca25bded01ba8c655fb7c9d5cb90d2ba988a,hpc_ag_table
raw,Attinger2017,content/reviewer_robustness_2026/raw/Attinger2017__phi-4-reasoning-plus__T000__R02.json,data/reasoning_logs/raw/Attinger2017__phi-4-reasoning-plus__T000__R02.json,complete,44b9f877452a552363268a38e8227e035be72e3e842346d384d3abbde9fd5e4c,hpc_ag_table
raw,Attinger2017,content/reviewer_robustness_2026/raw/Attinger2017__phi-4-reasoning-plus__T000__R03.json,data/reasoning_logs/raw/Attinger2017__phi-4-reasoning-plus__T000__R03.json,complete,80719ce971ecfc2f1ecd5058662f48416d28743453ff279bc37fd495f32cc0f1,hpc_ag_table
raw,Attinger2017,content/reviewer_robustness_2026/raw/Attinger2017__phi-4-reasoning-plus__T035__R01.json,data/reasoning_logs/raw/Attinger2017__phi-4-reasoning-plus__T035__R01.json,complete,62dd9610eaf43ff871ab2859c03a8e9afb0581f3989d0355c191b2bf3e90be40,hpc_ag_table
raw,Attinger2017,content/reviewer_robustness_2026/raw/Attinger2017__phi-4-reasoning-plus__T035__R02.json,data/reasoning_logs/raw/Attinger2017__phi-4-reasoning-plus__T035__R02.json,complete,07f8a9cf459b1b9f68baf1bec10dbef0829bd37c7ddfbacf57a15aca01b67cd9,hpc_ag_table
raw,Attinger2017,content/reviewer_robustness_2026/raw/Attinger2017__phi-4-reasoning-plus__T035__R03.json,data/reasoning_logs/raw/Attinger2017__phi-4-reasoning-plus__T035__R03.json,complete,835a822168670485b07133666ea6230fa0c491d89db823c5e5c62b0ef2a8ea27,hpc_ag_table
raw,Attinger2017,content/reviewer_robustness_2026/raw/Attinger2017__phi-4-reasoning-plus__T070__R01.json,data/reasoning_logs/raw/Attinger2017__phi-4-reasoning-plus__T070__R01.json,complete,cc53542fb5634365513318cfba42d3278e80467fdba08b4da93f241e2ca3e8e0,hpc_ag_table
raw,Attinger2017,content/reviewer_robustness_2026/raw/Attinger2017__phi-4-reasoning-plus__T070__R02.json,data/reasoning_logs/raw/Attinger2017__phi-4-reasoning-plus__T070__R02.json,complete,ba30037bd5ab1e6df1c569578d787dc1fb810c07d2d5f433094e0507591e68f8,hpc_ag_table
raw,Attinger2017,content/reviewer_robustness_2026/raw/Attinger2017__phi-4-reasoning-plus__T070__R03.json,data/reasoning_logs/raw/Attinger2017__phi-4-reasoning-plus__T070__R03.json,complete,ee08935a809436f68e24657cf9fbc10b8c99a2de22d925f3756630ed49b909ee,hpc_ag_table
raw,Bakhtiari2021,content/reviewer_robustness_2026/raw/Bakhtiari2021__gemma-4-31b-it__T000__R01.json,data/reasoning_logs/raw/Bakhtiari2021__gemma-4-31b-it__T000__R01.json,complete,6648649c1a6f5bc906c640d6fa6875c838d1ea38e48eee668c6c1e8708c46a24,hpc_ag_table
raw,Bakhtiari2021,content/reviewer_robustness_2026/raw/Bakhtiari2021__gemma-4-31b-it__T000__R02.json,data/reasoning_logs/raw/Bakhtiari2021__gemma-4-31b-it__T000__R02.json,complete,be772bcb967b8b6b77064613d3999ac21de128cd500dda4a29c500cbb4f09b09,hpc_ag_table
raw,Bakhtiari2021,content/reviewer_robustness_2026/raw/Bakhtiari2021__gemma-4-31b-it__T000__R03.json,data/reasoning_logs/raw/Bakhtiari2021__gemma-4-31b-it__T000__R03.json,complete,637f68ff4de1b34fd57ef68807042718cccbc9fb196aef2dd568c00f028639db,hpc_ag_table
raw,Bakhtiari2021,content/reviewer_robustness_2026/raw/Bakhtiari2021__gemma-4-31b-it__T035__R01.json,data/reasoning_logs/raw/Bakhtiari2021__gemma-4-31b-it__T035__R01.json,complete,1234696846561abeed073b827eb10c358b799cb615a7a38b8a75c3ea0c3b0779,hpc_ag_table
raw,Bakhtiari2021,content/reviewer_robustness_2026/raw/Bakhtiari2021__gemma-4-31b-it__T035__R02.json,data/reasoning_logs/raw/Bakhtiari2021__gemma-4-31b-it__T035__R02.json,complete,1bf4cb148d4578c401dbe9b0de46c986ee3ea87c2f21837fb2ebe9f723cdcc15,hpc_ag_table
raw,Bakhtiari2021,content/reviewer_robustness_2026/raw/Bakhtiari2021__gemma-4-31b-it__T035__R03.json,data/reasoning_logs/raw/Bakhtiari2021__gemma-4-31b-it__T035__R03.json,complete,e7e9bdad3cb90e2d969c7a7b11d22943cd565b44bd3a6801f3fd67404853d6c7,hpc_ag_table
raw,Bakhtiari2021,content/reviewer_robustness_2026/raw/Bakhtiari2021__gemma-4-31b-it__T070__R01.json,data/reasoning_logs/raw/Bakhtiari2021__gemma-4-31b-it__T070__R01.json,complete,994c3642242d8db257e614e1003b268e4b944cd23a4650a4210a2cddd3eb24ed,hpc_ag_table
raw,Bakhtiari2021,content/reviewer_robustness_2026/raw/Bakhtiari2021__gemma-4-31b-it__T070__R02.json,data/reasoning_logs/raw/Bakhtiari2021__gemma-4-31b-it__T070__R02.json,complete,473ea39ef4d8cc82e006d130c144d8760d55f28a89638e25fb9e36d711e57b5f,hpc_ag_table
raw,Bakhtiari2021,content/reviewer_robustness_2026/raw/Bakhtiari2021__gemma-4-31b-it__T070__R03.json,data/reasoning_logs/raw/Bakhtiari2021__gemma-4-31b-it__T070__R03.json,complete,bf44960e72d879a6395f6823611543ba52c08beb1032b15f85f6a2b79f7a2ff9,hpc_ag_table
raw,Bakhtiari2021,content/reviewer_robustness_2026/raw/Bakhtiari2021__olmo-3-32b-think__T000__R01.json,data/reasoning_logs/raw/Bakhtiari2021__olmo-3-32b-think__T000__R01.json,complete,d1bb6f4e9daed2c0a1ce507756a64646e220166f400bdaf1b50bf28b4cc0c989,hpc_ag_table
raw,Bakhtiari2021,content/reviewer_robustness_2026/raw/Bakhtiari2021__olmo-3-32b-think__T000__R02.json,data/reasoning_logs/raw/Bakhtiari2021__olmo-3-32b-think__T000__R02.json,complete,48d7897d17da3b9b5818f2a21282bf2842a3a251fe181277348e5e975d1531df,hpc_ag_table
raw,Bakhtiari2021,content/reviewer_robustness_2026/raw/Bakhtiari2021__olmo-3-32b-think__T000__R03.json,data/reasoning_logs/raw/Bakhtiari2021__olmo-3-32b-think__T000__R03.json,complete,39c6600d43857edbb6150988c3aaa75ab7ab46f91feca8967444236d3ad10f9a,hpc_ag_table
raw,Bakhtiari2021,content/reviewer_robustness_2026/raw/Bakhtiari2021__olmo-3-32b-think__T035__R01.json,data/reasoning_logs/raw/Bakhtiari2021__olmo-3-32b-think__T035__R01.json,complete,211c7b1f62c852d8784ca646eadbd0affb44af8cccda161daf0ca471576b125d,hpc_ag_table
raw,Bakhtiari2021,content/reviewer_robustness_2026/raw/Bakhtiari2021__olmo-3-32b-think__T035__R02.json,data/reasoning_logs/raw/Bakhtiari2021__olmo-3-32b-think__T035__R02.json,complete,25789871aa94765d22c82578fb3cadc121e1cc20cebc877bf44e70bdba33f332,hpc_ag_table
raw,Bakhtiari2021,content/reviewer_robustness_2026/raw/Bakhtiari2021__olmo-3-32b-think__T035__R03.json,data/reasoning_logs/raw/Bakhtiari2021__olmo-3-32b-think__T035__R03.json,complete,67716d48284d8745cb34625477fcad35f0bf8c68257d110e57047333290b7803,hpc_ag_table
raw,Bakhtiari2021,content/reviewer_robustness_2026/raw/Bakhtiari2021__olmo-3-32b-think__T070__R01.json,data/reasoning_logs/raw/Bakhtiari2021__olmo-3-32b-think__T070__R01.json,complete,770226bbf9977a94a116634cbcbb162726ec716412fdaec59fd5e2ccff255ad8,hpc_ag_table
raw,Bakhtiari2021,content/reviewer_robustness_2026/raw/Bakhtiari2021__olmo-3-32b-think__T070__R02.json,data/reasoning_logs/raw/Bakhtiari2021__olmo-3-32b-think__T070__R02.json,complete,5fcd989b01d2dbb0d7064086f7a597fe77556017caa1ed1c317feb4abb181662,hpc_ag_table
raw,Bakhtiari2021,content/reviewer_robustness_2026/raw/Bakhtiari2021__olmo-3-32b-think__T070__R03.json,data/reasoning_logs/raw/Bakhtiari2021__olmo-3-32b-think__T070__R03.json,complete,6e2658d38551b619208d257127e45b01a66179e502ee316d27ee23c86ca73888,hpc_ag_table
raw,Bakhtiari2021,content/reviewer_robustness_2026/raw/Bakhtiari2021__phi-4-reasoning-plus__T000__R01.json,data/reasoning_logs/raw/Bakhtiari2021__phi-4-reasoning-plus__T000__R01.json,complete,cdd086bf53ffe42111387b0f1aea9f91778657c20572719971bd20f544bd8df6,hpc_ag_table
raw,Bakhtiari2021,content/reviewer_robustness_2026/raw/Bakhtiari2021__phi-4-reasoning-plus__T000__R02.json,data/reasoning_logs/raw/Bakhtiari2021__phi-4-reasoning-plus__T000__R02.json,complete,afd3258aad568f44889e9b920ce0bfbb75ac1351791cbb7d3414dcc7d775ad76,hpc_ag_table
raw,Bakhtiari2021,content/reviewer_robustness_2026/raw/Bakhtiari2021__phi-4-reasoning-plus__T000__R03.json,data/reasoning_logs/raw/Bakhtiari2021__phi-4-reasoning-plus__T000__R03.json,complete,7a90f7929f39bc4c43a1f1a91cab21852e00894e43d878f11b33d2c5993e5d40,hpc_ag_table
raw,Bakhtiari2021,content/reviewer_robustness_2026/raw/Bakhtiari2021__phi-4-reasoning-plus__T035__R01.json,data/reasoning_logs/raw/Bakhtiari2021__phi-4-reasoning-plus__T035__R01.json,complete,abc764565ae6444317b48c79c3b8071d30f95e957645087a2439661f104e0acc,hpc_ag_table
raw,Bakhtiari2021,content/reviewer_robustness_2026/raw/Bakhtiari2021__phi-4-reasoning-plus__T035__R02.json,data/reasoning_logs/raw/Bakhtiari2021__phi-4-reasoning-plus__T035__R02.json,complete,bd022ca023102f92775d715c97799d895c06d1097f28eec8507b1744d270792a,hpc_ag_table
raw,Bakhtiari2021,content/reviewer_robustness_2026/raw/Bakhtiari2021__phi-4-reasoning-plus__T035__R03.json,data/reasoning_logs/raw/Bakhtiari2021__phi-4-reasoning-plus__T035__R03.json,complete,124d6a2fd370dacbd1cf4edcf48b15eb980e431d3ca9ec7dc885a8487b64db03,hpc_ag_table
raw,Bakhtiari2021,content/reviewer_robustness_2026/raw/Bakhtiari2021__phi-4-reasoning-plus__T070__R01.json,data/reasoning_logs/raw/Bakhtiari2021__phi-4-reasoning-plus__T070__R01.json,complete,b0299ed3e69562ce31b47e9091492d544a8b431b57a0f73f11b29029c3adcd4a,hpc_ag_table
raw,Bakhtiari2021,content/reviewer_robustness_2026/raw/Bakhtiari2021__phi-4-reasoning-plus__T070__R02.json,data/reasoning_logs/raw/Bakhtiari2021__phi-4-reasoning-plus__T070__R02.json,complete,5083ee0903c45d56bf0c397ffe416d4133f5fdafcda6faf5a88fac2859375504,hpc_ag_table
raw,Bakhtiari2021,content/reviewer_robustness_2026/raw/Bakhtiari2021__phi-4-reasoning-plus__T070__R03.json,data/reasoning_logs/raw/Bakhtiari2021__phi-4-reasoning-plus__T070__R03.json,complete,a0114359e0eed64723c822284460f5bafb12a8cee031992080498ba6e4c2d809,hpc_ag_table
raw,Bastos2012,content/reviewer_robustness_2026/raw/Bastos2012__gemma-4-31b-it__T000__R01.json,data/reasoning_logs/raw/Bastos2012__gemma-4-31b-it__T000__R01.json,complete,e5f7ab3063236b655e861e4b119dc2e9a9903fa127cefd5c4d3b91b8aa3d5685,hpc_ag_table
raw,Bastos2012,content/reviewer_robustness_2026/raw/Bastos2012__gemma-4-31b-it__T000__R02.json,data/reasoning_logs/raw/Bastos2012__gemma-4-31b-it__T000__R02.json,complete,55ab2d04b065f0cdf89b0f0bf1f3969b60eaa2e83a8ca3057155c74fd250d2b2,hpc_ag_table
raw,Bastos2012,content/reviewer_robustness_2026/raw/Bastos2012__gemma-4-31b-it__T000__R03.json,data/reasoning_logs/raw/Bastos2012__gemma-4-31b-it__T000__R03.json,complete,b24ae826606dd10d9c3c0700facbbe4e932ebc48051b4592f44724d20ce93aa0,hpc_ag_table
raw,Bastos2012,content/reviewer_robustness_2026/raw/Bastos2012__gemma-4-31b-it__T035__R01.json,data/reasoning_logs/raw/Bastos2012__gemma-4-31b-it__T035__R01.json,complete,ba3ba61ebd72d3171d14a5cdcce103d8893fdd3024562ffcbe17368c343a3f64,hpc_ag_table
raw,Bastos2012,content/reviewer_robustness_2026/raw/Bastos2012__gemma-4-31b-it__T035__R02.json,data/reasoning_logs/raw/Bastos2012__gemma-4-31b-it__T035__R02.json,complete,4dcfc7ff74bf5639b144b719a4d42e1569f45ba0486af262a801891b656db32d,hpc_ag_table
raw,Bastos2012,content/reviewer_robustness_2026/raw/Bastos2012__gemma-4-31b-it__T035__R03.json,data/reasoning_logs/raw/Bastos2012__gemma-4-31b-it__T035__R03.json,complete,e8d7e2a3003c906e997d46036605e78805db3a0bfd014acab47eae17de6f5ddf,hpc_ag_table
raw,Bastos2012,content/reviewer_robustness_2026/raw/Bastos2012__gemma-4-31b-it__T070__R01.json,data/reasoning_logs/raw/Bastos2012__gemma-4-31b-it__T070__R01.json,complete,719a169fefdefb02a1f3bfa45cca4c5092d4fde713f707c635150c6e31eebb32,hpc_ag_table
raw,Bastos2012,content/reviewer_robustness_2026/raw/Bastos2012__gemma-4-31b-it__T070__R02.json,data/reasoning_logs/raw/Bastos2012__gemma-4-31b-it__T070__R02.json,complete,28695af4f9e966e10cc1a1b024fd488cd348f4e7289a1141b294a373de6403c4,hpc_ag_table
raw,Bastos2012,content/reviewer_robustness_2026/raw/Bastos2012__gemma-4-31b-it__T070__R03.json,data/reasoning_logs/raw/Bastos2012__gemma-4-31b-it__T070__R03.json,complete,589d7c9754e6945da49ef0f382cd3a78089a4f09d3836a7f7add45270cca3274,hpc_ag_table
raw,Bastos2012,content/reviewer_robustness_2026/raw/Bastos2012__olmo-3-32b-think__T000__R01.json,data/reasoning_logs/raw/Bastos2012__olmo-3-32b-think__T000__R01.json,complete,d509e68c14ce5471e192cefeaaa68c288adcabe7221b49ef6e091d0dd6cadc92,hpc_ag_table
raw,Bastos2012,content/reviewer_robustness_2026/raw/Bastos2012__olmo-3-32b-think__T000__R02.json,data/reasoning_logs/raw/Bastos2012__olmo-3-32b-think__T000__R02.json,complete,b592ec5481981dfe7e367b037f2b141d2aab919285d0dceebdf56dbce89a4729,hpc_ag_table
raw,Bastos2012,content/reviewer_robustness_2026/raw/Bastos2012__olmo-3-32b-think__T000__R03.json,data/reasoning_logs/raw/Bastos2012__olmo-3-32b-think__T000__R03.json,complete,ee15bd1b83929f5c3ee4c0119e601e92beb1eedf11e2d33a010de8756f00d4f9,hpc_ag_table
raw,Bastos2012,content/reviewer_robustness_2026/raw/Bastos2012__olmo-3-32b-think__T035__R01.json,data/reasoning_logs/raw/Bastos2012__olmo-3-32b-think__T035__R01.json,complete,c5b52e7f6d6ea215bfdb4c15621f9097db1a247e671dcef3e5245dad999fc8d6,hpc_ag_table
raw,Bastos2012,content/reviewer_robustness_2026/raw/Bastos2012__olmo-3-32b-think__T035__R02.json,data/reasoning_logs/raw/Bastos2012__olmo-3-32b-think__T035__R02.json,complete,0d40129f1e4ed07aa5d6ab61b946e2849bb048fd09ae9aee36cf98a622049eb3,hpc_ag_table
raw,Bastos2012,content/reviewer_robustness_2026/raw/Bastos2012__olmo-3-32b-think__T035__R03.json,data/reasoning_logs/raw/Bastos2012__olmo-3-32b-think__T035__R03.json,complete,d18b5adf01608e2f55cc043a5abdf23b7147ef28ffc0c7a28ec65508e0eecba9,hpc_ag_table
raw,Bastos2012,content/reviewer_robustness_2026/raw/Bastos2012__olmo-3-32b-think__T070__R01.json,data/reasoning_logs/raw/Bastos2012__olmo-3-32b-think__T070__R01.json,complete,99962823b77a6f711642b29bb04b27a7d20ab3a6af602040dcc9a578f0fdadf4,hpc_ag_table
raw,Bastos2012,content/reviewer_robustness_2026/raw/Bastos2012__olmo-3-32b-think__T070__R02.json,data/reasoning_logs/raw/Bastos2012__olmo-3-32b-think__T070__R02.json,complete,0b6dec5ddbd9a3a48aec428c360c2bd65b36bf7a8843d937192972db4ba9e1ce,hpc_ag_table
raw,Bastos2012,content/reviewer_robustness_2026/raw/Bastos2012__olmo-3-32b-think__T070__R03.json,data/reasoning_logs/raw/Bastos2012__olmo-3-32b-think__T070__R03.json,complete,a51718f517cb5266c28536e7a256cc720695076945eb3cc7fb4c99c056deb490,hpc_ag_table
raw,Bastos2012,content/reviewer_robustness_2026/raw/Bastos2012__phi-4-reasoning-plus__T000__R01.json,data/reasoning_logs/raw/Bastos2012__phi-4-reasoning-plus__T000__R01.json,complete,aa3ed0388b843c18f8bbe2d67bc0964397cb3e4eb54fe896df6401e590404268,hpc_ag_table
raw,Bastos2012,content/reviewer_robustness_2026/raw/Bastos2012__phi-4-reasoning-plus__T000__R02.json,data/reasoning_logs/raw/Bastos2012__phi-4-reasoning-plus__T000__R02.json,complete,e4c16785f1195025db281c71ab1768a6c55c904d6138ed4b4a00ba8238239468,hpc_ag_table
raw,Bastos2012,content/reviewer_robustness_2026/raw/Bastos2012__phi-4-reasoning-plus__T000__R03.json,data/reasoning_logs/raw/Bastos2012__phi-4-reasoning-plus__T000__R03.json,complete,5c74f7bf49a33536d573db6287c7a75663dfca05d0825afc9e9c37ccb3c1fb3a,hpc_ag_table
raw,Bastos2012,content/reviewer_robustness_2026/raw/Bastos2012__phi-4-reasoning-plus__T035__R01.json,data/reasoning_logs/raw/Bastos2012__phi-4-reasoning-plus__T035__R01.json,complete,fd002cc1ed38e7c06c33d277321eab8bc18787e570338fe1753b17b5ae82173c,hpc_ag_table
raw,Bastos2012,content/reviewer_robustness_2026/raw/Bastos2012__phi-4-reasoning-plus__T035__R02.json,data/reasoning_logs/raw/Bastos2012__phi-4-reasoning-plus__T035__R02.json,complete,b9684e8f8b9a6572ed80c0262404044044fe89c2359b210af67bdb505d037d52,hpc_ag_table
raw,Bastos2012,content/reviewer_robustness_2026/raw/Bastos2012__phi-4-reasoning-plus__T035__R03.json,data/reasoning_logs/raw/Bastos2012__phi-4-reasoning-plus__T035__R03.json,complete,0936a5efe6fbae56cec78159314174dc8bf938f27d292ea7326056c41d21f745,hpc_ag_table
raw,Bastos2012,content/reviewer_robustness_2026/raw/Bastos2012__phi-4-reasoning-plus__T070__R01.json,data/reasoning_logs/raw/Bastos2012__phi-4-reasoning-plus__T070__R01.json,complete,407b217a1a32e2a542607067a82b8731ce46049c223d6eae118e64c024890b57,hpc_ag_table
raw,Bastos2012,content/reviewer_robustness_2026/raw/Bastos2012__phi-4-reasoning-plus__T070__R02.json,data/reasoning_logs/raw/Bastos2012__phi-4-reasoning-plus__T070__R02.json,complete,253dfb4d2cc665e776b16c3592ae7cae21fa0fb834da0950711e8213235f5b05,hpc_ag_table
raw,Bastos2012,content/reviewer_robustness_2026/raw/Bastos2012__phi-4-reasoning-plus__T070__R03.json,data/reasoning_logs/raw/Bastos2012__phi-4-reasoning-plus__T070__R03.json,complete,c5a71827d2d9138d5c314870601182e582f2bf51c36f0a64a99a3de17e3a081a,hpc_ag_table
raw,Bastos2020,content/reviewer_robustness_2026/raw/Bastos2020__gemma-4-31b-it__T000__R01.json,data/reasoning_logs/raw/Bastos2020__gemma-4-31b-it__T000__R01.json,complete,ee2ed8cd3c7e3ccc6bff9664f7ca568b0191545ac155139af247ba00c8cb4f5a,hpc_ag_table
raw,Bastos2020,content/reviewer_robustness_2026/raw/Bastos2020__gemma-4-31b-it__T000__R02.json,data/reasoning_logs/raw/Bastos2020__gemma-4-31b-it__T000__R02.json,complete,b655d505e65be81634dc391ee1fa433a9468cda7627f2e760cae21d935151498,hpc_ag_table
raw,Bastos2020,content/reviewer_robustness_2026/raw/Bastos2020__gemma-4-31b-it__T000__R03.json,data/reasoning_logs/raw/Bastos2020__gemma-4-31b-it__T000__R03.json,complete,3bcf93c16b1c304617fc6ebb90f2fc50ef24a2a5a34347e8bb57b57db57b6bd8,hpc_ag_table
raw,Bastos2020,content/reviewer_robustness_2026/raw/Bastos2020__gemma-4-31b-it__T035__R01.json,data/reasoning_logs/raw/Bastos2020__gemma-4-31b-it__T035__R01.json,complete,da342ca5f8378aeb95cd81ae2b84596fd416a5cd613b86868ef7facc94dbf958,hpc_ag_table
raw,Bastos2020,content/reviewer_robustness_2026/raw/Bastos2020__gemma-4-31b-it__T035__R02.json,data/reasoning_logs/raw/Bastos2020__gemma-4-31b-it__T035__R02.json,complete,ab4b46cd52f5aca0ac9b3d1446a6d70216af83f2d71e7187de5111cce80e209e,hpc_ag_table
raw,Bastos2020,content/reviewer_robustness_2026/raw/Bastos2020__gemma-4-31b-it__T035__R03.json,data/reasoning_logs/raw/Bastos2020__gemma-4-31b-it__T035__R03.json,complete,2a7cb44bdc14f6b9fc17d9c708805ecd5fc719a6e2b0705efe0ae55e160e0984,hpc_ag_table
raw,Bastos2020,content/reviewer_robustness_2026/raw/Bastos2020__gemma-4-31b-it__T070__R01.json,data/reasoning_logs/raw/Bastos2020__gemma-4-31b-it__T070__R01.json,complete,6df377a97a71458cd507551aa24e58e9d188f2039e418c135b2d983507192e55,hpc_ag_table
raw,Bastos2020,content/reviewer_robustness_2026/raw/Bastos2020__gemma-4-31b-it__T070__R02.json,data/reasoning_logs/raw/Bastos2020__gemma-4-31b-it__T070__R02.json,complete,01ab59686caeac5395c97a9a35d02be04974f51d541b1c54ca44724f3751421f,hpc_ag_table
raw,Bastos2020,content/reviewer_robustness_2026/raw/Bastos2020__gemma-4-31b-it__T070__R03.json,data/reasoning_logs/raw/Bastos2020__gemma-4-31b-it__T070__R03.json,complete,cc712a6e0dd20c35e98d36869454a5fe68960dcd77b4132e5482d3632850869e,hpc_ag_table
raw,Bastos2020,content/reviewer_robustness_2026/raw/Bastos2020__olmo-3-32b-think__T000__R01.json,data/reasoning_logs/raw/Bastos2020__olmo-3-32b-think__T000__R01.json,complete,ed14a8cc35472bef2ca80bc14ea1f27bbaf48283d29965c78659ae633c96a712,hpc_ag_table
raw,Bastos2020,content/reviewer_robustness_2026/raw/Bastos2020__olmo-3-32b-think__T000__R02.json,data/reasoning_logs/raw/Bastos2020__olmo-3-32b-think__T000__R02.json,complete,106367590d2d32dacf1a1b73a118ddaaa5536e89c4684589b5238ed2f7062f6d,hpc_ag_table
raw,Bastos2020,content/reviewer_robustness_2026/raw/Bastos2020__olmo-3-32b-think__T000__R03.json,data/reasoning_logs/raw/Bastos2020__olmo-3-32b-think__T000__R03.json,complete,1c094f581a3ae65131309b81a53361f63e88e02f1acc21f36d895d7da755a01e,hpc_ag_table
raw,Bastos2020,content/reviewer_robustness_2026/raw/Bastos2020__olmo-3-32b-think__T035__R01.json,data/reasoning_logs/raw/Bastos2020__olmo-3-32b-think__T035__R01.json,complete,3c7edd4002b0e4bf7bcafe15e2b6b52ee02868bd441706ccdd8aa2e1fdac359f,hpc_ag_table
raw,Bastos2020,content/reviewer_robustness_2026/raw/Bastos2020__olmo-3-32b-think__T035__R02.json,data/reasoning_logs/raw/Bastos2020__olmo-3-32b-think__T035__R02.json,complete,7fdc4ac5b08f4f8f19ad0ed88a8a6d459ab67466cf89bb37336458bd7315c4f7,hpc_ag_table
raw,Bastos2020,content/reviewer_robustness_2026/raw/Bastos2020__olmo-3-32b-think__T035__R03.json,data/reasoning_logs/raw/Bastos2020__olmo-3-32b-think__T035__R03.json,complete,251f1e31eed81c077cba74dc76759416dd31794756790c06e7d1e185c27bc1f1,hpc_ag_table
raw,Bastos2020,content/reviewer_robustness_2026/raw/Bastos2020__olmo-3-32b-think__T070__R01.json,data/reasoning_logs/raw/Bastos2020__olmo-3-32b-think__T070__R01.json,complete,5dc8bc19fa763d22f31b2c352fa2203ae2e51d199a50d35b9cb2535fe672af90,hpc_ag_table
raw,Bastos2020,content/reviewer_robustness_2026/raw/Bastos2020__olmo-3-32b-think__T070__R02.json,data/reasoning_logs/raw/Bastos2020__olmo-3-32b-think__T070__R02.json,complete,8a7d5fa9998f447b944c1bfd2caaf95c63fd32341f63af0bd3cc9f86e9a0761a,hpc_ag_table
raw,Bastos2020,content/reviewer_robustness_2026/raw/Bastos2020__olmo-3-32b-think__T070__R03.json,data/reasoning_logs/raw/Bastos2020__olmo-3-32b-think__T070__R03.json,complete,f74f3ff52e6d138455e8f4079a2a75d350dd37d17761f7bcb898e5051477b43e,hpc_ag_table
raw,Bastos2020,content/reviewer_robustness_2026/raw/Bastos2020__phi-4-reasoning-plus__T000__R01.json,data/reasoning_logs/raw/Bastos2020__phi-4-reasoning-plus__T000__R01.json,complete,cbfe1fc91b750c0f80b2eed3c2f41f9e1ff391318aa8ee3daf990f7ac0395278,hpc_ag_table
raw,Bastos2020,content/reviewer_robustness_2026/raw/Bastos2020__phi-4-reasoning-plus__T000__R02.json,data/reasoning_logs/raw/Bastos2020__phi-4-reasoning-plus__T000__R02.json,complete,5560013ea1a282faff5d523ca20fab2dd7af06aa53b12c7eb6827a51adb32229,hpc_ag_table
raw,Bastos2020,content/reviewer_robustness_2026/raw/Bastos2020__phi-4-reasoning-plus__T000__R03.json,data/reasoning_logs/raw/Bastos2020__phi-4-reasoning-plus__T000__R03.json,complete,8a937cced5d8b1b1949871f82bea37aa0634af684c0717288e7bec1b79fabef8,hpc_ag_table
raw,Bastos2020,content/reviewer_robustness_2026/raw/Bastos2020__phi-4-reasoning-plus__T035__R01.json,data/reasoning_logs/raw/Bastos2020__phi-4-reasoning-plus__T035__R01.json,complete,9a7958eb29a9b2ec116b206d5a593a215fd0160b788c2d0ccb0c25c2de1e7b7d,hpc_ag_table
raw,Bastos2020,content/reviewer_robustness_2026/raw/Bastos2020__phi-4-reasoning-plus__T035__R02.json,data/reasoning_logs/raw/Bastos2020__phi-4-reasoning-plus__T035__R02.json,complete,dd83816c6cd7b78f186401798e3375719439e9924e5d69a6c3c44e014ccd40e9,hpc_ag_table
raw,Bastos2020,content/reviewer_robustness_2026/raw/Bastos2020__phi-4-reasoning-plus__T035__R03.json,data/reasoning_logs/raw/Bastos2020__phi-4-reasoning-plus__T035__R03.json,complete,3e685d126746d6a807a9a30f80d37149976c61ded10c4e9195baaeefa9f4040a,hpc_ag_table
raw,Bastos2020,content/reviewer_robustness_2026/raw/Bastos2020__phi-4-reasoning-plus__T070__R01.json,data/reasoning_logs/raw/Bastos2020__phi-4-reasoning-plus__T070__R01.json,complete,03ccff692f2854e0e51c5048ac4fbbaccefe7342a1c3a006c7e3607d81fd6023,hpc_ag_table
raw,Bastos2020,content/reviewer_robustness_2026/raw/Bastos2020__phi-4-reasoning-plus__T070__R02.json,data/reasoning_logs/raw/Bastos2020__phi-4-reasoning-plus__T070__R02.json,complete,7ec82b9a58b20c72857022236e231a12993a01d22592f50beabad2b46742de84,hpc_ag_table
raw,Bastos2020,content/reviewer_robustness_2026/raw/Bastos2020__phi-4-reasoning-plus__T070__R03.json,data/reasoning_logs/raw/Bastos2020__phi-4-reasoning-plus__T070__R03.json,complete,bc02d7e14e600f80d709b8a35f08c2d77da31ea98abc33043b46d6f42a2cf150,hpc_ag_table
raw,Bekinschtein2009,content/reviewer_robustness_2026/raw/Bekinschtein2009__gemma-4-31b-it__T000__R01.json,data/reasoning_logs/raw/Bekinschtein2009__gemma-4-31b-it__T000__R01.json,complete,dc3d01748857d8ef2fd944ed0cf571457c2ccd4ed0bf0f8c8f027f0604c03ab4,hpc_ag_table
raw,Bekinschtein2009,content/reviewer_robustness_2026/raw/Bekinschtein2009__gemma-4-31b-it__T000__R02.json,data/reasoning_logs/raw/Bekinschtein2009__gemma-4-31b-it__T000__R02.json,complete,1c76dfbdfdb28a5318cc5b455408757da6128a17108c15d60515122b751aca11,hpc_ag_table
raw,Bekinschtein2009,content/reviewer_robustness_2026/raw/Bekinschtein2009__gemma-4-31b-it__T000__R03.json,data/reasoning_logs/raw/Bekinschtein2009__gemma-4-31b-it__T000__R03.json,complete,2e6ec43d6ac6d1462f8187cb42d22b788cfdefead0e0cbb1017091f4c5aabaa6,hpc_ag_table
raw,Bekinschtein2009,content/reviewer_robustness_2026/raw/Bekinschtein2009__gemma-4-31b-it__T035__R01.json,data/reasoning_logs/raw/Bekinschtein2009__gemma-4-31b-it__T035__R01.json,complete,71b8a117016705fb5a993cc7f8c6bdebb5ef455154e3cbaafff27d80f0809b0f,hpc_ag_table
raw,Bekinschtein2009,content/reviewer_robustness_2026/raw/Bekinschtein2009__gemma-4-31b-it__T035__R02.json,data/reasoning_logs/raw/Bekinschtein2009__gemma-4-31b-it__T035__R02.json,complete,af76b2304180debc257296ec16f078c5380a61476d4398101524b22a7604c1c9,hpc_ag_table
raw,Bekinschtein2009,content/reviewer_robustness_2026/raw/Bekinschtein2009__gemma-4-31b-it__T035__R03.json,data/reasoning_logs/raw/Bekinschtein2009__gemma-4-31b-it__T035__R03.json,complete,819dcd559ce0c1c0bdc29711f0b1f2b8c41e47c237802955c87e2581a22805eb,hpc_ag_table
raw,Bekinschtein2009,content/reviewer_robustness_2026/raw/Bekinschtein2009__gemma-4-31b-it__T070__R01.json,data/reasoning_logs/raw/Bekinschtein2009__gemma-4-31b-it__T070__R01.json,complete,407250a6f2a2e5c7daa2360e6d25173c3fc57e5ddfecc94673dc56d38c0012d0,hpc_ag_table
raw,Bekinschtein2009,content/reviewer_robustness_2026/raw/Bekinschtein2009__gemma-4-31b-it__T070__R02.json,data/reasoning_logs/raw/Bekinschtein2009__gemma-4-31b-it__T070__R02.json,complete,bc3c97eb865088673d9d1f595c529268f1ecaa86d66172d9eb4b39ef035f84fd,hpc_ag_table
raw,Bekinschtein2009,content/reviewer_robustness_2026/raw/Bekinschtein2009__gemma-4-31b-it__T070__R03.json,data/reasoning_logs/raw/Bekinschtein2009__gemma-4-31b-it__T070__R03.json,complete,674cd09e226c65578b406d3ebeeda3c0ed8b79a93b47bf2cb6756764082fc8db,hpc_ag_table
raw,Bekinschtein2009,content/reviewer_robustness_2026/raw/Bekinschtein2009__olmo-3-32b-think__T000__R01.json,data/reasoning_logs/raw/Bekinschtein2009__olmo-3-32b-think__T000__R01.json,complete,f319b770a6916588ee4e95e21ef8a8e7456e31ce837086d096856103591581c3,hpc_ag_table
raw,Bekinschtein2009,content/reviewer_robustness_2026/raw/Bekinschtein2009__olmo-3-32b-think__T000__R02.json,data/reasoning_logs/raw/Bekinschtein2009__olmo-3-32b-think__T000__R02.json,complete,b456a6cb72a9ca4fa874a6606a23f8ead6e2b93937a7587a5ad0ce9011b755ff,hpc_ag_table
raw,Bekinschtein2009,content/reviewer_robustness_2026/raw/Bekinschtein2009__olmo-3-32b-think__T000__R03.json,data/reasoning_logs/raw/Bekinschtein2009__olmo-3-32b-think__T000__R03.json,complete,e8570d1e29dd866111f95eee56039ee171db63c4c7f8d5a36754bd82a43b0e86,hpc_ag_table
raw,Bekinschtein2009,content/reviewer_robustness_2026/raw/Bekinschtein2009__olmo-3-32b-think__T035__R01.json,data/reasoning_logs/raw/Bekinschtein2009__olmo-3-32b-think__T035__R01.json,complete,a57b5897b0a7f3833d364250ba84ef2dc2004f98ae50929e776dd5510c6d7002,hpc_ag_table
raw,Bekinschtein2009,content/reviewer_robustness_2026/raw/Bekinschtein2009__olmo-3-32b-think__T035__R02.json,data/reasoning_logs/raw/Bekinschtein2009__olmo-3-32b-think__T035__R02.json,complete,9a629d601aaa16141ef31011570a9dc1dabe0a6add0182a570fade8e8a8c37be,hpc_ag_table
raw,Bekinschtein2009,content/reviewer_robustness_2026/raw/Bekinschtein2009__olmo-3-32b-think__T035__R03.json,data/reasoning_logs/raw/Bekinschtein2009__olmo-3-32b-think__T035__R03.json,complete,f4f0fb7001cf52a30b345f4142727d9d4d5e175ba14f5ec17ba3b77c65bc9ce1,hpc_ag_table
raw,Bekinschtein2009,content/reviewer_robustness_2026/raw/Bekinschtein2009__olmo-3-32b-think__T070__R01.json,data/reasoning_logs/raw/Bekinschtein2009__olmo-3-32b-think__T070__R01.json,complete,b4f6eb43513d940ccc31f566607119d58ed56e38cc1d5dd953b7582b4e82f9fc,hpc_ag_table
raw,Bekinschtein2009,content/reviewer_robustness_2026/raw/Bekinschtein2009__olmo-3-32b-think__T070__R02.json,data/reasoning_logs/raw/Bekinschtein2009__olmo-3-32b-think__T070__R02.json,complete,733698bdcd1a618758efd914b1ae587b360c944b3cb00369cca96ebd4008021a,hpc_ag_table
raw,Bekinschtein2009,content/reviewer_robustness_2026/raw/Bekinschtein2009__olmo-3-32b-think__T070__R03.json,data/reasoning_logs/raw/Bekinschtein2009__olmo-3-32b-think__T070__R03.json,complete,60ef6b634411e1eccb88466a758470cbb053954e0da0f8b6854e45f070023c90,hpc_ag_table
raw,Bekinschtein2009,content/reviewer_robustness_2026/raw/Bekinschtein2009__phi-4-reasoning-plus__T000__R01.json,data/reasoning_logs/raw/Bekinschtein2009__phi-4-reasoning-plus__T000__R01.json,complete,197002f3fead6bb8a046e94d739087464515ef613f501319fd2cd5b6c9f90719,hpc_ag_table
raw,Bekinschtein2009,content/reviewer_robustness_2026/raw/Bekinschtein2009__phi-4-reasoning-plus__T000__R02.json,data/reasoning_logs/raw/Bekinschtein2009__phi-4-reasoning-plus__T000__R02.json,complete,a51d51c76eadeba6c76d6c352dce8d96ab7d483b9615775da1ec0d5cb38167e4,hpc_ag_table
raw,Bekinschtein2009,content/reviewer_robustness_2026/raw/Bekinschtein2009__phi-4-reasoning-plus__T000__R03.json,data/reasoning_logs/raw/Bekinschtein2009__phi-4-reasoning-plus__T000__R03.json,complete,1c5b3956f91286d30af429cfe5ba0e01269ceec9ce43349ab9196da1a14a235b,hpc_ag_table
raw,Bekinschtein2009,content/reviewer_robustness_2026/raw/Bekinschtein2009__phi-4-reasoning-plus__T035__R01.json,data/reasoning_logs/raw/Bekinschtein2009__phi-4-reasoning-plus__T035__R01.json,complete,616d61f3e914dea19d92d58da0c729165374982e43828f742160aa4cdb150559,hpc_ag_table
raw,Bekinschtein2009,content/reviewer_robustness_2026/raw/Bekinschtein2009__phi-4-reasoning-plus__T035__R02.json,data/reasoning_logs/raw/Bekinschtein2009__phi-4-reasoning-plus__T035__R02.json,complete,0b4290cf1e974ec26f0841aa380b2d6d8bba7842ee2eaf3e854ed2232f5acf70,hpc_ag_table
raw,Bekinschtein2009,content/reviewer_robustness_2026/raw/Bekinschtein2009__phi-4-reasoning-plus__T035__R03.json,data/reasoning_logs/raw/Bekinschtein2009__phi-4-reasoning-plus__T035__R03.json,complete,57e11c680f83777a848f808695e5892efe1619c956c43cac84b611afbdd713dc,hpc_ag_table
raw,Bekinschtein2009,content/reviewer_robustness_2026/raw/Bekinschtein2009__phi-4-reasoning-plus__T070__R01.json,data/reasoning_logs/raw/Bekinschtein2009__phi-4-reasoning-plus__T070__R01.json,complete,d52c7cf04c4717f64c44a15972cfef1b820e2ddfb06ed088fbbb83d3e38bdc25,hpc_ag_table
raw,Bekinschtein2009,content/reviewer_robustness_2026/raw/Bekinschtein2009__phi-4-reasoning-plus__T070__R02.json,data/reasoning_logs/raw/Bekinschtein2009__phi-4-reasoning-plus__T070__R02.json,complete,858002e3e02ccf20cfe52ef644eaf8ecff73cc7e53f1e0aa9a00e7094591db54,hpc_ag_table
raw,Bekinschtein2009,content/reviewer_robustness_2026/raw/Bekinschtein2009__phi-4-reasoning-plus__T070__R03.json,data/reasoning_logs/raw/Bekinschtein2009__phi-4-reasoning-plus__T070__R03.json,complete,c34d24edcef0bad4e83cb9d2906a3b7ff79663b9f031a18494dc48fcb598c28f,hpc_ag_table
raw,Chao2018,content/reviewer_robustness_2026/raw/Chao2018__gemma-4-31b-it__T000__R01.json,data/reasoning_logs/raw/Chao2018__gemma-4-31b-it__T000__R01.json,complete,a581e7872c402894a0cb389aa781986b980c6c6217b71db83e55e8ffb5522edf,hpc_ag_table
raw,Chao2018,content/reviewer_robustness_2026/raw/Chao2018__gemma-4-31b-it__T000__R02.json,data/reasoning_logs/raw/Chao2018__gemma-4-31b-it__T000__R02.json,complete,ff8804b78216730d8228bbe5e14d6ed090b3e1bd844b4c2c215b029d3e6c10fd,hpc_ag_table
raw,Chao2018,content/reviewer_robustness_2026/raw/Chao2018__gemma-4-31b-it__T000__R03.json,data/reasoning_logs/raw/Chao2018__gemma-4-31b-it__T000__R03.json,complete,33c24642b00c3a1a1bb1386f38fddcf7b0ad8b561f062c6dc0f4e4e58a5b1a2a,hpc_ag_table
raw,Chao2018,content/reviewer_robustness_2026/raw/Chao2018__gemma-4-31b-it__T035__R01.json,data/reasoning_logs/raw/Chao2018__gemma-4-31b-it__T035__R01.json,complete,86fb7acde19f531e66387fadcaa179527c9716393135ff7a4b821545751d4d20,hpc_ag_table
raw,Chao2018,content/reviewer_robustness_2026/raw/Chao2018__gemma-4-31b-it__T035__R02.json,data/reasoning_logs/raw/Chao2018__gemma-4-31b-it__T035__R02.json,complete,af31bd58301c380e30ab342ca0b774d8d6c445bc9015e2332aa3fe0b28b64838,hpc_ag_table
raw,Chao2018,content/reviewer_robustness_2026/raw/Chao2018__gemma-4-31b-it__T035__R03.json,data/reasoning_logs/raw/Chao2018__gemma-4-31b-it__T035__R03.json,complete,fa8a42370d20eb59a1ff9ca4b8acb26ee738cac62f9bb01f0b3caef18d93c298,hpc_ag_table
raw,Chao2018,content/reviewer_robustness_2026/raw/Chao2018__gemma-4-31b-it__T070__R01.json,data/reasoning_logs/raw/Chao2018__gemma-4-31b-it__T070__R01.json,complete,95a3f95dfb7bb452dfedbafd1bd6557daf04eec7d7c61ac3e86b8bfb3accb26d,hpc_ag_table
raw,Chao2018,content/reviewer_robustness_2026/raw/Chao2018__gemma-4-31b-it__T070__R02.json,data/reasoning_logs/raw/Chao2018__gemma-4-31b-it__T070__R02.json,complete,14903214f2557b0668b5480de777f354a679f7415ceede53347808ba79475b1a,hpc_ag_table
raw,Chao2018,content/reviewer_robustness_2026/raw/Chao2018__gemma-4-31b-it__T070__R03.json,data/reasoning_logs/raw/Chao2018__gemma-4-31b-it__T070__R03.json,complete,60beec66a8d1c419233ff7549c07da33a0559286df3eedf978d615ab3906577c,hpc_ag_table
raw,Chao2018,content/reviewer_robustness_2026/raw/Chao2018__olmo-3-32b-think__T000__R01.json,data/reasoning_logs/raw/Chao2018__olmo-3-32b-think__T000__R01.json,complete,91a8f40a7778f8471562e607e6007337109e4f13b567eadee2ae5452b4acebca,hpc_ag_table
raw,Chao2018,content/reviewer_robustness_2026/raw/Chao2018__olmo-3-32b-think__T000__R02.json,data/reasoning_logs/raw/Chao2018__olmo-3-32b-think__T000__R02.json,complete,55f9d87676865502d519c52ec55cb26799b6a8540bfad19471bfdf9136dc09f6,hpc_ag_table
raw,Chao2018,content/reviewer_robustness_2026/raw/Chao2018__olmo-3-32b-think__T000__R03.json,data/reasoning_logs/raw/Chao2018__olmo-3-32b-think__T000__R03.json,complete,c1891ac08ad3d8033286214ffcacd2caed6462fb9276ce6664f31656b6cab1c8,hpc_ag_table
raw,Chao2018,content/reviewer_robustness_2026/raw/Chao2018__olmo-3-32b-think__T035__R01.json,data/reasoning_logs/raw/Chao2018__olmo-3-32b-think__T035__R01.json,complete,a7ef567641de142e33b77a2eec6d2849282692fe76c235f572ceb36487c96cc1,hpc_ag_table
raw,Chao2018,content/reviewer_robustness_2026/raw/Chao2018__olmo-3-32b-think__T035__R02.json,data/reasoning_logs/raw/Chao2018__olmo-3-32b-think__T035__R02.json,complete,d59e5aecf9302057f5beeb397d415575c86d2e0fdd7971e28932b0da74797f85,hpc_ag_table
raw,Chao2018,content/reviewer_robustness_2026/raw/Chao2018__olmo-3-32b-think__T035__R03.json,data/reasoning_logs/raw/Chao2018__olmo-3-32b-think__T035__R03.json,complete,58cf212abee7c596ce1efb6ccf73ea9ff4853e966e0913f585fcdc4105b7fc1b,hpc_ag_table
raw,Chao2018,content/reviewer_robustness_2026/raw/Chao2018__olmo-3-32b-think__T070__R01.json,data/reasoning_logs/raw/Chao2018__olmo-3-32b-think__T070__R01.json,complete,e6ecc6aab231b544019bbf637eae325a00095c466d418c74db4a3a9c26cf23d3,hpc_ag_table
raw,Chao2018,content/reviewer_robustness_2026/raw/Chao2018__olmo-3-32b-think__T070__R02.json,data/reasoning_logs/raw/Chao2018__olmo-3-32b-think__T070__R02.json,complete,2288f5763199b65ce1fe4c09f0be725a255ec846fa99addd891ac1f0eda00e7a,hpc_ag_table
raw,Chao2018,content/reviewer_robustness_2026/raw/Chao2018__olmo-3-32b-think__T070__R03.json,data/reasoning_logs/raw/Chao2018__olmo-3-32b-think__T070__R03.json,complete,00e56eff8e1452a2b0429a478dacce94fa7d75b5ff93e6bae28b90854b618dff,hpc_ag_table
raw,Chao2018,content/reviewer_robustness_2026/raw/Chao2018__phi-4-reasoning-plus__T000__R01.json,data/reasoning_logs/raw/Chao2018__phi-4-reasoning-plus__T000__R01.json,complete,6d782e667d57401ad8dfd959f9c5f4f93eed2481d25bccf5fea58d6a858c1784,hpc_ag_table
raw,Chao2018,content/reviewer_robustness_2026/raw/Chao2018__phi-4-reasoning-plus__T000__R02.json,data/reasoning_logs/raw/Chao2018__phi-4-reasoning-plus__T000__R02.json,complete,e7b9563c6839dd6aabd73249a441997b41405b55cbb919fa30299ab9f67604ad,hpc_ag_table
raw,Chao2018,content/reviewer_robustness_2026/raw/Chao2018__phi-4-reasoning-plus__T000__R03.json,data/reasoning_logs/raw/Chao2018__phi-4-reasoning-plus__T000__R03.json,complete,b82b894e2826d64016b01e516410bb2bbccb448cdda42a74d6714c2e8a09b579,hpc_ag_table
raw,Chao2018,content/reviewer_robustness_2026/raw/Chao2018__phi-4-reasoning-plus__T035__R01.json,data/reasoning_logs/raw/Chao2018__phi-4-reasoning-plus__T035__R01.json,complete,2b1dae180ac588fc7519cb51ccbab5faa891742832e1a3e85e657d5e91abe159,hpc_ag_table
raw,Chao2018,content/reviewer_robustness_2026/raw/Chao2018__phi-4-reasoning-plus__T035__R02.json,data/reasoning_logs/raw/Chao2018__phi-4-reasoning-plus__T035__R02.json,complete,57b6e8b3af383a07ce00495a5b103244d10f16b2e973a5939de817077a9cc357,hpc_ag_table
raw,Chao2018,content/reviewer_robustness_2026/raw/Chao2018__phi-4-reasoning-plus__T035__R03.json,data/reasoning_logs/raw/Chao2018__phi-4-reasoning-plus__T035__R03.json,complete,a807c19959dc11fe5493d9090ef588d2cc54577fa3d47f3a248432a663b00790,hpc_ag_table
raw,Chao2018,content/reviewer_robustness_2026/raw/Chao2018__phi-4-reasoning-plus__T070__R01.json,data/reasoning_logs/raw/Chao2018__phi-4-reasoning-plus__T070__R01.json,complete,2e840f0d3e16b7f96a2e50a177c491be4d646de61f42b8f3e1221100d284f7ca,hpc_ag_table
raw,Chao2018,content/reviewer_robustness_2026/raw/Chao2018__phi-4-reasoning-plus__T070__R02.json,data/reasoning_logs/raw/Chao2018__phi-4-reasoning-plus__T070__R02.json,complete,362590a00e189dedb696c2e631203d73ffe85846fe765a0b7f93881ba9e2db74,hpc_ag_table
raw,Chao2018,content/reviewer_robustness_2026/raw/Chao2018__phi-4-reasoning-plus__T070__R03.json,data/reasoning_logs/raw/Chao2018__phi-4-reasoning-plus__T070__R03.json,complete,fe6044046ea9a9c542fd0c9ff3451a0a01f161059e22f9d2e8f6f4ecce6a79b1,hpc_ag_table
raw,Friston2010,content/reviewer_robustness_2026/raw/Friston2010__gemma-4-31b-it__T000__R01.json,data/reasoning_logs/raw/Friston2010__gemma-4-31b-it__T000__R01.json,complete,4b3b3f20f010e2a266f8fbc2598690d6b1fc9d9c545ad6bf8c8b9ec4812afe13,hpc_ag_table
raw,Friston2010,content/reviewer_robustness_2026/raw/Friston2010__gemma-4-31b-it__T000__R02.json,data/reasoning_logs/raw/Friston2010__gemma-4-31b-it__T000__R02.json,complete,b85a4aaec6faf4306e84a80a160c8a4fcdfece3b5ca17634e569eee5a0a7415d,hpc_ag_table
raw,Friston2010,content/reviewer_robustness_2026/raw/Friston2010__gemma-4-31b-it__T000__R03.json,data/reasoning_logs/raw/Friston2010__gemma-4-31b-it__T000__R03.json,complete,141a2f6018325a8793e225bc1f6df5f08ad9d38bf54e6b2857ae09b2a4df49af,hpc_ag_table
raw,Friston2010,content/reviewer_robustness_2026/raw/Friston2010__gemma-4-31b-it__T035__R01.json,data/reasoning_logs/raw/Friston2010__gemma-4-31b-it__T035__R01.json,complete,baed557201345b34f76896be6b3ebf1486a3692b3754e314f79ee84b1a0d9e21,hpc_ag_table
raw,Friston2010,content/reviewer_robustness_2026/raw/Friston2010__gemma-4-31b-it__T035__R02.json,data/reasoning_logs/raw/Friston2010__gemma-4-31b-it__T035__R02.json,complete,97b5affec2dde3402d4eccf98dc8132b44d154219d6e7959160fa18aab03540c,hpc_ag_table
raw,Friston2010,content/reviewer_robustness_2026/raw/Friston2010__gemma-4-31b-it__T035__R03.json,data/reasoning_logs/raw/Friston2010__gemma-4-31b-it__T035__R03.json,complete,db192395f2a101c775210d92f0bf4a559235a97cb161fc71a753fd9475555977,hpc_ag_table
raw,Friston2010,content/reviewer_robustness_2026/raw/Friston2010__gemma-4-31b-it__T070__R01.json,data/reasoning_logs/raw/Friston2010__gemma-4-31b-it__T070__R01.json,complete,468cf3c0f77b742a9e5a58638e2e340928bbb9749bb6d4eef375192157b736b8,hpc_ag_table
raw,Friston2010,content/reviewer_robustness_2026/raw/Friston2010__gemma-4-31b-it__T070__R02.json,data/reasoning_logs/raw/Friston2010__gemma-4-31b-it__T070__R02.json,complete,b37b3679b5c2ab2daa681f4a1e27e294f66af4283eb0e3119b6868cb0944d659,hpc_ag_table
raw,Friston2010,content/reviewer_robustness_2026/raw/Friston2010__gemma-4-31b-it__T070__R03.json,data/reasoning_logs/raw/Friston2010__gemma-4-31b-it__T070__R03.json,complete,9003ea56d97437b19514d7fea7e1c2f08a5aa901f9e11ac85d02c536240d6984,hpc_ag_table
raw,Friston2010,content/reviewer_robustness_2026/raw/Friston2010__olmo-3-32b-think__T000__R01.json,data/reasoning_logs/raw/Friston2010__olmo-3-32b-think__T000__R01.json,complete,a4ac5b77cea9f380c176723085c339ae643201f02849e9b9b40100bee74c7ba4,hpc_ag_table
raw,Friston2010,content/reviewer_robustness_2026/raw/Friston2010__olmo-3-32b-think__T000__R02.json,data/reasoning_logs/raw/Friston2010__olmo-3-32b-think__T000__R02.json,complete,e8e4f5c648c6deddb011e65cc77c87e8dbeb0ca6f1c050ba4bf7f4d214f000cd,hpc_ag_table
raw,Friston2010,content/reviewer_robustness_2026/raw/Friston2010__olmo-3-32b-think__T000__R03.json,data/reasoning_logs/raw/Friston2010__olmo-3-32b-think__T000__R03.json,complete,62596977d4b1f3c29a15d437f011c0d45cbb90fe31f51882013d95a8cdae368f,hpc_ag_table
raw,Friston2010,content/reviewer_robustness_2026/raw/Friston2010__olmo-3-32b-think__T035__R01.json,data/reasoning_logs/raw/Friston2010__olmo-3-32b-think__T035__R01.json,complete,218254842ad006913565bb9f36de50783ae67519074b639a2e8d774fb7a83ba1,hpc_ag_table
raw,Friston2010,content/reviewer_robustness_2026/raw/Friston2010__olmo-3-32b-think__T035__R02.json,data/reasoning_logs/raw/Friston2010__olmo-3-32b-think__T035__R02.json,complete,73b1dbd8f0ec434168dc0bf3b7ec9db5ca9e06e897b2fc527efa359368ddbbc6,hpc_ag_table
raw,Friston2010,content/reviewer_robustness_2026/raw/Friston2010__olmo-3-32b-think__T035__R03.json,data/reasoning_logs/raw/Friston2010__olmo-3-32b-think__T035__R03.json,complete,bf4c9c7bc5ede35a3dfcab1073f89bb66dce3e01e0590e0df4a287ecbdb9a77c,hpc_ag_table
raw,Friston2010,content/reviewer_robustness_2026/raw/Friston2010__olmo-3-32b-think__T070__R01.json,data/reasoning_logs/raw/Friston2010__olmo-3-32b-think__T070__R01.json,complete,eb96d1e99980bc8a81794ffb799869837049880412aa643846a826f0ed1604bb,hpc_ag_table
raw,Friston2010,content/reviewer_robustness_2026/raw/Friston2010__olmo-3-32b-think__T070__R02.json,data/reasoning_logs/raw/Friston2010__olmo-3-32b-think__T070__R02.json,complete,7acd34bc971f7873e976b56891026527c5041f8a43860e24e93cb96d0cbdfcb2,hpc_ag_table
raw,Friston2010,content/reviewer_robustness_2026/raw/Friston2010__olmo-3-32b-think__T070__R03.json,data/reasoning_logs/raw/Friston2010__olmo-3-32b-think__T070__R03.json,complete,30ceddaeed37893bf6b4f4c6c866c38f63faa201aaca0ab0acf2aa56eda9d956,hpc_ag_table
raw,Friston2010,content/reviewer_robustness_2026/raw/Friston2010__phi-4-reasoning-plus__T000__R01.json,data/reasoning_logs/raw/Friston2010__phi-4-reasoning-plus__T000__R01.json,complete,0099f7a0769f5ed11d5be4629142c77c90de194bf8f437abe4c00d1f56278a39,hpc_ag_table
raw,Friston2010,content/reviewer_robustness_2026/raw/Friston2010__phi-4-reasoning-plus__T000__R02.json,data/reasoning_logs/raw/Friston2010__phi-4-reasoning-plus__T000__R02.json,complete,892337ca2409a0f50b78e41c8b408a79b3877965cc03388f0b5619f983e74d15,hpc_ag_table
raw,Friston2010,content/reviewer_robustness_2026/raw/Friston2010__phi-4-reasoning-plus__T000__R03.json,data/reasoning_logs/raw/Friston2010__phi-4-reasoning-plus__T000__R03.json,complete,fe1dae8b98f19ab3a33898cb3e77929c945597e8a1a725e845c0c902bf360ace,hpc_ag_table
raw,Friston2010,content/reviewer_robustness_2026/raw/Friston2010__phi-4-reasoning-plus__T035__R01.json,data/reasoning_logs/raw/Friston2010__phi-4-reasoning-plus__T035__R01.json,complete,2e33c438b317523a04a8476d7200efa6dfd8cc2bc5aef29905b56ee88e966331,hpc_ag_table
raw,Friston2010,content/reviewer_robustness_2026/raw/Friston2010__phi-4-reasoning-plus__T035__R02.json,data/reasoning_logs/raw/Friston2010__phi-4-reasoning-plus__T035__R02.json,complete,dc18ecbafecd002d154b7b85fae0964f2191809c11acdf2d1ec8da3059c32067,hpc_ag_table
raw,Friston2010,content/reviewer_robustness_2026/raw/Friston2010__phi-4-reasoning-plus__T035__R03.json,data/reasoning_logs/raw/Friston2010__phi-4-reasoning-plus__T035__R03.json,complete,1f972325dbf73933fba516b20a70b1baa0e1d58ace1aa77eb91d82b960e8c798,hpc_ag_table
raw,Friston2010,content/reviewer_robustness_2026/raw/Friston2010__phi-4-reasoning-plus__T070__R01.json,data/reasoning_logs/raw/Friston2010__phi-4-reasoning-plus__T070__R01.json,complete,3491ec7ff05231b42d90a9a81e443804e48e568cacc6ed5c285a28931edb52c1,hpc_ag_table
raw,Friston2010,content/reviewer_robustness_2026/raw/Friston2010__phi-4-reasoning-plus__T070__R02.json,data/reasoning_logs/raw/Friston2010__phi-4-reasoning-plus__T070__R02.json,complete,59c48b16774297f1d53fc2a30c014ad89c45bfd564c4f523d19c297e6c3c3fde,hpc_ag_table
raw,Friston2010,content/reviewer_robustness_2026/raw/Friston2010__phi-4-reasoning-plus__T070__R03.json,data/reasoning_logs/raw/Friston2010__phi-4-reasoning-plus__T070__R03.json,complete,393dda2f1d257bec830193478f521f0c7c74d171133d66aa60fa9f17a093d358,hpc_ag_table
raw,Furutachi2024,content/reviewer_robustness_2026/raw/Furutachi2024__gemma-4-31b-it__T000__R01.json,data/reasoning_logs/raw/Furutachi2024__gemma-4-31b-it__T000__R01.json,complete,299e329f8dd10b3a1ccfabf9f48557b7429059ba856bc077a441da8f3871b9f6,hpc_ag_table
raw,Furutachi2024,content/reviewer_robustness_2026/raw/Furutachi2024__gemma-4-31b-it__T000__R02.json,data/reasoning_logs/raw/Furutachi2024__gemma-4-31b-it__T000__R02.json,complete,d98b80a19059af03e159dbf399f3350785c774fc1ec5a6fccd9d74efd0869393,hpc_ag_table
raw,Furutachi2024,content/reviewer_robustness_2026/raw/Furutachi2024__gemma-4-31b-it__T000__R03.json,data/reasoning_logs/raw/Furutachi2024__gemma-4-31b-it__T000__R03.json,complete,9b471701441ce6e0375843a08b24f527c5cd1e0c5af159474b045c5ec5dc5c22,hpc_ag_table
raw,Furutachi2024,content/reviewer_robustness_2026/raw/Furutachi2024__gemma-4-31b-it__T035__R01.json,data/reasoning_logs/raw/Furutachi2024__gemma-4-31b-it__T035__R01.json,complete,13e18ab0df79bd1a5a8030345bc21ef674270d868acf19bcfb26dfe0988927f3,hpc_ag_table
raw,Furutachi2024,content/reviewer_robustness_2026/raw/Furutachi2024__gemma-4-31b-it__T035__R02.json,data/reasoning_logs/raw/Furutachi2024__gemma-4-31b-it__T035__R02.json,complete,e43ba92d1cc3427775559e32f269c56331f9d7747d0fb036a259a02af7ff9b47,hpc_ag_table
raw,Furutachi2024,content/reviewer_robustness_2026/raw/Furutachi2024__gemma-4-31b-it__T035__R03.json,data/reasoning_logs/raw/Furutachi2024__gemma-4-31b-it__T035__R03.json,complete,1cc272e2976f37d92a5c450e55c20ad5ba74b055100cdb1672d5e537b136c6ad,hpc_ag_table
raw,Furutachi2024,content/reviewer_robustness_2026/raw/Furutachi2024__gemma-4-31b-it__T070__R01.json,data/reasoning_logs/raw/Furutachi2024__gemma-4-31b-it__T070__R01.json,complete,bf5d7162c20d1ace7c5c6c151f5adfdd33023883b26febe955ce79cb01c824cd,hpc_ag_table
raw,Furutachi2024,content/reviewer_robustness_2026/raw/Furutachi2024__gemma-4-31b-it__T070__R02.json,data/reasoning_logs/raw/Furutachi2024__gemma-4-31b-it__T070__R02.json,complete,10b42101afc6d90f200f022f7facf8855eb9f9f16dcf784e8bc806f6f4e569ee,hpc_ag_table
raw,Furutachi2024,content/reviewer_robustness_2026/raw/Furutachi2024__gemma-4-31b-it__T070__R03.json,data/reasoning_logs/raw/Furutachi2024__gemma-4-31b-it__T070__R03.json,complete,b7cc20db0745dd47dbddcd562e3709edcd2d2c3767277bb80a713fc841dec7dd,hpc_ag_table
raw,Furutachi2024,content/reviewer_robustness_2026/raw/Furutachi2024__olmo-3-32b-think__T000__R01.json,data/reasoning_logs/raw/Furutachi2024__olmo-3-32b-think__T000__R01.json,complete,24b9ea47a90faebe29da265a0039ba1a3eafc20d914098f85635a04c728df3d3,hpc_ag_table
raw,Furutachi2024,content/reviewer_robustness_2026/raw/Furutachi2024__olmo-3-32b-think__T000__R02.json,data/reasoning_logs/raw/Furutachi2024__olmo-3-32b-think__T000__R02.json,complete,93487adc2aa87b1af66e9704eb083c4e2ca08f25680d0b13e5461f39a7c0e0a4,hpc_ag_table
raw,Furutachi2024,content/reviewer_robustness_2026/raw/Furutachi2024__olmo-3-32b-think__T000__R03.json,data/reasoning_logs/raw/Furutachi2024__olmo-3-32b-think__T000__R03.json,complete,4eb9d747ebb078051bf346f062db42f325acb62c64e5ccbd45fe7038fd2ff3cd,hpc_ag_table
raw,Furutachi2024,content/reviewer_robustness_2026/raw/Furutachi2024__olmo-3-32b-think__T035__R01.json,data/reasoning_logs/raw/Furutachi2024__olmo-3-32b-think__T035__R01.json,complete,f221b98d69e70f8c25d5d28fd4a0ac31f77d4c015cd22a2ba564693009c2e600,hpc_ag_table
raw,Furutachi2024,content/reviewer_robustness_2026/raw/Furutachi2024__olmo-3-32b-think__T035__R02.json,data/reasoning_logs/raw/Furutachi2024__olmo-3-32b-think__T035__R02.json,complete,88b6b81ca1e4b0d7aa72c2cfa82449838a5c8237d3a3177423e21c9f52aa8eef,hpc_ag_table
raw,Furutachi2024,content/reviewer_robustness_2026/raw/Furutachi2024__olmo-3-32b-think__T035__R03.json,data/reasoning_logs/raw/Furutachi2024__olmo-3-32b-think__T035__R03.json,complete,ad0ddeea96846601558633fd99807ffd32724215ba7b837ae0f9b5780cc15942,hpc_ag_table
raw,Furutachi2024,content/reviewer_robustness_2026/raw/Furutachi2024__olmo-3-32b-think__T070__R01.json,data/reasoning_logs/raw/Furutachi2024__olmo-3-32b-think__T070__R01.json,complete,912e394f64cc0589f88022baebfb47bef0905b3e407af070575e9f61fc8458f2,hpc_ag_table
raw,Furutachi2024,content/reviewer_robustness_2026/raw/Furutachi2024__olmo-3-32b-think__T070__R02.json,data/reasoning_logs/raw/Furutachi2024__olmo-3-32b-think__T070__R02.json,complete,44b226168b26efe059a8ecaee787b851e029592d85ead5141c3012f46eb19860,hpc_ag_table
raw,Furutachi2024,content/reviewer_robustness_2026/raw/Furutachi2024__olmo-3-32b-think__T070__R03.json,data/reasoning_logs/raw/Furutachi2024__olmo-3-32b-think__T070__R03.json,complete,88115e33a021373d0baa32ddfd25302a0e28d0c6a19f25671ddca48987ad9b76,hpc_ag_table
raw,Furutachi2024,content/reviewer_robustness_2026/raw/Furutachi2024__phi-4-reasoning-plus__T000__R01.json,data/reasoning_logs/raw/Furutachi2024__phi-4-reasoning-plus__T000__R01.json,complete,7a9f8f83f461f90119384da5f9f47efdcf57b14597a9bfc1ae83d539dd27203d,hpc_ag_table
raw,Furutachi2024,content/reviewer_robustness_2026/raw/Furutachi2024__phi-4-reasoning-plus__T000__R02.json,data/reasoning_logs/raw/Furutachi2024__phi-4-reasoning-plus__T000__R02.json,complete,4193a3bf8c6cce29f58162ab78915caba6b8f28d6fb88a251ce852bb9be64102,hpc_ag_table
raw,Furutachi2024,content/reviewer_robustness_2026/raw/Furutachi2024__phi-4-reasoning-plus__T000__R03.json,data/reasoning_logs/raw/Furutachi2024__phi-4-reasoning-plus__T000__R03.json,complete,1855486026e8280099cb112fa192fbdc754cb2939d37b43c4c3839f15aefb46c,hpc_ag_table
raw,Furutachi2024,content/reviewer_robustness_2026/raw/Furutachi2024__phi-4-reasoning-plus__T035__R01.json,data/reasoning_logs/raw/Furutachi2024__phi-4-reasoning-plus__T035__R01.json,complete,c1b71513fa0fdb25ca41cf0403a62bcd781ff70fa58fe930a8fa697f9f692096,hpc_ag_table
raw,Furutachi2024,content/reviewer_robustness_2026/raw/Furutachi2024__phi-4-reasoning-plus__T035__R02.json,data/reasoning_logs/raw/Furutachi2024__phi-4-reasoning-plus__T035__R02.json,complete,5ea801f6fab67baebc6de7d212fe1340029b34839ebade6fc0a28a0938c531d1,hpc_ag_table
raw,Furutachi2024,content/reviewer_robustness_2026/raw/Furutachi2024__phi-4-reasoning-plus__T035__R03.json,data/reasoning_logs/raw/Furutachi2024__phi-4-reasoning-plus__T035__R03.json,complete,8b54d06ffd0ce66852d58ecb6e352db4bacce9f77ba36219c4611eb0fc9b5004,hpc_ag_table
raw,Furutachi2024,content/reviewer_robustness_2026/raw/Furutachi2024__phi-4-reasoning-plus__T070__R01.json,data/reasoning_logs/raw/Furutachi2024__phi-4-reasoning-plus__T070__R01.json,complete,616bb14ee802cbfff7efe244e3c5c4c7e9e98c0f5fb19162f221d4d7659491ba,hpc_ag_table
raw,Furutachi2024,content/reviewer_robustness_2026/raw/Furutachi2024__phi-4-reasoning-plus__T070__R02.json,data/reasoning_logs/raw/Furutachi2024__phi-4-reasoning-plus__T070__R02.json,complete,fe003057a76ffaf5ab263e3b294d15156d4b4357c95aecf2199233a9e73600f4,hpc_ag_table
raw,Furutachi2024,content/reviewer_robustness_2026/raw/Furutachi2024__phi-4-reasoning-plus__T070__R03.json,data/reasoning_logs/raw/Furutachi2024__phi-4-reasoning-plus__T070__R03.json,complete,b379b052f26c1f8b8163544096a724e4482f2db5267dd24d6756f88c632f72f4,hpc_ag_table
raw,Garret2020,content/reviewer_robustness_2026/raw/Garret2020__gemma-4-31b-it__T000__R01.json,data/reasoning_logs/raw/Garret2020__gemma-4-31b-it__T000__R01.json,complete,d651526530625305880e180dbcc94929cb5f5be1c7d98ca5eaed6f5ee99c3393,hpc_ag_table
raw,Garret2020,content/reviewer_robustness_2026/raw/Garret2020__gemma-4-31b-it__T000__R02.json,data/reasoning_logs/raw/Garret2020__gemma-4-31b-it__T000__R02.json,complete,aa93a79e03c5301a9b628c3034e66a92deb7ab6d63aa0e67a72d41c5f0294fc3,hpc_ag_table
raw,Garret2020,content/reviewer_robustness_2026/raw/Garret2020__gemma-4-31b-it__T000__R03.json,data/reasoning_logs/raw/Garret2020__gemma-4-31b-it__T000__R03.json,complete,aebef76936561c53fa6ad6194594693116822bad9498a52ed43230b430acd3f4,hpc_ag_table
raw,Garret2020,content/reviewer_robustness_2026/raw/Garret2020__gemma-4-31b-it__T035__R01.json,data/reasoning_logs/raw/Garret2020__gemma-4-31b-it__T035__R01.json,complete,916ab89609597a1559c9678ae79434b8e43df15743d1600b53faabe75cff0611,hpc_ag_table
raw,Garret2020,content/reviewer_robustness_2026/raw/Garret2020__gemma-4-31b-it__T035__R02.json,data/reasoning_logs/raw/Garret2020__gemma-4-31b-it__T035__R02.json,complete,b8e838a5de7be6c279528154fbddf01872c1101a282a650661aaa17303c4a958,hpc_ag_table
raw,Garret2020,content/reviewer_robustness_2026/raw/Garret2020__gemma-4-31b-it__T035__R03.json,data/reasoning_logs/raw/Garret2020__gemma-4-31b-it__T035__R03.json,complete,a766491ab2073e32628c3aa848fd9a63f108d6941a42523ecd5545f2d56830ab,hpc_ag_table
raw,Garret2020,content/reviewer_robustness_2026/raw/Garret2020__gemma-4-31b-it__T070__R01.json,data/reasoning_logs/raw/Garret2020__gemma-4-31b-it__T070__R01.json,complete,b3a4d574d8bccd3b4b5c0d90ffa9b47b9b82c77f1d1abb0a329c501e831aa70c,hpc_ag_table
raw,Garret2020,content/reviewer_robustness_2026/raw/Garret2020__gemma-4-31b-it__T070__R02.json,data/reasoning_logs/raw/Garret2020__gemma-4-31b-it__T070__R02.json,complete,8bf6b3ff214fa020950a5c1964e0624e20bcad27438205762a39d9ab14c42345,hpc_ag_table
raw,Garret2020,content/reviewer_robustness_2026/raw/Garret2020__gemma-4-31b-it__T070__R03.json,data/reasoning_logs/raw/Garret2020__gemma-4-31b-it__T070__R03.json,complete,77db31769c90712e29517ea6ae405c653e0f8c74347f83318a690085d85f28dd,hpc_ag_table
raw,Garret2020,content/reviewer_robustness_2026/raw/Garret2020__olmo-3-32b-think__T000__R01.json,data/reasoning_logs/raw/Garret2020__olmo-3-32b-think__T000__R01.json,complete,b0711d654f789ce3738c34addcd3905800320c25fbd527b9e869cd8976b3870a,hpc_ag_table
raw,Garret2020,content/reviewer_robustness_2026/raw/Garret2020__olmo-3-32b-think__T000__R02.json,data/reasoning_logs/raw/Garret2020__olmo-3-32b-think__T000__R02.json,complete,c75b190b97f396448a96d1aed577e01fdaf4438e8499d6d12c9277aef2eb1640,hpc_ag_table
raw,Garret2020,content/reviewer_robustness_2026/raw/Garret2020__olmo-3-32b-think__T000__R03.json,data/reasoning_logs/raw/Garret2020__olmo-3-32b-think__T000__R03.json,complete,f7d6c214ae5798eb4f6affa2b95aba6be06fe77e1a59d0529dc5ca7ee61a9d7d,hpc_ag_table
raw,Garret2020,content/reviewer_robustness_2026/raw/Garret2020__olmo-3-32b-think__T035__R01.json,data/reasoning_logs/raw/Garret2020__olmo-3-32b-think__T035__R01.json,complete,6470bd47159cdce126a4dae11c492f2dd132d066828e023987c7a34b615710d8,hpc_ag_table
raw,Garret2020,content/reviewer_robustness_2026/raw/Garret2020__olmo-3-32b-think__T035__R02.json,data/reasoning_logs/raw/Garret2020__olmo-3-32b-think__T035__R02.json,complete,c46b9617e64ebb18ca2e2b83c64fd8fa5429b7a72d638c4621b4c8ca373172fb,hpc_ag_table
raw,Garret2020,content/reviewer_robustness_2026/raw/Garret2020__olmo-3-32b-think__T035__R03.json,data/reasoning_logs/raw/Garret2020__olmo-3-32b-think__T035__R03.json,complete,9ba3e6b6218ff5a98448be41dffb51057ae329ad5bf1e0682c9fb55426b30abb,hpc_ag_table
raw,Garret2020,content/reviewer_robustness_2026/raw/Garret2020__olmo-3-32b-think__T070__R01.json,data/reasoning_logs/raw/Garret2020__olmo-3-32b-think__T070__R01.json,complete,d7688c41dd3711f36bab20147130785c86a67b4f51784a8b7ac3f9739cd41202,hpc_ag_table
raw,Garret2020,content/reviewer_robustness_2026/raw/Garret2020__olmo-3-32b-think__T070__R02.json,data/reasoning_logs/raw/Garret2020__olmo-3-32b-think__T070__R02.json,complete,0cb9fced4939a264d0353e61dc0c777f07eea9c0d390fef16be44b3cc25eb911,hpc_ag_table
raw,Garret2020,content/reviewer_robustness_2026/raw/Garret2020__olmo-3-32b-think__T070__R03.json,data/reasoning_logs/raw/Garret2020__olmo-3-32b-think__T070__R03.json,complete,260823c23f52e3f4117ab24d0574e5edc6e5f4a22e3f6275791c6cc747f1501c,hpc_ag_table
raw,Garret2020,content/reviewer_robustness_2026/raw/Garret2020__phi-4-reasoning-plus__T000__R01.json,data/reasoning_logs/raw/Garret2020__phi-4-reasoning-plus__T000__R01.json,complete,b6be2e29176060c967e043d7f2342a3ddc71dcf6e18247619a4a660478a99894,hpc_ag_table
raw,Garret2020,content/reviewer_robustness_2026/raw/Garret2020__phi-4-reasoning-plus__T000__R02.json,data/reasoning_logs/raw/Garret2020__phi-4-reasoning-plus__T000__R02.json,complete,2796fd810d8497572cc7ec7e8537816b4c4ff262eed1359b48c32c0b3eaea2c7,hpc_ag_table
raw,Garret2020,content/reviewer_robustness_2026/raw/Garret2020__phi-4-reasoning-plus__T000__R03.json,data/reasoning_logs/raw/Garret2020__phi-4-reasoning-plus__T000__R03.json,complete,fc3f8fddd4823cd93f9a63e833f946b785278bed69cdb1cb69817b3790213630,hpc_ag_table
raw,Garret2020,content/reviewer_robustness_2026/raw/Garret2020__phi-4-reasoning-plus__T035__R01.json,data/reasoning_logs/raw/Garret2020__phi-4-reasoning-plus__T035__R01.json,complete,f734fac1ac6f6f1eaa1df4343381da9ef35ba08c0873844a64793dff016ec006,hpc_ag_table
raw,Garret2020,content/reviewer_robustness_2026/raw/Garret2020__phi-4-reasoning-plus__T035__R02.json,data/reasoning_logs/raw/Garret2020__phi-4-reasoning-plus__T035__R02.json,complete,5b5a74d6b0b0f8acdba34119cff0896ec143bd58e95551338dde8ac683ff020c,hpc_ag_table
raw,Garret2020,content/reviewer_robustness_2026/raw/Garret2020__phi-4-reasoning-plus__T035__R03.json,data/reasoning_logs/raw/Garret2020__phi-4-reasoning-plus__T035__R03.json,complete,3c3f58a52e9fed0f490d3bd7709a576151609ed9779512f50b5e09fa7ff2f60c,hpc_ag_table
raw,Garret2020,content/reviewer_robustness_2026/raw/Garret2020__phi-4-reasoning-plus__T070__R01.json,data/reasoning_logs/raw/Garret2020__phi-4-reasoning-plus__T070__R01.json,complete,761081904a1dd744a34e119e55826027ada413da20078b7974c68cdb77c42142,hpc_ag_table
raw,Garret2020,content/reviewer_robustness_2026/raw/Garret2020__phi-4-reasoning-plus__T070__R02.json,data/reasoning_logs/raw/Garret2020__phi-4-reasoning-plus__T070__R02.json,complete,9a5e91b4150e558e6e7ba770be504892294ce8aa1af8cbfc13b4898d215abcc9,hpc_ag_table
raw,Garret2020,content/reviewer_robustness_2026/raw/Garret2020__phi-4-reasoning-plus__T070__R03.json,data/reasoning_logs/raw/Garret2020__phi-4-reasoning-plus__T070__R03.json,complete,53ece5b63f87b8471c0bd529da98a015012322f14639dfb9f4e68692be27a3ec,hpc_ag_table
raw,Greedy2022,content/reviewer_robustness_2026/raw/Greedy2022__gemma-4-31b-it__T000__R01.json,data/reasoning_logs/raw/Greedy2022__gemma-4-31b-it__T000__R01.json,complete,185a90b45e95ed4b9ace54efc03bf020ee8ecfabfa226e4466ed7677ab2e93cd,hpc_ag_table
raw,Greedy2022,content/reviewer_robustness_2026/raw/Greedy2022__gemma-4-31b-it__T000__R02.json,data/reasoning_logs/raw/Greedy2022__gemma-4-31b-it__T000__R02.json,complete,35583b97b24278d20457aef06cb53046247f5fbe7504db39526bb62768b03882,hpc_ag_table
raw,Greedy2022,content/reviewer_robustness_2026/raw/Greedy2022__gemma-4-31b-it__T000__R03.json,data/reasoning_logs/raw/Greedy2022__gemma-4-31b-it__T000__R03.json,complete,169798fbb29b0f565f48f21977437bd920b66c228e3b6cd8c78d223d143c7ec8,hpc_ag_table
raw,Greedy2022,content/reviewer_robustness_2026/raw/Greedy2022__gemma-4-31b-it__T035__R01.json,data/reasoning_logs/raw/Greedy2022__gemma-4-31b-it__T035__R01.json,complete,0ffaf5ba687ac4f91ecd98edd871400e694015c23e8322c134752a35e6571721,hpc_ag_table
raw,Greedy2022,content/reviewer_robustness_2026/raw/Greedy2022__gemma-4-31b-it__T035__R02.json,data/reasoning_logs/raw/Greedy2022__gemma-4-31b-it__T035__R02.json,complete,a0a0c6305f1aaab5f2d90fa312b4f07504e262c6b2cdbe6c355ad9e30fc12999,hpc_ag_table
raw,Greedy2022,content/reviewer_robustness_2026/raw/Greedy2022__gemma-4-31b-it__T035__R03.json,data/reasoning_logs/raw/Greedy2022__gemma-4-31b-it__T035__R03.json,complete,b1f2a28144c16b27c35cf379e1be151977b7094a2a6d9be509f284fc2e5e1a1f,hpc_ag_table
raw,Greedy2022,content/reviewer_robustness_2026/raw/Greedy2022__gemma-4-31b-it__T070__R01.json,data/reasoning_logs/raw/Greedy2022__gemma-4-31b-it__T070__R01.json,complete,b4d98c9bc9c4e8897859765a6347f1b87fbe8d4a7faf0c88de7e83f7d3b9bad9,hpc_ag_table
raw,Greedy2022,content/reviewer_robustness_2026/raw/Greedy2022__gemma-4-31b-it__T070__R02.json,data/reasoning_logs/raw/Greedy2022__gemma-4-31b-it__T070__R02.json,complete,22124d86cdb0e32bb0229d93d4bc44d83ad845600412b1f92ede3df01923c07f,hpc_ag_table
raw,Greedy2022,content/reviewer_robustness_2026/raw/Greedy2022__gemma-4-31b-it__T070__R03.json,data/reasoning_logs/raw/Greedy2022__gemma-4-31b-it__T070__R03.json,complete,946fe1f3d33ad96c54910b54fb904e25cc72d544f5673d5c3764152f216e31cf,hpc_ag_table
raw,Greedy2022,content/reviewer_robustness_2026/raw/Greedy2022__olmo-3-32b-think__T000__R01.json,data/reasoning_logs/raw/Greedy2022__olmo-3-32b-think__T000__R01.json,complete,576d543b09f7abbfaf37ce592ce6153dafdd87a9fc7690a4747933bb616c8775,hpc_ag_table
raw,Greedy2022,content/reviewer_robustness_2026/raw/Greedy2022__olmo-3-32b-think__T000__R02.json,data/reasoning_logs/raw/Greedy2022__olmo-3-32b-think__T000__R02.json,complete,3abc9146b3e57eb443d6578194b7e78b64234e6ad1b4b555b58754c07cdc8737,hpc_ag_table
raw,Greedy2022,content/reviewer_robustness_2026/raw/Greedy2022__olmo-3-32b-think__T000__R03.json,data/reasoning_logs/raw/Greedy2022__olmo-3-32b-think__T000__R03.json,complete,bfd37b6ccb8812b4080a802cd5deb7a24a40efdcddd21fef26b7b9d5219dc40b,hpc_ag_table
raw,Greedy2022,content/reviewer_robustness_2026/raw/Greedy2022__olmo-3-32b-think__T035__R01.json,data/reasoning_logs/raw/Greedy2022__olmo-3-32b-think__T035__R01.json,complete,b74f02a1e8921d1074b1255605c3d0a275c2107ff7ea7004c382c170b4da8e16,hpc_ag_table
raw,Greedy2022,content/reviewer_robustness_2026/raw/Greedy2022__olmo-3-32b-think__T035__R02.json,data/reasoning_logs/raw/Greedy2022__olmo-3-32b-think__T035__R02.json,complete,777f084e4c4c3d15a0c90f986fde9fe39740265d5ecdcabc2efc43e2803eeb98,hpc_ag_table
raw,Greedy2022,content/reviewer_robustness_2026/raw/Greedy2022__olmo-3-32b-think__T035__R03.json,data/reasoning_logs/raw/Greedy2022__olmo-3-32b-think__T035__R03.json,complete,7a71e2162611147841eed7b58e3fbca20361b7316e0819a18d2d12fa116c9ba1,hpc_ag_table
raw,Greedy2022,content/reviewer_robustness_2026/raw/Greedy2022__olmo-3-32b-think__T070__R01.json,data/reasoning_logs/raw/Greedy2022__olmo-3-32b-think__T070__R01.json,complete,a037568640f245cf7fc4cc8070ccd0ce7c9cff6827dd60e49e356806ebba40aa,hpc_ag_table
raw,Greedy2022,content/reviewer_robustness_2026/raw/Greedy2022__olmo-3-32b-think__T070__R02.json,data/reasoning_logs/raw/Greedy2022__olmo-3-32b-think__T070__R02.json,complete,a0bc5deb4912ccafb698c8ad9b8406e7ae25ceccb67751a04e692c98d5d03e99,hpc_ag_table
raw,Greedy2022,content/reviewer_robustness_2026/raw/Greedy2022__olmo-3-32b-think__T070__R03.json,data/reasoning_logs/raw/Greedy2022__olmo-3-32b-think__T070__R03.json,complete,e6ae112ecceb07668bbcce2da36839b1d74469dc0f006b4309805d98483e7870,hpc_ag_table
raw,Greedy2022,content/reviewer_robustness_2026/raw/Greedy2022__phi-4-reasoning-plus__T000__R01.json,data/reasoning_logs/raw/Greedy2022__phi-4-reasoning-plus__T000__R01.json,complete,a3aad939b230db44ce37392c067eaff784244c4c979e6d9021fe7be73bc4a9f9,hpc_ag_table
raw,Greedy2022,content/reviewer_robustness_2026/raw/Greedy2022__phi-4-reasoning-plus__T000__R02.json,data/reasoning_logs/raw/Greedy2022__phi-4-reasoning-plus__T000__R02.json,complete,e11d80f8f38d286c63e701f09c74c93057c1cf30fdaf56a6b5a55f591ede1105,hpc_ag_table
raw,Greedy2022,content/reviewer_robustness_2026/raw/Greedy2022__phi-4-reasoning-plus__T000__R03.json,data/reasoning_logs/raw/Greedy2022__phi-4-reasoning-plus__T000__R03.json,complete,82625b7df1926ddd162a96e331fd8864233552cf9ff367ed30e85f94021fc378,hpc_ag_table
raw,Greedy2022,content/reviewer_robustness_2026/raw/Greedy2022__phi-4-reasoning-plus__T035__R01.json,data/reasoning_logs/raw/Greedy2022__phi-4-reasoning-plus__T035__R01.json,complete,87bc4b7a68377a25b20f094b94bd7a38cad07b2cbd7bac21ec208235b9a1c3e9,hpc_ag_table
raw,Greedy2022,content/reviewer_robustness_2026/raw/Greedy2022__phi-4-reasoning-plus__T035__R02.json,data/reasoning_logs/raw/Greedy2022__phi-4-reasoning-plus__T035__R02.json,complete,332a9e12450b43bf0aeefb71be4abba4cf6dd02de2611c627e9e4eda3c029b1a,hpc_ag_table
raw,Greedy2022,content/reviewer_robustness_2026/raw/Greedy2022__phi-4-reasoning-plus__T035__R03.json,data/reasoning_logs/raw/Greedy2022__phi-4-reasoning-plus__T035__R03.json,complete,21da91d1c3634effc8ab3df1b3aeb3af6c1ab5d26bdaaae5206f702a028a887a,hpc_ag_table
raw,Greedy2022,content/reviewer_robustness_2026/raw/Greedy2022__phi-4-reasoning-plus__T070__R01.json,data/reasoning_logs/raw/Greedy2022__phi-4-reasoning-plus__T070__R01.json,complete,8bc597615ae61fecb9f4e5dba868cdafa2a55164b6a2df6f82e33a07b3560cb8,hpc_ag_table
raw,Greedy2022,content/reviewer_robustness_2026/raw/Greedy2022__phi-4-reasoning-plus__T070__R02.json,data/reasoning_logs/raw/Greedy2022__phi-4-reasoning-plus__T070__R02.json,complete,54459ed643242530acd81e812fd16a9aabff3dea97a8cc5fddd4aee21068ed97,hpc_ag_table
raw,Greedy2022,content/reviewer_robustness_2026/raw/Greedy2022__phi-4-reasoning-plus__T070__R03.json,data/reasoning_logs/raw/Greedy2022__phi-4-reasoning-plus__T070__R03.json,complete,8760d4cc643e4480636daf71d6f6ae475059f93ec67855d562a4a2b246f6b149,hpc_ag_table
raw,Hertag2020,content/reviewer_robustness_2026/raw/Hertag2020__gemma-4-31b-it__T000__R01.json,data/reasoning_logs/raw/Hertag2020__gemma-4-31b-it__T000__R01.json,complete,94bbf1bad535da1b70f9a509183994a8b24f6acc9eb6e14caa05bbbc55af6464,hpc_ag_table
raw,Hertag2020,content/reviewer_robustness_2026/raw/Hertag2020__gemma-4-31b-it__T000__R02.json,data/reasoning_logs/raw/Hertag2020__gemma-4-31b-it__T000__R02.json,complete,992665ddb38877aa879d4d09968c0880d24f3f5c4a4d7ba06d9771e8036036e2,hpc_ag_table
raw,Hertag2020,content/reviewer_robustness_2026/raw/Hertag2020__gemma-4-31b-it__T000__R03.json,data/reasoning_logs/raw/Hertag2020__gemma-4-31b-it__T000__R03.json,complete,768ebc01f16b516f287e02d44dc9ef9e1b9f7437d2c9d88021aa74aa3564a605,hpc_ag_table
raw,Hertag2020,content/reviewer_robustness_2026/raw/Hertag2020__gemma-4-31b-it__T035__R01.json,data/reasoning_logs/raw/Hertag2020__gemma-4-31b-it__T035__R01.json,complete,210a09ba1e57538438a0310dba35dea207fe26868d49ca014947edf1f8c4aca6,hpc_ag_table
raw,Hertag2020,content/reviewer_robustness_2026/raw/Hertag2020__gemma-4-31b-it__T035__R02.json,data/reasoning_logs/raw/Hertag2020__gemma-4-31b-it__T035__R02.json,complete,ca4d679541f93331ec1982f5502837fe82da4d7e50777ac444a01447e22584eb,hpc_ag_table
raw,Hertag2020,content/reviewer_robustness_2026/raw/Hertag2020__gemma-4-31b-it__T035__R03.json,data/reasoning_logs/raw/Hertag2020__gemma-4-31b-it__T035__R03.json,complete,74016e1e5eba914f99db3f060d6c56a4c0278856ddcbb3d2914af41f55fc8bfb,hpc_ag_table
raw,Hertag2020,content/reviewer_robustness_2026/raw/Hertag2020__gemma-4-31b-it__T070__R01.json,data/reasoning_logs/raw/Hertag2020__gemma-4-31b-it__T070__R01.json,complete,7408769a46ab378dbf1b484b6d45a396cab7dfa6182540dfa543bf39b9bb65fa,hpc_ag_table
raw,Hertag2020,content/reviewer_robustness_2026/raw/Hertag2020__gemma-4-31b-it__T070__R02.json,data/reasoning_logs/raw/Hertag2020__gemma-4-31b-it__T070__R02.json,complete,97438f0e99a029cb0540c9ade2b40fe231c38e27f88117c0e5f6225fab56860b,hpc_ag_table
raw,Hertag2020,content/reviewer_robustness_2026/raw/Hertag2020__gemma-4-31b-it__T070__R03.json,data/reasoning_logs/raw/Hertag2020__gemma-4-31b-it__T070__R03.json,complete,661f583a2d76771b645c2c4df1bdb54df890e8bc7897815d7bff2af35e36b5d6,hpc_ag_table
raw,Hertag2020,content/reviewer_robustness_2026/raw/Hertag2020__olmo-3-32b-think__T000__R01.json,data/reasoning_logs/raw/Hertag2020__olmo-3-32b-think__T000__R01.json,complete,0c833147e1ecf22b53d9ad8e66790bbddfc0edebb72323d3c3b4afc1d2bf0c4d,hpc_ag_table
raw,Hertag2020,content/reviewer_robustness_2026/raw/Hertag2020__olmo-3-32b-think__T000__R02.json,data/reasoning_logs/raw/Hertag2020__olmo-3-32b-think__T000__R02.json,complete,1d7d4337927d9ff13c26ef043e7a1d2a5205b1e399570af029b201ed079ebcef,hpc_ag_table
raw,Hertag2020,content/reviewer_robustness_2026/raw/Hertag2020__olmo-3-32b-think__T000__R03.json,data/reasoning_logs/raw/Hertag2020__olmo-3-32b-think__T000__R03.json,complete,73ec53d7472e5af00692ebe7f7e957970d546a7058bdc5872c10ba7b595f1d3d,hpc_ag_table
raw,Hertag2020,content/reviewer_robustness_2026/raw/Hertag2020__olmo-3-32b-think__T035__R01.json,data/reasoning_logs/raw/Hertag2020__olmo-3-32b-think__T035__R01.json,complete,773345ad085738177f6115bef87e7bd42ba7b5d01122d7608ea5842b931c911e,hpc_ag_table
raw,Hertag2020,content/reviewer_robustness_2026/raw/Hertag2020__olmo-3-32b-think__T035__R02.json,data/reasoning_logs/raw/Hertag2020__olmo-3-32b-think__T035__R02.json,complete,860221c1e28d7f66d1620342cec9b0d87d7b329ed154d414aa7669942b228045,hpc_ag_table
raw,Hertag2020,content/reviewer_robustness_2026/raw/Hertag2020__olmo-3-32b-think__T035__R03.json,data/reasoning_logs/raw/Hertag2020__olmo-3-32b-think__T035__R03.json,complete,a35040239ee72c59fad961c0572de105f3b488b732b6a68127852af1ffe2df3a,hpc_ag_table
raw,Hertag2020,content/reviewer_robustness_2026/raw/Hertag2020__olmo-3-32b-think__T070__R01.json,data/reasoning_logs/raw/Hertag2020__olmo-3-32b-think__T070__R01.json,complete,298d19bed70851ce43ef7d8931d011455b984c22c443b0491f40c18e9e5c37ca,hpc_ag_table
raw,Hertag2020,content/reviewer_robustness_2026/raw/Hertag2020__olmo-3-32b-think__T070__R02.json,data/reasoning_logs/raw/Hertag2020__olmo-3-32b-think__T070__R02.json,complete,201c7906c61514dd62493dc29e5ac5cf3391c3132304e021021bd0123ee8c8f4,hpc_ag_table
raw,Hertag2020,content/reviewer_robustness_2026/raw/Hertag2020__olmo-3-32b-think__T070__R03.json,data/reasoning_logs/raw/Hertag2020__olmo-3-32b-think__T070__R03.json,complete,2f478b024d4d27373f53ed8189ac8826d38d3c52f6580a34cfb45adf2c0176eb,hpc_ag_table
raw,Hertag2020,content/reviewer_robustness_2026/raw/Hertag2020__phi-4-reasoning-plus__T000__R01.json,data/reasoning_logs/raw/Hertag2020__phi-4-reasoning-plus__T000__R01.json,complete,a233d99108ca994ac36a221f74ca5de45a4dfc4761c786791a89fa1f98814a63,hpc_ag_table
raw,Hertag2020,content/reviewer_robustness_2026/raw/Hertag2020__phi-4-reasoning-plus__T000__R02.json,data/reasoning_logs/raw/Hertag2020__phi-4-reasoning-plus__T000__R02.json,complete,c976142d2d5dd1c88e9e0790df75e8271092f8774194dd014c8ee847168eb9b7,hpc_ag_table
raw,Hertag2020,content/reviewer_robustness_2026/raw/Hertag2020__phi-4-reasoning-plus__T000__R03.json,data/reasoning_logs/raw/Hertag2020__phi-4-reasoning-plus__T000__R03.json,complete,303a3ba3b5af11677ea39ed5595b509604b1fd37663b409a2d419efd4e1d1fec,hpc_ag_table
raw,Hertag2020,content/reviewer_robustness_2026/raw/Hertag2020__phi-4-reasoning-plus__T035__R01.json,data/reasoning_logs/raw/Hertag2020__phi-4-reasoning-plus__T035__R01.json,complete,f2e40354fde8c36c9d07e86b67192c9e40e9cd000355138e0f5219f94e649ffa,hpc_ag_table
raw,Hertag2020,content/reviewer_robustness_2026/raw/Hertag2020__phi-4-reasoning-plus__T035__R02.json,data/reasoning_logs/raw/Hertag2020__phi-4-reasoning-plus__T035__R02.json,complete,93b0ab7fd95646fca6974e005f852d431315d0465beeb270161fda6eede737bd,hpc_ag_table
raw,Hertag2020,content/reviewer_robustness_2026/raw/Hertag2020__phi-4-reasoning-plus__T035__R03.json,data/reasoning_logs/raw/Hertag2020__phi-4-reasoning-plus__T035__R03.json,complete,59675fa203b775b324121d36a7cb92044aacb84927fef37a667d6949e32d7513,hpc_ag_table
raw,Hertag2020,content/reviewer_robustness_2026/raw/Hertag2020__phi-4-reasoning-plus__T070__R01.json,data/reasoning_logs/raw/Hertag2020__phi-4-reasoning-plus__T070__R01.json,complete,6711a50e91a73553eda72be4ab8ca7770e7a2763841a06f17735ed3acb83eb5e,hpc_ag_table
raw,Hertag2020,content/reviewer_robustness_2026/raw/Hertag2020__phi-4-reasoning-plus__T070__R02.json,data/reasoning_logs/raw/Hertag2020__phi-4-reasoning-plus__T070__R02.json,complete,e4d8ace32e4e41d4e6fc1d695cb8d3c3eae5661f2dca93359c0fdff1b6867136,hpc_ag_table
raw,Hertag2020,content/reviewer_robustness_2026/raw/Hertag2020__phi-4-reasoning-plus__T070__R03.json,data/reasoning_logs/raw/Hertag2020__phi-4-reasoning-plus__T070__R03.json,complete,f759817f630442d9c2c44d67b035d980af94bc49038e18ac18c091a815bbf3d2,hpc_ag_table
raw,Jiang&Rao2024,content/reviewer_robustness_2026/raw/Jiang&Rao2024__gemma-4-31b-it__T000__R01.json,data/reasoning_logs/raw/Jiang&Rao2024__gemma-4-31b-it__T000__R01.json,complete,0678e0fb3acc81dc5182c1ca8fc9b2be95a64e1741dc6ea9b874e1d8c59a852a,hpc_ag_table
raw,Jiang&Rao2024,content/reviewer_robustness_2026/raw/Jiang&Rao2024__gemma-4-31b-it__T000__R02.json,data/reasoning_logs/raw/Jiang&Rao2024__gemma-4-31b-it__T000__R02.json,complete,1ede267f63663ba2207839e26f6ebf2513050cb87b9d0f1f6eaf5ed039abc70c,hpc_ag_table
raw,Jiang&Rao2024,content/reviewer_robustness_2026/raw/Jiang&Rao2024__gemma-4-31b-it__T000__R03.json,data/reasoning_logs/raw/Jiang&Rao2024__gemma-4-31b-it__T000__R03.json,complete,e5670df627dec75f8c9c5a8fd8b51ee9b768e3096524d2159526c90a5b6fd87b,hpc_ag_table
raw,Jiang&Rao2024,content/reviewer_robustness_2026/raw/Jiang&Rao2024__gemma-4-31b-it__T035__R01.json,data/reasoning_logs/raw/Jiang&Rao2024__gemma-4-31b-it__T035__R01.json,complete,30f3f2325ece82678ff484ae7c808d5ae4de3111c924244a7b89eb9a5c9ce431,hpc_ag_table
raw,Jiang&Rao2024,content/reviewer_robustness_2026/raw/Jiang&Rao2024__gemma-4-31b-it__T035__R02.json,data/reasoning_logs/raw/Jiang&Rao2024__gemma-4-31b-it__T035__R02.json,complete,4ed5ce9b27e700e96de58ae6dda108a481dfb14dae3bb57843343261bd402e4d,hpc_ag_table
raw,Jiang&Rao2024,content/reviewer_robustness_2026/raw/Jiang&Rao2024__gemma-4-31b-it__T035__R03.json,data/reasoning_logs/raw/Jiang&Rao2024__gemma-4-31b-it__T035__R03.json,complete,a27b73b431fbf8f55261868e8e7f5820e1d63d790d523a662ced5ae4cab9df05,hpc_ag_table
raw,Jiang&Rao2024,content/reviewer_robustness_2026/raw/Jiang&Rao2024__gemma-4-31b-it__T070__R01.json,data/reasoning_logs/raw/Jiang&Rao2024__gemma-4-31b-it__T070__R01.json,complete,451dbdd762d2e9581b5f68d127ba71804b485290a3e0cd192621c632cb08c07e,hpc_ag_table
raw,Jiang&Rao2024,content/reviewer_robustness_2026/raw/Jiang&Rao2024__gemma-4-31b-it__T070__R02.json,data/reasoning_logs/raw/Jiang&Rao2024__gemma-4-31b-it__T070__R02.json,complete,46a8223506cf72896dc2eec3d002e38ad90a301a738f8493f6f8f6bef7845724,hpc_ag_table
raw,Jiang&Rao2024,content/reviewer_robustness_2026/raw/Jiang&Rao2024__gemma-4-31b-it__T070__R03.json,data/reasoning_logs/raw/Jiang&Rao2024__gemma-4-31b-it__T070__R03.json,complete,002ca7324903cfccbe77727dd3272065d32d8f158621444bc8a4c3dc0c9a3d87,hpc_ag_table
raw,Jiang&Rao2024,content/reviewer_robustness_2026/raw/Jiang&Rao2024__olmo-3-32b-think__T000__R01.json,data/reasoning_logs/raw/Jiang&Rao2024__olmo-3-32b-think__T000__R01.json,complete,f1b1cbb97dcb8580ee4cb71760306cccc8861237038ac9f6f5792456b697672e,hpc_ag_table
raw,Jiang&Rao2024,content/reviewer_robustness_2026/raw/Jiang&Rao2024__olmo-3-32b-think__T000__R02.json,data/reasoning_logs/raw/Jiang&Rao2024__olmo-3-32b-think__T000__R02.json,complete,4b4f6678f5e8c649ba9b9bba14c37ca6dafcf03c4c684079710bc1513e9fdb78,hpc_ag_table
raw,Jiang&Rao2024,content/reviewer_robustness_2026/raw/Jiang&Rao2024__olmo-3-32b-think__T000__R03.json,data/reasoning_logs/raw/Jiang&Rao2024__olmo-3-32b-think__T000__R03.json,complete,a62da55acac75cbf6d266fd1e5f24272468e8203787e420b5f241272d2d3a7b0,hpc_ag_table
raw,Jiang&Rao2024,content/reviewer_robustness_2026/raw/Jiang&Rao2024__olmo-3-32b-think__T035__R01.json,data/reasoning_logs/raw/Jiang&Rao2024__olmo-3-32b-think__T035__R01.json,complete,77c35ad2f5a0c9e84436764e59ad438908e8dea9143f8754b5d26a642d89bfd1,hpc_ag_table
raw,Jiang&Rao2024,content/reviewer_robustness_2026/raw/Jiang&Rao2024__olmo-3-32b-think__T035__R02.json,data/reasoning_logs/raw/Jiang&Rao2024__olmo-3-32b-think__T035__R02.json,complete,8b22a93ad9689047517cd75ddca98b799a11dac09c05aa99d95fc321bf21f413,hpc_ag_table
raw,Jiang&Rao2024,content/reviewer_robustness_2026/raw/Jiang&Rao2024__olmo-3-32b-think__T035__R03.json,data/reasoning_logs/raw/Jiang&Rao2024__olmo-3-32b-think__T035__R03.json,complete,38abbd836aeac7f8cf62eb38e6d790138901c27887b5e599faa61d58677b6266,hpc_ag_table
raw,Jiang&Rao2024,content/reviewer_robustness_2026/raw/Jiang&Rao2024__olmo-3-32b-think__T070__R01.json,data/reasoning_logs/raw/Jiang&Rao2024__olmo-3-32b-think__T070__R01.json,complete,3a32b592e6343b045c545c12dad8aec99c49ef2358992160a1702781fc7387df,hpc_ag_table
raw,Jiang&Rao2024,content/reviewer_robustness_2026/raw/Jiang&Rao2024__olmo-3-32b-think__T070__R02.json,data/reasoning_logs/raw/Jiang&Rao2024__olmo-3-32b-think__T070__R02.json,complete,806cd3944d96c9b30ccd70f1f0cd7334934a65aab2132ea149cc578c818341a7,hpc_ag_table
raw,Jiang&Rao2024,content/reviewer_robustness_2026/raw/Jiang&Rao2024__olmo-3-32b-think__T070__R03.json,data/reasoning_logs/raw/Jiang&Rao2024__olmo-3-32b-think__T070__R03.json,complete,7320aed66667cc75d643cd7968724d31fb2ccaa87333fe811a697f1696097fad,hpc_ag_table
raw,Jiang&Rao2024,content/reviewer_robustness_2026/raw/Jiang&Rao2024__phi-4-reasoning-plus__T000__R01.json,data/reasoning_logs/raw/Jiang&Rao2024__phi-4-reasoning-plus__T000__R01.json,complete,48dff926c3f875b9912cff5b6e40b73c519cee16d35ceaa044fc59936b1a8561,hpc_ag_table
raw,Jiang&Rao2024,content/reviewer_robustness_2026/raw/Jiang&Rao2024__phi-4-reasoning-plus__T000__R02.json,data/reasoning_logs/raw/Jiang&Rao2024__phi-4-reasoning-plus__T000__R02.json,complete,1e37d175028e773e8f67513a7a497609fdd5fb430ee0ec0f2c543aff01d1d6cf,hpc_ag_table
raw,Jiang&Rao2024,content/reviewer_robustness_2026/raw/Jiang&Rao2024__phi-4-reasoning-plus__T000__R03.json,data/reasoning_logs/raw/Jiang&Rao2024__phi-4-reasoning-plus__T000__R03.json,complete,6efddff3ff78975b2f97605e8502437bf22e1333383eed514163d50f6846ebd8,hpc_ag_table
raw,Jiang&Rao2024,content/reviewer_robustness_2026/raw/Jiang&Rao2024__phi-4-reasoning-plus__T035__R01.json,data/reasoning_logs/raw/Jiang&Rao2024__phi-4-reasoning-plus__T035__R01.json,complete,d55ea0c1143c4a2daa06dd00a031c6d19f0d691fde9b63509b919474e02f38b6,hpc_ag_table
raw,Jiang&Rao2024,content/reviewer_robustness_2026/raw/Jiang&Rao2024__phi-4-reasoning-plus__T035__R02.json,data/reasoning_logs/raw/Jiang&Rao2024__phi-4-reasoning-plus__T035__R02.json,complete,321e0e32bf8b440024886207585f1a5af0d3728476d02f59cadf24e417ce4d91,hpc_ag_table
raw,Jiang&Rao2024,content/reviewer_robustness_2026/raw/Jiang&Rao2024__phi-4-reasoning-plus__T035__R03.json,data/reasoning_logs/raw/Jiang&Rao2024__phi-4-reasoning-plus__T035__R03.json,complete,6c2d59638b605c55a79fbbe3ea4a1cca29ed9fdb4a5809a890f8a70f69a6f99f,hpc_ag_table
raw,Jiang&Rao2024,content/reviewer_robustness_2026/raw/Jiang&Rao2024__phi-4-reasoning-plus__T070__R01.json,data/reasoning_logs/raw/Jiang&Rao2024__phi-4-reasoning-plus__T070__R01.json,complete,5f478a48b52ecf14edce52624d015974edb3721dc4af5eb3062fb2d50e10a698,hpc_ag_table
raw,Jiang&Rao2024,content/reviewer_robustness_2026/raw/Jiang&Rao2024__phi-4-reasoning-plus__T070__R02.json,data/reasoning_logs/raw/Jiang&Rao2024__phi-4-reasoning-plus__T070__R02.json,complete,3f50a3e9066cf33e74c1b19534cbe5de9a3fee46a09eee291895141ebbfab652,hpc_ag_table
raw,Jiang&Rao2024,content/reviewer_robustness_2026/raw/Jiang&Rao2024__phi-4-reasoning-plus__T070__R03.json,data/reasoning_logs/raw/Jiang&Rao2024__phi-4-reasoning-plus__T070__R03.json,complete,47e1084137f099e5ac8883a51e45a98e2c2bda594b17b05c7b8d374a52fd7a5d,hpc_ag_table
raw,Keller2012,content/reviewer_robustness_2026/raw/Keller2012__gemma-4-31b-it__T000__R01.json,data/reasoning_logs/raw/Keller2012__gemma-4-31b-it__T000__R01.json,complete,22f3cceae0107d5552e69befc35da1fe66832456b37b4c7811a086e3bb48a621,hpc_ag_table
raw,Keller2012,content/reviewer_robustness_2026/raw/Keller2012__gemma-4-31b-it__T000__R02.json,data/reasoning_logs/raw/Keller2012__gemma-4-31b-it__T000__R02.json,complete,00f2d7aa074a080d34fbc4faa78ce93c3112db019aa6f7a6c1512d87bc00193a,hpc_ag_table
raw,Keller2012,content/reviewer_robustness_2026/raw/Keller2012__gemma-4-31b-it__T000__R03.json,data/reasoning_logs/raw/Keller2012__gemma-4-31b-it__T000__R03.json,complete,8aff572fa41d1799b72fcf96740c95d1ea6caa67c8d729c8f0c9275c7a714149,hpc_ag_table
raw,Keller2012,content/reviewer_robustness_2026/raw/Keller2012__gemma-4-31b-it__T035__R01.json,data/reasoning_logs/raw/Keller2012__gemma-4-31b-it__T035__R01.json,complete,54d3087dbda7a2e3a0636d6aaf5bbb5851477531c276246c93e2af496a7ab6ef,hpc_ag_table
raw,Keller2012,content/reviewer_robustness_2026/raw/Keller2012__gemma-4-31b-it__T035__R02.json,data/reasoning_logs/raw/Keller2012__gemma-4-31b-it__T035__R02.json,complete,2bac0ee5f664253b9ad1782b4381afc4b12518ed7a2a285a6b924ed6e196acc5,hpc_ag_table
raw,Keller2012,content/reviewer_robustness_2026/raw/Keller2012__gemma-4-31b-it__T035__R03.json,data/reasoning_logs/raw/Keller2012__gemma-4-31b-it__T035__R03.json,complete,fc845b6b6b0017d661ad129f6544caa98c8fa8c1eadf79cd862bc53533baf0bb,hpc_ag_table
raw,Keller2012,content/reviewer_robustness_2026/raw/Keller2012__gemma-4-31b-it__T070__R01.json,data/reasoning_logs/raw/Keller2012__gemma-4-31b-it__T070__R01.json,complete,5bee8ce0341d52df76d12966f9e82c9a318b6b14c6d0a7f426335d5299973964,hpc_ag_table
raw,Keller2012,content/reviewer_robustness_2026/raw/Keller2012__gemma-4-31b-it__T070__R02.json,data/reasoning_logs/raw/Keller2012__gemma-4-31b-it__T070__R02.json,complete,be16e3e8d5ddb5d87ce9acb3a7fd0cd86a78b6a84d0f5ee9fe014c4e6956db2f,hpc_ag_table
raw,Keller2012,content/reviewer_robustness_2026/raw/Keller2012__gemma-4-31b-it__T070__R03.json,data/reasoning_logs/raw/Keller2012__gemma-4-31b-it__T070__R03.json,complete,82aa4b6d192645332426ca750009f7af65b25ef4d990e5407d5f7200d5d6bf44,hpc_ag_table
raw,Keller2012,content/reviewer_robustness_2026/raw/Keller2012__olmo-3-32b-think__T000__R01.json,data/reasoning_logs/raw/Keller2012__olmo-3-32b-think__T000__R01.json,complete,3bf59526077d471837f2dd93704d29c2271a49333b398584a6746f580ac3861d,hpc_ag_table
raw,Keller2012,content/reviewer_robustness_2026/raw/Keller2012__olmo-3-32b-think__T000__R02.json,data/reasoning_logs/raw/Keller2012__olmo-3-32b-think__T000__R02.json,complete,9c319d0d029c0c7d0b60a2d759885a78d6ca2b6ff6a3c6cb51b02cc9cf9391a6,hpc_ag_table
raw,Keller2012,content/reviewer_robustness_2026/raw/Keller2012__olmo-3-32b-think__T000__R03.json,data/reasoning_logs/raw/Keller2012__olmo-3-32b-think__T000__R03.json,complete,524fa7eec63884155ee1849a292b7f219511551444f1c6210081b5f67ad343bb,hpc_ag_table
raw,Keller2012,content/reviewer_robustness_2026/raw/Keller2012__olmo-3-32b-think__T035__R01.json,data/reasoning_logs/raw/Keller2012__olmo-3-32b-think__T035__R01.json,complete,c38bb4c7f7a3fbabcdff960adfe55a0bd259bc1ab4b36ab2576c0e56eaf0e013,hpc_ag_table
raw,Keller2012,content/reviewer_robustness_2026/raw/Keller2012__olmo-3-32b-think__T035__R02.json,data/reasoning_logs/raw/Keller2012__olmo-3-32b-think__T035__R02.json,complete,d075770c0af4667367f9385b62d1ff5dd99e5c90bf1ecacb1f2cd36e6a38eae3,hpc_ag_table
raw,Keller2012,content/reviewer_robustness_2026/raw/Keller2012__olmo-3-32b-think__T035__R03.json,data/reasoning_logs/raw/Keller2012__olmo-3-32b-think__T035__R03.json,complete,a1dcffc226e93435d752c2131ffa4ad8d938d63a169cfd8ebf6e27d1e4569dca,hpc_ag_table
raw,Keller2012,content/reviewer_robustness_2026/raw/Keller2012__olmo-3-32b-think__T070__R01.json,data/reasoning_logs/raw/Keller2012__olmo-3-32b-think__T070__R01.json,complete,5eb53e16139c6b1649bf1fbcf42a320c3758f55447ff55f041f921e3764605ab,hpc_ag_table
raw,Keller2012,content/reviewer_robustness_2026/raw/Keller2012__olmo-3-32b-think__T070__R02.json,data/reasoning_logs/raw/Keller2012__olmo-3-32b-think__T070__R02.json,complete,9dc6ed69b96b5bdc50d4b6ae9f0a8a28cfe6c7028b1c55d44a5e2a5e0a28ca66,hpc_ag_table
raw,Keller2012,content/reviewer_robustness_2026/raw/Keller2012__olmo-3-32b-think__T070__R03.json,data/reasoning_logs/raw/Keller2012__olmo-3-32b-think__T070__R03.json,complete,8aafabafb4ea1f3e663622eacb9834186e29b6d9acc6cdc74d2d6d8077812daa,hpc_ag_table
raw,Keller2012,content/reviewer_robustness_2026/raw/Keller2012__phi-4-reasoning-plus__T000__R01.json,data/reasoning_logs/raw/Keller2012__phi-4-reasoning-plus__T000__R01.json,complete,4241e678cdacd8336a4c5a37b59635c69e76e725ab2862284ca3eb8d956b49ed,hpc_ag_table
raw,Keller2012,content/reviewer_robustness_2026/raw/Keller2012__phi-4-reasoning-plus__T000__R02.json,data/reasoning_logs/raw/Keller2012__phi-4-reasoning-plus__T000__R02.json,complete,ec7acbabcc3d702115431aca016914b61d177cd9b4504a5f0b9f2ff67c974a21,hpc_ag_table
raw,Keller2012,content/reviewer_robustness_2026/raw/Keller2012__phi-4-reasoning-plus__T000__R03.json,data/reasoning_logs/raw/Keller2012__phi-4-reasoning-plus__T000__R03.json,complete,fd43e509f585c830d55145107775bb0aaa3c21abcb6261cf74fdaa6dd6a748e3,hpc_ag_table
raw,Keller2012,content/reviewer_robustness_2026/raw/Keller2012__phi-4-reasoning-plus__T035__R01.json,data/reasoning_logs/raw/Keller2012__phi-4-reasoning-plus__T035__R01.json,complete,947cabb2621468b4c746b8af7b1444f004fbf0634e2d0f4dcfe9d652d278ab0c,hpc_ag_table
raw,Keller2012,content/reviewer_robustness_2026/raw/Keller2012__phi-4-reasoning-plus__T035__R02.json,data/reasoning_logs/raw/Keller2012__phi-4-reasoning-plus__T035__R02.json,complete,153dad4478bcc0d61c30ff757d1f821df35e3db41fc7d27d70798ccee2c7d4be,hpc_ag_table
raw,Keller2012,content/reviewer_robustness_2026/raw/Keller2012__phi-4-reasoning-plus__T035__R03.json,data/reasoning_logs/raw/Keller2012__phi-4-reasoning-plus__T035__R03.json,complete,9621834006004d44163458effc8a82fd0bbb3782720b29c0c91f79d1fe17061d,hpc_ag_table
raw,Keller2012,content/reviewer_robustness_2026/raw/Keller2012__phi-4-reasoning-plus__T070__R01.json,data/reasoning_logs/raw/Keller2012__phi-4-reasoning-plus__T070__R01.json,complete,9dfc71ba8efa22988ad3352a7214b9e5dbd7edd57220e45d7e1e6ed79689b96f,hpc_ag_table
raw,Keller2012,content/reviewer_robustness_2026/raw/Keller2012__phi-4-reasoning-plus__T070__R02.json,data/reasoning_logs/raw/Keller2012__phi-4-reasoning-plus__T070__R02.json,complete,7a2a4e27ae028705f196508294bbffda25b3b648982011db03443d152a6a7312,hpc_ag_table
raw,Keller2012,content/reviewer_robustness_2026/raw/Keller2012__phi-4-reasoning-plus__T070__R03.json,data/reasoning_logs/raw/Keller2012__phi-4-reasoning-plus__T070__R03.json,complete,7248786b724ec56fbbd46b415764a1a6e751e23e3c01f9bff08c22de570da899,hpc_ag_table
raw,Keller2018,content/reviewer_robustness_2026/raw/Keller2018__gemma-4-31b-it__T000__R01.json,data/reasoning_logs/raw/Keller2018__gemma-4-31b-it__T000__R01.json,complete,0292eaa74fe3073b47c3071f6d177dba0c2ffebfa9b996d1c1760c16e8f85329,hpc_ag_table
raw,Keller2018,content/reviewer_robustness_2026/raw/Keller2018__gemma-4-31b-it__T000__R02.json,data/reasoning_logs/raw/Keller2018__gemma-4-31b-it__T000__R02.json,complete,29886fda0709dd612276c4775b4a3707cb0728a7c4276b5de454e964702bc661,hpc_ag_table
raw,Keller2018,content/reviewer_robustness_2026/raw/Keller2018__gemma-4-31b-it__T000__R03.json,data/reasoning_logs/raw/Keller2018__gemma-4-31b-it__T000__R03.json,complete,799127752415d9a1fd3d7af98d41c4069c7b74072fbf6f4fb15fb4715d235e2f,hpc_ag_table
raw,Keller2018,content/reviewer_robustness_2026/raw/Keller2018__gemma-4-31b-it__T035__R01.json,data/reasoning_logs/raw/Keller2018__gemma-4-31b-it__T035__R01.json,complete,b55502265a96fd62b4b536bf66d95388ab7e29bf875d458e4b1f248e03a49888,hpc_ag_table
raw,Keller2018,content/reviewer_robustness_2026/raw/Keller2018__gemma-4-31b-it__T035__R02.json,data/reasoning_logs/raw/Keller2018__gemma-4-31b-it__T035__R02.json,complete,62c0d62d3f3a84da6bfb110005a103651038fc2aa9f48ce377cca78e3303e959,hpc_ag_table
raw,Keller2018,content/reviewer_robustness_2026/raw/Keller2018__gemma-4-31b-it__T035__R03.json,data/reasoning_logs/raw/Keller2018__gemma-4-31b-it__T035__R03.json,complete,8e5c32b441dcff211075a38ce70a7d5a756f139f498907ce31244fe28987940e,hpc_ag_table
raw,Keller2018,content/reviewer_robustness_2026/raw/Keller2018__gemma-4-31b-it__T070__R01.json,data/reasoning_logs/raw/Keller2018__gemma-4-31b-it__T070__R01.json,complete,4f631d1ee4c86ab417d90731ea4f1685ab99993d1fde60c28feed71950a2a0ff,hpc_ag_table
raw,Keller2018,content/reviewer_robustness_2026/raw/Keller2018__gemma-4-31b-it__T070__R02.json,data/reasoning_logs/raw/Keller2018__gemma-4-31b-it__T070__R02.json,complete,0b0513989818335e15768d175e25024c9d7e0606ff044032f0af4c5769954515,hpc_ag_table
raw,Keller2018,content/reviewer_robustness_2026/raw/Keller2018__gemma-4-31b-it__T070__R03.json,data/reasoning_logs/raw/Keller2018__gemma-4-31b-it__T070__R03.json,complete,4036d7e393052d753dc6c08ba1dd3557f900810ab2404289fc844a4f39455a48,hpc_ag_table
raw,Keller2018,content/reviewer_robustness_2026/raw/Keller2018__olmo-3-32b-think__T000__R01.json,data/reasoning_logs/raw/Keller2018__olmo-3-32b-think__T000__R01.json,complete,6b02cd87922988c1cd037ce3b50f2a201b8de9407594240147f4d6b04a9f2013,hpc_ag_table
raw,Keller2018,content/reviewer_robustness_2026/raw/Keller2018__olmo-3-32b-think__T000__R02.json,data/reasoning_logs/raw/Keller2018__olmo-3-32b-think__T000__R02.json,complete,9b3ac1a16d1a1176f3cbedc14a405b799a0ed59b55eec621a31118e18c1c3caf,hpc_ag_table
raw,Keller2018,content/reviewer_robustness_2026/raw/Keller2018__olmo-3-32b-think__T000__R03.json,data/reasoning_logs/raw/Keller2018__olmo-3-32b-think__T000__R03.json,complete,6e3d80bbc0a6a992d8700ab3be609d0831a0bcfd13aa7386301b53b971533684,hpc_ag_table
raw,Keller2018,content/reviewer_robustness_2026/raw/Keller2018__olmo-3-32b-think__T035__R01.json,data/reasoning_logs/raw/Keller2018__olmo-3-32b-think__T035__R01.json,complete,d801290d2d8ac29d49def6b939149a6ee2ea57a67e2e3422a797e2e537a6680c,hpc_ag_table
raw,Keller2018,content/reviewer_robustness_2026/raw/Keller2018__olmo-3-32b-think__T035__R02.json,data/reasoning_logs/raw/Keller2018__olmo-3-32b-think__T035__R02.json,complete,e0901e94d28455b7d312c3e709f7b1b9789159679ae3f2546b3fc20e2e59d1e0,hpc_ag_table
raw,Keller2018,content/reviewer_robustness_2026/raw/Keller2018__olmo-3-32b-think__T035__R03.json,data/reasoning_logs/raw/Keller2018__olmo-3-32b-think__T035__R03.json,complete,8e93898d931483b1b3701e0e640439acb5c06918bc4b2beb76ea196beb2f33d6,hpc_ag_table
raw,Keller2018,content/reviewer_robustness_2026/raw/Keller2018__olmo-3-32b-think__T070__R01.json,data/reasoning_logs/raw/Keller2018__olmo-3-32b-think__T070__R01.json,complete,b048c3d088cc8c68430a7d0c331fec168e3873803319c32bb9aadaadede7636a,hpc_ag_table
raw,Keller2018,content/reviewer_robustness_2026/raw/Keller2018__olmo-3-32b-think__T070__R02.json,data/reasoning_logs/raw/Keller2018__olmo-3-32b-think__T070__R02.json,complete,23c8cff57939bb834788bf96bc4975b0e622aaf70b548f2bc388b07e1844938a,hpc_ag_table
raw,Keller2018,content/reviewer_robustness_2026/raw/Keller2018__olmo-3-32b-think__T070__R03.json,data/reasoning_logs/raw/Keller2018__olmo-3-32b-think__T070__R03.json,complete,71dcf6859c33146bdda9bd831d84d6cd19c61bf86925937a1900c01ce7793d38,hpc_ag_table
raw,Keller2018,content/reviewer_robustness_2026/raw/Keller2018__phi-4-reasoning-plus__T000__R01.json,data/reasoning_logs/raw/Keller2018__phi-4-reasoning-plus__T000__R01.json,complete,99306541c444e80f677b7712bce14caef690c39c57f9412d0725ac552a033759,hpc_ag_table
raw,Keller2018,content/reviewer_robustness_2026/raw/Keller2018__phi-4-reasoning-plus__T000__R02.json,data/reasoning_logs/raw/Keller2018__phi-4-reasoning-plus__T000__R02.json,complete,55bfc2b80b152f4fafc8ba37f3c704f8c592a17b6bafa337e7fbd2e080574abe,hpc_ag_table
raw,Keller2018,content/reviewer_robustness_2026/raw/Keller2018__phi-4-reasoning-plus__T000__R03.json,data/reasoning_logs/raw/Keller2018__phi-4-reasoning-plus__T000__R03.json,complete,2079b080b82537a7b434d605cd9a99397048bd0f42824ec629fde3de06614a6f,hpc_ag_table
raw,Keller2018,content/reviewer_robustness_2026/raw/Keller2018__phi-4-reasoning-plus__T035__R01.json,data/reasoning_logs/raw/Keller2018__phi-4-reasoning-plus__T035__R01.json,complete,0c3ee0e5e023ea32005a2f61dac9c406e656099d029e20e32df9a490ad8d4220,hpc_ag_table
raw,Keller2018,content/reviewer_robustness_2026/raw/Keller2018__phi-4-reasoning-plus__T035__R02.json,data/reasoning_logs/raw/Keller2018__phi-4-reasoning-plus__T035__R02.json,complete,60ae1e45dd7d59a64172578e1fbe3f2d62cfefdc70f27d7819664a239e615b75,hpc_ag_table
raw,Keller2018,content/reviewer_robustness_2026/raw/Keller2018__phi-4-reasoning-plus__T035__R03.json,data/reasoning_logs/raw/Keller2018__phi-4-reasoning-plus__T035__R03.json,complete,03ba9466d8fda708489c6197e42924344a2f6ef5726bd3045dfd51cb61a28698,hpc_ag_table
raw,Keller2018,content/reviewer_robustness_2026/raw/Keller2018__phi-4-reasoning-plus__T070__R01.json,data/reasoning_logs/raw/Keller2018__phi-4-reasoning-plus__T070__R01.json,complete,674028b7cb20ae0412f198c89776d46f80e210ef9418f3761bbafebf113e409e,hpc_ag_table
raw,Keller2018,content/reviewer_robustness_2026/raw/Keller2018__phi-4-reasoning-plus__T070__R02.json,data/reasoning_logs/raw/Keller2018__phi-4-reasoning-plus__T070__R02.json,complete,a297017d0198b5650d4dd15bac5e10032b60297c8ba3f167bbfd4b94884b9d10,hpc_ag_table
raw,Keller2018,content/reviewer_robustness_2026/raw/Keller2018__phi-4-reasoning-plus__T070__R03.json,data/reasoning_logs/raw/Keller2018__phi-4-reasoning-plus__T070__R03.json,complete,0aebc740cfa0a7f03e1b86ab8ec3c9e8f29c47b9c03a4d687ae87aafc01244d9,hpc_ag_table
raw,Kiebel2008,content/reviewer_robustness_2026/raw/Kiebel2008__gemma-4-31b-it__T000__R01.json,data/reasoning_logs/raw/Kiebel2008__gemma-4-31b-it__T000__R01.json,complete,74a2f19a02f767d8f0dc6999c4b76b2ab4d8b90fd42965e305f3b02198d5e080,hpc_ag_table
raw,Kiebel2008,content/reviewer_robustness_2026/raw/Kiebel2008__gemma-4-31b-it__T000__R02.json,data/reasoning_logs/raw/Kiebel2008__gemma-4-31b-it__T000__R02.json,complete,97a6cdebcaa6a9239e22423fd0fc3520963bc51ceb06ef2b511b3eb589d4c657,hpc_ag_table
raw,Kiebel2008,content/reviewer_robustness_2026/raw/Kiebel2008__gemma-4-31b-it__T000__R03.json,data/reasoning_logs/raw/Kiebel2008__gemma-4-31b-it__T000__R03.json,complete,090b67431429cba119cd2d4ab90d819246e2c2e32a2a19e7bb13d47f33fa9f3e,hpc_ag_table
raw,Kiebel2008,content/reviewer_robustness_2026/raw/Kiebel2008__gemma-4-31b-it__T035__R01.json,data/reasoning_logs/raw/Kiebel2008__gemma-4-31b-it__T035__R01.json,complete,5c28b8750539b3736e252e72485e62d0276ee957730ba78ba7c2132e1dbd8f45,hpc_ag_table
raw,Kiebel2008,content/reviewer_robustness_2026/raw/Kiebel2008__gemma-4-31b-it__T035__R02.json,data/reasoning_logs/raw/Kiebel2008__gemma-4-31b-it__T035__R02.json,complete,730e56519be1ce30b5c13c59dbc10e81aaa04dc67bb22b6709b5277d06d707de,hpc_ag_table
raw,Kiebel2008,content/reviewer_robustness_2026/raw/Kiebel2008__gemma-4-31b-it__T035__R03.json,data/reasoning_logs/raw/Kiebel2008__gemma-4-31b-it__T035__R03.json,complete,909bca829c5c02c0fc3ba548b1a968599b7f2e235b304a3c863ec7ccb187088f,hpc_ag_table
raw,Kiebel2008,content/reviewer_robustness_2026/raw/Kiebel2008__gemma-4-31b-it__T070__R01.json,data/reasoning_logs/raw/Kiebel2008__gemma-4-31b-it__T070__R01.json,complete,984405910ef28acbec01fd2b4898dcf632fdb6f7cc21e9fa448897ce77680d64,hpc_ag_table
raw,Kiebel2008,content/reviewer_robustness_2026/raw/Kiebel2008__gemma-4-31b-it__T070__R02.json,data/reasoning_logs/raw/Kiebel2008__gemma-4-31b-it__T070__R02.json,complete,c0a5c0597aa59a1e5a6c3ae2ce9dac66ef7ed3f9d92a55dc28ff5f0dc267569e,hpc_ag_table
raw,Kiebel2008,content/reviewer_robustness_2026/raw/Kiebel2008__gemma-4-31b-it__T070__R03.json,data/reasoning_logs/raw/Kiebel2008__gemma-4-31b-it__T070__R03.json,complete,b628be1bdfe8bc9d394a401ddfad7138e172d4b1bc194544404db4f3cfd0356d,hpc_ag_table
raw,Kiebel2008,content/reviewer_robustness_2026/raw/Kiebel2008__olmo-3-32b-think__T000__R01.json,data/reasoning_logs/raw/Kiebel2008__olmo-3-32b-think__T000__R01.json,complete,1b56b97fbc3b205842e5340cd06a2fe3b5c6b94ad561f5fc815c5e296501bb84,hpc_ag_table
raw,Kiebel2008,content/reviewer_robustness_2026/raw/Kiebel2008__olmo-3-32b-think__T000__R02.json,data/reasoning_logs/raw/Kiebel2008__olmo-3-32b-think__T000__R02.json,complete,fa7ed618e2ccc122bd5e1b618b4ef93e86dd18be8c051e0a036570cafe46c631,hpc_ag_table
raw,Kiebel2008,content/reviewer_robustness_2026/raw/Kiebel2008__olmo-3-32b-think__T000__R03.json,data/reasoning_logs/raw/Kiebel2008__olmo-3-32b-think__T000__R03.json,complete,30b8f87a920a36251b236f8d2151b13df5ec529bed98600f03731f642e93bb74,hpc_ag_table
raw,Kiebel2008,content/reviewer_robustness_2026/raw/Kiebel2008__olmo-3-32b-think__T035__R01.json,data/reasoning_logs/raw/Kiebel2008__olmo-3-32b-think__T035__R01.json,complete,28a3ebd34369e3ba4bbe0795e43eda5ea159af047ba95e5242b22b828f413270,hpc_ag_table
raw,Kiebel2008,content/reviewer_robustness_2026/raw/Kiebel2008__olmo-3-32b-think__T035__R02.json,data/reasoning_logs/raw/Kiebel2008__olmo-3-32b-think__T035__R02.json,complete,cf57570830078cb52cebb93f385cfbb1a6900a9cf7dde6ce588a44425837be31,hpc_ag_table
raw,Kiebel2008,content/reviewer_robustness_2026/raw/Kiebel2008__olmo-3-32b-think__T035__R03.json,data/reasoning_logs/raw/Kiebel2008__olmo-3-32b-think__T035__R03.json,complete,fe96ce917d8b47883b7af5012756afd357150a3f5ddad47e9addfabe6e9e15ec,hpc_ag_table
raw,Kiebel2008,content/reviewer_robustness_2026/raw/Kiebel2008__olmo-3-32b-think__T070__R01.json,data/reasoning_logs/raw/Kiebel2008__olmo-3-32b-think__T070__R01.json,complete,b1137b79326ec190ce56d471eceddb8498ec5bafad424ce3296693f1f7eead46,hpc_ag_table
raw,Kiebel2008,content/reviewer_robustness_2026/raw/Kiebel2008__olmo-3-32b-think__T070__R02.json,data/reasoning_logs/raw/Kiebel2008__olmo-3-32b-think__T070__R02.json,complete,c2a097a214aa1679310c1ba52e325a2cb42bcd1745e75bfa1c92acc43033ca67,hpc_ag_table
raw,Kiebel2008,content/reviewer_robustness_2026/raw/Kiebel2008__olmo-3-32b-think__T070__R03.json,data/reasoning_logs/raw/Kiebel2008__olmo-3-32b-think__T070__R03.json,complete,d3b5c5c7680690b323f1958f943c05398ea72179fb7c2ee59a8e7820edd07d9d,hpc_ag_table
raw,Kiebel2008,content/reviewer_robustness_2026/raw/Kiebel2008__phi-4-reasoning-plus__T000__R01.json,data/reasoning_logs/raw/Kiebel2008__phi-4-reasoning-plus__T000__R01.json,complete,c083159fd4c12278c353589f733d195c2830fc8ce5f26c8fb35e90178d74183b,hpc_ag_table
raw,Kiebel2008,content/reviewer_robustness_2026/raw/Kiebel2008__phi-4-reasoning-plus__T000__R02.json,data/reasoning_logs/raw/Kiebel2008__phi-4-reasoning-plus__T000__R02.json,complete,77bd91cf8f3ff3d75419d98262a5195104a7835f23334782399811c17338e478,hpc_ag_table
raw,Kiebel2008,content/reviewer_robustness_2026/raw/Kiebel2008__phi-4-reasoning-plus__T000__R03.json,data/reasoning_logs/raw/Kiebel2008__phi-4-reasoning-plus__T000__R03.json,complete,2e1113d57a79b85fa1ca98c9da26241b3681979220c011bbd2f70c41f6c77446,hpc_ag_table
raw,Kiebel2008,content/reviewer_robustness_2026/raw/Kiebel2008__phi-4-reasoning-plus__T035__R01.json,data/reasoning_logs/raw/Kiebel2008__phi-4-reasoning-plus__T035__R01.json,complete,3b24a8da340101a9d82eacd1ee0cbd7cc486079179c5fa44828cca0f0cb67800,hpc_ag_table
raw,Kiebel2008,content/reviewer_robustness_2026/raw/Kiebel2008__phi-4-reasoning-plus__T035__R02.json,data/reasoning_logs/raw/Kiebel2008__phi-4-reasoning-plus__T035__R02.json,complete,fc726942df7969b01a7bbbf9992dc844b22d3cdd34c256fd45a3a341ee91c38f,hpc_ag_table
raw,Kiebel2008,content/reviewer_robustness_2026/raw/Kiebel2008__phi-4-reasoning-plus__T035__R03.json,data/reasoning_logs/raw/Kiebel2008__phi-4-reasoning-plus__T035__R03.json,complete,adaf40a6591e1ce16978f1a7fe346ed3abf4f6851b23e98f6f7632541aa4a9c8,hpc_ag_table
raw,Kiebel2008,content/reviewer_robustness_2026/raw/Kiebel2008__phi-4-reasoning-plus__T070__R01.json,data/reasoning_logs/raw/Kiebel2008__phi-4-reasoning-plus__T070__R01.json,complete,1622c667c4715387f94fcad0f75202d4deff6b68795533c75bb584a9d31a6655,hpc_ag_table
raw,Kiebel2008,content/reviewer_robustness_2026/raw/Kiebel2008__phi-4-reasoning-plus__T070__R02.json,data/reasoning_logs/raw/Kiebel2008__phi-4-reasoning-plus__T070__R02.json,complete,a4718a8078a198ef048492f121648b6a8db03272b639ffa39783406693aeb9dd,hpc_ag_table
raw,Kiebel2008,content/reviewer_robustness_2026/raw/Kiebel2008__phi-4-reasoning-plus__T070__R03.json,data/reasoning_logs/raw/Kiebel2008__phi-4-reasoning-plus__T070__R03.json,complete,3c822429953cd1a0478e7f88ac69fa7949b6e60f10caaa026cc6a1813efcf580,hpc_ag_table
raw,LaoRodriguez2023,content/reviewer_robustness_2026/raw/LaoRodriguez2023__gemma-4-31b-it__T000__R01.json,data/reasoning_logs/raw/LaoRodriguez2023__gemma-4-31b-it__T000__R01.json,complete,553e87e4e5b9ed6c06097d1818aea454abd2e4d31b52e3e2b29cb3389148ead2,hpc_ag_table
raw,LaoRodriguez2023,content/reviewer_robustness_2026/raw/LaoRodriguez2023__gemma-4-31b-it__T000__R02.json,data/reasoning_logs/raw/LaoRodriguez2023__gemma-4-31b-it__T000__R02.json,complete,b8b36a695327cfc2ff26eedfd2963febda902e370d694f22ce1df77b9b7375e2,hpc_ag_table
raw,LaoRodriguez2023,content/reviewer_robustness_2026/raw/LaoRodriguez2023__gemma-4-31b-it__T000__R03.json,data/reasoning_logs/raw/LaoRodriguez2023__gemma-4-31b-it__T000__R03.json,complete,80da9d955fb60b4193a8a3d96e2e0428fba6672b3fdc9729bb6b999b4ee2e328,hpc_ag_table
raw,LaoRodriguez2023,content/reviewer_robustness_2026/raw/LaoRodriguez2023__gemma-4-31b-it__T035__R01.json,data/reasoning_logs/raw/LaoRodriguez2023__gemma-4-31b-it__T035__R01.json,complete,2251d52da4449781ecc0d6dad0f206bd4579cf120a74096ec9525a14c9d2f2ac,hpc_ag_table
raw,LaoRodriguez2023,content/reviewer_robustness_2026/raw/LaoRodriguez2023__gemma-4-31b-it__T035__R02.json,data/reasoning_logs/raw/LaoRodriguez2023__gemma-4-31b-it__T035__R02.json,complete,3d1ee5e94371a1c121ae479df2def927da35375aca3eb99e3edd75e522fb0473,hpc_ag_table
raw,LaoRodriguez2023,content/reviewer_robustness_2026/raw/LaoRodriguez2023__gemma-4-31b-it__T035__R03.json,data/reasoning_logs/raw/LaoRodriguez2023__gemma-4-31b-it__T035__R03.json,complete,52c4a195e2567280be7db92bab9938ccb1067d642a1a59a5d4c1bdd17b20af93,hpc_ag_table
raw,LaoRodriguez2023,content/reviewer_robustness_2026/raw/LaoRodriguez2023__gemma-4-31b-it__T070__R01.json,data/reasoning_logs/raw/LaoRodriguez2023__gemma-4-31b-it__T070__R01.json,complete,69d6a8f1360bf07f943e9866a3c2c19631a9ab33188dbea685a658bdbbf9862d,hpc_ag_table
raw,LaoRodriguez2023,content/reviewer_robustness_2026/raw/LaoRodriguez2023__gemma-4-31b-it__T070__R02.json,data/reasoning_logs/raw/LaoRodriguez2023__gemma-4-31b-it__T070__R02.json,complete,131d3235993dc4c898f542da99e8975dca24a916e0f26cbfccd5546a9b3fa927,hpc_ag_table
raw,LaoRodriguez2023,content/reviewer_robustness_2026/raw/LaoRodriguez2023__gemma-4-31b-it__T070__R03.json,data/reasoning_logs/raw/LaoRodriguez2023__gemma-4-31b-it__T070__R03.json,complete,7cde18b2ef269da98917d99053d2cb7cab02cc1057e6fc87dcb7627af6ad3da4,hpc_ag_table
raw,LaoRodriguez2023,content/reviewer_robustness_2026/raw/LaoRodriguez2023__olmo-3-32b-think__T000__R01.json,data/reasoning_logs/raw/LaoRodriguez2023__olmo-3-32b-think__T000__R01.json,complete,41ee09ef1a0cd439c3cb52d68ad9413531832fcf18b0120fa1065e692613b278,hpc_ag_table
raw,LaoRodriguez2023,content/reviewer_robustness_2026/raw/LaoRodriguez2023__olmo-3-32b-think__T000__R02.json,data/reasoning_logs/raw/LaoRodriguez2023__olmo-3-32b-think__T000__R02.json,complete,50b3bf77e6fd5c5537859ebbdf7f4b59b5d371504ceffe0f082a903542c58365,hpc_ag_table
raw,LaoRodriguez2023,content/reviewer_robustness_2026/raw/LaoRodriguez2023__olmo-3-32b-think__T000__R03.json,data/reasoning_logs/raw/LaoRodriguez2023__olmo-3-32b-think__T000__R03.json,complete,42f07f8dbf6b8879b168d76bae0ab325b71d794396b966f0c74009eff748c456,hpc_ag_table
raw,LaoRodriguez2023,content/reviewer_robustness_2026/raw/LaoRodriguez2023__olmo-3-32b-think__T035__R01.json,data/reasoning_logs/raw/LaoRodriguez2023__olmo-3-32b-think__T035__R01.json,complete,a2e1a3e9372b7ee292263dcc4cc591894e6798a760e40a83902f843c2bca8171,hpc_ag_table
raw,LaoRodriguez2023,content/reviewer_robustness_2026/raw/LaoRodriguez2023__olmo-3-32b-think__T035__R02.json,data/reasoning_logs/raw/LaoRodriguez2023__olmo-3-32b-think__T035__R02.json,complete,c292a250083e27f8e12c4375cd70c242357d978d600e9f7dc6baa830e0763408,hpc_ag_table
raw,LaoRodriguez2023,content/reviewer_robustness_2026/raw/LaoRodriguez2023__olmo-3-32b-think__T035__R03.json,data/reasoning_logs/raw/LaoRodriguez2023__olmo-3-32b-think__T035__R03.json,complete,0c1709caeee4080c0a21d722d90ad0d12696c4c3fb5a23cc563051ad29c1aa08,hpc_ag_table
raw,LaoRodriguez2023,content/reviewer_robustness_2026/raw/LaoRodriguez2023__olmo-3-32b-think__T070__R01.json,data/reasoning_logs/raw/LaoRodriguez2023__olmo-3-32b-think__T070__R01.json,complete,e09eaff45ce07493bff9c4443d068af3c7c22d8cb6fd2905cb01cd41a8b24a54,hpc_ag_table
raw,LaoRodriguez2023,content/reviewer_robustness_2026/raw/LaoRodriguez2023__olmo-3-32b-think__T070__R02.json,data/reasoning_logs/raw/LaoRodriguez2023__olmo-3-32b-think__T070__R02.json,complete,2537e5b89f47b23b21cfd1a9c4dca28c817b3083605aafa772ccdc5f0cdc06e3,hpc_ag_table
raw,LaoRodriguez2023,content/reviewer_robustness_2026/raw/LaoRodriguez2023__olmo-3-32b-think__T070__R03.json,data/reasoning_logs/raw/LaoRodriguez2023__olmo-3-32b-think__T070__R03.json,complete,d234841d9c8c5992715eb6b8b951df93b9416f76e805a8a1e1d4ed2a16ac6cad,hpc_ag_table
raw,LaoRodriguez2023,content/reviewer_robustness_2026/raw/LaoRodriguez2023__phi-4-reasoning-plus__T000__R01.json,data/reasoning_logs/raw/LaoRodriguez2023__phi-4-reasoning-plus__T000__R01.json,complete,31686daf506808acb68a8773d6caab8eddd62f1f6d5614670ba053490d5b8b77,hpc_ag_table
raw,LaoRodriguez2023,content/reviewer_robustness_2026/raw/LaoRodriguez2023__phi-4-reasoning-plus__T000__R02.json,data/reasoning_logs/raw/LaoRodriguez2023__phi-4-reasoning-plus__T000__R02.json,complete,015f394092fc7fc2b07b6359e217c3a492fd7f574c3318459f88857efa28380a,hpc_ag_table
raw,LaoRodriguez2023,content/reviewer_robustness_2026/raw/LaoRodriguez2023__phi-4-reasoning-plus__T000__R03.json,data/reasoning_logs/raw/LaoRodriguez2023__phi-4-reasoning-plus__T000__R03.json,complete,de81fbefaa9998f39b49c3489b84c89d3acb354cd6957a7f279ea9eaafd21390,hpc_ag_table
raw,LaoRodriguez2023,content/reviewer_robustness_2026/raw/LaoRodriguez2023__phi-4-reasoning-plus__T035__R01.json,data/reasoning_logs/raw/LaoRodriguez2023__phi-4-reasoning-plus__T035__R01.json,complete,2474b727fe669b77dbaa5fa64a31192d4c70fe5d8995e245a3a185bb5e0cd540,hpc_ag_table
raw,LaoRodriguez2023,content/reviewer_robustness_2026/raw/LaoRodriguez2023__phi-4-reasoning-plus__T035__R02.json,data/reasoning_logs/raw/LaoRodriguez2023__phi-4-reasoning-plus__T035__R02.json,complete,5ecb9b29b7bdb9474ed7ee11f4bd2141ef32d143d03168b9cbf2bbc725f9c50b,hpc_ag_table
raw,LaoRodriguez2023,content/reviewer_robustness_2026/raw/LaoRodriguez2023__phi-4-reasoning-plus__T035__R03.json,data/reasoning_logs/raw/LaoRodriguez2023__phi-4-reasoning-plus__T035__R03.json,complete,0f5d7163e139e6c1618a0db23264c3cf5fd3b5588055f6114624d911b7ed1cbb,hpc_ag_table
raw,LaoRodriguez2023,content/reviewer_robustness_2026/raw/LaoRodriguez2023__phi-4-reasoning-plus__T070__R01.json,data/reasoning_logs/raw/LaoRodriguez2023__phi-4-reasoning-plus__T070__R01.json,complete,fb1d8abe186389f8b1649ab64a0ac9f360944aa9e1302c695d26b6771e96542e,hpc_ag_table
raw,LaoRodriguez2023,content/reviewer_robustness_2026/raw/LaoRodriguez2023__phi-4-reasoning-plus__T070__R02.json,data/reasoning_logs/raw/LaoRodriguez2023__phi-4-reasoning-plus__T070__R02.json,complete,a9182e03f2c656489dd56e3e6cc4521356bec74f4b0579c94b7aae28108f749d,hpc_ag_table
raw,LaoRodriguez2023,content/reviewer_robustness_2026/raw/LaoRodriguez2023__phi-4-reasoning-plus__T070__R03.json,data/reasoning_logs/raw/LaoRodriguez2023__phi-4-reasoning-plus__T070__R03.json,complete,ceaaaab7d15081bef88c06d2e2fe6ce51d1904e8c61155237bdd228fc043a4f3,hpc_ag_table
raw,LeeMejias2025,content/reviewer_robustness_2026/raw/LeeMejias2025__gemma-4-31b-it__T000__R01.json,data/reasoning_logs/raw/LeeMejias2025__gemma-4-31b-it__T000__R01.json,complete,3350d8c261979ce23e0bc058a07a05ed8ca751b1cdca726b8aa570138a3ff4a1,hpc_ag_table
raw,LeeMejias2025,content/reviewer_robustness_2026/raw/LeeMejias2025__gemma-4-31b-it__T000__R02.json,data/reasoning_logs/raw/LeeMejias2025__gemma-4-31b-it__T000__R02.json,complete,08faac473eed77f18c6fbaf30f016b312dd0db8233d5fc3736e88d428ad587d8,hpc_ag_table
raw,LeeMejias2025,content/reviewer_robustness_2026/raw/LeeMejias2025__gemma-4-31b-it__T000__R03.json,data/reasoning_logs/raw/LeeMejias2025__gemma-4-31b-it__T000__R03.json,complete,f36d0a87f821e48656270c7484e1ecd8912e2649ea2c47f7eab161b4decb0910,hpc_ag_table
raw,LeeMejias2025,content/reviewer_robustness_2026/raw/LeeMejias2025__gemma-4-31b-it__T035__R01.json,data/reasoning_logs/raw/LeeMejias2025__gemma-4-31b-it__T035__R01.json,complete,51d0b7e91099d229898b385013444ff0d998a3f2ead8e42283abd65df4df0775,hpc_ag_table
raw,LeeMejias2025,content/reviewer_robustness_2026/raw/LeeMejias2025__gemma-4-31b-it__T035__R02.json,data/reasoning_logs/raw/LeeMejias2025__gemma-4-31b-it__T035__R02.json,complete,9e0e915f9575de4e9da8039811de8c6403ca0ee09d4a940760ef9ce469add4f4,hpc_ag_table
raw,LeeMejias2025,content/reviewer_robustness_2026/raw/LeeMejias2025__gemma-4-31b-it__T035__R03.json,data/reasoning_logs/raw/LeeMejias2025__gemma-4-31b-it__T035__R03.json,complete,d908c272c94f09f33ca0c10d4bf5ca9f3c0d07475965bb48d97285306485ecee,hpc_ag_table
raw,LeeMejias2025,content/reviewer_robustness_2026/raw/LeeMejias2025__gemma-4-31b-it__T070__R01.json,data/reasoning_logs/raw/LeeMejias2025__gemma-4-31b-it__T070__R01.json,complete,d55358967a09e8878b2ad440705a594a680ebac1f5f8f5c29cb9e1a407650833,hpc_ag_table
raw,LeeMejias2025,content/reviewer_robustness_2026/raw/LeeMejias2025__gemma-4-31b-it__T070__R02.json,data/reasoning_logs/raw/LeeMejias2025__gemma-4-31b-it__T070__R02.json,complete,5d8faeb0c5c14b0fbd5f8aa8f882d005b0836f0c25aefdf9b8c8f46a6e1ad958,hpc_ag_table
raw,LeeMejias2025,content/reviewer_robustness_2026/raw/LeeMejias2025__gemma-4-31b-it__T070__R03.json,data/reasoning_logs/raw/LeeMejias2025__gemma-4-31b-it__T070__R03.json,complete,b24b331e453f6c5c5a6e8e54650ef9db09a24d1b1acb03167d7d7c2c055ef40c,hpc_ag_table
raw,LeeMejias2025,content/reviewer_robustness_2026/raw/LeeMejias2025__olmo-3-32b-think__T000__R01.json,data/reasoning_logs/raw/LeeMejias2025__olmo-3-32b-think__T000__R01.json,complete,6b2dc6f40dda702cbc3bb19ed5732c5704f601631798ede876d551ddcf0a8e82,hpc_ag_table
raw,LeeMejias2025,content/reviewer_robustness_2026/raw/LeeMejias2025__olmo-3-32b-think__T000__R02.json,data/reasoning_logs/raw/LeeMejias2025__olmo-3-32b-think__T000__R02.json,complete,f8f570fd54c3322df0b807af9b3f8c1ca359396338619382576a786d09e96ed7,hpc_ag_table
raw,LeeMejias2025,content/reviewer_robustness_2026/raw/LeeMejias2025__olmo-3-32b-think__T000__R03.json,data/reasoning_logs/raw/LeeMejias2025__olmo-3-32b-think__T000__R03.json,complete,ed8b9d52fdf17a2f6a1ec38a95d5f76c56c5d4f932d632acb0e86645c77f8925,hpc_ag_table
raw,LeeMejias2025,content/reviewer_robustness_2026/raw/LeeMejias2025__olmo-3-32b-think__T035__R01.json,data/reasoning_logs/raw/LeeMejias2025__olmo-3-32b-think__T035__R01.json,complete,089b696fcb51468acb27d1e79d0c65f1d25051c55865826578549a8374b40575,hpc_ag_table
raw,LeeMejias2025,content/reviewer_robustness_2026/raw/LeeMejias2025__olmo-3-32b-think__T035__R02.json,data/reasoning_logs/raw/LeeMejias2025__olmo-3-32b-think__T035__R02.json,complete,7e9043b660d4189c6ffc0653d89894aab1f5e24ffb62e8585dcd028e264b04ed,hpc_ag_table
raw,LeeMejias2025,content/reviewer_robustness_2026/raw/LeeMejias2025__olmo-3-32b-think__T035__R03.json,data/reasoning_logs/raw/LeeMejias2025__olmo-3-32b-think__T035__R03.json,complete,1144ac25cdbb85af016fbf0ad7b40d54c601290be7c3d0faf61d57d7c9dd2984,hpc_ag_table
raw,LeeMejias2025,content/reviewer_robustness_2026/raw/LeeMejias2025__olmo-3-32b-think__T070__R01.json,data/reasoning_logs/raw/LeeMejias2025__olmo-3-32b-think__T070__R01.json,complete,597ee392a7eb33b1067911ec514ed07f27c039a5f1f2a5f2381818f15cd54b3a,hpc_ag_table
raw,LeeMejias2025,content/reviewer_robustness_2026/raw/LeeMejias2025__olmo-3-32b-think__T070__R02.json,data/reasoning_logs/raw/LeeMejias2025__olmo-3-32b-think__T070__R02.json,complete,6b37391cfc2aef345aedfc4686eb02c385f1bfbda868677efb3e65228548570c,hpc_ag_table
raw,LeeMejias2025,content/reviewer_robustness_2026/raw/LeeMejias2025__olmo-3-32b-think__T070__R03.json,data/reasoning_logs/raw/LeeMejias2025__olmo-3-32b-think__T070__R03.json,complete,f6d927ca810abcbcae26a1206283ff82306fc53d5ee0784c715b8031ec044e7d,hpc_ag_table
raw,LeeMejias2025,content/reviewer_robustness_2026/raw/LeeMejias2025__phi-4-reasoning-plus__T000__R01.json,data/reasoning_logs/raw/LeeMejias2025__phi-4-reasoning-plus__T000__R01.json,complete,9efffc5463f572885c5c42cac3d18e143abd5d41fbe9107ac6359f9b30547157,hpc_ag_table
raw,LeeMejias2025,content/reviewer_robustness_2026/raw/LeeMejias2025__phi-4-reasoning-plus__T000__R02.json,data/reasoning_logs/raw/LeeMejias2025__phi-4-reasoning-plus__T000__R02.json,complete,45f650671e2832a8e254fc7ec1255b28db7bdb82bad611183b61613fe31c121b,hpc_ag_table
raw,LeeMejias2025,content/reviewer_robustness_2026/raw/LeeMejias2025__phi-4-reasoning-plus__T000__R03.json,data/reasoning_logs/raw/LeeMejias2025__phi-4-reasoning-plus__T000__R03.json,complete,827d3550aa8188f810fa002238f73164706744ece07a040e438b790849dda017,hpc_ag_table
raw,LeeMejias2025,content/reviewer_robustness_2026/raw/LeeMejias2025__phi-4-reasoning-plus__T035__R01.json,data/reasoning_logs/raw/LeeMejias2025__phi-4-reasoning-plus__T035__R01.json,complete,401c5ad5f0300de8338693bbb6dcdf488f3bf48855fbda607b24d8446be67c13,hpc_ag_table
raw,LeeMejias2025,content/reviewer_robustness_2026/raw/LeeMejias2025__phi-4-reasoning-plus__T035__R02.json,data/reasoning_logs/raw/LeeMejias2025__phi-4-reasoning-plus__T035__R02.json,complete,ed4da6885a2b59bd924ecbc29268caa0913a30a8a21785fd67b442cdb26d6f9a,hpc_ag_table
raw,LeeMejias2025,content/reviewer_robustness_2026/raw/LeeMejias2025__phi-4-reasoning-plus__T035__R03.json,data/reasoning_logs/raw/LeeMejias2025__phi-4-reasoning-plus__T035__R03.json,complete,39734c04ac85d296ec35765528917a7c528124ed0f2fb699ac9f0291853504cd,hpc_ag_table
raw,LeeMejias2025,content/reviewer_robustness_2026/raw/LeeMejias2025__phi-4-reasoning-plus__T070__R01.json,data/reasoning_logs/raw/LeeMejias2025__phi-4-reasoning-plus__T070__R01.json,complete,91b1bae6de94b05f4095ea4632bd47f37a23a10c44b30419297c039a7ffb9c39,hpc_ag_table
raw,LeeMejias2025,content/reviewer_robustness_2026/raw/LeeMejias2025__phi-4-reasoning-plus__T070__R02.json,data/reasoning_logs/raw/LeeMejias2025__phi-4-reasoning-plus__T070__R02.json,complete,302c1bdf779fe07721406cd0558c85913257474c48f86c8d2833f53a09d74c67,hpc_ag_table
raw,LeeMejias2025,content/reviewer_robustness_2026/raw/LeeMejias2025__phi-4-reasoning-plus__T070__R03.json,data/reasoning_logs/raw/LeeMejias2025__phi-4-reasoning-plus__T070__R03.json,complete,a4efcef786cc2e599ed41deab076e000d18ab968524a2d0f046e074b6dc45028,hpc_ag_table
raw,Mikulasch2023,content/reviewer_robustness_2026/raw/Mikulasch2023__gemma-4-31b-it__T000__R01.json,data/reasoning_logs/raw/Mikulasch2023__gemma-4-31b-it__T000__R01.json,complete,369a1d3aa0c499f94148482aa06006f566a4ff5c16a9645cb7ad8ef64c7f6a4f,hpc_ag_table
raw,Mikulasch2023,content/reviewer_robustness_2026/raw/Mikulasch2023__gemma-4-31b-it__T000__R02.json,data/reasoning_logs/raw/Mikulasch2023__gemma-4-31b-it__T000__R02.json,complete,f22371b85097d47ed52a7c09e136f5962ee397cbf8423e8ea0ab6e36eed6e176,hpc_ag_table
raw,Mikulasch2023,content/reviewer_robustness_2026/raw/Mikulasch2023__gemma-4-31b-it__T000__R03.json,data/reasoning_logs/raw/Mikulasch2023__gemma-4-31b-it__T000__R03.json,complete,fe07198fb87026020658f14b67bd4a097ddb3d2a7da4f9437b9112feaa27d8a6,hpc_ag_table
raw,Mikulasch2023,content/reviewer_robustness_2026/raw/Mikulasch2023__gemma-4-31b-it__T035__R01.json,data/reasoning_logs/raw/Mikulasch2023__gemma-4-31b-it__T035__R01.json,complete,fa3c71a3cd0d73ac2ea286e873b430083d03911ff93a23988189b1898e59cc7b,hpc_ag_table
raw,Mikulasch2023,content/reviewer_robustness_2026/raw/Mikulasch2023__gemma-4-31b-it__T035__R02.json,data/reasoning_logs/raw/Mikulasch2023__gemma-4-31b-it__T035__R02.json,complete,3c9e7a44f6448bc83a2b7a81a0f2af4e56d86ebbc400945241aef0f4539c24b8,hpc_ag_table
raw,Mikulasch2023,content/reviewer_robustness_2026/raw/Mikulasch2023__gemma-4-31b-it__T035__R03.json,data/reasoning_logs/raw/Mikulasch2023__gemma-4-31b-it__T035__R03.json,complete,f30505455bf5d3886771037ff586c7c8dd646198f8958d4fbc58c7bc3b451cf0,hpc_ag_table
raw,Mikulasch2023,content/reviewer_robustness_2026/raw/Mikulasch2023__gemma-4-31b-it__T070__R01.json,data/reasoning_logs/raw/Mikulasch2023__gemma-4-31b-it__T070__R01.json,complete,0a1b8ad74e80084fe70599d5f2a96080985ab4d2dd56bc8bfa1e4b03e9b12028,hpc_ag_table
raw,Mikulasch2023,content/reviewer_robustness_2026/raw/Mikulasch2023__gemma-4-31b-it__T070__R02.json,data/reasoning_logs/raw/Mikulasch2023__gemma-4-31b-it__T070__R02.json,complete,8a0a46794f305dde233d5a99c0954148349c0a146f31e3398a7606a87519e9d6,hpc_ag_table
raw,Mikulasch2023,content/reviewer_robustness_2026/raw/Mikulasch2023__gemma-4-31b-it__T070__R03.json,data/reasoning_logs/raw/Mikulasch2023__gemma-4-31b-it__T070__R03.json,complete,e892a1f77b7d64825e77c90d09d0c29c48c0c93c6c2d1481d64df9debeec92a9,hpc_ag_table
raw,Mikulasch2023,content/reviewer_robustness_2026/raw/Mikulasch2023__olmo-3-32b-think__T000__R01.json,data/reasoning_logs/raw/Mikulasch2023__olmo-3-32b-think__T000__R01.json,complete,8bb0e45bc315cfee1385c68c582911388b40737c9b1f78816e59c96f70785869,hpc_ag_table
raw,Mikulasch2023,content/reviewer_robustness_2026/raw/Mikulasch2023__olmo-3-32b-think__T000__R02.json,data/reasoning_logs/raw/Mikulasch2023__olmo-3-32b-think__T000__R02.json,complete,b98377e0a628d13175c824ec5537fa4f30af5dc122e388fc96f3295cfced34f0,hpc_ag_table
raw,Mikulasch2023,content/reviewer_robustness_2026/raw/Mikulasch2023__olmo-3-32b-think__T000__R03.json,data/reasoning_logs/raw/Mikulasch2023__olmo-3-32b-think__T000__R03.json,complete,4581caa69afb830a322d13faf0d33902f83637b9a99b73d1f0d0ec842fd2abbc,hpc_ag_table
raw,Mikulasch2023,content/reviewer_robustness_2026/raw/Mikulasch2023__olmo-3-32b-think__T035__R01.json,data/reasoning_logs/raw/Mikulasch2023__olmo-3-32b-think__T035__R01.json,complete,7523b1a13f9500e2d34e11736f369681a16c86b0207867b6eae6228f29364ef9,hpc_ag_table
raw,Mikulasch2023,content/reviewer_robustness_2026/raw/Mikulasch2023__olmo-3-32b-think__T035__R02.json,data/reasoning_logs/raw/Mikulasch2023__olmo-3-32b-think__T035__R02.json,complete,a29c5130877dbf492b31ec1c795fa0dddf46bd5fbe3143788236a67540503594,hpc_ag_table
raw,Mikulasch2023,content/reviewer_robustness_2026/raw/Mikulasch2023__olmo-3-32b-think__T035__R03.json,data/reasoning_logs/raw/Mikulasch2023__olmo-3-32b-think__T035__R03.json,complete,522b35f85145f8c47bc4d1d0a1b6755414e689f1f8eb0b60b3b56f5f13644359,hpc_ag_table
raw,Mikulasch2023,content/reviewer_robustness_2026/raw/Mikulasch2023__olmo-3-32b-think__T070__R01.json,data/reasoning_logs/raw/Mikulasch2023__olmo-3-32b-think__T070__R01.json,complete,9c294c13dea85fbcdea5933edf8a5f72a3a30737c801622ce32c95bc9e2a7835,hpc_ag_table
raw,Mikulasch2023,content/reviewer_robustness_2026/raw/Mikulasch2023__olmo-3-32b-think__T070__R02.json,data/reasoning_logs/raw/Mikulasch2023__olmo-3-32b-think__T070__R02.json,complete,dc531af68b65741cdc787c18373242cd076a4dda4e7b352fb45fc3c74475f574,hpc_ag_table
raw,Mikulasch2023,content/reviewer_robustness_2026/raw/Mikulasch2023__olmo-3-32b-think__T070__R03.json,data/reasoning_logs/raw/Mikulasch2023__olmo-3-32b-think__T070__R03.json,complete,8f6e657a5be17d4f08f4731bf78dba617b58e8664baa69c97f7264b5b58535ef,hpc_ag_table
raw,Mikulasch2023,content/reviewer_robustness_2026/raw/Mikulasch2023__phi-4-reasoning-plus__T000__R01.json,data/reasoning_logs/raw/Mikulasch2023__phi-4-reasoning-plus__T000__R01.json,complete,9235f06c2a71bb814b0ccbfc7b033ccdc46ac8b710da070d09307222b6f688d9,hpc_ag_table
raw,Mikulasch2023,content/reviewer_robustness_2026/raw/Mikulasch2023__phi-4-reasoning-plus__T000__R02.json,data/reasoning_logs/raw/Mikulasch2023__phi-4-reasoning-plus__T000__R02.json,complete,ab9cd8b3ecd23ec1de8e173a5ce3964ffa8d0e94a316896a4d3a3696a29fdaef,hpc_ag_table
raw,Mikulasch2023,content/reviewer_robustness_2026/raw/Mikulasch2023__phi-4-reasoning-plus__T000__R03.json,data/reasoning_logs/raw/Mikulasch2023__phi-4-reasoning-plus__T000__R03.json,complete,473b8d1d3d45776e793335ec521d8974830d63afa915e477a6715ac9c9dbff76,hpc_ag_table
raw,Mikulasch2023,content/reviewer_robustness_2026/raw/Mikulasch2023__phi-4-reasoning-plus__T035__R01.json,data/reasoning_logs/raw/Mikulasch2023__phi-4-reasoning-plus__T035__R01.json,complete,751224d0d87710f2a7731b39e2ce7589edb63f08d5fceaa029f96afd9af29a0d,hpc_ag_table
raw,Mikulasch2023,content/reviewer_robustness_2026/raw/Mikulasch2023__phi-4-reasoning-plus__T035__R02.json,data/reasoning_logs/raw/Mikulasch2023__phi-4-reasoning-plus__T035__R02.json,complete,d72554216d4a0d002b4bd7a3438b4cf384d94046cf8c49ff6bc6f52627ede3ab,hpc_ag_table
raw,Mikulasch2023,content/reviewer_robustness_2026/raw/Mikulasch2023__phi-4-reasoning-plus__T035__R03.json,data/reasoning_logs/raw/Mikulasch2023__phi-4-reasoning-plus__T035__R03.json,complete,fd903b973db8848c25f9e391fbbd0903942c7d4af61b62e00050caae048668dc,hpc_ag_table
raw,Mikulasch2023,content/reviewer_robustness_2026/raw/Mikulasch2023__phi-4-reasoning-plus__T070__R01.json,data/reasoning_logs/raw/Mikulasch2023__phi-4-reasoning-plus__T070__R01.json,complete,ba8e893e65f0fcc3e7aab031aac94707acd419ea2bfe7c4236c7506092dff426,hpc_ag_table
raw,Mikulasch2023,content/reviewer_robustness_2026/raw/Mikulasch2023__phi-4-reasoning-plus__T070__R02.json,data/reasoning_logs/raw/Mikulasch2023__phi-4-reasoning-plus__T070__R02.json,complete,fb5de07d3375bcce81d6721a72cf7e66ea3661c80e25f81d7514a9667ddbf4d4,hpc_ag_table
raw,Mikulasch2023,content/reviewer_robustness_2026/raw/Mikulasch2023__phi-4-reasoning-plus__T070__R03.json,data/reasoning_logs/raw/Mikulasch2023__phi-4-reasoning-plus__T070__R03.json,complete,2db5cd9a374233f4fcf8a07dea5b4c8a8662f2954ba17c96dcb931c62f5cb4c9,hpc_ag_table
raw,Nejad2025,content/reviewer_robustness_2026/raw/Nejad2025__gemma-4-31b-it__T000__R01.json,data/reasoning_logs/raw/Nejad2025__gemma-4-31b-it__T000__R01.json,complete,562b23910922ca44380fc53d472ac6f91f9aa8110028c305086c01daaf223524,hpc_ag_table
raw,Nejad2025,content/reviewer_robustness_2026/raw/Nejad2025__gemma-4-31b-it__T000__R02.json,data/reasoning_logs/raw/Nejad2025__gemma-4-31b-it__T000__R02.json,complete,d1054c5fb344416cb1577602582ee0f5efd66a2575989d95a4a7e9c9fd637d52,hpc_ag_table
raw,Nejad2025,content/reviewer_robustness_2026/raw/Nejad2025__gemma-4-31b-it__T000__R03.json,data/reasoning_logs/raw/Nejad2025__gemma-4-31b-it__T000__R03.json,complete,e83d4dfc69326f54df79028d022e703569b0f35314c6dc719cd66e5935e6dc10,hpc_ag_table
raw,Nejad2025,content/reviewer_robustness_2026/raw/Nejad2025__gemma-4-31b-it__T035__R01.json,data/reasoning_logs/raw/Nejad2025__gemma-4-31b-it__T035__R01.json,complete,4146725060c6316aac94a503a984498564cd2c7d78781fb069a6d6e3ace1e47d,hpc_ag_table
raw,Nejad2025,content/reviewer_robustness_2026/raw/Nejad2025__gemma-4-31b-it__T035__R02.json,data/reasoning_logs/raw/Nejad2025__gemma-4-31b-it__T035__R02.json,complete,e9e8158f52684057812ec43f216ff6927955dc47058f0ac2e108c1400f4336ba,hpc_ag_table
raw,Nejad2025,content/reviewer_robustness_2026/raw/Nejad2025__gemma-4-31b-it__T035__R03.json,data/reasoning_logs/raw/Nejad2025__gemma-4-31b-it__T035__R03.json,complete,12f19a4d6ef687e9c2156a710162557f269d4286d87f58a7889c0a7b54fb0dc5,hpc_ag_table
raw,Nejad2025,content/reviewer_robustness_2026/raw/Nejad2025__gemma-4-31b-it__T070__R01.json,data/reasoning_logs/raw/Nejad2025__gemma-4-31b-it__T070__R01.json,complete,5a7b854d85b6d174a68ae109547c412207afcd7f1db7ab20bffb63013d472b11,hpc_ag_table
raw,Nejad2025,content/reviewer_robustness_2026/raw/Nejad2025__gemma-4-31b-it__T070__R02.json,data/reasoning_logs/raw/Nejad2025__gemma-4-31b-it__T070__R02.json,complete,e08eddc726d999658dc495afd0a14826b46ba5485bd00ce62e6dd90989b23c29,hpc_ag_table
raw,Nejad2025,content/reviewer_robustness_2026/raw/Nejad2025__gemma-4-31b-it__T070__R03.json,data/reasoning_logs/raw/Nejad2025__gemma-4-31b-it__T070__R03.json,complete,0b37b39b2309784f948189c353808b99ad5a7de57ab336623e6d2797818e08a2,hpc_ag_table
raw,Nejad2025,content/reviewer_robustness_2026/raw/Nejad2025__olmo-3-32b-think__T000__R01.json,data/reasoning_logs/raw/Nejad2025__olmo-3-32b-think__T000__R01.json,complete,48c534574622ed52096eb544722c74fcb00775c024a330dd412fd153445cebfa,hpc_ag_table
raw,Nejad2025,content/reviewer_robustness_2026/raw/Nejad2025__olmo-3-32b-think__T000__R02.json,data/reasoning_logs/raw/Nejad2025__olmo-3-32b-think__T000__R02.json,complete,b825fb390782f35b38ef7e5126427e4c8a2e00ae6242e4f605b279a5fc35491d,hpc_ag_table
raw,Nejad2025,content/reviewer_robustness_2026/raw/Nejad2025__olmo-3-32b-think__T000__R03.json,data/reasoning_logs/raw/Nejad2025__olmo-3-32b-think__T000__R03.json,complete,52f385465d52f55bd1739abea1c566f2fbc6881e0c1ac2a074eb3e4fbf5918de,hpc_ag_table
raw,Nejad2025,content/reviewer_robustness_2026/raw/Nejad2025__olmo-3-32b-think__T035__R01.json,data/reasoning_logs/raw/Nejad2025__olmo-3-32b-think__T035__R01.json,complete,a8e321713246ae82d4e01f9b6e3bedab688b37f86ae7b7ce2cd42e9fb9e35004,hpc_ag_table
raw,Nejad2025,content/reviewer_robustness_2026/raw/Nejad2025__olmo-3-32b-think__T035__R02.json,data/reasoning_logs/raw/Nejad2025__olmo-3-32b-think__T035__R02.json,complete,153c51b02e453288badb6feee9f8037cec9552fd34b14ed026b472f346ded0b4,hpc_ag_table
raw,Nejad2025,content/reviewer_robustness_2026/raw/Nejad2025__olmo-3-32b-think__T035__R03.json,data/reasoning_logs/raw/Nejad2025__olmo-3-32b-think__T035__R03.json,complete,9f13de0396671e403b77933455190ea8ebdcb27a3fff16ddf4f722304ade4dcf,hpc_ag_table
raw,Nejad2025,content/reviewer_robustness_2026/raw/Nejad2025__olmo-3-32b-think__T070__R01.json,data/reasoning_logs/raw/Nejad2025__olmo-3-32b-think__T070__R01.json,complete,550b95bfc8d91e5a660aad0677e3a3a1b28a0bda3bc383d086ea1876ba7cfb63,hpc_ag_table
raw,Nejad2025,content/reviewer_robustness_2026/raw/Nejad2025__olmo-3-32b-think__T070__R02.json,data/reasoning_logs/raw/Nejad2025__olmo-3-32b-think__T070__R02.json,complete,f68c8448d7025a7d51bc15b60a44e4ad7bd675c350db62e8ff14a59d2d90debc,hpc_ag_table
raw,Nejad2025,content/reviewer_robustness_2026/raw/Nejad2025__olmo-3-32b-think__T070__R03.json,data/reasoning_logs/raw/Nejad2025__olmo-3-32b-think__T070__R03.json,complete,f58a0f6c20e76977514fad799c29558f8df5cf9117927ec411f342a47d0e60c3,hpc_ag_table
raw,Nejad2025,content/reviewer_robustness_2026/raw/Nejad2025__phi-4-reasoning-plus__T000__R01.json,data/reasoning_logs/raw/Nejad2025__phi-4-reasoning-plus__T000__R01.json,complete,43ab3b18a293401835ff5bc6d3f57095327a39b51dccc25e0edcd84e67f467b3,hpc_ag_table
raw,Nejad2025,content/reviewer_robustness_2026/raw/Nejad2025__phi-4-reasoning-plus__T000__R02.json,data/reasoning_logs/raw/Nejad2025__phi-4-reasoning-plus__T000__R02.json,complete,acaa52d3ed4f86918778f7b9eeb4b51acf6f66d6ec9b6f568c804f758bb8fdec,hpc_ag_table
raw,Nejad2025,content/reviewer_robustness_2026/raw/Nejad2025__phi-4-reasoning-plus__T000__R03.json,data/reasoning_logs/raw/Nejad2025__phi-4-reasoning-plus__T000__R03.json,complete,377a30c75d5079cea4cf60951e51f46a85d83a992b5935929459bccc89cf4494,hpc_ag_table
raw,Nejad2025,content/reviewer_robustness_2026/raw/Nejad2025__phi-4-reasoning-plus__T035__R01.json,data/reasoning_logs/raw/Nejad2025__phi-4-reasoning-plus__T035__R01.json,complete,b19e4725c180e8a256340e4c40c743c190aeea30e8059edcae5cd43c2f558922,hpc_ag_table
raw,Nejad2025,content/reviewer_robustness_2026/raw/Nejad2025__phi-4-reasoning-plus__T035__R02.json,data/reasoning_logs/raw/Nejad2025__phi-4-reasoning-plus__T035__R02.json,complete,cf518fbfc7a6039ded1283c72b918c8ace837af72b8163bea8846c668b30f73b,hpc_ag_table
raw,Nejad2025,content/reviewer_robustness_2026/raw/Nejad2025__phi-4-reasoning-plus__T035__R03.json,data/reasoning_logs/raw/Nejad2025__phi-4-reasoning-plus__T035__R03.json,complete,de293ee905dec427c0142473980c565a4ec0557a81fc563b6288a957f2d31c9a,hpc_ag_table
raw,Nejad2025,content/reviewer_robustness_2026/raw/Nejad2025__phi-4-reasoning-plus__T070__R01.json,data/reasoning_logs/raw/Nejad2025__phi-4-reasoning-plus__T070__R01.json,complete,760814dd4b8466c9ecd7ea5f8284bb3f577fa855918b69f98af4a6cd49b48a7a,hpc_ag_table
raw,Nejad2025,content/reviewer_robustness_2026/raw/Nejad2025__phi-4-reasoning-plus__T070__R02.json,data/reasoning_logs/raw/Nejad2025__phi-4-reasoning-plus__T070__R02.json,complete,8ac4a85f199eb1e8702a0066ea3d90f56bb7d1c0334e9c3ffe459d624b75c869,hpc_ag_table
raw,Nejad2025,content/reviewer_robustness_2026/raw/Nejad2025__phi-4-reasoning-plus__T070__R03.json,data/reasoning_logs/raw/Nejad2025__phi-4-reasoning-plus__T070__R03.json,complete,efe68bec08b73cbeb7ec537ea8acd1c03ac587426fa38c6232ebd2bb719fe720,hpc_ag_table
raw,Payeur2021,content/reviewer_robustness_2026/raw/Payeur2021__gemma-4-31b-it__T000__R01.json,data/reasoning_logs/raw/Payeur2021__gemma-4-31b-it__T000__R01.json,complete,e27ba4790a89b19929946f352f72dad711a24ac9635815d6faea1a9d200b6ae6,hpc_ag_table
raw,Payeur2021,content/reviewer_robustness_2026/raw/Payeur2021__gemma-4-31b-it__T000__R02.json,data/reasoning_logs/raw/Payeur2021__gemma-4-31b-it__T000__R02.json,complete,54461bf33aa5e801c7a1c711a3e19f10ca6951b3bb726508107c2365cdfc0f2f,hpc_ag_table
raw,Payeur2021,content/reviewer_robustness_2026/raw/Payeur2021__gemma-4-31b-it__T000__R03.json,data/reasoning_logs/raw/Payeur2021__gemma-4-31b-it__T000__R03.json,complete,d846f465ec0465dbf88983b960b0f40db249f18592308f3f85c5b0d6201c754a,hpc_ag_table
raw,Payeur2021,content/reviewer_robustness_2026/raw/Payeur2021__gemma-4-31b-it__T035__R01.json,data/reasoning_logs/raw/Payeur2021__gemma-4-31b-it__T035__R01.json,complete,1904b98b471b69f39cd85a2e4911e23be45864acfd3b9be050cd6d8e4b784248,hpc_ag_table
raw,Payeur2021,content/reviewer_robustness_2026/raw/Payeur2021__gemma-4-31b-it__T035__R02.json,data/reasoning_logs/raw/Payeur2021__gemma-4-31b-it__T035__R02.json,complete,51b5f6c76c72ebc3337a211cba74a520169c0ff37d7bfff096b6b14ce0312f5f,hpc_ag_table
raw,Payeur2021,content/reviewer_robustness_2026/raw/Payeur2021__gemma-4-31b-it__T035__R03.json,data/reasoning_logs/raw/Payeur2021__gemma-4-31b-it__T035__R03.json,complete,93eebbdc302d224cd59db7cff0f5a9724a7c470e2a249cd0ab71dbe09cf001f8,hpc_ag_table
raw,Payeur2021,content/reviewer_robustness_2026/raw/Payeur2021__gemma-4-31b-it__T070__R01.json,data/reasoning_logs/raw/Payeur2021__gemma-4-31b-it__T070__R01.json,complete,e37d9bff18ad4f4ea9def5e6e9e54f762137ea7bebc351f2e847bbe0c8ef227d,hpc_ag_table
raw,Payeur2021,content/reviewer_robustness_2026/raw/Payeur2021__gemma-4-31b-it__T070__R02.json,data/reasoning_logs/raw/Payeur2021__gemma-4-31b-it__T070__R02.json,complete,9ceaca9ee3d4aaee90940785fa952adb482c02a31fab42d5175ef0f22edb1158,hpc_ag_table
raw,Payeur2021,content/reviewer_robustness_2026/raw/Payeur2021__gemma-4-31b-it__T070__R03.json,data/reasoning_logs/raw/Payeur2021__gemma-4-31b-it__T070__R03.json,complete,ace8eab51c4f11f9f455d68426d8637ef6436eba859e85886f49b4d50636126a,hpc_ag_table
raw,Payeur2021,content/reviewer_robustness_2026/raw/Payeur2021__olmo-3-32b-think__T000__R01.json,data/reasoning_logs/raw/Payeur2021__olmo-3-32b-think__T000__R01.json,complete,82e5d3d81b6cc51f3c1e6c534b1f56a1ad8e8d4e84291b05db66aeb08636f7e1,hpc_ag_table
raw,Payeur2021,content/reviewer_robustness_2026/raw/Payeur2021__olmo-3-32b-think__T000__R02.json,data/reasoning_logs/raw/Payeur2021__olmo-3-32b-think__T000__R02.json,complete,bfebb5b10f778db6790248c204e9f0bb8a2e8809cdf8dd5b11991f13520ff7ac,hpc_ag_table
raw,Payeur2021,content/reviewer_robustness_2026/raw/Payeur2021__olmo-3-32b-think__T000__R03.json,data/reasoning_logs/raw/Payeur2021__olmo-3-32b-think__T000__R03.json,complete,deb53bc7f1cc4243af9ae21f48132a8db6768aaec2db9eec35f618808d0aed5d,hpc_ag_table
raw,Payeur2021,content/reviewer_robustness_2026/raw/Payeur2021__olmo-3-32b-think__T035__R01.json,data/reasoning_logs/raw/Payeur2021__olmo-3-32b-think__T035__R01.json,complete,cbf26a1c818b4f5e304d0dc6afa71624cd22fa5fac27f3c00a7166557b5ce3dc,hpc_ag_table
raw,Payeur2021,content/reviewer_robustness_2026/raw/Payeur2021__olmo-3-32b-think__T035__R02.json,data/reasoning_logs/raw/Payeur2021__olmo-3-32b-think__T035__R02.json,complete,a9f41d124e1e372a5c51f52a1020850d28b78fd10dd7c70e9547ec1736013682,hpc_ag_table
raw,Payeur2021,content/reviewer_robustness_2026/raw/Payeur2021__olmo-3-32b-think__T035__R03.json,data/reasoning_logs/raw/Payeur2021__olmo-3-32b-think__T035__R03.json,complete,1b22db0c9fac91b8496bab2a83f6628c377ccbde4349329a3b17fbaea9923fc2,hpc_ag_table
raw,Payeur2021,content/reviewer_robustness_2026/raw/Payeur2021__olmo-3-32b-think__T070__R01.json,data/reasoning_logs/raw/Payeur2021__olmo-3-32b-think__T070__R01.json,complete,9d22aa95b922faec3bb370a4857bbffe6acd6e69b5e97f21282f85cc75fa1f5e,hpc_ag_table
raw,Payeur2021,content/reviewer_robustness_2026/raw/Payeur2021__olmo-3-32b-think__T070__R02.json,data/reasoning_logs/raw/Payeur2021__olmo-3-32b-think__T070__R02.json,complete,b3ee8e8c4d1c3d7d5024873d2e87c9eb88f71494197d12a0865f6121b9e07238,hpc_ag_table
raw,Payeur2021,content/reviewer_robustness_2026/raw/Payeur2021__olmo-3-32b-think__T070__R03.json,data/reasoning_logs/raw/Payeur2021__olmo-3-32b-think__T070__R03.json,complete,59c1fbd7f80ea741c6cf4e3220b801570cc58c5268217404b4a185f1b7a53f7e,hpc_ag_table
raw,Payeur2021,content/reviewer_robustness_2026/raw/Payeur2021__phi-4-reasoning-plus__T000__R01.json,data/reasoning_logs/raw/Payeur2021__phi-4-reasoning-plus__T000__R01.json,complete,15182ad99a3920862dd41731c643f9e5d496fb08b9dd3752f8595379558fe9d4,hpc_ag_table
raw,Payeur2021,content/reviewer_robustness_2026/raw/Payeur2021__phi-4-reasoning-plus__T000__R02.json,data/reasoning_logs/raw/Payeur2021__phi-4-reasoning-plus__T000__R02.json,complete,23099b430e15fc80fdba28595cd8181dc37f073c4d50df3c195ffcdd1eca7305,hpc_ag_table
raw,Payeur2021,content/reviewer_robustness_2026/raw/Payeur2021__phi-4-reasoning-plus__T000__R03.json,data/reasoning_logs/raw/Payeur2021__phi-4-reasoning-plus__T000__R03.json,complete,d1fa773da36f8e9f1333cc92b5178d659fbb385e9df23555aa7e58584e51df7a,hpc_ag_table
raw,Payeur2021,content/reviewer_robustness_2026/raw/Payeur2021__phi-4-reasoning-plus__T035__R01.json,data/reasoning_logs/raw/Payeur2021__phi-4-reasoning-plus__T035__R01.json,complete,14d0937fbde527fbefbf701d78d44327e8b63faac28258e3661b34d58c707192,hpc_ag_table
raw,Payeur2021,content/reviewer_robustness_2026/raw/Payeur2021__phi-4-reasoning-plus__T035__R02.json,data/reasoning_logs/raw/Payeur2021__phi-4-reasoning-plus__T035__R02.json,complete,29061af18e5ce26ac39b6767a02f78c5603687b5e0ec781b16cbaaf3fac451b5,hpc_ag_table
raw,Payeur2021,content/reviewer_robustness_2026/raw/Payeur2021__phi-4-reasoning-plus__T035__R03.json,data/reasoning_logs/raw/Payeur2021__phi-4-reasoning-plus__T035__R03.json,complete,20fdae2793cf8c38bca5ee2e471308b4fb54b78ba45e73f298e0d7c2e3ce1486,hpc_ag_table
raw,Payeur2021,content/reviewer_robustness_2026/raw/Payeur2021__phi-4-reasoning-plus__T070__R01.json,data/reasoning_logs/raw/Payeur2021__phi-4-reasoning-plus__T070__R01.json,complete,267bdb850b8a96e5d9f86df3774c577dfa28744ce33c8bb34100701ce589a525,hpc_ag_table
raw,Payeur2021,content/reviewer_robustness_2026/raw/Payeur2021__phi-4-reasoning-plus__T070__R02.json,data/reasoning_logs/raw/Payeur2021__phi-4-reasoning-plus__T070__R02.json,complete,3a676eb96d012315e2935ec4b7bbf687ed97faf31663e97c1b6e65b5a53c6d6c,hpc_ag_table
raw,Payeur2021,content/reviewer_robustness_2026/raw/Payeur2021__phi-4-reasoning-plus__T070__R03.json,data/reasoning_logs/raw/Payeur2021__phi-4-reasoning-plus__T070__R03.json,complete,4d9c391468ab826ffa9cd476772c74a4a4a01d82296900b225ecfa3e704182bf,hpc_ag_table
raw,Rao&Ballard1999,content/reviewer_robustness_2026/raw/Rao&Ballard1999__gemma-4-31b-it__T000__R01.json,data/reasoning_logs/raw/Rao&Ballard1999__gemma-4-31b-it__T000__R01.json,complete,37d3ac069b1b49dc1b5319c3d3578d7a9c70af20a2811e6df9aa68bccd996e46,hpc_ag_table
raw,Rao&Ballard1999,content/reviewer_robustness_2026/raw/Rao&Ballard1999__gemma-4-31b-it__T000__R02.json,data/reasoning_logs/raw/Rao&Ballard1999__gemma-4-31b-it__T000__R02.json,complete,de4ca61396df8ef48c11290f3bd694edfcc457c861d026adb51e6d1faba48655,hpc_ag_table
raw,Rao&Ballard1999,content/reviewer_robustness_2026/raw/Rao&Ballard1999__gemma-4-31b-it__T000__R03.json,data/reasoning_logs/raw/Rao&Ballard1999__gemma-4-31b-it__T000__R03.json,complete,da36421695e15a105d76b8eb0cc731fbb8c66b7ce9c1eaebe10658187d087463,hpc_ag_table
raw,Rao&Ballard1999,content/reviewer_robustness_2026/raw/Rao&Ballard1999__gemma-4-31b-it__T035__R01.json,data/reasoning_logs/raw/Rao&Ballard1999__gemma-4-31b-it__T035__R01.json,complete,9a0c6bd758e27c23bb2941c89313bcdc4b417c6a7af207dfdba6f26de6c67dde,hpc_ag_table
raw,Rao&Ballard1999,content/reviewer_robustness_2026/raw/Rao&Ballard1999__gemma-4-31b-it__T035__R02.json,data/reasoning_logs/raw/Rao&Ballard1999__gemma-4-31b-it__T035__R02.json,complete,fe13b8b5f72d3ee70de93848a69e8e19f87ccd7c5f59088a03fa182903d3a2e6,hpc_ag_table
raw,Rao&Ballard1999,content/reviewer_robustness_2026/raw/Rao&Ballard1999__gemma-4-31b-it__T035__R03.json,data/reasoning_logs/raw/Rao&Ballard1999__gemma-4-31b-it__T035__R03.json,complete,64bf4b57eee42a96da0b084e13ea3e28ad5f04b04a3db0da5664611da0622af4,hpc_ag_table
raw,Rao&Ballard1999,content/reviewer_robustness_2026/raw/Rao&Ballard1999__gemma-4-31b-it__T070__R01.json,data/reasoning_logs/raw/Rao&Ballard1999__gemma-4-31b-it__T070__R01.json,complete,29252ff9e16003085abb95ec6af34592df3a9e0abcde6dd23e859594c421a237,hpc_ag_table
raw,Rao&Ballard1999,content/reviewer_robustness_2026/raw/Rao&Ballard1999__gemma-4-31b-it__T070__R02.json,data/reasoning_logs/raw/Rao&Ballard1999__gemma-4-31b-it__T070__R02.json,complete,4d1acbac9004d4c4a52dbe73d85d16402d638b0e6eb742c96609ca933be7d445,hpc_ag_table
raw,Rao&Ballard1999,content/reviewer_robustness_2026/raw/Rao&Ballard1999__gemma-4-31b-it__T070__R03.json,data/reasoning_logs/raw/Rao&Ballard1999__gemma-4-31b-it__T070__R03.json,complete,4f0db13ca2c5b4cec5d5cd08af53350066017202fe88db968d5c0b7a2402d074,hpc_ag_table
raw,Rao&Ballard1999,content/reviewer_robustness_2026/raw/Rao&Ballard1999__olmo-3-32b-think__T000__R01.json,data/reasoning_logs/raw/Rao&Ballard1999__olmo-3-32b-think__T000__R01.json,complete,791016367ac97d465052ec62a144e38a02d5df7bbcf61547c8cca574b258c428,hpc_ag_table
raw,Rao&Ballard1999,content/reviewer_robustness_2026/raw/Rao&Ballard1999__olmo-3-32b-think__T000__R02.json,data/reasoning_logs/raw/Rao&Ballard1999__olmo-3-32b-think__T000__R02.json,complete,94c1e81ac5021ff126f92f2bc435064d86a29d7353a4f723ecb3d286611dca92,hpc_ag_table
raw,Rao&Ballard1999,content/reviewer_robustness_2026/raw/Rao&Ballard1999__olmo-3-32b-think__T000__R03.json,data/reasoning_logs/raw/Rao&Ballard1999__olmo-3-32b-think__T000__R03.json,complete,fa3c4b4abbe5c0fb04d35527c102a774225adeb2373096f22f95535a67af3cae,hpc_ag_table
raw,Rao&Ballard1999,content/reviewer_robustness_2026/raw/Rao&Ballard1999__olmo-3-32b-think__T035__R01.json,data/reasoning_logs/raw/Rao&Ballard1999__olmo-3-32b-think__T035__R01.json,complete,47c768d89a4e63dbc3d96a95c2c80ff104d09de2370bf28691e5ac0b425d6b4a,hpc_ag_table
raw,Rao&Ballard1999,content/reviewer_robustness_2026/raw/Rao&Ballard1999__olmo-3-32b-think__T035__R02.json,data/reasoning_logs/raw/Rao&Ballard1999__olmo-3-32b-think__T035__R02.json,complete,b81593177f5d42faad88f93e7b366a7995948f27b9989f14825f9f8d46b1efa7,hpc_ag_table
raw,Rao&Ballard1999,content/reviewer_robustness_2026/raw/Rao&Ballard1999__olmo-3-32b-think__T035__R03.json,data/reasoning_logs/raw/Rao&Ballard1999__olmo-3-32b-think__T035__R03.json,complete,d7c29bcca573c9c1da5873f259a0cd58392248741096a5e38304d6c62ab726a4,hpc_ag_table
raw,Rao&Ballard1999,content/reviewer_robustness_2026/raw/Rao&Ballard1999__olmo-3-32b-think__T070__R01.json,data/reasoning_logs/raw/Rao&Ballard1999__olmo-3-32b-think__T070__R01.json,complete,bad3b6adf644891f28b30a4b6db8cff6601467036389223f9afae1d16957afef,hpc_ag_table
raw,Rao&Ballard1999,content/reviewer_robustness_2026/raw/Rao&Ballard1999__olmo-3-32b-think__T070__R02.json,data/reasoning_logs/raw/Rao&Ballard1999__olmo-3-32b-think__T070__R02.json,complete,ee8e95bb2ac5914842ca70bc99704725b4dfa236926de788dc3ce55de13cbeb8,hpc_ag_table
raw,Rao&Ballard1999,content/reviewer_robustness_2026/raw/Rao&Ballard1999__olmo-3-32b-think__T070__R03.json,data/reasoning_logs/raw/Rao&Ballard1999__olmo-3-32b-think__T070__R03.json,complete,ca48d8439f89190db72406c977dbc79a11b3f3f52e0740919675a02cb7519bbc,hpc_ag_table
raw,Rao&Ballard1999,content/reviewer_robustness_2026/raw/Rao&Ballard1999__phi-4-reasoning-plus__T000__R01.json,data/reasoning_logs/raw/Rao&Ballard1999__phi-4-reasoning-plus__T000__R01.json,complete,15c918d5ff557bc79b5bdf9ee81f8a4a91a4777257638377ac2b1468ab30bb7d,hpc_ag_table
raw,Rao&Ballard1999,content/reviewer_robustness_2026/raw/Rao&Ballard1999__phi-4-reasoning-plus__T000__R02.json,data/reasoning_logs/raw/Rao&Ballard1999__phi-4-reasoning-plus__T000__R02.json,complete,63c46fb9766de02ab4720c2cc393090ca5a0cd5ed28008cd0f264c90ccdc0db7,hpc_ag_table
raw,Rao&Ballard1999,content/reviewer_robustness_2026/raw/Rao&Ballard1999__phi-4-reasoning-plus__T000__R03.json,data/reasoning_logs/raw/Rao&Ballard1999__phi-4-reasoning-plus__T000__R03.json,complete,d40f10ed0012f97be25a1066a8ced51096ad27b8afff681446668be93e85e8cd,hpc_ag_table
raw,Rao&Ballard1999,content/reviewer_robustness_2026/raw/Rao&Ballard1999__phi-4-reasoning-plus__T035__R01.json,data/reasoning_logs/raw/Rao&Ballard1999__phi-4-reasoning-plus__T035__R01.json,complete,e75b0732c52c9008409e7d9986107c82c6d0f88918a3728e968f181a490074a1,hpc_ag_table
raw,Rao&Ballard1999,content/reviewer_robustness_2026/raw/Rao&Ballard1999__phi-4-reasoning-plus__T035__R02.json,data/reasoning_logs/raw/Rao&Ballard1999__phi-4-reasoning-plus__T035__R02.json,complete,91f2a575db2939c896a7b74c9cc6b6744c101dbeb0b6df12296605bed684a7e4,hpc_ag_table
raw,Rao&Ballard1999,content/reviewer_robustness_2026/raw/Rao&Ballard1999__phi-4-reasoning-plus__T035__R03.json,data/reasoning_logs/raw/Rao&Ballard1999__phi-4-reasoning-plus__T035__R03.json,complete,e64d085ec0e047b05ec1c3e4419eb2a322a7afefc6287ec8e16d58627a37ba4f,hpc_ag_table
raw,Rao&Ballard1999,content/reviewer_robustness_2026/raw/Rao&Ballard1999__phi-4-reasoning-plus__T070__R01.json,data/reasoning_logs/raw/Rao&Ballard1999__phi-4-reasoning-plus__T070__R01.json,complete,6c2edbde34f4e7f8b20111889d40a89501ee0c2786fd8034f84c42a0db98617f,hpc_ag_table
raw,Rao&Ballard1999,content/reviewer_robustness_2026/raw/Rao&Ballard1999__phi-4-reasoning-plus__T070__R02.json,data/reasoning_logs/raw/Rao&Ballard1999__phi-4-reasoning-plus__T070__R02.json,complete,265cbb31a5452c581c913fa0fd677e22c1db901394ae64c6cb6efa99067ea606,hpc_ag_table
raw,Rao&Ballard1999,content/reviewer_robustness_2026/raw/Rao&Ballard1999__phi-4-reasoning-plus__T070__R03.json,data/reasoning_logs/raw/Rao&Ballard1999__phi-4-reasoning-plus__T070__R03.json,complete,561a1b1530236b67ed3eeeb451dca7cdf4fd225de58d9a7074f48bf0cc67e79e,hpc_ag_table
raw,Rao2024,content/reviewer_robustness_2026/raw/Rao2024__gemma-4-31b-it__T000__R01.json,data/reasoning_logs/raw/Rao2024__gemma-4-31b-it__T000__R01.json,complete,4f823c5255e5a1cb5f2cb7ceb8c9ccf506adbed7c41c239d86e4e9187ba60cbe,hpc_ag_table
raw,Rao2024,content/reviewer_robustness_2026/raw/Rao2024__gemma-4-31b-it__T000__R02.json,data/reasoning_logs/raw/Rao2024__gemma-4-31b-it__T000__R02.json,complete,aaf3022b5130762bf58c89e791e3abf808c57654f80dd74e89f862bea08282fd,hpc_ag_table
raw,Rao2024,content/reviewer_robustness_2026/raw/Rao2024__gemma-4-31b-it__T000__R03.json,data/reasoning_logs/raw/Rao2024__gemma-4-31b-it__T000__R03.json,complete,0e7a38178f4a4e8b63797c9ee7a18ce65abe1e27a1ab68c041bd47584b1cc509,hpc_ag_table
raw,Rao2024,content/reviewer_robustness_2026/raw/Rao2024__gemma-4-31b-it__T035__R01.json,data/reasoning_logs/raw/Rao2024__gemma-4-31b-it__T035__R01.json,complete,4775640cc0de415570c2bc67ed01b6f0a245c7e2feccf8786b312e7084fdb5fe,hpc_ag_table
raw,Rao2024,content/reviewer_robustness_2026/raw/Rao2024__gemma-4-31b-it__T035__R02.json,data/reasoning_logs/raw/Rao2024__gemma-4-31b-it__T035__R02.json,complete,27879a45ce5f13596cce6446a7ae6801f769a592165f9228359812b54bebb17d,hpc_ag_table
raw,Rao2024,content/reviewer_robustness_2026/raw/Rao2024__gemma-4-31b-it__T035__R03.json,data/reasoning_logs/raw/Rao2024__gemma-4-31b-it__T035__R03.json,complete,315cae16d51505e5fb29339869f2a56391a3eae1e689d4ce4a76e02b4d8f82bf,hpc_ag_table
raw,Rao2024,content/reviewer_robustness_2026/raw/Rao2024__gemma-4-31b-it__T070__R01.json,data/reasoning_logs/raw/Rao2024__gemma-4-31b-it__T070__R01.json,complete,3e71dfafb60a994103508f6fe10173c2138237c6995de9beb71911938e2ce630,hpc_ag_table
raw,Rao2024,content/reviewer_robustness_2026/raw/Rao2024__gemma-4-31b-it__T070__R02.json,data/reasoning_logs/raw/Rao2024__gemma-4-31b-it__T070__R02.json,complete,a6e972ea30d438132d39c96ae1737547389c044963e706fc4afd3a1d46c7dd2d,hpc_ag_table
raw,Rao2024,content/reviewer_robustness_2026/raw/Rao2024__gemma-4-31b-it__T070__R03.json,data/reasoning_logs/raw/Rao2024__gemma-4-31b-it__T070__R03.json,complete,65ec42ec31658dbd06d5d87ac4836ce2da5f1a5fd73b4aca9708b590a7d571ac,hpc_ag_table
raw,Rao2024,content/reviewer_robustness_2026/raw/Rao2024__olmo-3-32b-think__T000__R01.json,data/reasoning_logs/raw/Rao2024__olmo-3-32b-think__T000__R01.json,complete,419367cd38a3f6093255f0724d7585ea2e840fed966d774dc62ad2001c8dec56,hpc_ag_table
raw,Rao2024,content/reviewer_robustness_2026/raw/Rao2024__olmo-3-32b-think__T000__R02.json,data/reasoning_logs/raw/Rao2024__olmo-3-32b-think__T000__R02.json,complete,16664e9b1d49628190d2842a485f4911bc104615cc6468e2cd704f049a796e45,hpc_ag_table
raw,Rao2024,content/reviewer_robustness_2026/raw/Rao2024__olmo-3-32b-think__T000__R03.json,data/reasoning_logs/raw/Rao2024__olmo-3-32b-think__T000__R03.json,complete,db41c93603213b57a4003069015823665d06a6c9d3914cb380ad27fa385bcc16,hpc_ag_table
raw,Rao2024,content/reviewer_robustness_2026/raw/Rao2024__olmo-3-32b-think__T035__R01.json,data/reasoning_logs/raw/Rao2024__olmo-3-32b-think__T035__R01.json,complete,4d558c64cb366835a09f2565318e3d390850c2d09337be5f1b0db6a259b20472,hpc_ag_table
raw,Rao2024,content/reviewer_robustness_2026/raw/Rao2024__olmo-3-32b-think__T035__R02.json,data/reasoning_logs/raw/Rao2024__olmo-3-32b-think__T035__R02.json,complete,1eb827042d529b40be017f817da2cf98798318079a75e9bc3f73f4f219023077,hpc_ag_table
raw,Rao2024,content/reviewer_robustness_2026/raw/Rao2024__olmo-3-32b-think__T035__R03.json,data/reasoning_logs/raw/Rao2024__olmo-3-32b-think__T035__R03.json,complete,876fd064d79687d0836b7334a6f962d8abf5a5f04375a19b8bf11fb6ffa38afe,hpc_ag_table
raw,Rao2024,content/reviewer_robustness_2026/raw/Rao2024__olmo-3-32b-think__T070__R01.json,data/reasoning_logs/raw/Rao2024__olmo-3-32b-think__T070__R01.json,complete,b97f5d239d145586991e264f4b971aa937025bf28e033aee48a69caa19f24efa,hpc_ag_table
raw,Rao2024,content/reviewer_robustness_2026/raw/Rao2024__olmo-3-32b-think__T070__R02.json,data/reasoning_logs/raw/Rao2024__olmo-3-32b-think__T070__R02.json,complete,da851a838cb9af0932258ac66b9736a5aa9b70909acf16f2773af1c713e81c02,hpc_ag_table
raw,Rao2024,content/reviewer_robustness_2026/raw/Rao2024__olmo-3-32b-think__T070__R03.json,data/reasoning_logs/raw/Rao2024__olmo-3-32b-think__T070__R03.json,complete,c115e928f6fb4f660c936181d6e695a10573e12cf91d710cd2ec83018875f69f,hpc_ag_table
raw,Rao2024,content/reviewer_robustness_2026/raw/Rao2024__phi-4-reasoning-plus__T000__R01.json,data/reasoning_logs/raw/Rao2024__phi-4-reasoning-plus__T000__R01.json,complete,ccb1d7ebe270ade5f43fee2233a7bb0ca1ff7d386661163d41151d80b3e14d40,hpc_ag_table
raw,Rao2024,content/reviewer_robustness_2026/raw/Rao2024__phi-4-reasoning-plus__T000__R02.json,data/reasoning_logs/raw/Rao2024__phi-4-reasoning-plus__T000__R02.json,complete,75485c403d2bde97cc6d83adf0870536fff72ba7d5b0507c020c8e79495440b8,hpc_ag_table
raw,Rao2024,content/reviewer_robustness_2026/raw/Rao2024__phi-4-reasoning-plus__T000__R03.json,data/reasoning_logs/raw/Rao2024__phi-4-reasoning-plus__T000__R03.json,complete,99c13e0ed064f86cf132ffc5d11629d4446169c1642ded9e6228012a5226d886,hpc_ag_table
raw,Rao2024,content/reviewer_robustness_2026/raw/Rao2024__phi-4-reasoning-plus__T035__R01.json,data/reasoning_logs/raw/Rao2024__phi-4-reasoning-plus__T035__R01.json,complete,df342e936ad76c8ccc6f6fde5b7d6dcb9737621f8b1d2610fe49c780f131cc0c,hpc_ag_table
raw,Rao2024,content/reviewer_robustness_2026/raw/Rao2024__phi-4-reasoning-plus__T035__R02.json,data/reasoning_logs/raw/Rao2024__phi-4-reasoning-plus__T035__R02.json,complete,d865928dfe8c03fb3f8343c6f824cf6a8d7728531e96b02c769fa1a4ca044adf,hpc_ag_table
raw,Rao2024,content/reviewer_robustness_2026/raw/Rao2024__phi-4-reasoning-plus__T035__R03.json,data/reasoning_logs/raw/Rao2024__phi-4-reasoning-plus__T035__R03.json,complete,923e9ed0a84f01ef5cfd318711a1127d10133821ce47a126d14bc2ffcdf18490,hpc_ag_table
raw,Rao2024,content/reviewer_robustness_2026/raw/Rao2024__phi-4-reasoning-plus__T070__R01.json,data/reasoning_logs/raw/Rao2024__phi-4-reasoning-plus__T070__R01.json,complete,1de1ae03feb03ac13cd71706945143776410cffe24cb43eb6f074ff416f16f35,hpc_ag_table
raw,Rao2024,content/reviewer_robustness_2026/raw/Rao2024__phi-4-reasoning-plus__T070__R02.json,data/reasoning_logs/raw/Rao2024__phi-4-reasoning-plus__T070__R02.json,complete,2359fab7398a35149263595e6248cac55357f4587947ac137bc550a97f4c440b,hpc_ag_table
raw,Rao2024,content/reviewer_robustness_2026/raw/Rao2024__phi-4-reasoning-plus__T070__R03.json,data/reasoning_logs/raw/Rao2024__phi-4-reasoning-plus__T070__R03.json,complete,fd753bf58a0408f22dcb658e0fe05042b4da8630484e4d00320c1c9d2f8741db,hpc_ag_table
raw,Sacramento2018,content/reviewer_robustness_2026/raw/Sacramento2018__gemma-4-31b-it__T000__R01.json,data/reasoning_logs/raw/Sacramento2018__gemma-4-31b-it__T000__R01.json,complete,b34dcce84dffae2971c266ed86590d2227ac5b6e9a62f347d115217bdfdd4112,hpc_ag_table
raw,Sacramento2018,content/reviewer_robustness_2026/raw/Sacramento2018__gemma-4-31b-it__T000__R02.json,data/reasoning_logs/raw/Sacramento2018__gemma-4-31b-it__T000__R02.json,complete,71d8907385c3fb0523e4b6fa9ad0599d3e18b65a20585638f423fa5940819150,hpc_ag_table
raw,Sacramento2018,content/reviewer_robustness_2026/raw/Sacramento2018__gemma-4-31b-it__T000__R03.json,data/reasoning_logs/raw/Sacramento2018__gemma-4-31b-it__T000__R03.json,complete,78c39e619ee3d266b157e6bee6c92374c50f4cd59c2f08d1477502d9c3f910ae,hpc_ag_table
raw,Sacramento2018,content/reviewer_robustness_2026/raw/Sacramento2018__gemma-4-31b-it__T035__R01.json,data/reasoning_logs/raw/Sacramento2018__gemma-4-31b-it__T035__R01.json,complete,cf725fe5c2041ad43c3a22e8e480fe494a11092a2b8e79d1dc05c44779302864,hpc_ag_table
raw,Sacramento2018,content/reviewer_robustness_2026/raw/Sacramento2018__gemma-4-31b-it__T035__R02.json,data/reasoning_logs/raw/Sacramento2018__gemma-4-31b-it__T035__R02.json,complete,41c51f1f3b472fde520d93a12bfdc73c149f1eeb14209b1d44654a5ca8c98590,hpc_ag_table
raw,Sacramento2018,content/reviewer_robustness_2026/raw/Sacramento2018__gemma-4-31b-it__T035__R03.json,data/reasoning_logs/raw/Sacramento2018__gemma-4-31b-it__T035__R03.json,complete,374d1a06bf8a42636896c643c649f8da5a6946fca63aca140268e41d967ab8cb,hpc_ag_table
raw,Sacramento2018,content/reviewer_robustness_2026/raw/Sacramento2018__gemma-4-31b-it__T070__R01.json,data/reasoning_logs/raw/Sacramento2018__gemma-4-31b-it__T070__R01.json,complete,5b50762ef74686f42393232b13985980b077567b36b7dcb34bb0568ee49e1a06,hpc_ag_table
raw,Sacramento2018,content/reviewer_robustness_2026/raw/Sacramento2018__gemma-4-31b-it__T070__R02.json,data/reasoning_logs/raw/Sacramento2018__gemma-4-31b-it__T070__R02.json,complete,ea89d0da2a0dc25ec33c386c3f9f6e8eaf09d56877b200c0ee32bd7e2f099402,hpc_ag_table
raw,Sacramento2018,content/reviewer_robustness_2026/raw/Sacramento2018__gemma-4-31b-it__T070__R03.json,data/reasoning_logs/raw/Sacramento2018__gemma-4-31b-it__T070__R03.json,complete,55817ecd4d49c98f71988c3af7f847bee5c5539925c3db61e51c76af2afb3f97,hpc_ag_table
raw,Sacramento2018,content/reviewer_robustness_2026/raw/Sacramento2018__olmo-3-32b-think__T000__R01.json,data/reasoning_logs/raw/Sacramento2018__olmo-3-32b-think__T000__R01.json,complete,0e42bd3c70b8af47d301720c887aba65f437fd2af1aa330e81244c625fb7139b,hpc_ag_table
raw,Sacramento2018,content/reviewer_robustness_2026/raw/Sacramento2018__olmo-3-32b-think__T000__R02.json,data/reasoning_logs/raw/Sacramento2018__olmo-3-32b-think__T000__R02.json,complete,d5110eb59aa170eee1d8ff9a08a523d04dbb64591114578e6e26945f5db50000,hpc_ag_table
raw,Sacramento2018,content/reviewer_robustness_2026/raw/Sacramento2018__olmo-3-32b-think__T000__R03.json,data/reasoning_logs/raw/Sacramento2018__olmo-3-32b-think__T000__R03.json,complete,ac4a269a4efe5c2d18a99e104886c386da357dcddc7cde273a499ce968137d1f,hpc_ag_table
raw,Sacramento2018,content/reviewer_robustness_2026/raw/Sacramento2018__olmo-3-32b-think__T035__R01.json,data/reasoning_logs/raw/Sacramento2018__olmo-3-32b-think__T035__R01.json,complete,0f979f24cd3a498a29c2aa2d4af094bd67c388e64d0129e5c86381683779894d,hpc_ag_table
raw,Sacramento2018,content/reviewer_robustness_2026/raw/Sacramento2018__olmo-3-32b-think__T035__R02.json,data/reasoning_logs/raw/Sacramento2018__olmo-3-32b-think__T035__R02.json,complete,8cccbecce64ecec5264079081347a0647f0c22dabd97728b0cfdf22d1295cf47,hpc_ag_table
raw,Sacramento2018,content/reviewer_robustness_2026/raw/Sacramento2018__olmo-3-32b-think__T035__R03.json,data/reasoning_logs/raw/Sacramento2018__olmo-3-32b-think__T035__R03.json,complete,b313b8572c3f64fad8174b42024d98d085b3dab1cf02105863894213fc78a3ed,hpc_ag_table
raw,Sacramento2018,content/reviewer_robustness_2026/raw/Sacramento2018__olmo-3-32b-think__T070__R01.json,data/reasoning_logs/raw/Sacramento2018__olmo-3-32b-think__T070__R01.json,complete,45decd73d5e1a182cbec97324b3081da7183dd371ce8eafbc84abe1f57fb86ed,hpc_ag_table
raw,Sacramento2018,content/reviewer_robustness_2026/raw/Sacramento2018__olmo-3-32b-think__T070__R02.json,data/reasoning_logs/raw/Sacramento2018__olmo-3-32b-think__T070__R02.json,complete,fceaa824ef7b7278e44912749acb67e3e04825f1a4b77f8e236a121533f5c8aa,hpc_ag_table
raw,Sacramento2018,content/reviewer_robustness_2026/raw/Sacramento2018__olmo-3-32b-think__T070__R03.json,data/reasoning_logs/raw/Sacramento2018__olmo-3-32b-think__T070__R03.json,complete,2f3632a733ae1b4bb6a66fa2cf9d684fbb5fe98d94359127391440573c9988a3,hpc_ag_table
raw,Sacramento2018,content/reviewer_robustness_2026/raw/Sacramento2018__phi-4-reasoning-plus__T000__R01.json,data/reasoning_logs/raw/Sacramento2018__phi-4-reasoning-plus__T000__R01.json,complete,4da4981e847765590a03036411ce12dc45c1c7ec225d595250e9978184ff7d3a,hpc_ag_table
raw,Sacramento2018,content/reviewer_robustness_2026/raw/Sacramento2018__phi-4-reasoning-plus__T000__R02.json,data/reasoning_logs/raw/Sacramento2018__phi-4-reasoning-plus__T000__R02.json,complete,cf05b598520724c5cb96f85d3d2de2a0aab4027d5247613b7f4dec99d9c1420c,hpc_ag_table
raw,Sacramento2018,content/reviewer_robustness_2026/raw/Sacramento2018__phi-4-reasoning-plus__T000__R03.json,data/reasoning_logs/raw/Sacramento2018__phi-4-reasoning-plus__T000__R03.json,complete,359b2e4a366d5c5605af3c57076b0031b8d4f5d9ba522f4044fa4246a0885f7a,hpc_ag_table
raw,Sacramento2018,content/reviewer_robustness_2026/raw/Sacramento2018__phi-4-reasoning-plus__T035__R01.json,data/reasoning_logs/raw/Sacramento2018__phi-4-reasoning-plus__T035__R01.json,complete,f9b2258cda378485ca14ff675ef26dcbfd999694d307e7b646ea7718c4d29301,hpc_ag_table
raw,Sacramento2018,content/reviewer_robustness_2026/raw/Sacramento2018__phi-4-reasoning-plus__T035__R02.json,data/reasoning_logs/raw/Sacramento2018__phi-4-reasoning-plus__T035__R02.json,complete,77bd06bc25c9ecc30af8f7d9513310d194e300001bc852118197163dff575f6b,hpc_ag_table
raw,Sacramento2018,content/reviewer_robustness_2026/raw/Sacramento2018__phi-4-reasoning-plus__T035__R03.json,data/reasoning_logs/raw/Sacramento2018__phi-4-reasoning-plus__T035__R03.json,complete,c17b1d546ab8028f30b7f8026b23f93bf2dc0770dc41a8addeca592b48ec1ea5,hpc_ag_table
raw,Sacramento2018,content/reviewer_robustness_2026/raw/Sacramento2018__phi-4-reasoning-plus__T070__R01.json,data/reasoning_logs/raw/Sacramento2018__phi-4-reasoning-plus__T070__R01.json,complete,7ab3d9f225306d128d3100d6a35eb9b1092dee53e1293e82f765755263637627,hpc_ag_table
raw,Sacramento2018,content/reviewer_robustness_2026/raw/Sacramento2018__phi-4-reasoning-plus__T070__R02.json,data/reasoning_logs/raw/Sacramento2018__phi-4-reasoning-plus__T070__R02.json,complete,c54da6261cc05f316b81e8887d6900911a64c4b4f47a6e70237fc32d3ea50362,hpc_ag_table
raw,Sacramento2018,content/reviewer_robustness_2026/raw/Sacramento2018__phi-4-reasoning-plus__T070__R03.json,data/reasoning_logs/raw/Sacramento2018__phi-4-reasoning-plus__T070__R03.json,complete,37b105e5f7fdf024728329af4b6ca3fb8c2acbd8ae511889ed2c21ee0f78a7db,hpc_ag_table
raw,Spratling2008,content/reviewer_robustness_2026/raw/Spratling2008__gemma-4-31b-it__T000__R01.json,data/reasoning_logs/raw/Spratling2008__gemma-4-31b-it__T000__R01.json,complete,533b10ebce50548146d42cc4bfdd1d9feb01e0c404112acc1cb58179d2e83f2e,hpc_ag_table
raw,Spratling2008,content/reviewer_robustness_2026/raw/Spratling2008__gemma-4-31b-it__T000__R02.json,data/reasoning_logs/raw/Spratling2008__gemma-4-31b-it__T000__R02.json,complete,65396940984e6d9abb073c5cdbce0894425e569192b2215d3031eca1c653e243,hpc_ag_table
raw,Spratling2008,content/reviewer_robustness_2026/raw/Spratling2008__gemma-4-31b-it__T000__R03.json,data/reasoning_logs/raw/Spratling2008__gemma-4-31b-it__T000__R03.json,complete,a34b47431a97d2edd0db49bd517fca9dac22acd514fcaeb5ce009bdbaa0c52b1,hpc_ag_table
raw,Spratling2008,content/reviewer_robustness_2026/raw/Spratling2008__gemma-4-31b-it__T035__R01.json,data/reasoning_logs/raw/Spratling2008__gemma-4-31b-it__T035__R01.json,complete,529123aa94502f4ba8465e6050d7d64dec1f7557f60c8b47f04c091c2b2fcc35,hpc_ag_table
raw,Spratling2008,content/reviewer_robustness_2026/raw/Spratling2008__gemma-4-31b-it__T035__R02.json,data/reasoning_logs/raw/Spratling2008__gemma-4-31b-it__T035__R02.json,complete,286e9b94e7d25fd82df43dc5fff76942b927fc019c8ef79360f7897727148a58,hpc_ag_table
raw,Spratling2008,content/reviewer_robustness_2026/raw/Spratling2008__gemma-4-31b-it__T035__R03.json,data/reasoning_logs/raw/Spratling2008__gemma-4-31b-it__T035__R03.json,complete,38fd36b8124469bc063545a033cca95a39fbcc83dcd35b9ca1db10f4ba51c814,hpc_ag_table
raw,Spratling2008,content/reviewer_robustness_2026/raw/Spratling2008__gemma-4-31b-it__T070__R01.json,data/reasoning_logs/raw/Spratling2008__gemma-4-31b-it__T070__R01.json,complete,df969f664e2984d5d108375a50d9c34911376b850ec401901d9ffee78691ed5a,hpc_ag_table
raw,Spratling2008,content/reviewer_robustness_2026/raw/Spratling2008__gemma-4-31b-it__T070__R02.json,data/reasoning_logs/raw/Spratling2008__gemma-4-31b-it__T070__R02.json,complete,e990add0588fa45fb07f2857080eece36aa510c6567270b4bbc8b5f7a5b8c417,hpc_ag_table
raw,Spratling2008,content/reviewer_robustness_2026/raw/Spratling2008__gemma-4-31b-it__T070__R03.json,data/reasoning_logs/raw/Spratling2008__gemma-4-31b-it__T070__R03.json,complete,a645f731e0e56b03cf75f034db06faef9140937ae79ca7d553cd3f73196d3ba4,hpc_ag_table
raw,Spratling2008,content/reviewer_robustness_2026/raw/Spratling2008__olmo-3-32b-think__T000__R01.json,data/reasoning_logs/raw/Spratling2008__olmo-3-32b-think__T000__R01.json,complete,296afb1304bc6a52df278b29be40325eee90a59e15246d6b6b0b54d0a6095416,hpc_ag_table
raw,Spratling2008,content/reviewer_robustness_2026/raw/Spratling2008__olmo-3-32b-think__T000__R02.json,data/reasoning_logs/raw/Spratling2008__olmo-3-32b-think__T000__R02.json,complete,16a7b3c57b3bf51d47f364f66b983a2df59bf864d1bf7c9230201477bb427f2a,hpc_ag_table
raw,Spratling2008,content/reviewer_robustness_2026/raw/Spratling2008__olmo-3-32b-think__T000__R03.json,data/reasoning_logs/raw/Spratling2008__olmo-3-32b-think__T000__R03.json,complete,5d2de617038d9bd6531732c87531252fc536082e5311ab559a614205984179e7,hpc_ag_table
raw,Spratling2008,content/reviewer_robustness_2026/raw/Spratling2008__olmo-3-32b-think__T035__R01.json,data/reasoning_logs/raw/Spratling2008__olmo-3-32b-think__T035__R01.json,complete,0249d4800e7ec10bd0a6320a69ba31b9ee1bdc0d00ea292b26affb15849a1e9c,hpc_ag_table
raw,Spratling2008,content/reviewer_robustness_2026/raw/Spratling2008__olmo-3-32b-think__T035__R02.json,data/reasoning_logs/raw/Spratling2008__olmo-3-32b-think__T035__R02.json,complete,5328d97ebfbfb069b80e63da98b16e4d6bb13359224a9769f996c5d66f60cd9f,hpc_ag_table
raw,Spratling2008,content/reviewer_robustness_2026/raw/Spratling2008__olmo-3-32b-think__T035__R03.json,data/reasoning_logs/raw/Spratling2008__olmo-3-32b-think__T035__R03.json,complete,52498291413dff4033faf47fbf3e1674cca30b9b7702d69d671f33e967442559,hpc_ag_table
raw,Spratling2008,content/reviewer_robustness_2026/raw/Spratling2008__olmo-3-32b-think__T070__R01.json,data/reasoning_logs/raw/Spratling2008__olmo-3-32b-think__T070__R01.json,complete,de938eabb8011d819377cb1dd08db8b98569540a10ba3c8cf889508913811735,hpc_ag_table
raw,Spratling2008,content/reviewer_robustness_2026/raw/Spratling2008__olmo-3-32b-think__T070__R02.json,data/reasoning_logs/raw/Spratling2008__olmo-3-32b-think__T070__R02.json,complete,9f2d72df96f7985cfcdcadb20d9d868966c234b4d3d5002f5c3aba2c19ede63d,hpc_ag_table
raw,Spratling2008,content/reviewer_robustness_2026/raw/Spratling2008__olmo-3-32b-think__T070__R03.json,data/reasoning_logs/raw/Spratling2008__olmo-3-32b-think__T070__R03.json,complete,8ad6bf03370094ceddde7abc929711f79ea01bbe821d3ae920aba567feff3b17,hpc_ag_table
raw,Spratling2008,content/reviewer_robustness_2026/raw/Spratling2008__phi-4-reasoning-plus__T000__R01.json,data/reasoning_logs/raw/Spratling2008__phi-4-reasoning-plus__T000__R01.json,complete,a7f6e617a28af67c18f29dcd59a99bb0f4d60262ff062d0806e2d573a4c5f9db,hpc_ag_table
raw,Spratling2008,content/reviewer_robustness_2026/raw/Spratling2008__phi-4-reasoning-plus__T000__R02.json,data/reasoning_logs/raw/Spratling2008__phi-4-reasoning-plus__T000__R02.json,complete,de21019944ee3711f0f58c2881acbdc70df7197596b06e15ccc05d28e7630cb2,hpc_ag_table
raw,Spratling2008,content/reviewer_robustness_2026/raw/Spratling2008__phi-4-reasoning-plus__T000__R03.json,data/reasoning_logs/raw/Spratling2008__phi-4-reasoning-plus__T000__R03.json,complete,34194678e562582cab419144c9253685736495356e8b2875faae18d3605b6390,hpc_ag_table
raw,Spratling2008,content/reviewer_robustness_2026/raw/Spratling2008__phi-4-reasoning-plus__T035__R01.json,data/reasoning_logs/raw/Spratling2008__phi-4-reasoning-plus__T035__R01.json,complete,fcb3e5b80410868554b42fd76154dc3b9160eb094fe3fbfc7db3fcf448fe7a41,hpc_ag_table
raw,Spratling2008,content/reviewer_robustness_2026/raw/Spratling2008__phi-4-reasoning-plus__T035__R02.json,data/reasoning_logs/raw/Spratling2008__phi-4-reasoning-plus__T035__R02.json,complete,8c19599d21d66080f95d824e190fa7e9f5a13d6305dde53de8bd515712955f93,hpc_ag_table
raw,Spratling2008,content/reviewer_robustness_2026/raw/Spratling2008__phi-4-reasoning-plus__T035__R03.json,data/reasoning_logs/raw/Spratling2008__phi-4-reasoning-plus__T035__R03.json,complete,2b49640776a7b0e01ac525728e13d0ae68400ef452fc4fd54bce46472ac7b180,hpc_ag_table
raw,Spratling2008,content/reviewer_robustness_2026/raw/Spratling2008__phi-4-reasoning-plus__T070__R01.json,data/reasoning_logs/raw/Spratling2008__phi-4-reasoning-plus__T070__R01.json,complete,156684de3b63857d3ab90fb688db2a574a26761a0758fd49ee1e45df2be4fe91,hpc_ag_table
raw,Spratling2008,content/reviewer_robustness_2026/raw/Spratling2008__phi-4-reasoning-plus__T070__R02.json,data/reasoning_logs/raw/Spratling2008__phi-4-reasoning-plus__T070__R02.json,complete,64e20ed4bddbac3086e8385e699759a29c13e6ae7b824243a2fa42c9eb29cf36,hpc_ag_table
raw,Spratling2008,content/reviewer_robustness_2026/raw/Spratling2008__phi-4-reasoning-plus__T070__R03.json,data/reasoning_logs/raw/Spratling2008__phi-4-reasoning-plus__T070__R03.json,complete,309fea08e5e84dce3ab162079105d6b834c57322fb2083b3a79e7d0ddcea725c,hpc_ag_table
raw,Spratling2010,content/reviewer_robustness_2026/raw/Spratling2010__gemma-4-31b-it__T000__R01.json,data/reasoning_logs/raw/Spratling2010__gemma-4-31b-it__T000__R01.json,complete,ef73acec4ab40699c4cf460b64d552d9fc9c7e92eb4f2bed1e79bb6edcb89ea7,hpc_ag_table
raw,Spratling2010,content/reviewer_robustness_2026/raw/Spratling2010__gemma-4-31b-it__T000__R02.json,data/reasoning_logs/raw/Spratling2010__gemma-4-31b-it__T000__R02.json,complete,b8afe315cb4e845205c01a59eacef8cb5f5f96b45bf41b5e19144a7dfc222290,hpc_ag_table
raw,Spratling2010,content/reviewer_robustness_2026/raw/Spratling2010__gemma-4-31b-it__T000__R03.json,data/reasoning_logs/raw/Spratling2010__gemma-4-31b-it__T000__R03.json,complete,3b87904be6a85276d7bed9de331a1ba97fa657f796defa5aff7050e4fef0f649,hpc_ag_table
raw,Spratling2010,content/reviewer_robustness_2026/raw/Spratling2010__gemma-4-31b-it__T035__R01.json,data/reasoning_logs/raw/Spratling2010__gemma-4-31b-it__T035__R01.json,complete,9996783d6ad698f00de831d4f88e66a82c592be5762cecb9935f141958103215,hpc_ag_table
raw,Spratling2010,content/reviewer_robustness_2026/raw/Spratling2010__gemma-4-31b-it__T035__R02.json,data/reasoning_logs/raw/Spratling2010__gemma-4-31b-it__T035__R02.json,complete,779d7286395e5f7a98477de3b26d0f37954e9e4ce4aa72a33d224f1a79ec239c,hpc_ag_table
raw,Spratling2010,content/reviewer_robustness_2026/raw/Spratling2010__gemma-4-31b-it__T035__R03.json,data/reasoning_logs/raw/Spratling2010__gemma-4-31b-it__T035__R03.json,complete,14653175fcd1b5e413b492370ff00272c54edf38a648586ef8992e7dd524fe88,hpc_ag_table
raw,Spratling2010,content/reviewer_robustness_2026/raw/Spratling2010__gemma-4-31b-it__T070__R01.json,data/reasoning_logs/raw/Spratling2010__gemma-4-31b-it__T070__R01.json,complete,5a052a772c247ac049003eb8ad7cb27439163f46272a2f7a353ae4c39e08e705,hpc_ag_table
raw,Spratling2010,content/reviewer_robustness_2026/raw/Spratling2010__gemma-4-31b-it__T070__R02.json,data/reasoning_logs/raw/Spratling2010__gemma-4-31b-it__T070__R02.json,complete,600706c0939e6d7f988e1701f4a093a7e804ef252a781388e0457e34d63ab0e5,hpc_ag_table
raw,Spratling2010,content/reviewer_robustness_2026/raw/Spratling2010__gemma-4-31b-it__T070__R03.json,data/reasoning_logs/raw/Spratling2010__gemma-4-31b-it__T070__R03.json,complete,aac9d73ac75d708b377f21d5c190751a631cfa6b63a238a760fc11fd08f1fb54,hpc_ag_table
raw,Spratling2010,content/reviewer_robustness_2026/raw/Spratling2010__olmo-3-32b-think__T000__R01.json,data/reasoning_logs/raw/Spratling2010__olmo-3-32b-think__T000__R01.json,complete,e39b8a4d9812bcfcf54385da2040588a096153aa78ca0c0fb83793e20ba21ba5,hpc_ag_table
raw,Spratling2010,content/reviewer_robustness_2026/raw/Spratling2010__olmo-3-32b-think__T000__R02.json,data/reasoning_logs/raw/Spratling2010__olmo-3-32b-think__T000__R02.json,complete,e436851b10801ff1576d87e6afc86eee2cb84a19a61d9827a78b0e81f6b1bdc7,hpc_ag_table
raw,Spratling2010,content/reviewer_robustness_2026/raw/Spratling2010__olmo-3-32b-think__T000__R03.json,data/reasoning_logs/raw/Spratling2010__olmo-3-32b-think__T000__R03.json,complete,388ead385e71a8709e30f0987fefa9858b4c0c42dabe911fdbc9f5cf405db8b6,hpc_ag_table
raw,Spratling2010,content/reviewer_robustness_2026/raw/Spratling2010__olmo-3-32b-think__T035__R01.json,data/reasoning_logs/raw/Spratling2010__olmo-3-32b-think__T035__R01.json,complete,a998aaf426a240d08432474be0be3d5911b51db6f4ac9e0316cb0d33b56ef38a,hpc_ag_table
raw,Spratling2010,content/reviewer_robustness_2026/raw/Spratling2010__olmo-3-32b-think__T035__R02.json,data/reasoning_logs/raw/Spratling2010__olmo-3-32b-think__T035__R02.json,complete,76f26f384e568124fa9e90b078e46f06333b8eb6cd193eed221a7c5e41e7eee1,hpc_ag_table
raw,Spratling2010,content/reviewer_robustness_2026/raw/Spratling2010__olmo-3-32b-think__T035__R03.json,data/reasoning_logs/raw/Spratling2010__olmo-3-32b-think__T035__R03.json,complete,6566089c92c7df15b663cb207e48921bbdbfbc78104b05d2a9860dec2f31004f,hpc_ag_table
raw,Spratling2010,content/reviewer_robustness_2026/raw/Spratling2010__olmo-3-32b-think__T070__R01.json,data/reasoning_logs/raw/Spratling2010__olmo-3-32b-think__T070__R01.json,complete,b67c0266578fd8189567ea51716a83c4cf90dad7bdb2ace836bcc419f0d3e021,hpc_ag_table
raw,Spratling2010,content/reviewer_robustness_2026/raw/Spratling2010__olmo-3-32b-think__T070__R02.json,data/reasoning_logs/raw/Spratling2010__olmo-3-32b-think__T070__R02.json,complete,ac27e3d4b6977972fa4b012ae940ff0f849f6a10381c793829db2d79e1799d24,hpc_ag_table
raw,Spratling2010,content/reviewer_robustness_2026/raw/Spratling2010__olmo-3-32b-think__T070__R03.json,data/reasoning_logs/raw/Spratling2010__olmo-3-32b-think__T070__R03.json,complete,42eb3d4231ee8c51639d159269ef23a9aa4b49c4218aa3add6293b12eb933862,hpc_ag_table
raw,Spratling2010,content/reviewer_robustness_2026/raw/Spratling2010__phi-4-reasoning-plus__T000__R01.json,data/reasoning_logs/raw/Spratling2010__phi-4-reasoning-plus__T000__R01.json,complete,4644fc8f730e161656bd3faf472c2462cac08509fb1ba3e375f7df018917b214,hpc_ag_table
raw,Spratling2010,content/reviewer_robustness_2026/raw/Spratling2010__phi-4-reasoning-plus__T000__R02.json,data/reasoning_logs/raw/Spratling2010__phi-4-reasoning-plus__T000__R02.json,complete,e9b38e8c51981f86e9035c2ec042c2a07a4a50c7a86c7a417851b1f87ae6f07b,hpc_ag_table
raw,Spratling2010,content/reviewer_robustness_2026/raw/Spratling2010__phi-4-reasoning-plus__T000__R03.json,data/reasoning_logs/raw/Spratling2010__phi-4-reasoning-plus__T000__R03.json,complete,d904376d32aec4f2f0737f787588c51bc191c4f8cc4d0e9e4140f14a7c3a949c,hpc_ag_table
raw,Spratling2010,content/reviewer_robustness_2026/raw/Spratling2010__phi-4-reasoning-plus__T035__R01.json,data/reasoning_logs/raw/Spratling2010__phi-4-reasoning-plus__T035__R01.json,complete,c08c2adc451927c60fa54196b9d50365a1cf29782d30fb5f7e653f6d687df31d,hpc_ag_table
raw,Spratling2010,content/reviewer_robustness_2026/raw/Spratling2010__phi-4-reasoning-plus__T035__R02.json,data/reasoning_logs/raw/Spratling2010__phi-4-reasoning-plus__T035__R02.json,complete,cfd099a5b772a892ec7a026b62b0f58e794a21a16d72bfbdfcefbbcb375ba7b7,hpc_ag_table
raw,Spratling2010,content/reviewer_robustness_2026/raw/Spratling2010__phi-4-reasoning-plus__T035__R03.json,data/reasoning_logs/raw/Spratling2010__phi-4-reasoning-plus__T035__R03.json,complete,afffbe819f2531e82ca4bb4abc09e953c143498c83660717de79c2ccf15c5e18,hpc_ag_table
raw,Spratling2010,content/reviewer_robustness_2026/raw/Spratling2010__phi-4-reasoning-plus__T070__R01.json,data/reasoning_logs/raw/Spratling2010__phi-4-reasoning-plus__T070__R01.json,complete,354821fe5f66a500970468f726b445b13bc1d07dcb2534e4caf58a3c861b02a4,hpc_ag_table
raw,Spratling2010,content/reviewer_robustness_2026/raw/Spratling2010__phi-4-reasoning-plus__T070__R02.json,data/reasoning_logs/raw/Spratling2010__phi-4-reasoning-plus__T070__R02.json,complete,99c2ce45c9d64d940d1021a6bf238e46a79c33d08e37bed9151a7776a384c124,hpc_ag_table
raw,Spratling2010,content/reviewer_robustness_2026/raw/Spratling2010__phi-4-reasoning-plus__T070__R03.json,data/reasoning_logs/raw/Spratling2010__phi-4-reasoning-plus__T070__R03.json,complete,2875457c5f9dc7bf75dd8a68a9644d03578874259821f701293f18f4ebe6a2a3,hpc_ag_table
raw,Srinivasan1982,content/reviewer_robustness_2026/raw/Srinivasan1982__gemma-4-31b-it__T000__R01.json,data/reasoning_logs/raw/Srinivasan1982__gemma-4-31b-it__T000__R01.json,complete,947644b290e18e7bdaa3bb8c568f3eeab090ac46aafab9428bb0f83a313f48b3,hpc_ag_table
raw,Srinivasan1982,content/reviewer_robustness_2026/raw/Srinivasan1982__gemma-4-31b-it__T000__R02.json,data/reasoning_logs/raw/Srinivasan1982__gemma-4-31b-it__T000__R02.json,complete,85aad494263e2972b17a72ca6ee855bdafd80bb7543ec2d12f08a37b15aec1ef,hpc_ag_table
raw,Srinivasan1982,content/reviewer_robustness_2026/raw/Srinivasan1982__gemma-4-31b-it__T000__R03.json,data/reasoning_logs/raw/Srinivasan1982__gemma-4-31b-it__T000__R03.json,complete,56d7174ec73a37fa429e0e9aba0200ef54ffc04c4a03f22b77e300620c76b3c4,hpc_ag_table
raw,Srinivasan1982,content/reviewer_robustness_2026/raw/Srinivasan1982__gemma-4-31b-it__T035__R01.json,data/reasoning_logs/raw/Srinivasan1982__gemma-4-31b-it__T035__R01.json,complete,e207fa7106b5042a7f05ea62f20deffbdddf85032a9fd77e405960748b78aae3,hpc_ag_table
raw,Srinivasan1982,content/reviewer_robustness_2026/raw/Srinivasan1982__gemma-4-31b-it__T035__R02.json,data/reasoning_logs/raw/Srinivasan1982__gemma-4-31b-it__T035__R02.json,complete,0d00aced6dc126feb087634e0243e20c47503f0dce35fc4e334f2f5186f5000c,hpc_ag_table
raw,Srinivasan1982,content/reviewer_robustness_2026/raw/Srinivasan1982__gemma-4-31b-it__T035__R03.json,data/reasoning_logs/raw/Srinivasan1982__gemma-4-31b-it__T035__R03.json,complete,5dc0a9a0c91348b71578a5266bc5dabb8fbdeae400f3f8b42ee3eb811418c96b,hpc_ag_table
raw,Srinivasan1982,content/reviewer_robustness_2026/raw/Srinivasan1982__gemma-4-31b-it__T070__R01.json,data/reasoning_logs/raw/Srinivasan1982__gemma-4-31b-it__T070__R01.json,complete,30f55001b50419f8410e143fe74f404f422e09bcf9e89fe058b5642b63acf773,hpc_ag_table
raw,Srinivasan1982,content/reviewer_robustness_2026/raw/Srinivasan1982__gemma-4-31b-it__T070__R02.json,data/reasoning_logs/raw/Srinivasan1982__gemma-4-31b-it__T070__R02.json,complete,253ff67a03141af66b810efd37c5c384f062d33242bc753fb663b5eb1717f535,hpc_ag_table
raw,Srinivasan1982,content/reviewer_robustness_2026/raw/Srinivasan1982__gemma-4-31b-it__T070__R03.json,data/reasoning_logs/raw/Srinivasan1982__gemma-4-31b-it__T070__R03.json,complete,8046c73467574e3e3d4c229fc36844f75682fb57caac14815e524fd4b5f30156,hpc_ag_table
raw,Srinivasan1982,content/reviewer_robustness_2026/raw/Srinivasan1982__olmo-3-32b-think__T000__R01.json,data/reasoning_logs/raw/Srinivasan1982__olmo-3-32b-think__T000__R01.json,complete,e413d9b5827450fe229d4ea7e1874c56b0fd6a4130385527ac487cca224fd142,hpc_ag_table
raw,Srinivasan1982,content/reviewer_robustness_2026/raw/Srinivasan1982__olmo-3-32b-think__T000__R02.json,data/reasoning_logs/raw/Srinivasan1982__olmo-3-32b-think__T000__R02.json,complete,12b59da9c9d65cf157facd111b1a813735736b05ae2c1fc07e30ec9fbead2769,hpc_ag_table
raw,Srinivasan1982,content/reviewer_robustness_2026/raw/Srinivasan1982__olmo-3-32b-think__T000__R03.json,data/reasoning_logs/raw/Srinivasan1982__olmo-3-32b-think__T000__R03.json,complete,be3fba978967ebf3f40083fd58b0353bc42ba51907179547a2a10de468f0b45c,hpc_ag_table
raw,Srinivasan1982,content/reviewer_robustness_2026/raw/Srinivasan1982__olmo-3-32b-think__T035__R01.json,data/reasoning_logs/raw/Srinivasan1982__olmo-3-32b-think__T035__R01.json,complete,2a57c00ae251a386db349ab32c10d8446f9e9f443904061aa89386286f7068f0,hpc_ag_table
raw,Srinivasan1982,content/reviewer_robustness_2026/raw/Srinivasan1982__olmo-3-32b-think__T035__R02.json,data/reasoning_logs/raw/Srinivasan1982__olmo-3-32b-think__T035__R02.json,complete,a81f9a2a0e61867ec3d03b2f84218914cd46db06fde6ae4dad1acf6d27ce15bf,hpc_ag_table
raw,Srinivasan1982,content/reviewer_robustness_2026/raw/Srinivasan1982__olmo-3-32b-think__T035__R03.json,data/reasoning_logs/raw/Srinivasan1982__olmo-3-32b-think__T035__R03.json,complete,7cae375a21a9b9f091424303d88ca8c140e89e69a56ee565db84dc8fa4c772d9,hpc_ag_table
raw,Srinivasan1982,content/reviewer_robustness_2026/raw/Srinivasan1982__olmo-3-32b-think__T070__R01.json,data/reasoning_logs/raw/Srinivasan1982__olmo-3-32b-think__T070__R01.json,complete,c4a975303d697916a92a8c2f33c7bcf8739ef80c7da2689185b9dcacea9ef309,hpc_ag_table
raw,Srinivasan1982,content/reviewer_robustness_2026/raw/Srinivasan1982__olmo-3-32b-think__T070__R02.json,data/reasoning_logs/raw/Srinivasan1982__olmo-3-32b-think__T070__R02.json,complete,fd1ce0005e60da2e9dac56bb67322a27350f80f26615c9013b14af8119089f43,hpc_ag_table
raw,Srinivasan1982,content/reviewer_robustness_2026/raw/Srinivasan1982__olmo-3-32b-think__T070__R03.json,data/reasoning_logs/raw/Srinivasan1982__olmo-3-32b-think__T070__R03.json,complete,b37b6c382ef347e7be1d872c2fdfaa62e97f22a59a26975d3d37765c028ded41,hpc_ag_table
raw,Srinivasan1982,content/reviewer_robustness_2026/raw/Srinivasan1982__phi-4-reasoning-plus__T000__R01.json,data/reasoning_logs/raw/Srinivasan1982__phi-4-reasoning-plus__T000__R01.json,complete,f5466b267ae9b36a79353be9c2c45bf819358f81b7bd4ae8bb5d990fa8726917,hpc_ag_table
raw,Srinivasan1982,content/reviewer_robustness_2026/raw/Srinivasan1982__phi-4-reasoning-plus__T000__R02.json,data/reasoning_logs/raw/Srinivasan1982__phi-4-reasoning-plus__T000__R02.json,complete,e26a3c78f54a48318d53ff5afad4480f1c83b490294c6204be6bddc3a6a1ed79,hpc_ag_table
raw,Srinivasan1982,content/reviewer_robustness_2026/raw/Srinivasan1982__phi-4-reasoning-plus__T000__R03.json,data/reasoning_logs/raw/Srinivasan1982__phi-4-reasoning-plus__T000__R03.json,complete,6137d104b7ddc65b1cd693a4bce499e2fa8d58d6eb9c9cfb51e7a75ad4083468,hpc_ag_table
raw,Srinivasan1982,content/reviewer_robustness_2026/raw/Srinivasan1982__phi-4-reasoning-plus__T035__R01.json,data/reasoning_logs/raw/Srinivasan1982__phi-4-reasoning-plus__T035__R01.json,complete,4530e8cd6d0ed424b3d4a62a5e7709529b9cfd1cd9207ad88a1f18469523fa70,hpc_ag_table
raw,Srinivasan1982,content/reviewer_robustness_2026/raw/Srinivasan1982__phi-4-reasoning-plus__T035__R02.json,data/reasoning_logs/raw/Srinivasan1982__phi-4-reasoning-plus__T035__R02.json,complete,17a515bbe927a604968ac3fd0819febdb69a6840030820b17f579d9e4b9c402c,hpc_ag_table
raw,Srinivasan1982,content/reviewer_robustness_2026/raw/Srinivasan1982__phi-4-reasoning-plus__T035__R03.json,data/reasoning_logs/raw/Srinivasan1982__phi-4-reasoning-plus__T035__R03.json,complete,ae852dad0045f210122b2cebcf0f67156882d9ce06c6e794f217a1bc0d510984,hpc_ag_table
raw,Srinivasan1982,content/reviewer_robustness_2026/raw/Srinivasan1982__phi-4-reasoning-plus__T070__R01.json,data/reasoning_logs/raw/Srinivasan1982__phi-4-reasoning-plus__T070__R01.json,complete,313a7e786f0ce25cac76364e99a236524e49f81c25f4e56243fdd48b10480117,hpc_ag_table
raw,Srinivasan1982,content/reviewer_robustness_2026/raw/Srinivasan1982__phi-4-reasoning-plus__T070__R02.json,data/reasoning_logs/raw/Srinivasan1982__phi-4-reasoning-plus__T070__R02.json,complete,5192f059c5124cbe1523de94c3d0a1b7065c09ce900d3742b86a42f59daac246,hpc_ag_table
raw,Srinivasan1982,content/reviewer_robustness_2026/raw/Srinivasan1982__phi-4-reasoning-plus__T070__R03.json,data/reasoning_logs/raw/Srinivasan1982__phi-4-reasoning-plus__T070__R03.json,complete,c22df58bd1a834e2a5d2fc7f5971a229e2e80ebc209a37278617888b3a18dd6c,hpc_ag_table
raw,VanDerveer2021,content/reviewer_robustness_2026/raw/VanDerveer2021__gemma-4-31b-it__T000__R01.json,data/reasoning_logs/raw/VanDerveer2021__gemma-4-31b-it__T000__R01.json,complete,e33192d470fa3167e91bcd2ca349659e44ddff7e9f1f808983cafa865103f542,hpc_ag_table
raw,VanDerveer2021,content/reviewer_robustness_2026/raw/VanDerveer2021__gemma-4-31b-it__T000__R02.json,data/reasoning_logs/raw/VanDerveer2021__gemma-4-31b-it__T000__R02.json,complete,8bc354b3c811ab000ce5fa86b5e67102d5e8864ea86dec778fcdebd66592f73f,hpc_ag_table
raw,VanDerveer2021,content/reviewer_robustness_2026/raw/VanDerveer2021__gemma-4-31b-it__T000__R03.json,data/reasoning_logs/raw/VanDerveer2021__gemma-4-31b-it__T000__R03.json,complete,f0cd50ad698181fc6efd44817dd77eeee7d63f9d3079d08be5bd7ccec4a9465d,hpc_ag_table
raw,VanDerveer2021,content/reviewer_robustness_2026/raw/VanDerveer2021__gemma-4-31b-it__T035__R01.json,data/reasoning_logs/raw/VanDerveer2021__gemma-4-31b-it__T035__R01.json,complete,d76c3a47ce0f696659334548a799f04f21de4839c09b4932d5f418171747e8e4,hpc_ag_table
raw,VanDerveer2021,content/reviewer_robustness_2026/raw/VanDerveer2021__gemma-4-31b-it__T035__R02.json,data/reasoning_logs/raw/VanDerveer2021__gemma-4-31b-it__T035__R02.json,complete,152508f7d75e54571e2e71d94838f94af62847deceff50743d0d5a216b03145a,hpc_ag_table
raw,VanDerveer2021,content/reviewer_robustness_2026/raw/VanDerveer2021__gemma-4-31b-it__T035__R03.json,data/reasoning_logs/raw/VanDerveer2021__gemma-4-31b-it__T035__R03.json,complete,b8ab418daf034cec5d762fd8c586e56c58da3dc11fbad2a361c0493baef500a7,hpc_ag_table
raw,VanDerveer2021,content/reviewer_robustness_2026/raw/VanDerveer2021__gemma-4-31b-it__T070__R01.json,data/reasoning_logs/raw/VanDerveer2021__gemma-4-31b-it__T070__R01.json,complete,1e1685685f8d5438bd1a32bd74cd81e685c45b5d693a5b9b02a30f2f8a4aa19a,hpc_ag_table
raw,VanDerveer2021,content/reviewer_robustness_2026/raw/VanDerveer2021__gemma-4-31b-it__T070__R02.json,data/reasoning_logs/raw/VanDerveer2021__gemma-4-31b-it__T070__R02.json,complete,e442d0e2e24325ec88ddeb5406bd71d0913a53aac796a6e6d6b86dccdefcdfe1,hpc_ag_table
raw,VanDerveer2021,content/reviewer_robustness_2026/raw/VanDerveer2021__gemma-4-31b-it__T070__R03.json,data/reasoning_logs/raw/VanDerveer2021__gemma-4-31b-it__T070__R03.json,complete,0de4ce8efc48967ebc022b09cac898c60c352ab42ab77fb2091ba6ffef43cd89,hpc_ag_table
raw,VanDerveer2021,content/reviewer_robustness_2026/raw/VanDerveer2021__olmo-3-32b-think__T000__R01.json,data/reasoning_logs/raw/VanDerveer2021__olmo-3-32b-think__T000__R01.json,complete,82f51d477f7f3bc8c2747ee3cefb34991996c3a497d9c7d25a38680b5bca7af7,hpc_ag_table
raw,VanDerveer2021,content/reviewer_robustness_2026/raw/VanDerveer2021__olmo-3-32b-think__T000__R02.json,data/reasoning_logs/raw/VanDerveer2021__olmo-3-32b-think__T000__R02.json,complete,45a4a334f71acb4968eb70ba9f3fd90086eda04459702055739dde6cfa37c754,hpc_ag_table
raw,VanDerveer2021,content/reviewer_robustness_2026/raw/VanDerveer2021__olmo-3-32b-think__T000__R03.json,data/reasoning_logs/raw/VanDerveer2021__olmo-3-32b-think__T000__R03.json,complete,b4b5ed5bcec9d951d5879fbacf7f22e5ebf2a5f106346b94b108822e1129e563,hpc_ag_table
raw,VanDerveer2021,content/reviewer_robustness_2026/raw/VanDerveer2021__olmo-3-32b-think__T035__R01.json,data/reasoning_logs/raw/VanDerveer2021__olmo-3-32b-think__T035__R01.json,complete,acb2cf3047af433af4853b840264592a54f0b4deab422cd32e119a9defb5d9e5,hpc_ag_table
raw,VanDerveer2021,content/reviewer_robustness_2026/raw/VanDerveer2021__olmo-3-32b-think__T035__R02.json,data/reasoning_logs/raw/VanDerveer2021__olmo-3-32b-think__T035__R02.json,complete,9189a4025d0a8686f21d357ca71acf22340dfd27c35529ae5e467a8b2192ea8b,hpc_ag_table
raw,VanDerveer2021,content/reviewer_robustness_2026/raw/VanDerveer2021__olmo-3-32b-think__T035__R03.json,data/reasoning_logs/raw/VanDerveer2021__olmo-3-32b-think__T035__R03.json,complete,6c0485f7ac9933aa7a52a85ad24c70aaea70cd014ab315d88d2a04e7095e17bf,hpc_ag_table
raw,VanDerveer2021,content/reviewer_robustness_2026/raw/VanDerveer2021__olmo-3-32b-think__T070__R01.json,data/reasoning_logs/raw/VanDerveer2021__olmo-3-32b-think__T070__R01.json,complete,ba3a12fe4f9778d6bc46ba69c47f1cdcddf32cde17e4b3a8a6f61bdd582574f9,hpc_ag_table
raw,VanDerveer2021,content/reviewer_robustness_2026/raw/VanDerveer2021__olmo-3-32b-think__T070__R02.json,data/reasoning_logs/raw/VanDerveer2021__olmo-3-32b-think__T070__R02.json,complete,5c3e50d5e1b0e05be68062bf98e98511690d86a1ef0d10e89608d411688df05e,hpc_ag_table
raw,VanDerveer2021,content/reviewer_robustness_2026/raw/VanDerveer2021__olmo-3-32b-think__T070__R03.json,data/reasoning_logs/raw/VanDerveer2021__olmo-3-32b-think__T070__R03.json,complete,d4444175e976ae435168cecbff4418eadc1164a922ca0dd1e747f794ac3e54da,hpc_ag_table
raw,VanDerveer2021,content/reviewer_robustness_2026/raw/VanDerveer2021__phi-4-reasoning-plus__T000__R01.json,data/reasoning_logs/raw/VanDerveer2021__phi-4-reasoning-plus__T000__R01.json,complete,52305631ca5d6a530703a3dda0785d1dec6499feabfd0aca1a0ea20f2e35c0fe,hpc_ag_table
raw,VanDerveer2021,content/reviewer_robustness_2026/raw/VanDerveer2021__phi-4-reasoning-plus__T000__R02.json,data/reasoning_logs/raw/VanDerveer2021__phi-4-reasoning-plus__T000__R02.json,complete,1b889cfdaf4f3c5e578e80f60fd82b3190640a76dff7de5b8dbd9f105d12fc96,hpc_ag_table
raw,VanDerveer2021,content/reviewer_robustness_2026/raw/VanDerveer2021__phi-4-reasoning-plus__T000__R03.json,data/reasoning_logs/raw/VanDerveer2021__phi-4-reasoning-plus__T000__R03.json,complete,1be2ad08fce437608d743f7ae77ceb92747ab6cadc18e5ae5215ee294eaca875,hpc_ag_table
raw,VanDerveer2021,content/reviewer_robustness_2026/raw/VanDerveer2021__phi-4-reasoning-plus__T035__R01.json,data/reasoning_logs/raw/VanDerveer2021__phi-4-reasoning-plus__T035__R01.json,complete,a90fe394826ffa9235884aca3e01488bb591c790207325a84223aa11552e64e1,hpc_ag_table
raw,VanDerveer2021,content/reviewer_robustness_2026/raw/VanDerveer2021__phi-4-reasoning-plus__T035__R02.json,data/reasoning_logs/raw/VanDerveer2021__phi-4-reasoning-plus__T035__R02.json,complete,29bfb50af7d49b5017a85b2fd18f9e24aa5d414f96433d570e26b6df84e12f3e,hpc_ag_table
raw,VanDerveer2021,content/reviewer_robustness_2026/raw/VanDerveer2021__phi-4-reasoning-plus__T035__R03.json,data/reasoning_logs/raw/VanDerveer2021__phi-4-reasoning-plus__T035__R03.json,complete,4a5baafc547a4e49ed1597cd17b03a2c8a8112a06e6cb9791bde32cbeef53415,hpc_ag_table
raw,VanDerveer2021,content/reviewer_robustness_2026/raw/VanDerveer2021__phi-4-reasoning-plus__T070__R01.json,data/reasoning_logs/raw/VanDerveer2021__phi-4-reasoning-plus__T070__R01.json,complete,438792311648ee22edf13b76916f4e33e7c8d8c7398a889c55ec1776200dc5cf,hpc_ag_table
raw,VanDerveer2021,content/reviewer_robustness_2026/raw/VanDerveer2021__phi-4-reasoning-plus__T070__R02.json,data/reasoning_logs/raw/VanDerveer2021__phi-4-reasoning-plus__T070__R02.json,complete,0e4f4b3e513b6da0a02bfea991ee0b0a9833b3aec886b835ddf19d1b291c73c0,hpc_ag_table
raw,VanDerveer2021,content/reviewer_robustness_2026/raw/VanDerveer2021__phi-4-reasoning-plus__T070__R03.json,data/reasoning_logs/raw/VanDerveer2021__phi-4-reasoning-plus__T070__R03.json,complete,8aa9247a4d8d51001b3b6442cf8889d43e46a07f8d4e6acf7de075a7236340ef,hpc_ag_table
raw,Wacongne2011,content/reviewer_robustness_2026/raw/Wacongne2011__gemma-4-31b-it__T000__R01.json,data/reasoning_logs/raw/Wacongne2011__gemma-4-31b-it__T000__R01.json,complete,a0eaf8f675f5a2bc56422566522abedc427037998c3d676c9eadd7c8025c9a0b,hpc_ag_table
raw,Wacongne2011,content/reviewer_robustness_2026/raw/Wacongne2011__gemma-4-31b-it__T000__R02.json,data/reasoning_logs/raw/Wacongne2011__gemma-4-31b-it__T000__R02.json,complete,b06815957177bccd803f501d299401bc1ba1b9b5ce02b559f05fcd2f178c0bb4,hpc_ag_table
raw,Wacongne2011,content/reviewer_robustness_2026/raw/Wacongne2011__gemma-4-31b-it__T000__R03.json,data/reasoning_logs/raw/Wacongne2011__gemma-4-31b-it__T000__R03.json,complete,48d9565733431046d82d838e2a528870c7eff2cbd220486486fbc46cb1253a45,hpc_ag_table
raw,Wacongne2011,content/reviewer_robustness_2026/raw/Wacongne2011__gemma-4-31b-it__T035__R01.json,data/reasoning_logs/raw/Wacongne2011__gemma-4-31b-it__T035__R01.json,complete,bd8e6738699f420d881d70a77300fb772de8e849a24d747f4a20b5a29823a34b,hpc_ag_table
raw,Wacongne2011,content/reviewer_robustness_2026/raw/Wacongne2011__gemma-4-31b-it__T035__R02.json,data/reasoning_logs/raw/Wacongne2011__gemma-4-31b-it__T035__R02.json,complete,b9775dd7103697a3bd6e275d1a8d4266e1d688a4238b9f0eb4b58751e282d6c5,hpc_ag_table
raw,Wacongne2011,content/reviewer_robustness_2026/raw/Wacongne2011__gemma-4-31b-it__T035__R03.json,data/reasoning_logs/raw/Wacongne2011__gemma-4-31b-it__T035__R03.json,complete,59f0a66af66c8dd9a0bd467d5163ad71eae43ef802ad9abcb558b4ddb082685b,hpc_ag_table
raw,Wacongne2011,content/reviewer_robustness_2026/raw/Wacongne2011__gemma-4-31b-it__T070__R01.json,data/reasoning_logs/raw/Wacongne2011__gemma-4-31b-it__T070__R01.json,complete,d3fded4b1eb64a197f86172df490989bcc1e3a138a5c391ccb578128efce6fc3,hpc_ag_table
raw,Wacongne2011,content/reviewer_robustness_2026/raw/Wacongne2011__gemma-4-31b-it__T070__R02.json,data/reasoning_logs/raw/Wacongne2011__gemma-4-31b-it__T070__R02.json,complete,079637da0f27382ac8780808f37f7ad5f19eec72c9922baa2f8f79f44fdc155b,hpc_ag_table
raw,Wacongne2011,content/reviewer_robustness_2026/raw/Wacongne2011__gemma-4-31b-it__T070__R03.json,data/reasoning_logs/raw/Wacongne2011__gemma-4-31b-it__T070__R03.json,complete,77740ea94401d17ba98e302efd94e2426216149c4557f67b70af7adfabffee89,hpc_ag_table
raw,Wacongne2011,content/reviewer_robustness_2026/raw/Wacongne2011__olmo-3-32b-think__T000__R01.json,data/reasoning_logs/raw/Wacongne2011__olmo-3-32b-think__T000__R01.json,complete,6786dbaa966964951a983c61a0b3703c81a6627d0de44babfd4db12e73bc4a3a,hpc_ag_table
raw,Wacongne2011,content/reviewer_robustness_2026/raw/Wacongne2011__olmo-3-32b-think__T000__R02.json,data/reasoning_logs/raw/Wacongne2011__olmo-3-32b-think__T000__R02.json,complete,883751cabd78aae17884f34a62c3d6b862797e9659de78b47c614655d3876359,hpc_ag_table
raw,Wacongne2011,content/reviewer_robustness_2026/raw/Wacongne2011__olmo-3-32b-think__T000__R03.json,data/reasoning_logs/raw/Wacongne2011__olmo-3-32b-think__T000__R03.json,complete,f9b2e144946015067be90703b4860015a3b20506fb95c3e6a5d98b8d5f3b0319,hpc_ag_table
raw,Wacongne2011,content/reviewer_robustness_2026/raw/Wacongne2011__olmo-3-32b-think__T035__R01.json,data/reasoning_logs/raw/Wacongne2011__olmo-3-32b-think__T035__R01.json,complete,142d94d17d97ace96952b54e7dad3488a890ba7bc1bb84d051f65f8d9ed7dfa3,hpc_ag_table
raw,Wacongne2011,content/reviewer_robustness_2026/raw/Wacongne2011__olmo-3-32b-think__T035__R02.json,data/reasoning_logs/raw/Wacongne2011__olmo-3-32b-think__T035__R02.json,complete,a30195d21d2e56711dadf9b9ebae819ad484cd3941571c226103b218d07af9ca,hpc_ag_table
raw,Wacongne2011,content/reviewer_robustness_2026/raw/Wacongne2011__olmo-3-32b-think__T035__R03.json,data/reasoning_logs/raw/Wacongne2011__olmo-3-32b-think__T035__R03.json,complete,4b5595e421f9b52ce3a8cf3b22a77055a270a6529209b8a7920e8b76f3aa9ec9,hpc_ag_table
raw,Wacongne2011,content/reviewer_robustness_2026/raw/Wacongne2011__olmo-3-32b-think__T070__R01.json,data/reasoning_logs/raw/Wacongne2011__olmo-3-32b-think__T070__R01.json,complete,823161c44436fd7ebf531c459248c0f954d6edcea6e27d3ed9400f90946a554a,hpc_ag_table
raw,Wacongne2011,content/reviewer_robustness_2026/raw/Wacongne2011__olmo-3-32b-think__T070__R02.json,data/reasoning_logs/raw/Wacongne2011__olmo-3-32b-think__T070__R02.json,complete,017204129804ce32e496882f8055a5e20e41268c8c75a080ec508ab877936d70,hpc_ag_table
raw,Wacongne2011,content/reviewer_robustness_2026/raw/Wacongne2011__olmo-3-32b-think__T070__R03.json,data/reasoning_logs/raw/Wacongne2011__olmo-3-32b-think__T070__R03.json,complete,4a3bbb602089fcb7e1d5a35adcee416cd45962c2cdf55b4d488dbfbd1c4dbd9f,hpc_ag_table
raw,Wacongne2011,content/reviewer_robustness_2026/raw/Wacongne2011__phi-4-reasoning-plus__T000__R01.json,data/reasoning_logs/raw/Wacongne2011__phi-4-reasoning-plus__T000__R01.json,complete,a444ae48074bb1e6c6fb5836ac5cf3a00d6829761602e1de75ad26b487ee5c71,hpc_ag_table
raw,Wacongne2011,content/reviewer_robustness_2026/raw/Wacongne2011__phi-4-reasoning-plus__T000__R02.json,data/reasoning_logs/raw/Wacongne2011__phi-4-reasoning-plus__T000__R02.json,complete,39b8aa4ade50d28885df2dda749f0e572f7ddbc2fee5587018f2e57c574dabe2,hpc_ag_table
raw,Wacongne2011,content/reviewer_robustness_2026/raw/Wacongne2011__phi-4-reasoning-plus__T000__R03.json,data/reasoning_logs/raw/Wacongne2011__phi-4-reasoning-plus__T000__R03.json,complete,97077b7c28ca9f21ebea170f4a1bf9bf5b357e1d85bdedd81fdb388ac14b802f,hpc_ag_table
raw,Wacongne2011,content/reviewer_robustness_2026/raw/Wacongne2011__phi-4-reasoning-plus__T035__R01.json,data/reasoning_logs/raw/Wacongne2011__phi-4-reasoning-plus__T035__R01.json,complete,e331fefd35b61cd15c33f585c6bc92955d60235b781b0c1b5c787b88fe7e6c5c,hpc_ag_table
raw,Wacongne2011,content/reviewer_robustness_2026/raw/Wacongne2011__phi-4-reasoning-plus__T035__R02.json,data/reasoning_logs/raw/Wacongne2011__phi-4-reasoning-plus__T035__R02.json,complete,2c245b45f329a31306849cc9c77b044837ff9b31a54c39eb810376a1ea0633c9,hpc_ag_table
raw,Wacongne2011,content/reviewer_robustness_2026/raw/Wacongne2011__phi-4-reasoning-plus__T035__R03.json,data/reasoning_logs/raw/Wacongne2011__phi-4-reasoning-plus__T035__R03.json,complete,dfb561731e6cd4d79f128df3bb22580a0e1ad229ec3004b1c9249244385f64ad,hpc_ag_table
raw,Wacongne2011,content/reviewer_robustness_2026/raw/Wacongne2011__phi-4-reasoning-plus__T070__R01.json,data/reasoning_logs/raw/Wacongne2011__phi-4-reasoning-plus__T070__R01.json,complete,f137764f8febbe1df7715f56d81c3a0b30880f7855dd299703e2bd25d93b8714,hpc_ag_table
raw,Wacongne2011,content/reviewer_robustness_2026/raw/Wacongne2011__phi-4-reasoning-plus__T070__R02.json,data/reasoning_logs/raw/Wacongne2011__phi-4-reasoning-plus__T070__R02.json,complete,6f5ba437082a229cdfd7787b98cfe7bd27d4ddfc8d382833f74993bd228c1bb6,hpc_ag_table
raw,Wacongne2011,content/reviewer_robustness_2026/raw/Wacongne2011__phi-4-reasoning-plus__T070__R03.json,data/reasoning_logs/raw/Wacongne2011__phi-4-reasoning-plus__T070__R03.json,complete,986b1168b4ca74033372fe231896dcf58398088664c31fe302e0292f94a90aa9,hpc_ag_table
raw,Wacongne2012,content/reviewer_robustness_2026/raw/Wacongne2012__gemma-4-31b-it__T000__R01.json,data/reasoning_logs/raw/Wacongne2012__gemma-4-31b-it__T000__R01.json,complete,d53987119cb6a291b5caf76da60e64e7304ed0e3cf165e939e37aa9d1c1ee5ae,hpc_ag_table
raw,Wacongne2012,content/reviewer_robustness_2026/raw/Wacongne2012__gemma-4-31b-it__T000__R02.json,data/reasoning_logs/raw/Wacongne2012__gemma-4-31b-it__T000__R02.json,complete,fe4a22c188c9d9656fe4936e029b2068723a5c41dbea0182a85b03a1885994d2,hpc_ag_table
raw,Wacongne2012,content/reviewer_robustness_2026/raw/Wacongne2012__gemma-4-31b-it__T000__R03.json,data/reasoning_logs/raw/Wacongne2012__gemma-4-31b-it__T000__R03.json,complete,d1229a401a5f079351da3c28ba64deb1bb2880a23218a3089fe0e7ee7a025926,hpc_ag_table
raw,Wacongne2012,content/reviewer_robustness_2026/raw/Wacongne2012__gemma-4-31b-it__T035__R01.json,data/reasoning_logs/raw/Wacongne2012__gemma-4-31b-it__T035__R01.json,complete,b3049f096436f92cd26260c17b31eb52fdba04cf439441376d9553272aa8425e,hpc_ag_table
raw,Wacongne2012,content/reviewer_robustness_2026/raw/Wacongne2012__gemma-4-31b-it__T035__R02.json,data/reasoning_logs/raw/Wacongne2012__gemma-4-31b-it__T035__R02.json,complete,b1c37ee6e64f28b7bddbc4674f433ba69d505bf56c0e134c3c10595e13803478,hpc_ag_table
raw,Wacongne2012,content/reviewer_robustness_2026/raw/Wacongne2012__gemma-4-31b-it__T035__R03.json,data/reasoning_logs/raw/Wacongne2012__gemma-4-31b-it__T035__R03.json,complete,6ec4a015154d230542245ff53ccbdf3e683a61fd66869603d8d4eb83c55b3c94,hpc_ag_table
raw,Wacongne2012,content/reviewer_robustness_2026/raw/Wacongne2012__gemma-4-31b-it__T070__R01.json,data/reasoning_logs/raw/Wacongne2012__gemma-4-31b-it__T070__R01.json,complete,cf261e6f276058af1df56055366202c30daa4f8ce67196a79ce7a4e066584d97,hpc_ag_table
raw,Wacongne2012,content/reviewer_robustness_2026/raw/Wacongne2012__gemma-4-31b-it__T070__R02.json,data/reasoning_logs/raw/Wacongne2012__gemma-4-31b-it__T070__R02.json,complete,3007bb7a64868b98e1041ef62cd409afe02c5e508793b38a23866fc02110de59,hpc_ag_table
raw,Wacongne2012,content/reviewer_robustness_2026/raw/Wacongne2012__gemma-4-31b-it__T070__R03.json,data/reasoning_logs/raw/Wacongne2012__gemma-4-31b-it__T070__R03.json,complete,cf8c13c2868d81499bfbbf5528079dd361c6af9b982ec78d7d5fdabd71121947,hpc_ag_table
raw,Wacongne2012,content/reviewer_robustness_2026/raw/Wacongne2012__olmo-3-32b-think__T000__R01.json,data/reasoning_logs/raw/Wacongne2012__olmo-3-32b-think__T000__R01.json,complete,1ee3066e28b02e76d36c0379163b390117b44d21f7eb17537e098a5e1c12f0cb,hpc_ag_table
raw,Wacongne2012,content/reviewer_robustness_2026/raw/Wacongne2012__olmo-3-32b-think__T000__R02.json,data/reasoning_logs/raw/Wacongne2012__olmo-3-32b-think__T000__R02.json,complete,047fc0133dca1df8649a2bc948d379263864bd1cc2029ffb7c7c5453c6a42090,hpc_ag_table
raw,Wacongne2012,content/reviewer_robustness_2026/raw/Wacongne2012__olmo-3-32b-think__T000__R03.json,data/reasoning_logs/raw/Wacongne2012__olmo-3-32b-think__T000__R03.json,complete,ff36a433539c8f9d76dc1950f5dada939c0034e7fbcdb584aea8f6d8d62216f0,hpc_ag_table
raw,Wacongne2012,content/reviewer_robustness_2026/raw/Wacongne2012__olmo-3-32b-think__T035__R01.json,data/reasoning_logs/raw/Wacongne2012__olmo-3-32b-think__T035__R01.json,complete,224e1bad0dc9dc519761c32dfc1b7376697a2d0c7d388826b3fa49da27d687ac,hpc_ag_table
raw,Wacongne2012,content/reviewer_robustness_2026/raw/Wacongne2012__olmo-3-32b-think__T035__R02.json,data/reasoning_logs/raw/Wacongne2012__olmo-3-32b-think__T035__R02.json,complete,0503afc1c68f7ffed07cb4dae0cd6ea9895214c15aa5c95939462110f7fe9a45,hpc_ag_table
raw,Wacongne2012,content/reviewer_robustness_2026/raw/Wacongne2012__olmo-3-32b-think__T035__R03.json,data/reasoning_logs/raw/Wacongne2012__olmo-3-32b-think__T035__R03.json,complete,fdeb9b673a5f61032584e0d1ca244985af196efc92b5455de44e66202dec978c,hpc_ag_table
raw,Wacongne2012,content/reviewer_robustness_2026/raw/Wacongne2012__olmo-3-32b-think__T070__R01.json,data/reasoning_logs/raw/Wacongne2012__olmo-3-32b-think__T070__R01.json,complete,3e5bf581b05276eeb31cfe686def3a886bad8dfdd61f3b180e34cf6e0595978c,hpc_ag_table
raw,Wacongne2012,content/reviewer_robustness_2026/raw/Wacongne2012__olmo-3-32b-think__T070__R02.json,data/reasoning_logs/raw/Wacongne2012__olmo-3-32b-think__T070__R02.json,complete,f498a2c1426e87f67542a55d0fd01ec967e05b98c6b0456327dedde9b9951b01,hpc_ag_table
raw,Wacongne2012,content/reviewer_robustness_2026/raw/Wacongne2012__olmo-3-32b-think__T070__R03.json,data/reasoning_logs/raw/Wacongne2012__olmo-3-32b-think__T070__R03.json,complete,488061e0616587e6b5fe9fae6c60d8366b95c7da468a308163c3db765494c1c4,hpc_ag_table
raw,Wacongne2012,content/reviewer_robustness_2026/raw/Wacongne2012__phi-4-reasoning-plus__T000__R01.json,data/reasoning_logs/raw/Wacongne2012__phi-4-reasoning-plus__T000__R01.json,complete,f29b4c6e5ee92c36f166c5647094374d2220cee3bc1408ad8aed3126ccbd577e,hpc_ag_table
raw,Wacongne2012,content/reviewer_robustness_2026/raw/Wacongne2012__phi-4-reasoning-plus__T000__R02.json,data/reasoning_logs/raw/Wacongne2012__phi-4-reasoning-plus__T000__R02.json,complete,32b6380a3655ef44c4ae99a1074c180e3461a54d7ad39aeb38a8867388b0be4b,hpc_ag_table
raw,Wacongne2012,content/reviewer_robustness_2026/raw/Wacongne2012__phi-4-reasoning-plus__T000__R03.json,data/reasoning_logs/raw/Wacongne2012__phi-4-reasoning-plus__T000__R03.json,complete,7dfea4f806e5661002b6dc27a33e1b3568d2536b4fd9b41a5c6d48ac3b48c5de,hpc_ag_table
raw,Wacongne2012,content/reviewer_robustness_2026/raw/Wacongne2012__phi-4-reasoning-plus__T035__R01.json,data/reasoning_logs/raw/Wacongne2012__phi-4-reasoning-plus__T035__R01.json,complete,42e78eeec4e93212e9c1ccd51576dde4b426d9132d228320fc94e73a18b5f704,hpc_ag_table
raw,Wacongne2012,content/reviewer_robustness_2026/raw/Wacongne2012__phi-4-reasoning-plus__T035__R02.json,data/reasoning_logs/raw/Wacongne2012__phi-4-reasoning-plus__T035__R02.json,complete,c2fab0a4278a0efe46a2928caa5c2623bfbc2292a81f7a2875f3c308fae0b9c2,hpc_ag_table
raw,Wacongne2012,content/reviewer_robustness_2026/raw/Wacongne2012__phi-4-reasoning-plus__T035__R03.json,data/reasoning_logs/raw/Wacongne2012__phi-4-reasoning-plus__T035__R03.json,complete,03e64c14a543454c57460da438c3b5a2d1c980bd40eb12fa66f861b88619374c,hpc_ag_table
raw,Wacongne2012,content/reviewer_robustness_2026/raw/Wacongne2012__phi-4-reasoning-plus__T070__R01.json,data/reasoning_logs/raw/Wacongne2012__phi-4-reasoning-plus__T070__R01.json,complete,be11f4eb156f77fd4c10702040d3206ef7a8dc5239e1304e2eca3efa284cf9cf,hpc_ag_table
raw,Wacongne2012,content/reviewer_robustness_2026/raw/Wacongne2012__phi-4-reasoning-plus__T070__R02.json,data/reasoning_logs/raw/Wacongne2012__phi-4-reasoning-plus__T070__R02.json,complete,bd69a62e577e0586d59a9185b213796fe358cca540bb6e0bf227033449cbe674,hpc_ag_table
raw,Wacongne2012,content/reviewer_robustness_2026/raw/Wacongne2012__phi-4-reasoning-plus__T070__R03.json,data/reasoning_logs/raw/Wacongne2012__phi-4-reasoning-plus__T070__R03.json,complete,c565977b05bae7bad343d5b35d0bb603841fdab287d35ab163af3cdfcb311e3b,hpc_ag_table
raw,Westerberg&Xiong2025,content/reviewer_robustness_2026/raw/Westerberg&Xiong2025__gemma-4-31b-it__T000__R01.json,data/reasoning_logs/raw/Westerberg&Xiong2025__gemma-4-31b-it__T000__R01.json,complete,d7ea3978001b80cb3d7647c3ff5bed5135d30d7a2713e85b7b3a611adc6fab67,hpc_ag_table
raw,Westerberg&Xiong2025,content/reviewer_robustness_2026/raw/Westerberg&Xiong2025__gemma-4-31b-it__T000__R02.json,data/reasoning_logs/raw/Westerberg&Xiong2025__gemma-4-31b-it__T000__R02.json,complete,8b0adc198fda5d2f3247982c5193dd931e5c9520bfac4c5519d8fbfd8afefc88,hpc_ag_table
raw,Westerberg&Xiong2025,content/reviewer_robustness_2026/raw/Westerberg&Xiong2025__gemma-4-31b-it__T000__R03.json,data/reasoning_logs/raw/Westerberg&Xiong2025__gemma-4-31b-it__T000__R03.json,complete,91ebd693216d727841c0fd1ada8344ff4da44a803310e9a6b654b99796381bb9,hpc_ag_table
raw,Westerberg&Xiong2025,content/reviewer_robustness_2026/raw/Westerberg&Xiong2025__gemma-4-31b-it__T035__R01.json,data/reasoning_logs/raw/Westerberg&Xiong2025__gemma-4-31b-it__T035__R01.json,complete,a67772b9a881555f8ef1bad3874a8a74c0764703d7adffce79fb633ebf21ac8c,hpc_ag_table
raw,Westerberg&Xiong2025,content/reviewer_robustness_2026/raw/Westerberg&Xiong2025__gemma-4-31b-it__T035__R02.json,data/reasoning_logs/raw/Westerberg&Xiong2025__gemma-4-31b-it__T035__R02.json,complete,85c64a884ee5d0b714c359f939f7822091b1e33552b6571db0e11d69ff54d7dd,hpc_ag_table
raw,Westerberg&Xiong2025,content/reviewer_robustness_2026/raw/Westerberg&Xiong2025__gemma-4-31b-it__T035__R03.json,data/reasoning_logs/raw/Westerberg&Xiong2025__gemma-4-31b-it__T035__R03.json,complete,727160101f39e19d4f53c28ec810a36f1d76838de99ad68b17f8208dc355f921,hpc_ag_table
raw,Westerberg&Xiong2025,content/reviewer_robustness_2026/raw/Westerberg&Xiong2025__gemma-4-31b-it__T070__R01.json,data/reasoning_logs/raw/Westerberg&Xiong2025__gemma-4-31b-it__T070__R01.json,complete,457506c0277a3dbb2dba6e2b011db1bbd4c75ad1373125b352064885689cb6b7,hpc_ag_table
raw,Westerberg&Xiong2025,content/reviewer_robustness_2026/raw/Westerberg&Xiong2025__gemma-4-31b-it__T070__R02.json,data/reasoning_logs/raw/Westerberg&Xiong2025__gemma-4-31b-it__T070__R02.json,complete,696e9a1a144ed56e4e92da2dcdf09edf53c5c388fff8b760636887881375d588,hpc_ag_table
raw,Westerberg&Xiong2025,content/reviewer_robustness_2026/raw/Westerberg&Xiong2025__gemma-4-31b-it__T070__R03.json,data/reasoning_logs/raw/Westerberg&Xiong2025__gemma-4-31b-it__T070__R03.json,complete,7c181ef5c26408fcf25edff097cd6597f55a5ccffb52fba9fa6a22526129d3f0,hpc_ag_table
raw,Westerberg&Xiong2025,content/reviewer_robustness_2026/raw/Westerberg&Xiong2025__olmo-3-32b-think__T000__R01.json,data/reasoning_logs/raw/Westerberg&Xiong2025__olmo-3-32b-think__T000__R01.json,complete,f9d1f40992d468733efcb09d66307ab13ecc0025af9a9f6873d38318c9db5951,hpc_ag_table
raw,Westerberg&Xiong2025,content/reviewer_robustness_2026/raw/Westerberg&Xiong2025__olmo-3-32b-think__T000__R02.json,data/reasoning_logs/raw/Westerberg&Xiong2025__olmo-3-32b-think__T000__R02.json,complete,448a8c3117d7ef33fb9bf6f1759a316953089888e0ab2cde6031d1fa2f3eeb22,hpc_ag_table
raw,Westerberg&Xiong2025,content/reviewer_robustness_2026/raw/Westerberg&Xiong2025__olmo-3-32b-think__T000__R03.json,data/reasoning_logs/raw/Westerberg&Xiong2025__olmo-3-32b-think__T000__R03.json,complete,cdd889324a0f7f67f7d5e96834b8a6ba36d950de87affa2ab13bece5ea42a879,hpc_ag_table
raw,Westerberg&Xiong2025,content/reviewer_robustness_2026/raw/Westerberg&Xiong2025__olmo-3-32b-think__T035__R01.json,data/reasoning_logs/raw/Westerberg&Xiong2025__olmo-3-32b-think__T035__R01.json,complete,14db4ed3b146a5edcc8ad2d8b6fa0273151e7a1db16e8eb560d1c0e7c42c011f,hpc_ag_table
raw,Westerberg&Xiong2025,content/reviewer_robustness_2026/raw/Westerberg&Xiong2025__olmo-3-32b-think__T035__R02.json,data/reasoning_logs/raw/Westerberg&Xiong2025__olmo-3-32b-think__T035__R02.json,complete,be429410cf8c8544853847a4b51ebefd14431df29499c59effc910472c51e9ff,hpc_ag_table
raw,Westerberg&Xiong2025,content/reviewer_robustness_2026/raw/Westerberg&Xiong2025__olmo-3-32b-think__T035__R03.json,data/reasoning_logs/raw/Westerberg&Xiong2025__olmo-3-32b-think__T035__R03.json,complete,2fdc3a9c57e934e2fe0d7e5e70e4a663d5353fefe5398584bc2eb4c0d47d84e4,hpc_ag_table
raw,Westerberg&Xiong2025,content/reviewer_robustness_2026/raw/Westerberg&Xiong2025__olmo-3-32b-think__T070__R01.json,data/reasoning_logs/raw/Westerberg&Xiong2025__olmo-3-32b-think__T070__R01.json,complete,96c5e7ea7c24a551badccb70e0ce16b07f5abb23220e696c9577eab6e289ecff,hpc_ag_table
raw,Westerberg&Xiong2025,content/reviewer_robustness_2026/raw/Westerberg&Xiong2025__olmo-3-32b-think__T070__R02.json,data/reasoning_logs/raw/Westerberg&Xiong2025__olmo-3-32b-think__T070__R02.json,complete,021b1eefc26cb8e850ec8a7277819dc701a8ae97a176d535d61b3529ae12c3ac,hpc_ag_table
raw,Westerberg&Xiong2025,content/reviewer_robustness_2026/raw/Westerberg&Xiong2025__olmo-3-32b-think__T070__R03.json,data/reasoning_logs/raw/Westerberg&Xiong2025__olmo-3-32b-think__T070__R03.json,complete,77dad2e9e93cd370acf995f21edcffd4f6dac1b00b90922069e14362cdaffd38,hpc_ag_table
raw,Westerberg&Xiong2025,content/reviewer_robustness_2026/raw/Westerberg&Xiong2025__phi-4-reasoning-plus__T000__R01.json,data/reasoning_logs/raw/Westerberg&Xiong2025__phi-4-reasoning-plus__T000__R01.json,complete,d13bbd28f656ec445a83eec69f0a670cf0cb394fc8809e8bb0b04c8c3669c59c,hpc_ag_table
raw,Westerberg&Xiong2025,content/reviewer_robustness_2026/raw/Westerberg&Xiong2025__phi-4-reasoning-plus__T000__R02.json,data/reasoning_logs/raw/Westerberg&Xiong2025__phi-4-reasoning-plus__T000__R02.json,complete,5b17335ee43460434f23646c0777ac8ad91f6bdee468977b9ea9132d4ab2f69e,hpc_ag_table
raw,Westerberg&Xiong2025,content/reviewer_robustness_2026/raw/Westerberg&Xiong2025__phi-4-reasoning-plus__T000__R03.json,data/reasoning_logs/raw/Westerberg&Xiong2025__phi-4-reasoning-plus__T000__R03.json,complete,10d5a1dde074db0a5a98e3f70be0408fa6ca15f657e23c4e4c1fe73808c35932,hpc_ag_table
raw,Westerberg&Xiong2025,content/reviewer_robustness_2026/raw/Westerberg&Xiong2025__phi-4-reasoning-plus__T035__R01.json,data/reasoning_logs/raw/Westerberg&Xiong2025__phi-4-reasoning-plus__T035__R01.json,complete,2db38dc54ccccc6d07c3fb20b9757864005bde947868d60e31215e8fc1c9bd54,hpc_ag_table
raw,Westerberg&Xiong2025,content/reviewer_robustness_2026/raw/Westerberg&Xiong2025__phi-4-reasoning-plus__T035__R02.json,data/reasoning_logs/raw/Westerberg&Xiong2025__phi-4-reasoning-plus__T035__R02.json,complete,250f22f411fe9617aa6de6af4a4c052256f5726cf99d0a2f9e4e28ee534f51e3,hpc_ag_table
raw,Westerberg&Xiong2025,content/reviewer_robustness_2026/raw/Westerberg&Xiong2025__phi-4-reasoning-plus__T035__R03.json,data/reasoning_logs/raw/Westerberg&Xiong2025__phi-4-reasoning-plus__T035__R03.json,complete,c61e95f99554bfb560f6f0d166c48d0e73f0eeb60f715fe125279b39dbbd4d62,hpc_ag_table
raw,Westerberg&Xiong2025,content/reviewer_robustness_2026/raw/Westerberg&Xiong2025__phi-4-reasoning-plus__T070__R01.json,data/reasoning_logs/raw/Westerberg&Xiong2025__phi-4-reasoning-plus__T070__R01.json,complete,5b6bcfc70ded535680db49f331bd420b8e8d356cb90893a11a25ef6f7a00fe5a,hpc_ag_table
raw,Westerberg&Xiong2025,content/reviewer_robustness_2026/raw/Westerberg&Xiong2025__phi-4-reasoning-plus__T070__R02.json,data/reasoning_logs/raw/Westerberg&Xiong2025__phi-4-reasoning-plus__T070__R02.json,complete,00a64046369064b7e910d4e43d3e360a6296707eee4fc09905adda7ecb07ebbe,hpc_ag_table
raw,Westerberg&Xiong2025,content/reviewer_robustness_2026/raw/Westerberg&Xiong2025__phi-4-reasoning-plus__T070__R03.json,data/reasoning_logs/raw/Westerberg&Xiong2025__phi-4-reasoning-plus__T070__R03.json,complete,c8ed89055dfcd38ae3186d4f62d9dacf9b49939de9997d3f67b39ac834a22b56,hpc_ag_table
raw,Yamins2014,content/reviewer_robustness_2026/raw/Yamins2014__gemma-4-31b-it__T000__R01.json,data/reasoning_logs/raw/Yamins2014__gemma-4-31b-it__T000__R01.json,complete,876e7463bac9285ff3c1fb597c4760f4510ef3b376d1ad7eafffe1c0bc5e6292,hpc_ag_table
raw,Yamins2014,content/reviewer_robustness_2026/raw/Yamins2014__gemma-4-31b-it__T000__R02.json,data/reasoning_logs/raw/Yamins2014__gemma-4-31b-it__T000__R02.json,complete,e7b392df1acab64bdf8edccfdc863d220f7e659902f862a26db160ff60d14000,hpc_ag_table
raw,Yamins2014,content/reviewer_robustness_2026/raw/Yamins2014__gemma-4-31b-it__T000__R03.json,data/reasoning_logs/raw/Yamins2014__gemma-4-31b-it__T000__R03.json,complete,f763ea5c02ced9c8579e4b0849295821829a02938aff82620c1ce1f125d6b110,hpc_ag_table
raw,Yamins2014,content/reviewer_robustness_2026/raw/Yamins2014__gemma-4-31b-it__T035__R01.json,data/reasoning_logs/raw/Yamins2014__gemma-4-31b-it__T035__R01.json,complete,908e842ea975cb4f779a469f738a23302210cc96b003c3fad22c944e78a4e36e,hpc_ag_table
raw,Yamins2014,content/reviewer_robustness_2026/raw/Yamins2014__gemma-4-31b-it__T035__R02.json,data/reasoning_logs/raw/Yamins2014__gemma-4-31b-it__T035__R02.json,complete,fdd6e15898af41f6b3203b5e5fc938baad637fb5e48d1b0def30d40e9e843efb,hpc_ag_table
raw,Yamins2014,content/reviewer_robustness_2026/raw/Yamins2014__gemma-4-31b-it__T035__R03.json,data/reasoning_logs/raw/Yamins2014__gemma-4-31b-it__T035__R03.json,complete,86b207787e4b67b251e629e491dd58605d8ef91133c2b49093e11b4d0e3d8978,hpc_ag_table
raw,Yamins2014,content/reviewer_robustness_2026/raw/Yamins2014__gemma-4-31b-it__T070__R01.json,data/reasoning_logs/raw/Yamins2014__gemma-4-31b-it__T070__R01.json,complete,5ff3ff09893c1b9e1d2160784d74ac838e4f872335979a4f62cd7345ae386123,hpc_ag_table
raw,Yamins2014,content/reviewer_robustness_2026/raw/Yamins2014__gemma-4-31b-it__T070__R02.json,data/reasoning_logs/raw/Yamins2014__gemma-4-31b-it__T070__R02.json,complete,2ae81966770698de0031e0e1d2cec182cba2ea1fae7341a7aa68c678f9766723,hpc_ag_table
raw,Yamins2014,content/reviewer_robustness_2026/raw/Yamins2014__gemma-4-31b-it__T070__R03.json,data/reasoning_logs/raw/Yamins2014__gemma-4-31b-it__T070__R03.json,complete,f56fcf5a5df3c33d892c90a6c0d1d98575398729811d14ad0a5310b990904206,hpc_ag_table
raw,Yamins2014,content/reviewer_robustness_2026/raw/Yamins2014__olmo-3-32b-think__T000__R01.json,data/reasoning_logs/raw/Yamins2014__olmo-3-32b-think__T000__R01.json,complete,0d6ca074adc4e901c58563e85c4a27cfdc500374e056fa042551f6d5dea61dac,hpc_ag_table
raw,Yamins2014,content/reviewer_robustness_2026/raw/Yamins2014__olmo-3-32b-think__T000__R02.json,data/reasoning_logs/raw/Yamins2014__olmo-3-32b-think__T000__R02.json,complete,dfe1011092236022dcea25104de4fc1f7be9c59eda6ef6869409a5662401cc24,hpc_ag_table
raw,Yamins2014,content/reviewer_robustness_2026/raw/Yamins2014__olmo-3-32b-think__T000__R03.json,data/reasoning_logs/raw/Yamins2014__olmo-3-32b-think__T000__R03.json,complete,395d2a2e2ff19156747b29f5a55d783b9efed9d5ba80c3efae4311047ac6ac13,hpc_ag_table
raw,Yamins2014,content/reviewer_robustness_2026/raw/Yamins2014__olmo-3-32b-think__T035__R01.json,data/reasoning_logs/raw/Yamins2014__olmo-3-32b-think__T035__R01.json,complete,b64e4a75a5b2ad8006903b29b8c89877ea65757a65ea0115f6badcd593f24ba5,hpc_ag_table
raw,Yamins2014,content/reviewer_robustness_2026/raw/Yamins2014__olmo-3-32b-think__T035__R02.json,data/reasoning_logs/raw/Yamins2014__olmo-3-32b-think__T035__R02.json,complete,8975c4c683144f4d36611aa6b75ff382048a03c3238e24f486712e251f5297b6,hpc_ag_table
raw,Yamins2014,content/reviewer_robustness_2026/raw/Yamins2014__olmo-3-32b-think__T035__R03.json,data/reasoning_logs/raw/Yamins2014__olmo-3-32b-think__T035__R03.json,complete,6f725f341ba89818a83749f9988406e298fccd6f39124d7c9190c1b6a5d87614,hpc_ag_table
raw,Yamins2014,content/reviewer_robustness_2026/raw/Yamins2014__olmo-3-32b-think__T070__R01.json,data/reasoning_logs/raw/Yamins2014__olmo-3-32b-think__T070__R01.json,complete,671302e778a1dca00625abb3d394da153515885f8bb8e76995f3895fa0287bf7,hpc_ag_table
raw,Yamins2014,content/reviewer_robustness_2026/raw/Yamins2014__olmo-3-32b-think__T070__R02.json,data/reasoning_logs/raw/Yamins2014__olmo-3-32b-think__T070__R02.json,complete,ff87120a68d81d5eea973f80f380babc8c8b9b5285429108dbe85a26aa42e3d1,hpc_ag_table
raw,Yamins2014,content/reviewer_robustness_2026/raw/Yamins2014__olmo-3-32b-think__T070__R03.json,data/reasoning_logs/raw/Yamins2014__olmo-3-32b-think__T070__R03.json,complete,b7ad814e26812f207549ab544dd6defacc69fa97e67da8180ce90e6a311be4d5,hpc_ag_table
raw,Yamins2014,content/reviewer_robustness_2026/raw/Yamins2014__phi-4-reasoning-plus__T000__R01.json,data/reasoning_logs/raw/Yamins2014__phi-4-reasoning-plus__T000__R01.json,complete,8e313f03025a9a3235f82379604e7f3eeee0cb6216ddab2355402a00d5a6b895,hpc_ag_table
raw,Yamins2014,content/reviewer_robustness_2026/raw/Yamins2014__phi-4-reasoning-plus__T000__R02.json,data/reasoning_logs/raw/Yamins2014__phi-4-reasoning-plus__T000__R02.json,complete,7e85fc78f9d81853ed550d5899ce0429f98256fb2764673d029c676e543338ec,hpc_ag_table
raw,Yamins2014,content/reviewer_robustness_2026/raw/Yamins2014__phi-4-reasoning-plus__T000__R03.json,data/reasoning_logs/raw/Yamins2014__phi-4-reasoning-plus__T000__R03.json,complete,7f3274369a838f074e5e0d2f074047cb052276f1d28554ec9ccedc880d762266,hpc_ag_table
raw,Yamins2014,content/reviewer_robustness_2026/raw/Yamins2014__phi-4-reasoning-plus__T035__R01.json,data/reasoning_logs/raw/Yamins2014__phi-4-reasoning-plus__T035__R01.json,complete,050038d807f0b1ecd754ec4afb3b5ecefbdce29eb6f884dccfed728d525f2475,hpc_ag_table
raw,Yamins2014,content/reviewer_robustness_2026/raw/Yamins2014__phi-4-reasoning-plus__T035__R02.json,data/reasoning_logs/raw/Yamins2014__phi-4-reasoning-plus__T035__R02.json,complete,eb925daeb3870455bc53cd28aebc71f6a55e142e855c67931bb5aede9bd55f3b,hpc_ag_table
raw,Yamins2014,content/reviewer_robustness_2026/raw/Yamins2014__phi-4-reasoning-plus__T035__R03.json,data/reasoning_logs/raw/Yamins2014__phi-4-reasoning-plus__T035__R03.json,complete,72bf86966eca07656d711f4a73c927738a27c820d77c5843c1d7171697ad5059,hpc_ag_table
raw,Yamins2014,content/reviewer_robustness_2026/raw/Yamins2014__phi-4-reasoning-plus__T070__R01.json,data/reasoning_logs/raw/Yamins2014__phi-4-reasoning-plus__T070__R01.json,complete,9fae54a3af6e95cf7c3446239deab3c6735f2c15c8dad5cca1931d4c867518bd,hpc_ag_table
raw,Yamins2014,content/reviewer_robustness_2026/raw/Yamins2014__phi-4-reasoning-plus__T070__R02.json,data/reasoning_logs/raw/Yamins2014__phi-4-reasoning-plus__T070__R02.json,complete,a6b08bbf63c1a3d27f42379566973268daa41f2fce65d585ede6b23c02723024,hpc_ag_table
raw,Yamins2014,content/reviewer_robustness_2026/raw/Yamins2014__phi-4-reasoning-plus__T070__R03.json,data/reasoning_logs/raw/Yamins2014__phi-4-reasoning-plus__T070__R03.json,complete,f8b6d9002df110d59bccbf9223a8f4d9ed2c297e0f9ea4ebf2a7739a14c86c36,hpc_ag_table
