condition_id,paper_id,scientific_model,served_model_id,temperature,top_p,min_p,repeat,concurrency,http_status,latency_seconds,attempts,parse_status,parser_method,parser_version,is_valid,is_recovered,git_commit,request_start_timestamp,request_end_timestamp
Attinger2017__gemma-4-31b-it__T000__R01,Attinger2017,gemma-4-31b-it,gemma-4-31b-it,0.0,0.9,0.1,1,4,200,,1,recovered,extracted_json_block,v2.0_offline,False,True,02912c2c0d6244f09312d1a26068fc0e648240c1,,
Attinger2017__gemma-4-31b-it__T000__R02,Attinger2017,gemma-4-31b-it,gemma-4-31b-it,0.0,0.9,0.1,2,4,200,,1,recovered,extracted_json_block,v2.0_offline,False,True,02912c2c0d6244f09312d1a26068fc0e648240c1,,
Attinger2017__gemma-4-31b-it__T000__R03,Attinger2017,gemma-4-31b-it,gemma-4-31b-it,0.0,0.9,0.1,3,4,200,,1,recovered,extracted_json_block,v2.0_offline,False,True,02912c2c0d6244f09312d1a26068fc0e648240c1,,
Attinger2017__gemma-4-31b-it__T035__R01,Attinger2017,gemma-4-31b-it,gemma-4-31b-it,0.35,0.9,0.1,1,2,200,,1,recovered,extracted_json_block,v2.0_offline,False,True,02912c2c0d6244f09312d1a26068fc0e648240c1,,
Attinger2017__gemma-4-31b-it__T035__R02,Attinger2017,gemma-4-31b-it,gemma-4-31b-it,0.35,0.9,0.1,2,2,200,,1,recovered,extracted_json_block,v2.0_offline,False,True,02912c2c0d6244f09312d1a26068fc0e648240c1,,
Attinger2017__gemma-4-31b-it__T035__R03,Attinger2017,gemma-4-31b-it,gemma-4-31b-it,0.35,0.9,0.1,3,2,200,,1,recovered,extracted_json_block,v2.0_offline,False,True,02912c2c0d6244f09312d1a26068fc0e648240c1,,
Attinger2017__gemma-4-31b-it__T070__R01,Attinger2017,gemma-4-31b-it,gemma-4-31b-it,0.7,0.9,0.1,1,2,200,,1,recovered,extracted_json_block,v2.0_offline,False,True,02912c2c0d6244f09312d1a26068fc0e648240c1,,
Attinger2017__gemma-4-31b-it__T070__R02,Attinger2017,gemma-4-31b-it,gemma-4-31b-it,0.7,0.9,0.1,2,2,200,,1,recovered,extracted_json_block,v2.0_offline,False,True,02912c2c0d6244f09312d1a26068fc0e648240c1,,
Attinger2017__gemma-4-31b-it__T070__R03,Attinger2017,gemma-4-31b-it,gemma-4-31b-it,0.7,0.9,0.1,3,2,200,,1,recovered,extracted_json_block,v2.0_offline,False,True,02912c2c0d6244f09312d1a26068fc0e648240c1,,
Attinger2017__olmo-3-32b-think__T000__R01,Attinger2017,olmo-3-32b-think,olmo-3-32b-think-mlx,0.0,0.9,0.1,1,2,200,,1,recovered,extracted_json_block,v2.0_offline,False,True,02912c2c0d6244f09312d1a26068fc0e648240c1,,
Attinger2017__olmo-3-32b-think__T000__R02,Attinger2017,olmo-3-32b-think,olmo-3-32b-think-mlx,0.0,0.9,0.1,2,2,200,,1,recovered,extracted_json_block,v2.0_offline,False,True,02912c2c0d6244f09312d1a26068fc0e648240c1,,
Attinger2017__olmo-3-32b-think__T000__R03,Attinger2017,olmo-3-32b-think,olmo-3-32b-think,0.0,0.9,0.1,3,1,400,,3,unrecoverable,failed,v2.0_offline,False,False,02912c2c0d6244f09312d1a26068fc0e648240c1,,
Attinger2017__olmo-3-32b-think__T035__R01,Attinger2017,olmo-3-32b-think,olmo-3-32b-think,0.35,0.9,0.1,1,1,200,,1,unrecoverable,failed,v2.0_offline,False,False,02912c2c0d6244f09312d1a26068fc0e648240c1,,
Attinger2017__olmo-3-32b-think__T035__R02,Attinger2017,olmo-3-32b-think,olmo-3-32b-think,0.35,0.9,0.1,2,1,200,,1,unrecoverable,failed,v2.0_offline,False,False,02912c2c0d6244f09312d1a26068fc0e648240c1,,
Attinger2017__olmo-3-32b-think__T035__R03,Attinger2017,olmo-3-32b-think,olmo-3-32b-think,0.35,0.9,0.1,3,1,200,,1,unrecoverable,failed,v2.0_offline,False,False,02912c2c0d6244f09312d1a26068fc0e648240c1,,
Attinger2017__olmo-3-32b-think__T070__R01,Attinger2017,olmo-3-32b-think,olmo-3-32b-think,0.7,0.9,0.1,1,1,400,,3,unrecoverable,failed,v2.0_offline,False,False,02912c2c0d6244f09312d1a26068fc0e648240c1,,
Attinger2017__olmo-3-32b-think__T070__R02,Attinger2017,olmo-3-32b-think,olmo-3-32b-think,0.7,0.9,0.1,2,1,400,,3,unrecoverable,failed,v2.0_offline,False,False,02912c2c0d6244f09312d1a26068fc0e648240c1,,
Attinger2017__olmo-3-32b-think__T070__R03,Attinger2017,olmo-3-32b-think,olmo-3-32b-think,0.7,0.9,0.1,3,1,400,,3,unrecoverable,failed,v2.0_offline,False,False,02912c2c0d6244f09312d1a26068fc0e648240c1,,
Attinger2017__phi-4-reasoning-plus__T000__R01,Attinger2017,phi-4-reasoning-plus,phi-4-reasoning-plus,0.0,0.9,0.1,1,1,200,,1,valid,cleaned_json,v2.0_offline,True,False,02912c2c0d6244f09312d1a26068fc0e648240c1,,
Attinger2017__phi-4-reasoning-plus__T000__R02,Attinger2017,phi-4-reasoning-plus,phi-4-reasoning-plus,0.0,0.9,0.1,2,1,200,,1,valid,cleaned_json,v2.0_offline,True,False,02912c2c0d6244f09312d1a26068fc0e648240c1,,
Attinger2017__phi-4-reasoning-plus__T000__R03,Attinger2017,phi-4-reasoning-plus,phi-4-reasoning-plus,0.0,0.9,0.1,3,1,200,,1,valid,cleaned_json,v2.0_offline,True,False,02912c2c0d6244f09312d1a26068fc0e648240c1,,
Attinger2017__phi-4-reasoning-plus__T035__R01,Attinger2017,phi-4-reasoning-plus,phi-4-reasoning-plus,0.35,0.9,0.1,1,1,200,,1,recovered,regex_trace_extraction,v2.0_offline,False,True,02912c2c0d6244f09312d1a26068fc0e648240c1,,
Attinger2017__phi-4-reasoning-plus__T035__R02,Attinger2017,phi-4-reasoning-plus,phi-4-reasoning-plus,0.35,0.9,0.1,2,1,200,,1,unrecoverable,failed,v2.0_offline,False,False,02912c2c0d6244f09312d1a26068fc0e648240c1,,
Attinger2017__phi-4-reasoning-plus__T035__R03,Attinger2017,phi-4-reasoning-plus,phi-4-reasoning-plus,0.35,0.9,0.1,3,1,200,,1,valid,cleaned_json,v2.0_offline,True,False,02912c2c0d6244f09312d1a26068fc0e648240c1,,
Attinger2017__phi-4-reasoning-plus__T070__R01,Attinger2017,phi-4-reasoning-plus,phi-4-reasoning-plus,0.7,0.9,0.1,1,1,200,,1,recovered,regex_trace_extraction,v2.0_offline,False,True,02912c2c0d6244f09312d1a26068fc0e648240c1,,
Attinger2017__phi-4-reasoning-plus__T070__R02,Attinger2017,phi-4-reasoning-plus,phi-4-reasoning-plus,0.7,0.9,0.1,2,1,200,,1,recovered,regex_trace_extraction,v2.0_offline,False,True,02912c2c0d6244f09312d1a26068fc0e648240c1,,
Attinger2017__phi-4-reasoning-plus__T070__R03,Attinger2017,phi-4-reasoning-plus,phi-4-reasoning-plus,0.7,0.9,0.1,3,1,200,,1,recovered,regex_trace_extraction,v2.0_offline,False,True,02912c2c0d6244f09312d1a26068fc0e648240c1,,
Bakhtiari2021__gemma-4-31b-it__T000__R01,Bakhtiari2021,gemma-4-31b-it,gemma-4-31b-it,0.0,0.9,0.1,1,4,200,,1,recovered,extracted_json_block,v2.0_offline,False,True,02912c2c0d6244f09312d1a26068fc0e648240c1,,
Bakhtiari2021__gemma-4-31b-it__T000__R02,Bakhtiari2021,gemma-4-31b-it,gemma-4-31b-it,0.0,0.9,0.1,2,4,200,,1,recovered,extracted_json_block,v2.0_offline,False,True,02912c2c0d6244f09312d1a26068fc0e648240c1,,
Bakhtiari2021__gemma-4-31b-it__T000__R03,Bakhtiari2021,gemma-4-31b-it,gemma-4-31b-it,0.0,0.9,0.1,3,4,200,,1,recovered,extracted_json_block,v2.0_offline,False,True,02912c2c0d6244f09312d1a26068fc0e648240c1,,
Bakhtiari2021__gemma-4-31b-it__T035__R01,Bakhtiari2021,gemma-4-31b-it,gemma-4-31b-it,0.35,0.9,0.1,1,2,200,,1,recovered,extracted_json_block,v2.0_offline,False,True,02912c2c0d6244f09312d1a26068fc0e648240c1,,
Bakhtiari2021__gemma-4-31b-it__T035__R02,Bakhtiari2021,gemma-4-31b-it,gemma-4-31b-it,0.35,0.9,0.1,2,2,200,,1,recovered,extracted_json_block,v2.0_offline,False,True,02912c2c0d6244f09312d1a26068fc0e648240c1,,
Bakhtiari2021__gemma-4-31b-it__T035__R03,Bakhtiari2021,gemma-4-31b-it,gemma-4-31b-it,0.35,0.9,0.1,3,2,200,,1,recovered,extracted_json_block,v2.0_offline,False,True,02912c2c0d6244f09312d1a26068fc0e648240c1,,
Bakhtiari2021__gemma-4-31b-it__T070__R01,Bakhtiari2021,gemma-4-31b-it,gemma-4-31b-it,0.7,0.9,0.1,1,2,200,,1,recovered,extracted_json_block,v2.0_offline,False,True,02912c2c0d6244f09312d1a26068fc0e648240c1,,
Bakhtiari2021__gemma-4-31b-it__T070__R02,Bakhtiari2021,gemma-4-31b-it,gemma-4-31b-it,0.7,0.9,0.1,2,2,200,,1,recovered,extracted_json_block,v2.0_offline,False,True,02912c2c0d6244f09312d1a26068fc0e648240c1,,
Bakhtiari2021__gemma-4-31b-it__T070__R03,Bakhtiari2021,gemma-4-31b-it,gemma-4-31b-it,0.7,0.9,0.1,3,2,200,,1,recovered,extracted_json_block,v2.0_offline,False,True,02912c2c0d6244f09312d1a26068fc0e648240c1,,
Bakhtiari2021__olmo-3-32b-think__T000__R01,Bakhtiari2021,olmo-3-32b-think,olmo-3-32b-think-mlx,0.0,0.9,0.1,1,2,200,,1,recovered,extracted_json_block,v2.0_offline,False,True,02912c2c0d6244f09312d1a26068fc0e648240c1,,
Bakhtiari2021__olmo-3-32b-think__T000__R02,Bakhtiari2021,olmo-3-32b-think,olmo-3-32b-think-mlx,0.0,0.9,0.1,2,2,200,,1,recovered,extracted_json_block,v2.0_offline,False,True,02912c2c0d6244f09312d1a26068fc0e648240c1,,
Bakhtiari2021__olmo-3-32b-think__T000__R03,Bakhtiari2021,olmo-3-32b-think,olmo-3-32b-think-mlx,0.0,0.9,0.1,3,2,200,,1,recovered,extracted_json_block,v2.0_offline,False,True,02912c2c0d6244f09312d1a26068fc0e648240c1,,
Bakhtiari2021__olmo-3-32b-think__T035__R01,Bakhtiari2021,olmo-3-32b-think,olmo-3-32b-think,0.35,0.9,0.1,1,1,200,,1,unrecoverable,failed,v2.0_offline,False,False,02912c2c0d6244f09312d1a26068fc0e648240c1,,
Bakhtiari2021__olmo-3-32b-think__T035__R02,Bakhtiari2021,olmo-3-32b-think,olmo-3-32b-think,0.35,0.9,0.1,2,1,200,,1,unrecoverable,failed,v2.0_offline,False,False,02912c2c0d6244f09312d1a26068fc0e648240c1,,
Bakhtiari2021__olmo-3-32b-think__T035__R03,Bakhtiari2021,olmo-3-32b-think,olmo-3-32b-think,0.35,0.9,0.1,3,1,200,,1,unrecoverable,failed,v2.0_offline,False,False,02912c2c0d6244f09312d1a26068fc0e648240c1,,
Bakhtiari2021__olmo-3-32b-think__T070__R01,Bakhtiari2021,olmo-3-32b-think,olmo-3-32b-think,0.7,0.9,0.1,1,1,400,,3,unrecoverable,failed,v2.0_offline,False,False,02912c2c0d6244f09312d1a26068fc0e648240c1,,
Bakhtiari2021__olmo-3-32b-think__T070__R02,Bakhtiari2021,olmo-3-32b-think,olmo-3-32b-think,0.7,0.9,0.1,2,1,400,,3,unrecoverable,failed,v2.0_offline,False,False,02912c2c0d6244f09312d1a26068fc0e648240c1,,
Bakhtiari2021__olmo-3-32b-think__T070__R03,Bakhtiari2021,olmo-3-32b-think,olmo-3-32b-think,0.7,0.9,0.1,3,1,400,,3,unrecoverable,failed,v2.0_offline,False,False,02912c2c0d6244f09312d1a26068fc0e648240c1,,
Bakhtiari2021__phi-4-reasoning-plus__T000__R01,Bakhtiari2021,phi-4-reasoning-plus,phi-4-reasoning-plus,0.0,0.9,0.1,1,1,200,,1,valid,cleaned_json,v2.0_offline,True,False,02912c2c0d6244f09312d1a26068fc0e648240c1,,
Bakhtiari2021__phi-4-reasoning-plus__T000__R02,Bakhtiari2021,phi-4-reasoning-plus,phi-4-reasoning-plus,0.0,0.9,0.1,2,1,200,,1,valid,cleaned_json,v2.0_offline,True,False,02912c2c0d6244f09312d1a26068fc0e648240c1,,
Bakhtiari2021__phi-4-reasoning-plus__T000__R03,Bakhtiari2021,phi-4-reasoning-plus,phi-4-reasoning-plus,0.0,0.9,0.1,3,1,200,,1,valid,cleaned_json,v2.0_offline,True,False,02912c2c0d6244f09312d1a26068fc0e648240c1,,
Bakhtiari2021__phi-4-reasoning-plus__T035__R01,Bakhtiari2021,phi-4-reasoning-plus,phi-4-reasoning-plus,0.35,0.9,0.1,1,1,200,,1,valid,cleaned_json,v2.0_offline,True,False,02912c2c0d6244f09312d1a26068fc0e648240c1,,
Bakhtiari2021__phi-4-reasoning-plus__T035__R02,Bakhtiari2021,phi-4-reasoning-plus,phi-4-reasoning-plus,0.35,0.9,0.1,2,1,200,,1,valid,cleaned_json,v2.0_offline,True,False,02912c2c0d6244f09312d1a26068fc0e648240c1,,
Bakhtiari2021__phi-4-reasoning-plus__T035__R03,Bakhtiari2021,phi-4-reasoning-plus,phi-4-reasoning-plus,0.35,0.9,0.1,3,1,200,,1,valid,cleaned_json,v2.0_offline,True,False,02912c2c0d6244f09312d1a26068fc0e648240c1,,
Bakhtiari2021__phi-4-reasoning-plus__T070__R01,Bakhtiari2021,phi-4-reasoning-plus,phi-4-reasoning-plus,0.7,0.9,0.1,1,1,200,,1,recovered,regex_trace_extraction,v2.0_offline,False,True,02912c2c0d6244f09312d1a26068fc0e648240c1,,
Bakhtiari2021__phi-4-reasoning-plus__T070__R02,Bakhtiari2021,phi-4-reasoning-plus,phi-4-reasoning-plus,0.7,0.9,0.1,2,1,200,,1,unrecoverable,failed,v2.0_offline,False,False,02912c2c0d6244f09312d1a26068fc0e648240c1,,
Bakhtiari2021__phi-4-reasoning-plus__T070__R03,Bakhtiari2021,phi-4-reasoning-plus,phi-4-reasoning-plus,0.7,0.9,0.1,3,1,200,,1,unrecoverable,failed,v2.0_offline,False,False,02912c2c0d6244f09312d1a26068fc0e648240c1,,
Bastos2012__gemma-4-31b-it__T000__R01,Bastos2012,gemma-4-31b-it,gemma-4-31b-it,0.0,0.9,0.1,1,4,200,,1,recovered,extracted_json_block,v2.0_offline,False,True,02912c2c0d6244f09312d1a26068fc0e648240c1,,
Bastos2012__gemma-4-31b-it__T000__R02,Bastos2012,gemma-4-31b-it,gemma-4-31b-it,0.0,0.9,0.1,2,4,200,,1,recovered,extracted_json_block,v2.0_offline,False,True,02912c2c0d6244f09312d1a26068fc0e648240c1,,
Bastos2012__gemma-4-31b-it__T000__R03,Bastos2012,gemma-4-31b-it,gemma-4-31b-it,0.0,0.9,0.1,3,4,200,,1,recovered,extracted_json_block,v2.0_offline,False,True,02912c2c0d6244f09312d1a26068fc0e648240c1,,
Bastos2012__gemma-4-31b-it__T035__R01,Bastos2012,gemma-4-31b-it,gemma-4-31b-it,0.35,0.9,0.1,1,2,200,,1,recovered,extracted_json_block,v2.0_offline,False,True,02912c2c0d6244f09312d1a26068fc0e648240c1,,
Bastos2012__gemma-4-31b-it__T035__R02,Bastos2012,gemma-4-31b-it,gemma-4-31b-it,0.35,0.9,0.1,2,2,200,,1,recovered,extracted_json_block,v2.0_offline,False,True,02912c2c0d6244f09312d1a26068fc0e648240c1,,
Bastos2012__gemma-4-31b-it__T035__R03,Bastos2012,gemma-4-31b-it,gemma-4-31b-it,0.35,0.9,0.1,3,2,200,,1,recovered,extracted_json_block,v2.0_offline,False,True,02912c2c0d6244f09312d1a26068fc0e648240c1,,
Bastos2012__gemma-4-31b-it__T070__R01,Bastos2012,gemma-4-31b-it,gemma-4-31b-it,0.7,0.9,0.1,1,2,200,,1,recovered,extracted_json_block,v2.0_offline,False,True,02912c2c0d6244f09312d1a26068fc0e648240c1,,
Bastos2012__gemma-4-31b-it__T070__R02,Bastos2012,gemma-4-31b-it,gemma-4-31b-it,0.7,0.9,0.1,2,2,200,,1,recovered,extracted_json_block,v2.0_offline,False,True,02912c2c0d6244f09312d1a26068fc0e648240c1,,
Bastos2012__gemma-4-31b-it__T070__R03,Bastos2012,gemma-4-31b-it,gemma-4-31b-it,0.7,0.9,0.1,3,2,200,,1,recovered,extracted_json_block,v2.0_offline,False,True,02912c2c0d6244f09312d1a26068fc0e648240c1,,
Bastos2012__olmo-3-32b-think__T000__R01,Bastos2012,olmo-3-32b-think,olmo-3-32b-think,0.0,0.9,0.1,1,1,200,,1,recovered,extracted_json_block,v2.0_offline,False,True,02912c2c0d6244f09312d1a26068fc0e648240c1,,
Bastos2012__olmo-3-32b-think__T000__R02,Bastos2012,olmo-3-32b-think,olmo-3-32b-think,0.0,0.9,0.1,2,1,200,,1,unrecoverable,failed,v2.0_offline,False,False,02912c2c0d6244f09312d1a26068fc0e648240c1,,
Bastos2012__olmo-3-32b-think__T000__R03,Bastos2012,olmo-3-32b-think,olmo-3-32b-think,0.0,0.9,0.1,3,1,200,,1,unrecoverable,failed,v2.0_offline,False,False,02912c2c0d6244f09312d1a26068fc0e648240c1,,
Bastos2012__olmo-3-32b-think__T035__R01,Bastos2012,olmo-3-32b-think,olmo-3-32b-think,0.35,0.9,0.1,1,1,200,,1,unrecoverable,failed,v2.0_offline,False,False,02912c2c0d6244f09312d1a26068fc0e648240c1,,
Bastos2012__olmo-3-32b-think__T035__R02,Bastos2012,olmo-3-32b-think,olmo-3-32b-think,0.35,0.9,0.1,2,1,200,,1,unrecoverable,failed,v2.0_offline,False,False,02912c2c0d6244f09312d1a26068fc0e648240c1,,
Bastos2012__olmo-3-32b-think__T035__R03,Bastos2012,olmo-3-32b-think,olmo-3-32b-think,0.35,0.9,0.1,3,1,200,,1,recovered,extracted_json_block,v2.0_offline,False,True,02912c2c0d6244f09312d1a26068fc0e648240c1,,
Bastos2012__olmo-3-32b-think__T070__R01,Bastos2012,olmo-3-32b-think,olmo-3-32b-think,0.7,0.9,0.1,1,1,400,,3,unrecoverable,failed,v2.0_offline,False,False,02912c2c0d6244f09312d1a26068fc0e648240c1,,
Bastos2012__olmo-3-32b-think__T070__R02,Bastos2012,olmo-3-32b-think,olmo-3-32b-think,0.7,0.9,0.1,2,1,400,,3,unrecoverable,failed,v2.0_offline,False,False,02912c2c0d6244f09312d1a26068fc0e648240c1,,
Bastos2012__olmo-3-32b-think__T070__R03,Bastos2012,olmo-3-32b-think,olmo-3-32b-think,0.7,0.9,0.1,3,1,400,,3,unrecoverable,failed,v2.0_offline,False,False,02912c2c0d6244f09312d1a26068fc0e648240c1,,
Bastos2012__phi-4-reasoning-plus__T000__R01,Bastos2012,phi-4-reasoning-plus,phi-4-reasoning-plus,0.0,0.9,0.1,1,1,200,,1,recovered,extracted_json_block,v2.0_offline,False,True,02912c2c0d6244f09312d1a26068fc0e648240c1,,
Bastos2012__phi-4-reasoning-plus__T000__R02,Bastos2012,phi-4-reasoning-plus,phi-4-reasoning-plus,0.0,0.9,0.1,2,1,200,,1,valid,cleaned_json,v2.0_offline,True,False,02912c2c0d6244f09312d1a26068fc0e648240c1,,
Bastos2012__phi-4-reasoning-plus__T000__R03,Bastos2012,phi-4-reasoning-plus,phi-4-reasoning-plus,0.0,0.9,0.1,3,1,200,,1,unrecoverable,failed,v2.0_offline,False,False,02912c2c0d6244f09312d1a26068fc0e648240c1,,
Bastos2012__phi-4-reasoning-plus__T035__R01,Bastos2012,phi-4-reasoning-plus,phi-4-reasoning-plus,0.35,0.9,0.1,1,1,200,,1,unrecoverable,failed,v2.0_offline,False,False,02912c2c0d6244f09312d1a26068fc0e648240c1,,
Bastos2012__phi-4-reasoning-plus__T035__R02,Bastos2012,phi-4-reasoning-plus,phi-4-reasoning-plus,0.35,0.9,0.1,2,1,200,,1,unrecoverable,failed,v2.0_offline,False,False,02912c2c0d6244f09312d1a26068fc0e648240c1,,
Bastos2012__phi-4-reasoning-plus__T035__R03,Bastos2012,phi-4-reasoning-plus,phi-4-reasoning-plus,0.35,0.9,0.1,3,1,200,,1,unrecoverable,failed,v2.0_offline,False,False,02912c2c0d6244f09312d1a26068fc0e648240c1,,
Bastos2012__phi-4-reasoning-plus__T070__R01,Bastos2012,phi-4-reasoning-plus,phi-4-reasoning-plus,0.7,0.9,0.1,1,1,200,,1,unrecoverable,failed,v2.0_offline,False,False,02912c2c0d6244f09312d1a26068fc0e648240c1,,
Bastos2012__phi-4-reasoning-plus__T070__R02,Bastos2012,phi-4-reasoning-plus,phi-4-reasoning-plus,0.7,0.9,0.1,2,1,200,,1,unrecoverable,failed,v2.0_offline,False,False,02912c2c0d6244f09312d1a26068fc0e648240c1,,
Bastos2012__phi-4-reasoning-plus__T070__R03,Bastos2012,phi-4-reasoning-plus,phi-4-reasoning-plus,0.7,0.9,0.1,3,1,200,,1,unrecoverable,failed,v2.0_offline,False,False,02912c2c0d6244f09312d1a26068fc0e648240c1,,
Bastos2020__gemma-4-31b-it__T000__R01,Bastos2020,gemma-4-31b-it,gemma-4-31b-it,0.0,0.9,0.1,1,4,200,,1,recovered,extracted_json_block,v2.0_offline,False,True,02912c2c0d6244f09312d1a26068fc0e648240c1,,
Bastos2020__gemma-4-31b-it__T000__R02,Bastos2020,gemma-4-31b-it,gemma-4-31b-it,0.0,0.9,0.1,2,4,200,,1,recovered,extracted_json_block,v2.0_offline,False,True,02912c2c0d6244f09312d1a26068fc0e648240c1,,
Bastos2020__gemma-4-31b-it__T000__R03,Bastos2020,gemma-4-31b-it,gemma-4-31b-it,0.0,0.9,0.1,3,4,200,,1,recovered,extracted_json_block,v2.0_offline,False,True,02912c2c0d6244f09312d1a26068fc0e648240c1,,
Bastos2020__gemma-4-31b-it__T035__R01,Bastos2020,gemma-4-31b-it,gemma-4-31b-it,0.35,0.9,0.1,1,2,200,,1,recovered,extracted_json_block,v2.0_offline,False,True,02912c2c0d6244f09312d1a26068fc0e648240c1,,
Bastos2020__gemma-4-31b-it__T035__R02,Bastos2020,gemma-4-31b-it,gemma-4-31b-it,0.35,0.9,0.1,2,2,200,,1,recovered,extracted_json_block,v2.0_offline,False,True,02912c2c0d6244f09312d1a26068fc0e648240c1,,
Bastos2020__gemma-4-31b-it__T035__R03,Bastos2020,gemma-4-31b-it,gemma-4-31b-it,0.35,0.9,0.1,3,2,200,,1,recovered,extracted_json_block,v2.0_offline,False,True,02912c2c0d6244f09312d1a26068fc0e648240c1,,
Bastos2020__gemma-4-31b-it__T070__R01,Bastos2020,gemma-4-31b-it,gemma-4-31b-it,0.7,0.9,0.1,1,2,200,,1,recovered,extracted_json_block,v2.0_offline,False,True,02912c2c0d6244f09312d1a26068fc0e648240c1,,
Bastos2020__gemma-4-31b-it__T070__R02,Bastos2020,gemma-4-31b-it,gemma-4-31b-it,0.7,0.9,0.1,2,2,200,,1,recovered,extracted_json_block,v2.0_offline,False,True,02912c2c0d6244f09312d1a26068fc0e648240c1,,
Bastos2020__gemma-4-31b-it__T070__R03,Bastos2020,gemma-4-31b-it,gemma-4-31b-it,0.7,0.9,0.1,3,2,200,,1,recovered,extracted_json_block,v2.0_offline,False,True,02912c2c0d6244f09312d1a26068fc0e648240c1,,
Bastos2020__olmo-3-32b-think__T000__R01,Bastos2020,olmo-3-32b-think,olmo-3-32b-think,0.0,0.9,0.1,1,1,200,,1,unrecoverable,failed,v2.0_offline,False,False,02912c2c0d6244f09312d1a26068fc0e648240c1,,
Bastos2020__olmo-3-32b-think__T000__R02,Bastos2020,olmo-3-32b-think,olmo-3-32b-think,0.0,0.9,0.1,2,1,200,,1,unrecoverable,failed,v2.0_offline,False,False,02912c2c0d6244f09312d1a26068fc0e648240c1,,
Bastos2020__olmo-3-32b-think__T000__R03,Bastos2020,olmo-3-32b-think,olmo-3-32b-think,0.0,0.9,0.1,3,1,200,,1,unrecoverable,failed,v2.0_offline,False,False,02912c2c0d6244f09312d1a26068fc0e648240c1,,
Bastos2020__olmo-3-32b-think__T035__R01,Bastos2020,olmo-3-32b-think,olmo-3-32b-think,0.35,0.9,0.1,1,1,200,,1,unrecoverable,failed,v2.0_offline,False,False,02912c2c0d6244f09312d1a26068fc0e648240c1,,
Bastos2020__olmo-3-32b-think__T035__R02,Bastos2020,olmo-3-32b-think,olmo-3-32b-think,0.35,0.9,0.1,2,1,200,,1,unrecoverable,failed,v2.0_offline,False,False,02912c2c0d6244f09312d1a26068fc0e648240c1,,
Bastos2020__olmo-3-32b-think__T035__R03,Bastos2020,olmo-3-32b-think,olmo-3-32b-think,0.35,0.9,0.1,3,1,200,,1,recovered,extracted_json_block,v2.0_offline,False,True,02912c2c0d6244f09312d1a26068fc0e648240c1,,
Bastos2020__olmo-3-32b-think__T070__R01,Bastos2020,olmo-3-32b-think,olmo-3-32b-think,0.7,0.9,0.1,1,1,400,,3,unrecoverable,failed,v2.0_offline,False,False,02912c2c0d6244f09312d1a26068fc0e648240c1,,
Bastos2020__olmo-3-32b-think__T070__R02,Bastos2020,olmo-3-32b-think,olmo-3-32b-think,0.7,0.9,0.1,2,1,400,,3,unrecoverable,failed,v2.0_offline,False,False,02912c2c0d6244f09312d1a26068fc0e648240c1,,
Bastos2020__olmo-3-32b-think__T070__R03,Bastos2020,olmo-3-32b-think,olmo-3-32b-think,0.7,0.9,0.1,3,1,400,,3,unrecoverable,failed,v2.0_offline,False,False,02912c2c0d6244f09312d1a26068fc0e648240c1,,
Bastos2020__phi-4-reasoning-plus__T000__R01,Bastos2020,phi-4-reasoning-plus,phi-4-reasoning-plus,0.0,0.9,0.1,1,1,200,,1,recovered,extracted_json_block,v2.0_offline,False,True,02912c2c0d6244f09312d1a26068fc0e648240c1,,
Bastos2020__phi-4-reasoning-plus__T000__R02,Bastos2020,phi-4-reasoning-plus,phi-4-reasoning-plus,0.0,0.9,0.1,2,1,200,,1,recovered,extracted_json_block,v2.0_offline,False,True,02912c2c0d6244f09312d1a26068fc0e648240c1,,
Bastos2020__phi-4-reasoning-plus__T000__R03,Bastos2020,phi-4-reasoning-plus,phi-4-reasoning-plus,0.0,0.9,0.1,3,1,200,,1,recovered,extracted_json_block,v2.0_offline,False,True,02912c2c0d6244f09312d1a26068fc0e648240c1,,
Bastos2020__phi-4-reasoning-plus__T035__R01,Bastos2020,phi-4-reasoning-plus,phi-4-reasoning-plus,0.35,0.9,0.1,1,1,200,,1,recovered,extracted_json_block,v2.0_offline,False,True,02912c2c0d6244f09312d1a26068fc0e648240c1,,
Bastos2020__phi-4-reasoning-plus__T035__R02,Bastos2020,phi-4-reasoning-plus,phi-4-reasoning-plus,0.35,0.9,0.1,2,1,200,,1,recovered,extracted_json_block,v2.0_offline,False,True,02912c2c0d6244f09312d1a26068fc0e648240c1,,
Bastos2020__phi-4-reasoning-plus__T035__R03,Bastos2020,phi-4-reasoning-plus,phi-4-reasoning-plus,0.35,0.9,0.1,3,1,200,,1,recovered,extracted_json_block,v2.0_offline,False,True,02912c2c0d6244f09312d1a26068fc0e648240c1,,
Bastos2020__phi-4-reasoning-plus__T070__R01,Bastos2020,phi-4-reasoning-plus,phi-4-reasoning-plus,0.7,0.9,0.1,1,1,200,,1,recovered,extracted_json_block,v2.0_offline,False,True,02912c2c0d6244f09312d1a26068fc0e648240c1,,
Bastos2020__phi-4-reasoning-plus__T070__R02,Bastos2020,phi-4-reasoning-plus,phi-4-reasoning-plus,0.7,0.9,0.1,2,1,200,,1,unrecoverable,failed,v2.0_offline,False,False,02912c2c0d6244f09312d1a26068fc0e648240c1,,
Bastos2020__phi-4-reasoning-plus__T070__R03,Bastos2020,phi-4-reasoning-plus,phi-4-reasoning-plus,0.7,0.9,0.1,3,1,200,,1,recovered,extracted_json_block,v2.0_offline,False,True,02912c2c0d6244f09312d1a26068fc0e648240c1,,
Bekinschtein2009__gemma-4-31b-it__T000__R01,Bekinschtein2009,gemma-4-31b-it,gemma-4-31b-it,0.0,0.9,0.1,1,4,200,,3,recovered,extracted_json_block,v2.0_offline,False,True,02912c2c0d6244f09312d1a26068fc0e648240c1,,
Bekinschtein2009__gemma-4-31b-it__T000__R02,Bekinschtein2009,gemma-4-31b-it,gemma-4-31b-it,0.0,0.9,0.1,2,4,200,,3,recovered,extracted_json_block,v2.0_offline,False,True,02912c2c0d6244f09312d1a26068fc0e648240c1,,
Bekinschtein2009__gemma-4-31b-it__T000__R03,Bekinschtein2009,gemma-4-31b-it,gemma-4-31b-it,0.0,0.9,0.1,3,4,200,,3,recovered,extracted_json_block,v2.0_offline,False,True,02912c2c0d6244f09312d1a26068fc0e648240c1,,
Bekinschtein2009__gemma-4-31b-it__T035__R01,Bekinschtein2009,gemma-4-31b-it,gemma-4-31b-it,0.35,0.9,0.1,1,2,200,,1,recovered,extracted_json_block,v2.0_offline,False,True,02912c2c0d6244f09312d1a26068fc0e648240c1,,
Bekinschtein2009__gemma-4-31b-it__T035__R02,Bekinschtein2009,gemma-4-31b-it,gemma-4-31b-it,0.35,0.9,0.1,2,2,200,,1,recovered,extracted_json_block,v2.0_offline,False,True,02912c2c0d6244f09312d1a26068fc0e648240c1,,
Bekinschtein2009__gemma-4-31b-it__T035__R03,Bekinschtein2009,gemma-4-31b-it,gemma-4-31b-it,0.35,0.9,0.1,3,2,200,,1,recovered,extracted_json_block,v2.0_offline,False,True,02912c2c0d6244f09312d1a26068fc0e648240c1,,
Bekinschtein2009__gemma-4-31b-it__T070__R01,Bekinschtein2009,gemma-4-31b-it,gemma-4-31b-it,0.7,0.9,0.1,1,2,200,,1,recovered,extracted_json_block,v2.0_offline,False,True,02912c2c0d6244f09312d1a26068fc0e648240c1,,
Bekinschtein2009__gemma-4-31b-it__T070__R02,Bekinschtein2009,gemma-4-31b-it,gemma-4-31b-it,0.7,0.9,0.1,2,2,200,,1,recovered,extracted_json_block,v2.0_offline,False,True,02912c2c0d6244f09312d1a26068fc0e648240c1,,
Bekinschtein2009__gemma-4-31b-it__T070__R03,Bekinschtein2009,gemma-4-31b-it,gemma-4-31b-it,0.7,0.9,0.1,3,2,200,,1,recovered,extracted_json_block,v2.0_offline,False,True,02912c2c0d6244f09312d1a26068fc0e648240c1,,
Bekinschtein2009__olmo-3-32b-think__T000__R01,Bekinschtein2009,olmo-3-32b-think,olmo-3-32b-think,0.0,0.9,0.1,1,1,200,,1,recovered,extracted_json_block,v2.0_offline,False,True,02912c2c0d6244f09312d1a26068fc0e648240c1,,
Bekinschtein2009__olmo-3-32b-think__T000__R02,Bekinschtein2009,olmo-3-32b-think,olmo-3-32b-think,0.0,0.9,0.1,2,1,200,,1,unrecoverable,failed,v2.0_offline,False,False,02912c2c0d6244f09312d1a26068fc0e648240c1,,
Bekinschtein2009__olmo-3-32b-think__T000__R03,Bekinschtein2009,olmo-3-32b-think,olmo-3-32b-think,0.0,0.9,0.1,3,1,200,,1,unrecoverable,failed,v2.0_offline,False,False,02912c2c0d6244f09312d1a26068fc0e648240c1,,
Bekinschtein2009__olmo-3-32b-think__T035__R01,Bekinschtein2009,olmo-3-32b-think,olmo-3-32b-think,0.35,0.9,0.1,1,1,200,,1,unrecoverable,failed,v2.0_offline,False,False,02912c2c0d6244f09312d1a26068fc0e648240c1,,
Bekinschtein2009__olmo-3-32b-think__T035__R02,Bekinschtein2009,olmo-3-32b-think,olmo-3-32b-think,0.35,0.9,0.1,2,1,200,,1,unrecoverable,failed,v2.0_offline,False,False,02912c2c0d6244f09312d1a26068fc0e648240c1,,
Bekinschtein2009__olmo-3-32b-think__T035__R03,Bekinschtein2009,olmo-3-32b-think,olmo-3-32b-think,0.35,0.9,0.1,3,1,200,,1,unrecoverable,failed,v2.0_offline,False,False,02912c2c0d6244f09312d1a26068fc0e648240c1,,
Bekinschtein2009__olmo-3-32b-think__T070__R01,Bekinschtein2009,olmo-3-32b-think,olmo-3-32b-think,0.7,0.9,0.1,1,1,400,,3,unrecoverable,failed,v2.0_offline,False,False,02912c2c0d6244f09312d1a26068fc0e648240c1,,
Bekinschtein2009__olmo-3-32b-think__T070__R02,Bekinschtein2009,olmo-3-32b-think,olmo-3-32b-think,0.7,0.9,0.1,2,1,400,,3,unrecoverable,failed,v2.0_offline,False,False,02912c2c0d6244f09312d1a26068fc0e648240c1,,
Bekinschtein2009__olmo-3-32b-think__T070__R03,Bekinschtein2009,olmo-3-32b-think,olmo-3-32b-think,0.7,0.9,0.1,3,1,400,,3,unrecoverable,failed,v2.0_offline,False,False,02912c2c0d6244f09312d1a26068fc0e648240c1,,
Bekinschtein2009__phi-4-reasoning-plus__T000__R01,Bekinschtein2009,phi-4-reasoning-plus,phi-4-reasoning-plus,0.0,0.9,0.1,1,1,200,,1,recovered,extracted_json_block,v2.0_offline,False,True,02912c2c0d6244f09312d1a26068fc0e648240c1,,
Bekinschtein2009__phi-4-reasoning-plus__T000__R02,Bekinschtein2009,phi-4-reasoning-plus,phi-4-reasoning-plus,0.0,0.9,0.1,2,1,200,,1,valid,cleaned_json,v2.0_offline,True,False,02912c2c0d6244f09312d1a26068fc0e648240c1,,
Bekinschtein2009__phi-4-reasoning-plus__T000__R03,Bekinschtein2009,phi-4-reasoning-plus,phi-4-reasoning-plus,0.0,0.9,0.1,3,1,200,,1,recovered,extracted_json_block,v2.0_offline,False,True,02912c2c0d6244f09312d1a26068fc0e648240c1,,
Bekinschtein2009__phi-4-reasoning-plus__T035__R01,Bekinschtein2009,phi-4-reasoning-plus,phi-4-reasoning-plus,0.35,0.9,0.1,1,1,200,,1,unrecoverable,failed,v2.0_offline,False,False,02912c2c0d6244f09312d1a26068fc0e648240c1,,
Bekinschtein2009__phi-4-reasoning-plus__T035__R02,Bekinschtein2009,phi-4-reasoning-plus,phi-4-reasoning-plus,0.35,0.9,0.1,2,1,200,,1,unrecoverable,failed,v2.0_offline,False,False,02912c2c0d6244f09312d1a26068fc0e648240c1,,
Bekinschtein2009__phi-4-reasoning-plus__T035__R03,Bekinschtein2009,phi-4-reasoning-plus,phi-4-reasoning-plus,0.35,0.9,0.1,3,1,200,,1,unrecoverable,failed,v2.0_offline,False,False,02912c2c0d6244f09312d1a26068fc0e648240c1,,
Bekinschtein2009__phi-4-reasoning-plus__T070__R01,Bekinschtein2009,phi-4-reasoning-plus,phi-4-reasoning-plus,0.7,0.9,0.1,1,1,200,,1,unrecoverable,failed,v2.0_offline,False,False,02912c2c0d6244f09312d1a26068fc0e648240c1,,
Bekinschtein2009__phi-4-reasoning-plus__T070__R02,Bekinschtein2009,phi-4-reasoning-plus,phi-4-reasoning-plus,0.7,0.9,0.1,2,1,200,,1,unrecoverable,failed,v2.0_offline,False,False,02912c2c0d6244f09312d1a26068fc0e648240c1,,
Bekinschtein2009__phi-4-reasoning-plus__T070__R03,Bekinschtein2009,phi-4-reasoning-plus,phi-4-reasoning-plus,0.7,0.9,0.1,3,1,200,,1,unrecoverable,failed,v2.0_offline,False,False,02912c2c0d6244f09312d1a26068fc0e648240c1,,
Chao2018__gemma-4-31b-it__T000__R01,Chao2018,gemma-4-31b-it,gemma-4-31b-it,0.0,0.9,0.1,1,4,200,,3,recovered,extracted_json_block,v2.0_offline,False,True,02912c2c0d6244f09312d1a26068fc0e648240c1,,
Chao2018__gemma-4-31b-it__T000__R02,Chao2018,gemma-4-31b-it,gemma-4-31b-it,0.0,0.9,0.1,2,4,200,,1,recovered,extracted_json_block,v2.0_offline,False,True,02912c2c0d6244f09312d1a26068fc0e648240c1,,
Chao2018__gemma-4-31b-it__T000__R03,Chao2018,gemma-4-31b-it,gemma-4-31b-it,0.0,0.9,0.1,3,2,200,,1,recovered,extracted_json_block,v2.0_offline,False,True,02912c2c0d6244f09312d1a26068fc0e648240c1,,
Chao2018__gemma-4-31b-it__T035__R01,Chao2018,gemma-4-31b-it,gemma-4-31b-it,0.35,0.9,0.1,1,2,200,,1,recovered,extracted_json_block,v2.0_offline,False,True,02912c2c0d6244f09312d1a26068fc0e648240c1,,
Chao2018__gemma-4-31b-it__T035__R02,Chao2018,gemma-4-31b-it,gemma-4-31b-it,0.35,0.9,0.1,2,2,200,,1,recovered,extracted_json_block,v2.0_offline,False,True,02912c2c0d6244f09312d1a26068fc0e648240c1,,
Chao2018__gemma-4-31b-it__T035__R03,Chao2018,gemma-4-31b-it,gemma-4-31b-it,0.35,0.9,0.1,3,2,200,,1,recovered,extracted_json_block,v2.0_offline,False,True,02912c2c0d6244f09312d1a26068fc0e648240c1,,
Chao2018__gemma-4-31b-it__T070__R01,Chao2018,gemma-4-31b-it,gemma-4-31b-it,0.7,0.9,0.1,1,2,200,,1,recovered,extracted_json_block,v2.0_offline,False,True,02912c2c0d6244f09312d1a26068fc0e648240c1,,
Chao2018__gemma-4-31b-it__T070__R02,Chao2018,gemma-4-31b-it,gemma-4-31b-it,0.7,0.9,0.1,2,2,200,,1,recovered,extracted_json_block,v2.0_offline,False,True,02912c2c0d6244f09312d1a26068fc0e648240c1,,
Chao2018__gemma-4-31b-it__T070__R03,Chao2018,gemma-4-31b-it,gemma-4-31b-it,0.7,0.9,0.1,3,2,200,,1,recovered,extracted_json_block,v2.0_offline,False,True,02912c2c0d6244f09312d1a26068fc0e648240c1,,
Chao2018__olmo-3-32b-think__T000__R01,Chao2018,olmo-3-32b-think,olmo-3-32b-think,0.0,0.9,0.1,1,1,200,,1,unrecoverable,failed,v2.0_offline,False,False,02912c2c0d6244f09312d1a26068fc0e648240c1,,
Chao2018__olmo-3-32b-think__T000__R02,Chao2018,olmo-3-32b-think,olmo-3-32b-think,0.0,0.9,0.1,2,1,200,,1,recovered,extracted_json_block,v2.0_offline,False,True,02912c2c0d6244f09312d1a26068fc0e648240c1,,
Chao2018__olmo-3-32b-think__T000__R03,Chao2018,olmo-3-32b-think,olmo-3-32b-think,0.0,0.9,0.1,3,1,200,,1,recovered,extracted_json_block,v2.0_offline,False,True,02912c2c0d6244f09312d1a26068fc0e648240c1,,
Chao2018__olmo-3-32b-think__T035__R01,Chao2018,olmo-3-32b-think,olmo-3-32b-think,0.35,0.9,0.1,1,1,200,,1,unrecoverable,failed,v2.0_offline,False,False,02912c2c0d6244f09312d1a26068fc0e648240c1,,
Chao2018__olmo-3-32b-think__T035__R02,Chao2018,olmo-3-32b-think,olmo-3-32b-think,0.35,0.9,0.1,2,1,200,,1,unrecoverable,failed,v2.0_offline,False,False,02912c2c0d6244f09312d1a26068fc0e648240c1,,
Chao2018__olmo-3-32b-think__T035__R03,Chao2018,olmo-3-32b-think,olmo-3-32b-think,0.35,0.9,0.1,3,1,200,,1,unrecoverable,failed,v2.0_offline,False,False,02912c2c0d6244f09312d1a26068fc0e648240c1,,
Chao2018__olmo-3-32b-think__T070__R01,Chao2018,olmo-3-32b-think,olmo-3-32b-think,0.7,0.9,0.1,1,1,400,,3,unrecoverable,failed,v2.0_offline,False,False,02912c2c0d6244f09312d1a26068fc0e648240c1,,
Chao2018__olmo-3-32b-think__T070__R02,Chao2018,olmo-3-32b-think,olmo-3-32b-think,0.7,0.9,0.1,2,1,400,,3,unrecoverable,failed,v2.0_offline,False,False,02912c2c0d6244f09312d1a26068fc0e648240c1,,
Chao2018__olmo-3-32b-think__T070__R03,Chao2018,olmo-3-32b-think,olmo-3-32b-think,0.7,0.9,0.1,3,1,400,,3,unrecoverable,failed,v2.0_offline,False,False,02912c2c0d6244f09312d1a26068fc0e648240c1,,
Chao2018__phi-4-reasoning-plus__T000__R01,Chao2018,phi-4-reasoning-plus,phi-4-reasoning-plus,0.0,0.9,0.1,1,1,200,,1,recovered,regex_trace_extraction,v2.0_offline,False,True,02912c2c0d6244f09312d1a26068fc0e648240c1,,
Chao2018__phi-4-reasoning-plus__T000__R02,Chao2018,phi-4-reasoning-plus,phi-4-reasoning-plus,0.0,0.9,0.1,2,1,200,,1,unrecoverable,failed,v2.0_offline,False,False,02912c2c0d6244f09312d1a26068fc0e648240c1,,
Chao2018__phi-4-reasoning-plus__T000__R03,Chao2018,phi-4-reasoning-plus,phi-4-reasoning-plus,0.0,0.9,0.1,3,1,200,,1,unrecoverable,failed,v2.0_offline,False,False,02912c2c0d6244f09312d1a26068fc0e648240c1,,
Chao2018__phi-4-reasoning-plus__T035__R01,Chao2018,phi-4-reasoning-plus,phi-4-reasoning-plus,0.35,0.9,0.1,1,1,200,,1,unrecoverable,failed,v2.0_offline,False,False,02912c2c0d6244f09312d1a26068fc0e648240c1,,
Chao2018__phi-4-reasoning-plus__T035__R02,Chao2018,phi-4-reasoning-plus,phi-4-reasoning-plus,0.35,0.9,0.1,2,1,200,,1,unrecoverable,failed,v2.0_offline,False,False,02912c2c0d6244f09312d1a26068fc0e648240c1,,
Chao2018__phi-4-reasoning-plus__T035__R03,Chao2018,phi-4-reasoning-plus,phi-4-reasoning-plus,0.35,0.9,0.1,3,1,200,,1,recovered,regex_trace_extraction,v2.0_offline,False,True,02912c2c0d6244f09312d1a26068fc0e648240c1,,
Chao2018__phi-4-reasoning-plus__T070__R01,Chao2018,phi-4-reasoning-plus,phi-4-reasoning-plus,0.7,0.9,0.1,1,1,200,,1,unrecoverable,failed,v2.0_offline,False,False,02912c2c0d6244f09312d1a26068fc0e648240c1,,
Chao2018__phi-4-reasoning-plus__T070__R02,Chao2018,phi-4-reasoning-plus,phi-4-reasoning-plus,0.7,0.9,0.1,2,1,200,,1,unrecoverable,failed,v2.0_offline,False,False,02912c2c0d6244f09312d1a26068fc0e648240c1,,
Chao2018__phi-4-reasoning-plus__T070__R03,Chao2018,phi-4-reasoning-plus,phi-4-reasoning-plus,0.7,0.9,0.1,3,1,200,,1,unrecoverable,failed,v2.0_offline,False,False,02912c2c0d6244f09312d1a26068fc0e648240c1,,
Friston2010__gemma-4-31b-it__T000__R01,Friston2010,gemma-4-31b-it,gemma-4-31b-it,0.0,0.9,0.1,1,4,200,,3,recovered,extracted_json_block,v2.0_offline,False,True,02912c2c0d6244f09312d1a26068fc0e648240c1,,
Friston2010__gemma-4-31b-it__T000__R02,Friston2010,gemma-4-31b-it,gemma-4-31b-it,0.0,0.9,0.1,2,4,200,,1,valid,cleaned_json,v2.0_offline,True,False,02912c2c0d6244f09312d1a26068fc0e648240c1,,
Friston2010__gemma-4-31b-it__T000__R03,Friston2010,gemma-4-31b-it,gemma-4-31b-it,0.0,0.9,0.1,3,2,200,,1,valid,cleaned_json,v2.0_offline,True,False,02912c2c0d6244f09312d1a26068fc0e648240c1,,
Friston2010__gemma-4-31b-it__T035__R01,Friston2010,gemma-4-31b-it,gemma-4-31b-it,0.35,0.9,0.1,1,2,200,,1,valid,cleaned_json,v2.0_offline,True,False,02912c2c0d6244f09312d1a26068fc0e648240c1,,
Friston2010__gemma-4-31b-it__T035__R02,Friston2010,gemma-4-31b-it,gemma-4-31b-it,0.35,0.9,0.1,2,2,200,,1,valid,cleaned_json,v2.0_offline,True,False,02912c2c0d6244f09312d1a26068fc0e648240c1,,
Friston2010__gemma-4-31b-it__T035__R03,Friston2010,gemma-4-31b-it,gemma-4-31b-it,0.35,0.9,0.1,3,2,200,,1,valid,cleaned_json,v2.0_offline,True,False,02912c2c0d6244f09312d1a26068fc0e648240c1,,
Friston2010__gemma-4-31b-it__T070__R01,Friston2010,gemma-4-31b-it,gemma-4-31b-it,0.7,0.9,0.1,1,2,200,,1,recovered,extracted_json_block,v2.0_offline,False,True,02912c2c0d6244f09312d1a26068fc0e648240c1,,
Friston2010__gemma-4-31b-it__T070__R02,Friston2010,gemma-4-31b-it,gemma-4-31b-it,0.7,0.9,0.1,2,2,200,,1,recovered,extracted_json_block,v2.0_offline,False,True,02912c2c0d6244f09312d1a26068fc0e648240c1,,
Friston2010__gemma-4-31b-it__T070__R03,Friston2010,gemma-4-31b-it,gemma-4-31b-it,0.7,0.9,0.1,3,2,200,,1,recovered,extracted_json_block,v2.0_offline,False,True,02912c2c0d6244f09312d1a26068fc0e648240c1,,
Friston2010__olmo-3-32b-think__T000__R01,Friston2010,olmo-3-32b-think,olmo-3-32b-think,0.0,0.9,0.1,1,1,200,,1,recovered,extracted_json_block,v2.0_offline,False,True,02912c2c0d6244f09312d1a26068fc0e648240c1,,
Friston2010__olmo-3-32b-think__T000__R02,Friston2010,olmo-3-32b-think,olmo-3-32b-think,0.0,0.9,0.1,2,1,200,,1,unrecoverable,failed,v2.0_offline,False,False,02912c2c0d6244f09312d1a26068fc0e648240c1,,
Friston2010__olmo-3-32b-think__T000__R03,Friston2010,olmo-3-32b-think,olmo-3-32b-think,0.0,0.9,0.1,3,1,200,,1,unrecoverable,failed,v2.0_offline,False,False,02912c2c0d6244f09312d1a26068fc0e648240c1,,
Friston2010__olmo-3-32b-think__T035__R01,Friston2010,olmo-3-32b-think,olmo-3-32b-think,0.35,0.9,0.1,1,1,400,,3,unrecoverable,failed,v2.0_offline,False,False,02912c2c0d6244f09312d1a26068fc0e648240c1,,
Friston2010__olmo-3-32b-think__T035__R02,Friston2010,olmo-3-32b-think,olmo-3-32b-think,0.35,0.9,0.1,2,1,400,,3,unrecoverable,failed,v2.0_offline,False,False,02912c2c0d6244f09312d1a26068fc0e648240c1,,
Friston2010__olmo-3-32b-think__T035__R03,Friston2010,olmo-3-32b-think,olmo-3-32b-think,0.35,0.9,0.1,3,1,400,,3,unrecoverable,failed,v2.0_offline,False,False,02912c2c0d6244f09312d1a26068fc0e648240c1,,
Friston2010__olmo-3-32b-think__T070__R01,Friston2010,olmo-3-32b-think,olmo-3-32b-think,0.7,0.9,0.1,1,1,400,,3,unrecoverable,failed,v2.0_offline,False,False,02912c2c0d6244f09312d1a26068fc0e648240c1,,
Friston2010__olmo-3-32b-think__T070__R02,Friston2010,olmo-3-32b-think,olmo-3-32b-think,0.7,0.9,0.1,2,1,400,,3,unrecoverable,failed,v2.0_offline,False,False,02912c2c0d6244f09312d1a26068fc0e648240c1,,
Friston2010__olmo-3-32b-think__T070__R03,Friston2010,olmo-3-32b-think,olmo-3-32b-think,0.7,0.9,0.1,3,1,400,,3,unrecoverable,failed,v2.0_offline,False,False,02912c2c0d6244f09312d1a26068fc0e648240c1,,
Friston2010__phi-4-reasoning-plus__T000__R01,Friston2010,phi-4-reasoning-plus,phi-4-reasoning-plus,0.0,0.9,0.1,1,1,200,,1,valid,cleaned_json,v2.0_offline,True,False,02912c2c0d6244f09312d1a26068fc0e648240c1,,
Friston2010__phi-4-reasoning-plus__T000__R02,Friston2010,phi-4-reasoning-plus,phi-4-reasoning-plus,0.0,0.9,0.1,2,1,200,,1,valid,cleaned_json,v2.0_offline,True,False,02912c2c0d6244f09312d1a26068fc0e648240c1,,
Friston2010__phi-4-reasoning-plus__T000__R03,Friston2010,phi-4-reasoning-plus,phi-4-reasoning-plus,0.0,0.9,0.1,3,1,200,,1,valid,cleaned_json,v2.0_offline,True,False,02912c2c0d6244f09312d1a26068fc0e648240c1,,
Friston2010__phi-4-reasoning-plus__T035__R01,Friston2010,phi-4-reasoning-plus,phi-4-reasoning-plus,0.35,0.9,0.1,1,1,200,,1,recovered,regex_trace_extraction,v2.0_offline,False,True,02912c2c0d6244f09312d1a26068fc0e648240c1,,
Friston2010__phi-4-reasoning-plus__T035__R02,Friston2010,phi-4-reasoning-plus,phi-4-reasoning-plus,0.35,0.9,0.1,2,1,200,,1,unrecoverable,failed,v2.0_offline,False,False,02912c2c0d6244f09312d1a26068fc0e648240c1,,
Friston2010__phi-4-reasoning-plus__T035__R03,Friston2010,phi-4-reasoning-plus,phi-4-reasoning-plus,0.35,0.9,0.1,3,1,200,,1,unrecoverable,failed,v2.0_offline,False,False,02912c2c0d6244f09312d1a26068fc0e648240c1,,
Friston2010__phi-4-reasoning-plus__T070__R01,Friston2010,phi-4-reasoning-plus,phi-4-reasoning-plus,0.7,0.9,0.1,1,1,200,,1,recovered,extracted_json_block,v2.0_offline,False,True,02912c2c0d6244f09312d1a26068fc0e648240c1,,
Friston2010__phi-4-reasoning-plus__T070__R02,Friston2010,phi-4-reasoning-plus,phi-4-reasoning-plus,0.7,0.9,0.1,2,1,200,,1,valid,cleaned_json,v2.0_offline,True,False,02912c2c0d6244f09312d1a26068fc0e648240c1,,
Friston2010__phi-4-reasoning-plus__T070__R03,Friston2010,phi-4-reasoning-plus,phi-4-reasoning-plus,0.7,0.9,0.1,3,1,200,,1,unrecoverable,failed,v2.0_offline,False,False,02912c2c0d6244f09312d1a26068fc0e648240c1,,
Furutachi2024__gemma-4-31b-it__T000__R01,Furutachi2024,gemma-4-31b-it,gemma-4-31b-it,0.0,0.9,0.1,1,4,200,,2,recovered,extracted_json_block,v2.0_offline,False,True,02912c2c0d6244f09312d1a26068fc0e648240c1,,
Furutachi2024__gemma-4-31b-it__T000__R02,Furutachi2024,gemma-4-31b-it,gemma-4-31b-it,0.0,0.9,0.1,2,4,200,,2,recovered,extracted_json_block,v2.0_offline,False,True,02912c2c0d6244f09312d1a26068fc0e648240c1,,
Furutachi2024__gemma-4-31b-it__T000__R03,Furutachi2024,gemma-4-31b-it,gemma-4-31b-it,0.0,0.9,0.1,3,2,200,,2,recovered,extracted_json_block,v2.0_offline,False,True,02912c2c0d6244f09312d1a26068fc0e648240c1,,
Furutachi2024__gemma-4-31b-it__T035__R01,Furutachi2024,gemma-4-31b-it,gemma-4-31b-it,0.35,0.9,0.1,1,2,200,,1,recovered,extracted_json_block,v2.0_offline,False,True,02912c2c0d6244f09312d1a26068fc0e648240c1,,
Furutachi2024__gemma-4-31b-it__T035__R02,Furutachi2024,gemma-4-31b-it,gemma-4-31b-it,0.35,0.9,0.1,2,2,200,,1,recovered,extracted_json_block,v2.0_offline,False,True,02912c2c0d6244f09312d1a26068fc0e648240c1,,
Furutachi2024__gemma-4-31b-it__T035__R03,Furutachi2024,gemma-4-31b-it,gemma-4-31b-it,0.35,0.9,0.1,3,2,200,,1,recovered,extracted_json_block,v2.0_offline,False,True,02912c2c0d6244f09312d1a26068fc0e648240c1,,
Furutachi2024__gemma-4-31b-it__T070__R01,Furutachi2024,gemma-4-31b-it,gemma-4-31b-it,0.7,0.9,0.1,1,2,200,,1,recovered,extracted_json_block,v2.0_offline,False,True,02912c2c0d6244f09312d1a26068fc0e648240c1,,
Furutachi2024__gemma-4-31b-it__T070__R02,Furutachi2024,gemma-4-31b-it,gemma-4-31b-it,0.7,0.9,0.1,2,2,200,,1,recovered,extracted_json_block,v2.0_offline,False,True,02912c2c0d6244f09312d1a26068fc0e648240c1,,
Furutachi2024__gemma-4-31b-it__T070__R03,Furutachi2024,gemma-4-31b-it,gemma-4-31b-it,0.7,0.9,0.1,3,2,200,,1,recovered,extracted_json_block,v2.0_offline,False,True,02912c2c0d6244f09312d1a26068fc0e648240c1,,
Furutachi2024__olmo-3-32b-think__T000__R01,Furutachi2024,olmo-3-32b-think,olmo-3-32b-think,0.0,0.9,0.1,1,1,200,,1,unrecoverable,failed,v2.0_offline,False,False,02912c2c0d6244f09312d1a26068fc0e648240c1,,
Furutachi2024__olmo-3-32b-think__T000__R02,Furutachi2024,olmo-3-32b-think,olmo-3-32b-think,0.0,0.9,0.1,2,1,200,,1,unrecoverable,failed,v2.0_offline,False,False,02912c2c0d6244f09312d1a26068fc0e648240c1,,
Furutachi2024__olmo-3-32b-think__T000__R03,Furutachi2024,olmo-3-32b-think,olmo-3-32b-think,0.0,0.9,0.1,3,1,200,,1,unrecoverable,failed,v2.0_offline,False,False,02912c2c0d6244f09312d1a26068fc0e648240c1,,
Furutachi2024__olmo-3-32b-think__T035__R01,Furutachi2024,olmo-3-32b-think,olmo-3-32b-think,0.35,0.9,0.1,1,1,400,,3,unrecoverable,failed,v2.0_offline,False,False,02912c2c0d6244f09312d1a26068fc0e648240c1,,
Furutachi2024__olmo-3-32b-think__T035__R02,Furutachi2024,olmo-3-32b-think,olmo-3-32b-think,0.35,0.9,0.1,2,1,400,,3,unrecoverable,failed,v2.0_offline,False,False,02912c2c0d6244f09312d1a26068fc0e648240c1,,
Furutachi2024__olmo-3-32b-think__T035__R03,Furutachi2024,olmo-3-32b-think,olmo-3-32b-think,0.35,0.9,0.1,3,1,400,,3,unrecoverable,failed,v2.0_offline,False,False,02912c2c0d6244f09312d1a26068fc0e648240c1,,
Furutachi2024__olmo-3-32b-think__T070__R01,Furutachi2024,olmo-3-32b-think,olmo-3-32b-think,0.7,0.9,0.1,1,1,400,,3,unrecoverable,failed,v2.0_offline,False,False,02912c2c0d6244f09312d1a26068fc0e648240c1,,
Furutachi2024__olmo-3-32b-think__T070__R02,Furutachi2024,olmo-3-32b-think,olmo-3-32b-think,0.7,0.9,0.1,2,1,400,,3,unrecoverable,failed,v2.0_offline,False,False,02912c2c0d6244f09312d1a26068fc0e648240c1,,
Furutachi2024__olmo-3-32b-think__T070__R03,Furutachi2024,olmo-3-32b-think,olmo-3-32b-think,0.7,0.9,0.1,3,1,400,,3,unrecoverable,failed,v2.0_offline,False,False,02912c2c0d6244f09312d1a26068fc0e648240c1,,
Furutachi2024__phi-4-reasoning-plus__T000__R01,Furutachi2024,phi-4-reasoning-plus,phi-4-reasoning-plus,0.0,0.9,0.1,1,1,200,,1,unrecoverable,failed,v2.0_offline,False,False,02912c2c0d6244f09312d1a26068fc0e648240c1,,
Furutachi2024__phi-4-reasoning-plus__T000__R02,Furutachi2024,phi-4-reasoning-plus,phi-4-reasoning-plus,0.0,0.9,0.1,2,1,200,,1,unrecoverable,failed,v2.0_offline,False,False,02912c2c0d6244f09312d1a26068fc0e648240c1,,
Furutachi2024__phi-4-reasoning-plus__T000__R03,Furutachi2024,phi-4-reasoning-plus,phi-4-reasoning-plus,0.0,0.9,0.1,3,1,200,,1,unrecoverable,failed,v2.0_offline,False,False,02912c2c0d6244f09312d1a26068fc0e648240c1,,
Furutachi2024__phi-4-reasoning-plus__T035__R01,Furutachi2024,phi-4-reasoning-plus,phi-4-reasoning-plus,0.35,0.9,0.1,1,1,200,,1,unrecoverable,failed,v2.0_offline,False,False,02912c2c0d6244f09312d1a26068fc0e648240c1,,
Furutachi2024__phi-4-reasoning-plus__T035__R02,Furutachi2024,phi-4-reasoning-plus,phi-4-reasoning-plus,0.35,0.9,0.1,2,1,200,,1,unrecoverable,failed,v2.0_offline,False,False,02912c2c0d6244f09312d1a26068fc0e648240c1,,
Furutachi2024__phi-4-reasoning-plus__T035__R03,Furutachi2024,phi-4-reasoning-plus,phi-4-reasoning-plus,0.35,0.9,0.1,3,1,200,,1,unrecoverable,failed,v2.0_offline,False,False,02912c2c0d6244f09312d1a26068fc0e648240c1,,
Furutachi2024__phi-4-reasoning-plus__T070__R01,Furutachi2024,phi-4-reasoning-plus,phi-4-reasoning-plus,0.7,0.9,0.1,1,1,200,,1,unrecoverable,failed,v2.0_offline,False,False,02912c2c0d6244f09312d1a26068fc0e648240c1,,
Furutachi2024__phi-4-reasoning-plus__T070__R02,Furutachi2024,phi-4-reasoning-plus,phi-4-reasoning-plus,0.7,0.9,0.1,2,1,200,,1,unrecoverable,failed,v2.0_offline,False,False,02912c2c0d6244f09312d1a26068fc0e648240c1,,
Furutachi2024__phi-4-reasoning-plus__T070__R03,Furutachi2024,phi-4-reasoning-plus,phi-4-reasoning-plus,0.7,0.9,0.1,3,1,200,,1,unrecoverable,failed,v2.0_offline,False,False,02912c2c0d6244f09312d1a26068fc0e648240c1,,
Garret2020__gemma-4-31b-it__T000__R01,Garret2020,gemma-4-31b-it,gemma-4-31b-it,0.0,0.9,0.1,1,4,200,,2,recovered,extracted_json_block,v2.0_offline,False,True,02912c2c0d6244f09312d1a26068fc0e648240c1,,
Garret2020__gemma-4-31b-it__T000__R02,Garret2020,gemma-4-31b-it,gemma-4-31b-it,0.0,0.9,0.1,2,4,200,,1,recovered,extracted_json_block,v2.0_offline,False,True,02912c2c0d6244f09312d1a26068fc0e648240c1,,
Garret2020__gemma-4-31b-it__T000__R03,Garret2020,gemma-4-31b-it,gemma-4-31b-it,0.0,0.9,0.1,3,4,200,,2,recovered,extracted_json_block,v2.0_offline,False,True,02912c2c0d6244f09312d1a26068fc0e648240c1,,
Garret2020__gemma-4-31b-it__T035__R01,Garret2020,gemma-4-31b-it,gemma-4-31b-it,0.35,0.9,0.1,1,2,200,,1,recovered,extracted_json_block,v2.0_offline,False,True,02912c2c0d6244f09312d1a26068fc0e648240c1,,
Garret2020__gemma-4-31b-it__T035__R02,Garret2020,gemma-4-31b-it,gemma-4-31b-it,0.35,0.9,0.1,2,2,200,,1,recovered,extracted_json_block,v2.0_offline,False,True,02912c2c0d6244f09312d1a26068fc0e648240c1,,
Garret2020__gemma-4-31b-it__T035__R03,Garret2020,gemma-4-31b-it,gemma-4-31b-it,0.35,0.9,0.1,3,2,200,,1,recovered,extracted_json_block,v2.0_offline,False,True,02912c2c0d6244f09312d1a26068fc0e648240c1,,
Garret2020__gemma-4-31b-it__T070__R01,Garret2020,gemma-4-31b-it,gemma-4-31b-it,0.7,0.9,0.1,1,2,200,,1,recovered,extracted_json_block,v2.0_offline,False,True,02912c2c0d6244f09312d1a26068fc0e648240c1,,
Garret2020__gemma-4-31b-it__T070__R02,Garret2020,gemma-4-31b-it,gemma-4-31b-it,0.7,0.9,0.1,2,2,200,,1,recovered,extracted_json_block,v2.0_offline,False,True,02912c2c0d6244f09312d1a26068fc0e648240c1,,
Garret2020__gemma-4-31b-it__T070__R03,Garret2020,gemma-4-31b-it,gemma-4-31b-it,0.7,0.9,0.1,3,2,200,,1,recovered,extracted_json_block,v2.0_offline,False,True,02912c2c0d6244f09312d1a26068fc0e648240c1,,
Garret2020__olmo-3-32b-think__T000__R01,Garret2020,olmo-3-32b-think,olmo-3-32b-think,0.0,0.9,0.1,1,1,200,,1,unrecoverable,failed,v2.0_offline,False,False,02912c2c0d6244f09312d1a26068fc0e648240c1,,
Garret2020__olmo-3-32b-think__T000__R02,Garret2020,olmo-3-32b-think,olmo-3-32b-think,0.0,0.9,0.1,2,1,200,,1,unrecoverable,failed,v2.0_offline,False,False,02912c2c0d6244f09312d1a26068fc0e648240c1,,
Garret2020__olmo-3-32b-think__T000__R03,Garret2020,olmo-3-32b-think,olmo-3-32b-think,0.0,0.9,0.1,3,1,200,,1,unrecoverable,failed,v2.0_offline,False,False,02912c2c0d6244f09312d1a26068fc0e648240c1,,
Garret2020__olmo-3-32b-think__T035__R01,Garret2020,olmo-3-32b-think,olmo-3-32b-think,0.35,0.9,0.1,1,1,400,,3,unrecoverable,failed,v2.0_offline,False,False,02912c2c0d6244f09312d1a26068fc0e648240c1,,
Garret2020__olmo-3-32b-think__T035__R02,Garret2020,olmo-3-32b-think,olmo-3-32b-think,0.35,0.9,0.1,2,1,400,,3,unrecoverable,failed,v2.0_offline,False,False,02912c2c0d6244f09312d1a26068fc0e648240c1,,
Garret2020__olmo-3-32b-think__T035__R03,Garret2020,olmo-3-32b-think,olmo-3-32b-think,0.35,0.9,0.1,3,1,400,,3,unrecoverable,failed,v2.0_offline,False,False,02912c2c0d6244f09312d1a26068fc0e648240c1,,
Garret2020__olmo-3-32b-think__T070__R01,Garret2020,olmo-3-32b-think,olmo-3-32b-think,0.7,0.9,0.1,1,1,400,,3,unrecoverable,failed,v2.0_offline,False,False,02912c2c0d6244f09312d1a26068fc0e648240c1,,
Garret2020__olmo-3-32b-think__T070__R02,Garret2020,olmo-3-32b-think,olmo-3-32b-think,0.7,0.9,0.1,2,1,400,,3,unrecoverable,failed,v2.0_offline,False,False,02912c2c0d6244f09312d1a26068fc0e648240c1,,
Garret2020__olmo-3-32b-think__T070__R03,Garret2020,olmo-3-32b-think,olmo-3-32b-think,0.7,0.9,0.1,3,1,400,,3,unrecoverable,failed,v2.0_offline,False,False,02912c2c0d6244f09312d1a26068fc0e648240c1,,
Garret2020__phi-4-reasoning-plus__T000__R01,Garret2020,phi-4-reasoning-plus,phi-4-reasoning-plus,0.0,0.9,0.1,1,1,200,,1,unrecoverable,failed,v2.0_offline,False,False,02912c2c0d6244f09312d1a26068fc0e648240c1,,
Garret2020__phi-4-reasoning-plus__T000__R02,Garret2020,phi-4-reasoning-plus,phi-4-reasoning-plus,0.0,0.9,0.1,2,2,200,,1,valid,cleaned_json,v2.0_offline,True,False,02912c2c0d6244f09312d1a26068fc0e648240c1,,
Garret2020__phi-4-reasoning-plus__T000__R03,Garret2020,phi-4-reasoning-plus,phi-4-reasoning-plus,0.0,0.9,0.1,3,1,200,,1,recovered,regex_trace_extraction,v2.0_offline,False,True,02912c2c0d6244f09312d1a26068fc0e648240c1,,
Garret2020__phi-4-reasoning-plus__T035__R01,Garret2020,phi-4-reasoning-plus,phi-4-reasoning-plus,0.35,0.9,0.1,1,1,200,,1,unrecoverable,failed,v2.0_offline,False,False,02912c2c0d6244f09312d1a26068fc0e648240c1,,
Garret2020__phi-4-reasoning-plus__T035__R02,Garret2020,phi-4-reasoning-plus,phi-4-reasoning-plus,0.35,0.9,0.1,2,1,200,,1,unrecoverable,failed,v2.0_offline,False,False,02912c2c0d6244f09312d1a26068fc0e648240c1,,
Garret2020__phi-4-reasoning-plus__T035__R03,Garret2020,phi-4-reasoning-plus,phi-4-reasoning-plus,0.35,0.9,0.1,3,1,200,,1,recovered,regex_trace_extraction,v2.0_offline,False,True,02912c2c0d6244f09312d1a26068fc0e648240c1,,
Garret2020__phi-4-reasoning-plus__T070__R01,Garret2020,phi-4-reasoning-plus,phi-4-reasoning-plus,0.7,0.9,0.1,1,1,200,,1,recovered,regex_trace_extraction,v2.0_offline,False,True,02912c2c0d6244f09312d1a26068fc0e648240c1,,
Garret2020__phi-4-reasoning-plus__T070__R02,Garret2020,phi-4-reasoning-plus,phi-4-reasoning-plus,0.7,0.9,0.1,2,1,200,,1,recovered,regex_trace_extraction,v2.0_offline,False,True,02912c2c0d6244f09312d1a26068fc0e648240c1,,
Garret2020__phi-4-reasoning-plus__T070__R03,Garret2020,phi-4-reasoning-plus,phi-4-reasoning-plus,0.7,0.9,0.1,3,1,200,,1,recovered,regex_trace_extraction,v2.0_offline,False,True,02912c2c0d6244f09312d1a26068fc0e648240c1,,
Greedy2022__gemma-4-31b-it__T000__R01,Greedy2022,gemma-4-31b-it,gemma-4-31b-it,0.0,0.9,0.1,1,4,200,,2,recovered,extracted_json_block,v2.0_offline,False,True,02912c2c0d6244f09312d1a26068fc0e648240c1,,
Greedy2022__gemma-4-31b-it__T000__R02,Greedy2022,gemma-4-31b-it,gemma-4-31b-it,0.0,0.9,0.1,2,4,200,,2,recovered,extracted_json_block,v2.0_offline,False,True,02912c2c0d6244f09312d1a26068fc0e648240c1,,
Greedy2022__gemma-4-31b-it__T000__R03,Greedy2022,gemma-4-31b-it,gemma-4-31b-it,0.0,0.9,0.1,3,4,200,,1,recovered,extracted_json_block,v2.0_offline,False,True,02912c2c0d6244f09312d1a26068fc0e648240c1,,
Greedy2022__gemma-4-31b-it__T035__R01,Greedy2022,gemma-4-31b-it,gemma-4-31b-it,0.35,0.9,0.1,1,2,200,,1,recovered,extracted_json_block,v2.0_offline,False,True,02912c2c0d6244f09312d1a26068fc0e648240c1,,
Greedy2022__gemma-4-31b-it__T035__R02,Greedy2022,gemma-4-31b-it,gemma-4-31b-it,0.35,0.9,0.1,2,2,200,,1,recovered,extracted_json_block,v2.0_offline,False,True,02912c2c0d6244f09312d1a26068fc0e648240c1,,
Greedy2022__gemma-4-31b-it__T035__R03,Greedy2022,gemma-4-31b-it,gemma-4-31b-it,0.35,0.9,0.1,3,2,200,,1,recovered,extracted_json_block,v2.0_offline,False,True,02912c2c0d6244f09312d1a26068fc0e648240c1,,
Greedy2022__gemma-4-31b-it__T070__R01,Greedy2022,gemma-4-31b-it,gemma-4-31b-it,0.7,0.9,0.1,1,2,200,,1,recovered,extracted_json_block,v2.0_offline,False,True,02912c2c0d6244f09312d1a26068fc0e648240c1,,
Greedy2022__gemma-4-31b-it__T070__R02,Greedy2022,gemma-4-31b-it,gemma-4-31b-it,0.7,0.9,0.1,2,2,200,,1,recovered,extracted_json_block,v2.0_offline,False,True,02912c2c0d6244f09312d1a26068fc0e648240c1,,
Greedy2022__gemma-4-31b-it__T070__R03,Greedy2022,gemma-4-31b-it,gemma-4-31b-it,0.7,0.9,0.1,3,2,200,,1,recovered,extracted_json_block,v2.0_offline,False,True,02912c2c0d6244f09312d1a26068fc0e648240c1,,
Greedy2022__olmo-3-32b-think__T000__R01,Greedy2022,olmo-3-32b-think,olmo-3-32b-think,0.0,0.9,0.1,1,1,200,,1,unrecoverable,failed,v2.0_offline,False,False,02912c2c0d6244f09312d1a26068fc0e648240c1,,
Greedy2022__olmo-3-32b-think__T000__R02,Greedy2022,olmo-3-32b-think,olmo-3-32b-think,0.0,0.9,0.1,2,1,200,,1,unrecoverable,failed,v2.0_offline,False,False,02912c2c0d6244f09312d1a26068fc0e648240c1,,
Greedy2022__olmo-3-32b-think__T000__R03,Greedy2022,olmo-3-32b-think,olmo-3-32b-think,0.0,0.9,0.1,3,1,200,,1,unrecoverable,failed,v2.0_offline,False,False,02912c2c0d6244f09312d1a26068fc0e648240c1,,
Greedy2022__olmo-3-32b-think__T035__R01,Greedy2022,olmo-3-32b-think,olmo-3-32b-think,0.35,0.9,0.1,1,1,400,,3,unrecoverable,failed,v2.0_offline,False,False,02912c2c0d6244f09312d1a26068fc0e648240c1,,
Greedy2022__olmo-3-32b-think__T035__R02,Greedy2022,olmo-3-32b-think,olmo-3-32b-think,0.35,0.9,0.1,2,1,400,,3,unrecoverable,failed,v2.0_offline,False,False,02912c2c0d6244f09312d1a26068fc0e648240c1,,
Greedy2022__olmo-3-32b-think__T035__R03,Greedy2022,olmo-3-32b-think,olmo-3-32b-think,0.35,0.9,0.1,3,1,400,,3,unrecoverable,failed,v2.0_offline,False,False,02912c2c0d6244f09312d1a26068fc0e648240c1,,
Greedy2022__olmo-3-32b-think__T070__R01,Greedy2022,olmo-3-32b-think,olmo-3-32b-think,0.7,0.9,0.1,1,1,400,,3,unrecoverable,failed,v2.0_offline,False,False,02912c2c0d6244f09312d1a26068fc0e648240c1,,
Greedy2022__olmo-3-32b-think__T070__R02,Greedy2022,olmo-3-32b-think,olmo-3-32b-think,0.7,0.9,0.1,2,1,400,,3,unrecoverable,failed,v2.0_offline,False,False,02912c2c0d6244f09312d1a26068fc0e648240c1,,
Greedy2022__olmo-3-32b-think__T070__R03,Greedy2022,olmo-3-32b-think,olmo-3-32b-think,0.7,0.9,0.1,3,1,400,,3,unrecoverable,failed,v2.0_offline,False,False,02912c2c0d6244f09312d1a26068fc0e648240c1,,
Greedy2022__phi-4-reasoning-plus__T000__R01,Greedy2022,phi-4-reasoning-plus,phi-4-reasoning-plus,0.0,0.9,0.1,1,1,200,,1,unrecoverable,failed,v2.0_offline,False,False,02912c2c0d6244f09312d1a26068fc0e648240c1,,
Greedy2022__phi-4-reasoning-plus__T000__R02,Greedy2022,phi-4-reasoning-plus,phi-4-reasoning-plus,0.0,0.9,0.1,2,1,200,,1,recovered,regex_trace_extraction,v2.0_offline,False,True,02912c2c0d6244f09312d1a26068fc0e648240c1,,
Greedy2022__phi-4-reasoning-plus__T000__R03,Greedy2022,phi-4-reasoning-plus,phi-4-reasoning-plus,0.0,0.9,0.1,3,1,200,,1,recovered,regex_trace_extraction,v2.0_offline,False,True,02912c2c0d6244f09312d1a26068fc0e648240c1,,
Greedy2022__phi-4-reasoning-plus__T035__R01,Greedy2022,phi-4-reasoning-plus,phi-4-reasoning-plus,0.35,0.9,0.1,1,1,200,,1,recovered,regex_trace_extraction,v2.0_offline,False,True,02912c2c0d6244f09312d1a26068fc0e648240c1,,
Greedy2022__phi-4-reasoning-plus__T035__R02,Greedy2022,phi-4-reasoning-plus,phi-4-reasoning-plus,0.35,0.9,0.1,2,1,200,,1,unrecoverable,failed,v2.0_offline,False,False,02912c2c0d6244f09312d1a26068fc0e648240c1,,
Greedy2022__phi-4-reasoning-plus__T035__R03,Greedy2022,phi-4-reasoning-plus,phi-4-reasoning-plus,0.35,0.9,0.1,3,1,200,,1,valid,cleaned_json,v2.0_offline,True,False,02912c2c0d6244f09312d1a26068fc0e648240c1,,
Greedy2022__phi-4-reasoning-plus__T070__R01,Greedy2022,phi-4-reasoning-plus,phi-4-reasoning-plus,0.7,0.9,0.1,1,1,200,,1,unrecoverable,failed,v2.0_offline,False,False,02912c2c0d6244f09312d1a26068fc0e648240c1,,
Greedy2022__phi-4-reasoning-plus__T070__R02,Greedy2022,phi-4-reasoning-plus,phi-4-reasoning-plus,0.7,0.9,0.1,2,1,200,,1,unrecoverable,failed,v2.0_offline,False,False,02912c2c0d6244f09312d1a26068fc0e648240c1,,
Greedy2022__phi-4-reasoning-plus__T070__R03,Greedy2022,phi-4-reasoning-plus,phi-4-reasoning-plus,0.7,0.9,0.1,3,1,200,,1,unrecoverable,failed,v2.0_offline,False,False,02912c2c0d6244f09312d1a26068fc0e648240c1,,
Hertag2020__gemma-4-31b-it__T000__R01,Hertag2020,gemma-4-31b-it,gemma-4-31b-it,0.0,0.9,0.1,1,4,200,,2,recovered,extracted_json_block,v2.0_offline,False,True,02912c2c0d6244f09312d1a26068fc0e648240c1,,
Hertag2020__gemma-4-31b-it__T000__R02,Hertag2020,gemma-4-31b-it,gemma-4-31b-it,0.0,0.9,0.1,2,4,200,,1,recovered,extracted_json_block,v2.0_offline,False,True,02912c2c0d6244f09312d1a26068fc0e648240c1,,
Hertag2020__gemma-4-31b-it__T000__R03,Hertag2020,gemma-4-31b-it,gemma-4-31b-it,0.0,0.9,0.1,3,4,200,,1,recovered,extracted_json_block,v2.0_offline,False,True,02912c2c0d6244f09312d1a26068fc0e648240c1,,
Hertag2020__gemma-4-31b-it__T035__R01,Hertag2020,gemma-4-31b-it,gemma-4-31b-it,0.35,0.9,0.1,1,2,200,,1,recovered,extracted_json_block,v2.0_offline,False,True,02912c2c0d6244f09312d1a26068fc0e648240c1,,
Hertag2020__gemma-4-31b-it__T035__R02,Hertag2020,gemma-4-31b-it,gemma-4-31b-it,0.35,0.9,0.1,2,2,200,,1,recovered,extracted_json_block,v2.0_offline,False,True,02912c2c0d6244f09312d1a26068fc0e648240c1,,
Hertag2020__gemma-4-31b-it__T035__R03,Hertag2020,gemma-4-31b-it,gemma-4-31b-it,0.35,0.9,0.1,3,2,200,,1,recovered,extracted_json_block,v2.0_offline,False,True,02912c2c0d6244f09312d1a26068fc0e648240c1,,
Hertag2020__gemma-4-31b-it__T070__R01,Hertag2020,gemma-4-31b-it,gemma-4-31b-it,0.7,0.9,0.1,1,2,200,,1,recovered,extracted_json_block,v2.0_offline,False,True,02912c2c0d6244f09312d1a26068fc0e648240c1,,
Hertag2020__gemma-4-31b-it__T070__R02,Hertag2020,gemma-4-31b-it,gemma-4-31b-it,0.7,0.9,0.1,2,2,200,,1,recovered,extracted_json_block,v2.0_offline,False,True,02912c2c0d6244f09312d1a26068fc0e648240c1,,
Hertag2020__gemma-4-31b-it__T070__R03,Hertag2020,gemma-4-31b-it,gemma-4-31b-it,0.7,0.9,0.1,3,2,200,,1,recovered,extracted_json_block,v2.0_offline,False,True,02912c2c0d6244f09312d1a26068fc0e648240c1,,
Hertag2020__olmo-3-32b-think__T000__R01,Hertag2020,olmo-3-32b-think,olmo-3-32b-think,0.0,0.9,0.1,1,1,200,,1,unrecoverable,failed,v2.0_offline,False,False,02912c2c0d6244f09312d1a26068fc0e648240c1,,
Hertag2020__olmo-3-32b-think__T000__R02,Hertag2020,olmo-3-32b-think,olmo-3-32b-think,0.0,0.9,0.1,2,1,200,,1,unrecoverable,failed,v2.0_offline,False,False,02912c2c0d6244f09312d1a26068fc0e648240c1,,
Hertag2020__olmo-3-32b-think__T000__R03,Hertag2020,olmo-3-32b-think,olmo-3-32b-think,0.0,0.9,0.1,3,1,200,,1,unrecoverable,failed,v2.0_offline,False,False,02912c2c0d6244f09312d1a26068fc0e648240c1,,
Hertag2020__olmo-3-32b-think__T035__R01,Hertag2020,olmo-3-32b-think,olmo-3-32b-think,0.35,0.9,0.1,1,1,400,,3,unrecoverable,failed,v2.0_offline,False,False,02912c2c0d6244f09312d1a26068fc0e648240c1,,
Hertag2020__olmo-3-32b-think__T035__R02,Hertag2020,olmo-3-32b-think,olmo-3-32b-think,0.35,0.9,0.1,2,1,400,,3,unrecoverable,failed,v2.0_offline,False,False,02912c2c0d6244f09312d1a26068fc0e648240c1,,
Hertag2020__olmo-3-32b-think__T035__R03,Hertag2020,olmo-3-32b-think,olmo-3-32b-think,0.35,0.9,0.1,3,1,400,,3,unrecoverable,failed,v2.0_offline,False,False,02912c2c0d6244f09312d1a26068fc0e648240c1,,
Hertag2020__olmo-3-32b-think__T070__R01,Hertag2020,olmo-3-32b-think,olmo-3-32b-think,0.7,0.9,0.1,1,1,400,,3,unrecoverable,failed,v2.0_offline,False,False,02912c2c0d6244f09312d1a26068fc0e648240c1,,
Hertag2020__olmo-3-32b-think__T070__R02,Hertag2020,olmo-3-32b-think,olmo-3-32b-think,0.7,0.9,0.1,2,1,400,,3,unrecoverable,failed,v2.0_offline,False,False,02912c2c0d6244f09312d1a26068fc0e648240c1,,
Hertag2020__olmo-3-32b-think__T070__R03,Hertag2020,olmo-3-32b-think,olmo-3-32b-think,0.7,0.9,0.1,3,1,400,,3,unrecoverable,failed,v2.0_offline,False,False,02912c2c0d6244f09312d1a26068fc0e648240c1,,
Hertag2020__phi-4-reasoning-plus__T000__R01,Hertag2020,phi-4-reasoning-plus,phi-4-reasoning-plus,0.0,0.9,0.1,1,1,200,,1,unrecoverable,failed,v2.0_offline,False,False,02912c2c0d6244f09312d1a26068fc0e648240c1,,
Hertag2020__phi-4-reasoning-plus__T000__R02,Hertag2020,phi-4-reasoning-plus,phi-4-reasoning-plus,0.0,0.9,0.1,2,1,200,,1,recovered,regex_trace_extraction,v2.0_offline,False,True,02912c2c0d6244f09312d1a26068fc0e648240c1,,
Hertag2020__phi-4-reasoning-plus__T000__R03,Hertag2020,phi-4-reasoning-plus,phi-4-reasoning-plus,0.0,0.9,0.1,3,1,200,,1,recovered,regex_trace_extraction,v2.0_offline,False,True,02912c2c0d6244f09312d1a26068fc0e648240c1,,
Hertag2020__phi-4-reasoning-plus__T035__R01,Hertag2020,phi-4-reasoning-plus,phi-4-reasoning-plus,0.35,0.9,0.1,1,1,200,,1,unrecoverable,failed,v2.0_offline,False,False,02912c2c0d6244f09312d1a26068fc0e648240c1,,
Hertag2020__phi-4-reasoning-plus__T035__R02,Hertag2020,phi-4-reasoning-plus,phi-4-reasoning-plus,0.35,0.9,0.1,2,1,200,,1,recovered,regex_trace_extraction,v2.0_offline,False,True,02912c2c0d6244f09312d1a26068fc0e648240c1,,
Hertag2020__phi-4-reasoning-plus__T035__R03,Hertag2020,phi-4-reasoning-plus,phi-4-reasoning-plus,0.35,0.9,0.1,3,1,200,,1,unrecoverable,failed,v2.0_offline,False,False,02912c2c0d6244f09312d1a26068fc0e648240c1,,
Hertag2020__phi-4-reasoning-plus__T070__R01,Hertag2020,phi-4-reasoning-plus,phi-4-reasoning-plus,0.7,0.9,0.1,1,1,200,,1,unrecoverable,failed,v2.0_offline,False,False,02912c2c0d6244f09312d1a26068fc0e648240c1,,
Hertag2020__phi-4-reasoning-plus__T070__R02,Hertag2020,phi-4-reasoning-plus,phi-4-reasoning-plus,0.7,0.9,0.1,2,1,200,,1,recovered,regex_trace_extraction,v2.0_offline,False,True,02912c2c0d6244f09312d1a26068fc0e648240c1,,
Hertag2020__phi-4-reasoning-plus__T070__R03,Hertag2020,phi-4-reasoning-plus,phi-4-reasoning-plus,0.7,0.9,0.1,3,1,200,,1,unrecoverable,failed,v2.0_offline,False,False,02912c2c0d6244f09312d1a26068fc0e648240c1,,
Jiang&Rao2024__gemma-4-31b-it__T000__R01,Jiang&Rao2024,gemma-4-31b-it,gemma-4-31b-it,0.0,0.9,0.1,1,4,200,,1,recovered,extracted_json_block,v2.0_offline,False,True,02912c2c0d6244f09312d1a26068fc0e648240c1,,
Jiang&Rao2024__gemma-4-31b-it__T000__R02,Jiang&Rao2024,gemma-4-31b-it,gemma-4-31b-it,0.0,0.9,0.1,2,4,200,,1,recovered,extracted_json_block,v2.0_offline,False,True,02912c2c0d6244f09312d1a26068fc0e648240c1,,
Jiang&Rao2024__gemma-4-31b-it__T000__R03,Jiang&Rao2024,gemma-4-31b-it,gemma-4-31b-it,0.0,0.9,0.1,3,4,200,,1,recovered,extracted_json_block,v2.0_offline,False,True,02912c2c0d6244f09312d1a26068fc0e648240c1,,
Jiang&Rao2024__gemma-4-31b-it__T035__R01,Jiang&Rao2024,gemma-4-31b-it,gemma-4-31b-it,0.35,0.9,0.1,1,2,200,,1,recovered,extracted_json_block,v2.0_offline,False,True,02912c2c0d6244f09312d1a26068fc0e648240c1,,
Jiang&Rao2024__gemma-4-31b-it__T035__R02,Jiang&Rao2024,gemma-4-31b-it,gemma-4-31b-it,0.35,0.9,0.1,2,2,200,,1,recovered,extracted_json_block,v2.0_offline,False,True,02912c2c0d6244f09312d1a26068fc0e648240c1,,
Jiang&Rao2024__gemma-4-31b-it__T035__R03,Jiang&Rao2024,gemma-4-31b-it,gemma-4-31b-it,0.35,0.9,0.1,3,2,200,,1,recovered,extracted_json_block,v2.0_offline,False,True,02912c2c0d6244f09312d1a26068fc0e648240c1,,
Jiang&Rao2024__gemma-4-31b-it__T070__R01,Jiang&Rao2024,gemma-4-31b-it,gemma-4-31b-it,0.7,0.9,0.1,1,2,200,,1,recovered,extracted_json_block,v2.0_offline,False,True,02912c2c0d6244f09312d1a26068fc0e648240c1,,
Jiang&Rao2024__gemma-4-31b-it__T070__R02,Jiang&Rao2024,gemma-4-31b-it,gemma-4-31b-it,0.7,0.9,0.1,2,2,200,,1,recovered,extracted_json_block,v2.0_offline,False,True,02912c2c0d6244f09312d1a26068fc0e648240c1,,
Jiang&Rao2024__gemma-4-31b-it__T070__R03,Jiang&Rao2024,gemma-4-31b-it,gemma-4-31b-it,0.7,0.9,0.1,3,2,200,,1,recovered,extracted_json_block,v2.0_offline,False,True,02912c2c0d6244f09312d1a26068fc0e648240c1,,
Jiang&Rao2024__olmo-3-32b-think__T000__R01,Jiang&Rao2024,olmo-3-32b-think,olmo-3-32b-think,0.0,0.9,0.1,1,1,200,,1,recovered,extracted_json_block,v2.0_offline,False,True,02912c2c0d6244f09312d1a26068fc0e648240c1,,
Jiang&Rao2024__olmo-3-32b-think__T000__R02,Jiang&Rao2024,olmo-3-32b-think,olmo-3-32b-think,0.0,0.9,0.1,2,1,200,,1,unrecoverable,failed,v2.0_offline,False,False,02912c2c0d6244f09312d1a26068fc0e648240c1,,
Jiang&Rao2024__olmo-3-32b-think__T000__R03,Jiang&Rao2024,olmo-3-32b-think,olmo-3-32b-think,0.0,0.9,0.1,3,1,200,,1,unrecoverable,failed,v2.0_offline,False,False,02912c2c0d6244f09312d1a26068fc0e648240c1,,
Jiang&Rao2024__olmo-3-32b-think__T035__R01,Jiang&Rao2024,olmo-3-32b-think,olmo-3-32b-think,0.35,0.9,0.1,1,1,400,,3,unrecoverable,failed,v2.0_offline,False,False,02912c2c0d6244f09312d1a26068fc0e648240c1,,
Jiang&Rao2024__olmo-3-32b-think__T035__R02,Jiang&Rao2024,olmo-3-32b-think,olmo-3-32b-think,0.35,0.9,0.1,2,1,400,,3,unrecoverable,failed,v2.0_offline,False,False,02912c2c0d6244f09312d1a26068fc0e648240c1,,
Jiang&Rao2024__olmo-3-32b-think__T035__R03,Jiang&Rao2024,olmo-3-32b-think,olmo-3-32b-think,0.35,0.9,0.1,3,1,400,,3,unrecoverable,failed,v2.0_offline,False,False,02912c2c0d6244f09312d1a26068fc0e648240c1,,
Jiang&Rao2024__olmo-3-32b-think__T070__R01,Jiang&Rao2024,olmo-3-32b-think,olmo-3-32b-think,0.7,0.9,0.1,1,1,400,,3,unrecoverable,failed,v2.0_offline,False,False,02912c2c0d6244f09312d1a26068fc0e648240c1,,
Jiang&Rao2024__olmo-3-32b-think__T070__R02,Jiang&Rao2024,olmo-3-32b-think,olmo-3-32b-think,0.7,0.9,0.1,2,1,400,,3,unrecoverable,failed,v2.0_offline,False,False,02912c2c0d6244f09312d1a26068fc0e648240c1,,
Jiang&Rao2024__olmo-3-32b-think__T070__R03,Jiang&Rao2024,olmo-3-32b-think,olmo-3-32b-think,0.7,0.9,0.1,3,1,400,,3,unrecoverable,failed,v2.0_offline,False,False,02912c2c0d6244f09312d1a26068fc0e648240c1,,
Jiang&Rao2024__phi-4-reasoning-plus__T000__R01,Jiang&Rao2024,phi-4-reasoning-plus,phi-4-reasoning-plus,0.0,0.9,0.1,1,1,200,,1,recovered,regex_trace_extraction,v2.0_offline,False,True,02912c2c0d6244f09312d1a26068fc0e648240c1,,
Jiang&Rao2024__phi-4-reasoning-plus__T000__R02,Jiang&Rao2024,phi-4-reasoning-plus,phi-4-reasoning-plus,0.0,0.9,0.1,2,1,200,,1,recovered,regex_trace_extraction,v2.0_offline,False,True,02912c2c0d6244f09312d1a26068fc0e648240c1,,
Jiang&Rao2024__phi-4-reasoning-plus__T000__R03,Jiang&Rao2024,phi-4-reasoning-plus,phi-4-reasoning-plus,0.0,0.9,0.1,3,1,200,,1,recovered,regex_trace_extraction,v2.0_offline,False,True,02912c2c0d6244f09312d1a26068fc0e648240c1,,
Jiang&Rao2024__phi-4-reasoning-plus__T035__R01,Jiang&Rao2024,phi-4-reasoning-plus,phi-4-reasoning-plus,0.35,0.9,0.1,1,1,200,,1,recovered,extracted_json_block,v2.0_offline,False,True,02912c2c0d6244f09312d1a26068fc0e648240c1,,
Jiang&Rao2024__phi-4-reasoning-plus__T035__R02,Jiang&Rao2024,phi-4-reasoning-plus,phi-4-reasoning-plus,0.35,0.9,0.1,2,1,200,,1,recovered,regex_trace_extraction,v2.0_offline,False,True,02912c2c0d6244f09312d1a26068fc0e648240c1,,
Jiang&Rao2024__phi-4-reasoning-plus__T035__R03,Jiang&Rao2024,phi-4-reasoning-plus,phi-4-reasoning-plus,0.35,0.9,0.1,3,1,200,,1,unrecoverable,failed,v2.0_offline,False,False,02912c2c0d6244f09312d1a26068fc0e648240c1,,
Jiang&Rao2024__phi-4-reasoning-plus__T070__R01,Jiang&Rao2024,phi-4-reasoning-plus,phi-4-reasoning-plus,0.7,0.9,0.1,1,1,200,,1,unrecoverable,failed,v2.0_offline,False,False,02912c2c0d6244f09312d1a26068fc0e648240c1,,
Jiang&Rao2024__phi-4-reasoning-plus__T070__R02,Jiang&Rao2024,phi-4-reasoning-plus,phi-4-reasoning-plus,0.7,0.9,0.1,2,1,200,,1,unrecoverable,failed,v2.0_offline,False,False,02912c2c0d6244f09312d1a26068fc0e648240c1,,
Jiang&Rao2024__phi-4-reasoning-plus__T070__R03,Jiang&Rao2024,phi-4-reasoning-plus,phi-4-reasoning-plus,0.7,0.9,0.1,3,1,200,,1,unrecoverable,failed,v2.0_offline,False,False,02912c2c0d6244f09312d1a26068fc0e648240c1,,
Keller2012__gemma-4-31b-it__T000__R01,Keller2012,gemma-4-31b-it,gemma-4-31b-it,0.0,0.9,0.1,1,4,200,,1,recovered,extracted_json_block,v2.0_offline,False,True,02912c2c0d6244f09312d1a26068fc0e648240c1,,
Keller2012__gemma-4-31b-it__T000__R02,Keller2012,gemma-4-31b-it,gemma-4-31b-it,0.0,0.9,0.1,2,4,200,,1,recovered,extracted_json_block,v2.0_offline,False,True,02912c2c0d6244f09312d1a26068fc0e648240c1,,
Keller2012__gemma-4-31b-it__T000__R03,Keller2012,gemma-4-31b-it,gemma-4-31b-it,0.0,0.9,0.1,3,4,200,,1,recovered,extracted_json_block,v2.0_offline,False,True,02912c2c0d6244f09312d1a26068fc0e648240c1,,
Keller2012__gemma-4-31b-it__T035__R01,Keller2012,gemma-4-31b-it,gemma-4-31b-it,0.35,0.9,0.1,1,2,200,,1,recovered,extracted_json_block,v2.0_offline,False,True,02912c2c0d6244f09312d1a26068fc0e648240c1,,
Keller2012__gemma-4-31b-it__T035__R02,Keller2012,gemma-4-31b-it,gemma-4-31b-it,0.35,0.9,0.1,2,2,200,,1,recovered,extracted_json_block,v2.0_offline,False,True,02912c2c0d6244f09312d1a26068fc0e648240c1,,
Keller2012__gemma-4-31b-it__T035__R03,Keller2012,gemma-4-31b-it,gemma-4-31b-it,0.35,0.9,0.1,3,2,200,,1,recovered,extracted_json_block,v2.0_offline,False,True,02912c2c0d6244f09312d1a26068fc0e648240c1,,
Keller2012__gemma-4-31b-it__T070__R01,Keller2012,gemma-4-31b-it,gemma-4-31b-it,0.7,0.9,0.1,1,2,200,,1,recovered,extracted_json_block,v2.0_offline,False,True,02912c2c0d6244f09312d1a26068fc0e648240c1,,
Keller2012__gemma-4-31b-it__T070__R02,Keller2012,gemma-4-31b-it,gemma-4-31b-it,0.7,0.9,0.1,2,2,200,,1,recovered,extracted_json_block,v2.0_offline,False,True,02912c2c0d6244f09312d1a26068fc0e648240c1,,
Keller2012__gemma-4-31b-it__T070__R03,Keller2012,gemma-4-31b-it,gemma-4-31b-it,0.7,0.9,0.1,3,2,200,,1,recovered,extracted_json_block,v2.0_offline,False,True,02912c2c0d6244f09312d1a26068fc0e648240c1,,
Keller2012__olmo-3-32b-think__T000__R01,Keller2012,olmo-3-32b-think,olmo-3-32b-think,0.0,0.9,0.1,1,1,200,,1,unrecoverable,failed,v2.0_offline,False,False,02912c2c0d6244f09312d1a26068fc0e648240c1,,
Keller2012__olmo-3-32b-think__T000__R02,Keller2012,olmo-3-32b-think,olmo-3-32b-think,0.0,0.9,0.1,2,1,200,,1,unrecoverable,failed,v2.0_offline,False,False,02912c2c0d6244f09312d1a26068fc0e648240c1,,
Keller2012__olmo-3-32b-think__T000__R03,Keller2012,olmo-3-32b-think,olmo-3-32b-think,0.0,0.9,0.1,3,1,200,,1,unrecoverable,failed,v2.0_offline,False,False,02912c2c0d6244f09312d1a26068fc0e648240c1,,
Keller2012__olmo-3-32b-think__T035__R01,Keller2012,olmo-3-32b-think,olmo-3-32b-think,0.35,0.9,0.1,1,1,400,,3,unrecoverable,failed,v2.0_offline,False,False,02912c2c0d6244f09312d1a26068fc0e648240c1,,
Keller2012__olmo-3-32b-think__T035__R02,Keller2012,olmo-3-32b-think,olmo-3-32b-think,0.35,0.9,0.1,2,1,400,,3,unrecoverable,failed,v2.0_offline,False,False,02912c2c0d6244f09312d1a26068fc0e648240c1,,
Keller2012__olmo-3-32b-think__T035__R03,Keller2012,olmo-3-32b-think,olmo-3-32b-think,0.35,0.9,0.1,3,1,400,,3,unrecoverable,failed,v2.0_offline,False,False,02912c2c0d6244f09312d1a26068fc0e648240c1,,
Keller2012__olmo-3-32b-think__T070__R01,Keller2012,olmo-3-32b-think,olmo-3-32b-think,0.7,0.9,0.1,1,1,200,,3,unrecoverable,failed,v2.0_offline,False,False,02912c2c0d6244f09312d1a26068fc0e648240c1,,
Keller2012__olmo-3-32b-think__T070__R02,Keller2012,olmo-3-32b-think,olmo-3-32b-think,0.7,0.9,0.1,2,1,200,,1,unrecoverable,failed,v2.0_offline,False,False,02912c2c0d6244f09312d1a26068fc0e648240c1,,
Keller2012__olmo-3-32b-think__T070__R03,Keller2012,olmo-3-32b-think,olmo-3-32b-think,0.7,0.9,0.1,3,1,400,,3,unrecoverable,failed,v2.0_offline,False,False,02912c2c0d6244f09312d1a26068fc0e648240c1,,
Keller2012__phi-4-reasoning-plus__T000__R01,Keller2012,phi-4-reasoning-plus,phi-4-reasoning-plus,0.0,0.9,0.1,1,1,200,,1,unrecoverable,failed,v2.0_offline,False,False,02912c2c0d6244f09312d1a26068fc0e648240c1,,
Keller2012__phi-4-reasoning-plus__T000__R02,Keller2012,phi-4-reasoning-plus,phi-4-reasoning-plus,0.0,0.9,0.1,2,1,200,,1,unrecoverable,failed,v2.0_offline,False,False,02912c2c0d6244f09312d1a26068fc0e648240c1,,
Keller2012__phi-4-reasoning-plus__T000__R03,Keller2012,phi-4-reasoning-plus,phi-4-reasoning-plus,0.0,0.9,0.1,3,1,200,,1,unrecoverable,failed,v2.0_offline,False,False,02912c2c0d6244f09312d1a26068fc0e648240c1,,
Keller2012__phi-4-reasoning-plus__T035__R01,Keller2012,phi-4-reasoning-plus,phi-4-reasoning-plus,0.35,0.9,0.1,1,1,200,,1,unrecoverable,failed,v2.0_offline,False,False,02912c2c0d6244f09312d1a26068fc0e648240c1,,
Keller2012__phi-4-reasoning-plus__T035__R02,Keller2012,phi-4-reasoning-plus,phi-4-reasoning-plus,0.35,0.9,0.1,2,1,200,,1,recovered,extracted_json_block,v2.0_offline,False,True,02912c2c0d6244f09312d1a26068fc0e648240c1,,
Keller2012__phi-4-reasoning-plus__T035__R03,Keller2012,phi-4-reasoning-plus,phi-4-reasoning-plus,0.35,0.9,0.1,3,1,200,,1,unrecoverable,failed,v2.0_offline,False,False,02912c2c0d6244f09312d1a26068fc0e648240c1,,
Keller2012__phi-4-reasoning-plus__T070__R01,Keller2012,phi-4-reasoning-plus,phi-4-reasoning-plus,0.7,0.9,0.1,1,1,200,,1,unrecoverable,failed,v2.0_offline,False,False,02912c2c0d6244f09312d1a26068fc0e648240c1,,
Keller2012__phi-4-reasoning-plus__T070__R02,Keller2012,phi-4-reasoning-plus,phi-4-reasoning-plus,0.7,0.9,0.1,2,1,200,,1,recovered,regex_trace_extraction,v2.0_offline,False,True,02912c2c0d6244f09312d1a26068fc0e648240c1,,
Keller2012__phi-4-reasoning-plus__T070__R03,Keller2012,phi-4-reasoning-plus,phi-4-reasoning-plus,0.7,0.9,0.1,3,1,200,,1,unrecoverable,failed,v2.0_offline,False,False,02912c2c0d6244f09312d1a26068fc0e648240c1,,
Keller2018__gemma-4-31b-it__T000__R01,Keller2018,gemma-4-31b-it,gemma-4-31b-it,0.0,0.9,0.1,1,4,200,,1,recovered,extracted_json_block,v2.0_offline,False,True,02912c2c0d6244f09312d1a26068fc0e648240c1,,
Keller2018__gemma-4-31b-it__T000__R02,Keller2018,gemma-4-31b-it,gemma-4-31b-it,0.0,0.9,0.1,2,4,200,,1,recovered,extracted_json_block,v2.0_offline,False,True,02912c2c0d6244f09312d1a26068fc0e648240c1,,
Keller2018__gemma-4-31b-it__T000__R03,Keller2018,gemma-4-31b-it,gemma-4-31b-it,0.0,0.9,0.1,3,4,200,,1,recovered,extracted_json_block,v2.0_offline,False,True,02912c2c0d6244f09312d1a26068fc0e648240c1,,
Keller2018__gemma-4-31b-it__T035__R01,Keller2018,gemma-4-31b-it,gemma-4-31b-it,0.35,0.9,0.1,1,2,200,,1,recovered,extracted_json_block,v2.0_offline,False,True,02912c2c0d6244f09312d1a26068fc0e648240c1,,
Keller2018__gemma-4-31b-it__T035__R02,Keller2018,gemma-4-31b-it,gemma-4-31b-it,0.35,0.9,0.1,2,2,200,,1,recovered,extracted_json_block,v2.0_offline,False,True,02912c2c0d6244f09312d1a26068fc0e648240c1,,
Keller2018__gemma-4-31b-it__T035__R03,Keller2018,gemma-4-31b-it,gemma-4-31b-it,0.35,0.9,0.1,3,2,200,,1,recovered,extracted_json_block,v2.0_offline,False,True,02912c2c0d6244f09312d1a26068fc0e648240c1,,
Keller2018__gemma-4-31b-it__T070__R01,Keller2018,gemma-4-31b-it,gemma-4-31b-it,0.7,0.9,0.1,1,2,200,,1,recovered,extracted_json_block,v2.0_offline,False,True,02912c2c0d6244f09312d1a26068fc0e648240c1,,
Keller2018__gemma-4-31b-it__T070__R02,Keller2018,gemma-4-31b-it,gemma-4-31b-it,0.7,0.9,0.1,2,2,200,,1,recovered,extracted_json_block,v2.0_offline,False,True,02912c2c0d6244f09312d1a26068fc0e648240c1,,
Keller2018__gemma-4-31b-it__T070__R03,Keller2018,gemma-4-31b-it,gemma-4-31b-it,0.7,0.9,0.1,3,2,200,,1,recovered,extracted_json_block,v2.0_offline,False,True,02912c2c0d6244f09312d1a26068fc0e648240c1,,
Keller2018__olmo-3-32b-think__T000__R01,Keller2018,olmo-3-32b-think,olmo-3-32b-think,0.0,0.9,0.1,1,1,200,,1,unrecoverable,failed,v2.0_offline,False,False,02912c2c0d6244f09312d1a26068fc0e648240c1,,
Keller2018__olmo-3-32b-think__T000__R02,Keller2018,olmo-3-32b-think,olmo-3-32b-think,0.0,0.9,0.1,2,1,200,,1,unrecoverable,failed,v2.0_offline,False,False,02912c2c0d6244f09312d1a26068fc0e648240c1,,
Keller2018__olmo-3-32b-think__T000__R03,Keller2018,olmo-3-32b-think,olmo-3-32b-think,0.0,0.9,0.1,3,1,200,,1,unrecoverable,failed,v2.0_offline,False,False,02912c2c0d6244f09312d1a26068fc0e648240c1,,
Keller2018__olmo-3-32b-think__T035__R01,Keller2018,olmo-3-32b-think,olmo-3-32b-think,0.35,0.9,0.1,1,1,400,,3,unrecoverable,failed,v2.0_offline,False,False,02912c2c0d6244f09312d1a26068fc0e648240c1,,
Keller2018__olmo-3-32b-think__T035__R02,Keller2018,olmo-3-32b-think,olmo-3-32b-think,0.35,0.9,0.1,2,1,400,,3,unrecoverable,failed,v2.0_offline,False,False,02912c2c0d6244f09312d1a26068fc0e648240c1,,
Keller2018__olmo-3-32b-think__T035__R03,Keller2018,olmo-3-32b-think,olmo-3-32b-think,0.35,0.9,0.1,3,1,400,,3,unrecoverable,failed,v2.0_offline,False,False,02912c2c0d6244f09312d1a26068fc0e648240c1,,
Keller2018__olmo-3-32b-think__T070__R01,Keller2018,olmo-3-32b-think,olmo-3-32b-think,0.7,0.9,0.1,1,1,400,,3,unrecoverable,failed,v2.0_offline,False,False,02912c2c0d6244f09312d1a26068fc0e648240c1,,
Keller2018__olmo-3-32b-think__T070__R02,Keller2018,olmo-3-32b-think,olmo-3-32b-think,0.7,0.9,0.1,2,1,400,,3,unrecoverable,failed,v2.0_offline,False,False,02912c2c0d6244f09312d1a26068fc0e648240c1,,
Keller2018__olmo-3-32b-think__T070__R03,Keller2018,olmo-3-32b-think,olmo-3-32b-think,0.7,0.9,0.1,3,1,400,,3,unrecoverable,failed,v2.0_offline,False,False,02912c2c0d6244f09312d1a26068fc0e648240c1,,
Keller2018__phi-4-reasoning-plus__T000__R01,Keller2018,phi-4-reasoning-plus,phi-4-reasoning-plus,0.0,0.9,0.1,1,1,200,,1,unrecoverable,failed,v2.0_offline,False,False,02912c2c0d6244f09312d1a26068fc0e648240c1,,
Keller2018__phi-4-reasoning-plus__T000__R02,Keller2018,phi-4-reasoning-plus,phi-4-reasoning-plus,0.0,0.9,0.1,2,1,200,,1,unrecoverable,failed,v2.0_offline,False,False,02912c2c0d6244f09312d1a26068fc0e648240c1,,
Keller2018__phi-4-reasoning-plus__T000__R03,Keller2018,phi-4-reasoning-plus,phi-4-reasoning-plus,0.0,0.9,0.1,3,1,200,,1,unrecoverable,failed,v2.0_offline,False,False,02912c2c0d6244f09312d1a26068fc0e648240c1,,
Keller2018__phi-4-reasoning-plus__T035__R01,Keller2018,phi-4-reasoning-plus,phi-4-reasoning-plus,0.35,0.9,0.1,1,1,200,,1,unrecoverable,failed,v2.0_offline,False,False,02912c2c0d6244f09312d1a26068fc0e648240c1,,
Keller2018__phi-4-reasoning-plus__T035__R02,Keller2018,phi-4-reasoning-plus,phi-4-reasoning-plus,0.35,0.9,0.1,2,1,200,,1,recovered,regex_trace_extraction,v2.0_offline,False,True,02912c2c0d6244f09312d1a26068fc0e648240c1,,
Keller2018__phi-4-reasoning-plus__T035__R03,Keller2018,phi-4-reasoning-plus,phi-4-reasoning-plus,0.35,0.9,0.1,3,1,200,,1,recovered,regex_trace_extraction,v2.0_offline,False,True,02912c2c0d6244f09312d1a26068fc0e648240c1,,
Keller2018__phi-4-reasoning-plus__T070__R01,Keller2018,phi-4-reasoning-plus,phi-4-reasoning-plus,0.7,0.9,0.1,1,1,200,,1,unrecoverable,failed,v2.0_offline,False,False,02912c2c0d6244f09312d1a26068fc0e648240c1,,
Keller2018__phi-4-reasoning-plus__T070__R02,Keller2018,phi-4-reasoning-plus,phi-4-reasoning-plus,0.7,0.9,0.1,2,1,200,,1,unrecoverable,failed,v2.0_offline,False,False,02912c2c0d6244f09312d1a26068fc0e648240c1,,
Keller2018__phi-4-reasoning-plus__T070__R03,Keller2018,phi-4-reasoning-plus,phi-4-reasoning-plus,0.7,0.9,0.1,3,1,200,,1,recovered,regex_trace_extraction,v2.0_offline,False,True,02912c2c0d6244f09312d1a26068fc0e648240c1,,
Kiebel2008__gemma-4-31b-it__T000__R01,Kiebel2008,gemma-4-31b-it,gemma-4-31b-it,0.0,0.9,0.1,1,2,200,,1,recovered,extracted_json_block,v2.0_offline,False,True,02912c2c0d6244f09312d1a26068fc0e648240c1,,
Kiebel2008__gemma-4-31b-it__T000__R02,Kiebel2008,gemma-4-31b-it,gemma-4-31b-it,0.0,0.9,0.1,2,4,200,,1,recovered,extracted_json_block,v2.0_offline,False,True,02912c2c0d6244f09312d1a26068fc0e648240c1,,
Kiebel2008__gemma-4-31b-it__T000__R03,Kiebel2008,gemma-4-31b-it,gemma-4-31b-it,0.0,0.9,0.1,3,4,200,,1,recovered,extracted_json_block,v2.0_offline,False,True,02912c2c0d6244f09312d1a26068fc0e648240c1,,
Kiebel2008__gemma-4-31b-it__T035__R01,Kiebel2008,gemma-4-31b-it,gemma-4-31b-it,0.35,0.9,0.1,1,2,200,,1,recovered,extracted_json_block,v2.0_offline,False,True,02912c2c0d6244f09312d1a26068fc0e648240c1,,
Kiebel2008__gemma-4-31b-it__T035__R02,Kiebel2008,gemma-4-31b-it,gemma-4-31b-it,0.35,0.9,0.1,2,2,200,,1,recovered,extracted_json_block,v2.0_offline,False,True,02912c2c0d6244f09312d1a26068fc0e648240c1,,
Kiebel2008__gemma-4-31b-it__T035__R03,Kiebel2008,gemma-4-31b-it,gemma-4-31b-it,0.35,0.9,0.1,3,2,200,,1,recovered,extracted_json_block,v2.0_offline,False,True,02912c2c0d6244f09312d1a26068fc0e648240c1,,
Kiebel2008__gemma-4-31b-it__T070__R01,Kiebel2008,gemma-4-31b-it,gemma-4-31b-it,0.7,0.9,0.1,1,2,200,,1,recovered,extracted_json_block,v2.0_offline,False,True,02912c2c0d6244f09312d1a26068fc0e648240c1,,
Kiebel2008__gemma-4-31b-it__T070__R02,Kiebel2008,gemma-4-31b-it,gemma-4-31b-it,0.7,0.9,0.1,2,2,200,,1,recovered,extracted_json_block,v2.0_offline,False,True,02912c2c0d6244f09312d1a26068fc0e648240c1,,
Kiebel2008__gemma-4-31b-it__T070__R03,Kiebel2008,gemma-4-31b-it,gemma-4-31b-it,0.7,0.9,0.1,3,2,200,,1,recovered,extracted_json_block,v2.0_offline,False,True,02912c2c0d6244f09312d1a26068fc0e648240c1,,
Kiebel2008__olmo-3-32b-think__T000__R01,Kiebel2008,olmo-3-32b-think,olmo-3-32b-think,0.0,0.9,0.1,1,1,200,,1,recovered,extracted_json_block,v2.0_offline,False,True,02912c2c0d6244f09312d1a26068fc0e648240c1,,
Kiebel2008__olmo-3-32b-think__T000__R02,Kiebel2008,olmo-3-32b-think,olmo-3-32b-think,0.0,0.9,0.1,2,1,200,,1,recovered,extracted_json_block,v2.0_offline,False,True,02912c2c0d6244f09312d1a26068fc0e648240c1,,
Kiebel2008__olmo-3-32b-think__T000__R03,Kiebel2008,olmo-3-32b-think,olmo-3-32b-think,0.0,0.9,0.1,3,1,200,,1,recovered,extracted_json_block,v2.0_offline,False,True,02912c2c0d6244f09312d1a26068fc0e648240c1,,
Kiebel2008__olmo-3-32b-think__T035__R01,Kiebel2008,olmo-3-32b-think,olmo-3-32b-think,0.35,0.9,0.1,1,1,400,,3,unrecoverable,failed,v2.0_offline,False,False,02912c2c0d6244f09312d1a26068fc0e648240c1,,
Kiebel2008__olmo-3-32b-think__T035__R02,Kiebel2008,olmo-3-32b-think,olmo-3-32b-think,0.35,0.9,0.1,2,1,400,,3,unrecoverable,failed,v2.0_offline,False,False,02912c2c0d6244f09312d1a26068fc0e648240c1,,
Kiebel2008__olmo-3-32b-think__T035__R03,Kiebel2008,olmo-3-32b-think,olmo-3-32b-think,0.35,0.9,0.1,3,1,400,,3,unrecoverable,failed,v2.0_offline,False,False,02912c2c0d6244f09312d1a26068fc0e648240c1,,
Kiebel2008__olmo-3-32b-think__T070__R01,Kiebel2008,olmo-3-32b-think,olmo-3-32b-think,0.7,0.9,0.1,1,1,400,,3,unrecoverable,failed,v2.0_offline,False,False,02912c2c0d6244f09312d1a26068fc0e648240c1,,
Kiebel2008__olmo-3-32b-think__T070__R02,Kiebel2008,olmo-3-32b-think,olmo-3-32b-think,0.7,0.9,0.1,2,1,400,,3,unrecoverable,failed,v2.0_offline,False,False,02912c2c0d6244f09312d1a26068fc0e648240c1,,
Kiebel2008__olmo-3-32b-think__T070__R03,Kiebel2008,olmo-3-32b-think,olmo-3-32b-think,0.7,0.9,0.1,3,1,400,,3,unrecoverable,failed,v2.0_offline,False,False,02912c2c0d6244f09312d1a26068fc0e648240c1,,
Kiebel2008__phi-4-reasoning-plus__T000__R01,Kiebel2008,phi-4-reasoning-plus,phi-4-reasoning-plus,0.0,0.9,0.1,1,1,200,,1,recovered,regex_trace_extraction,v2.0_offline,False,True,02912c2c0d6244f09312d1a26068fc0e648240c1,,
Kiebel2008__phi-4-reasoning-plus__T000__R02,Kiebel2008,phi-4-reasoning-plus,phi-4-reasoning-plus,0.0,0.9,0.1,2,1,200,,1,valid,cleaned_json,v2.0_offline,True,False,02912c2c0d6244f09312d1a26068fc0e648240c1,,
Kiebel2008__phi-4-reasoning-plus__T000__R03,Kiebel2008,phi-4-reasoning-plus,phi-4-reasoning-plus,0.0,0.9,0.1,3,1,200,,1,valid,cleaned_json,v2.0_offline,True,False,02912c2c0d6244f09312d1a26068fc0e648240c1,,
Kiebel2008__phi-4-reasoning-plus__T035__R01,Kiebel2008,phi-4-reasoning-plus,phi-4-reasoning-plus,0.35,0.9,0.1,1,1,200,,1,recovered,extracted_json_block,v2.0_offline,False,True,02912c2c0d6244f09312d1a26068fc0e648240c1,,
Kiebel2008__phi-4-reasoning-plus__T035__R02,Kiebel2008,phi-4-reasoning-plus,phi-4-reasoning-plus,0.35,0.9,0.1,2,1,200,,1,valid,cleaned_json,v2.0_offline,True,False,02912c2c0d6244f09312d1a26068fc0e648240c1,,
Kiebel2008__phi-4-reasoning-plus__T035__R03,Kiebel2008,phi-4-reasoning-plus,phi-4-reasoning-plus,0.35,0.9,0.1,3,1,200,,1,valid,cleaned_json,v2.0_offline,True,False,02912c2c0d6244f09312d1a26068fc0e648240c1,,
Kiebel2008__phi-4-reasoning-plus__T070__R01,Kiebel2008,phi-4-reasoning-plus,phi-4-reasoning-plus,0.7,0.9,0.1,1,1,200,,1,recovered,extracted_json_block,v2.0_offline,False,True,02912c2c0d6244f09312d1a26068fc0e648240c1,,
Kiebel2008__phi-4-reasoning-plus__T070__R02,Kiebel2008,phi-4-reasoning-plus,phi-4-reasoning-plus,0.7,0.9,0.1,2,1,200,,1,unrecoverable,failed,v2.0_offline,False,False,02912c2c0d6244f09312d1a26068fc0e648240c1,,
Kiebel2008__phi-4-reasoning-plus__T070__R03,Kiebel2008,phi-4-reasoning-plus,phi-4-reasoning-plus,0.7,0.9,0.1,3,1,200,,1,recovered,extracted_json_block,v2.0_offline,False,True,02912c2c0d6244f09312d1a26068fc0e648240c1,,
LaoRodriguez2023__gemma-4-31b-it__T000__R01,LaoRodriguez2023,gemma-4-31b-it,gemma-4-31b-it,0.0,0.9,0.1,1,2,200,,1,recovered,extracted_json_block,v2.0_offline,False,True,02912c2c0d6244f09312d1a26068fc0e648240c1,,
LaoRodriguez2023__gemma-4-31b-it__T000__R02,LaoRodriguez2023,gemma-4-31b-it,gemma-4-31b-it,0.0,0.9,0.1,2,2,200,,1,recovered,extracted_json_block,v2.0_offline,False,True,02912c2c0d6244f09312d1a26068fc0e648240c1,,
LaoRodriguez2023__gemma-4-31b-it__T000__R03,LaoRodriguez2023,gemma-4-31b-it,gemma-4-31b-it,0.0,0.9,0.1,3,2,200,,1,recovered,extracted_json_block,v2.0_offline,False,True,02912c2c0d6244f09312d1a26068fc0e648240c1,,
LaoRodriguez2023__gemma-4-31b-it__T035__R01,LaoRodriguez2023,gemma-4-31b-it,gemma-4-31b-it,0.35,0.9,0.1,1,2,200,,1,recovered,extracted_json_block,v2.0_offline,False,True,02912c2c0d6244f09312d1a26068fc0e648240c1,,
LaoRodriguez2023__gemma-4-31b-it__T035__R02,LaoRodriguez2023,gemma-4-31b-it,gemma-4-31b-it,0.35,0.9,0.1,2,2,200,,1,recovered,extracted_json_block,v2.0_offline,False,True,02912c2c0d6244f09312d1a26068fc0e648240c1,,
LaoRodriguez2023__gemma-4-31b-it__T035__R03,LaoRodriguez2023,gemma-4-31b-it,gemma-4-31b-it,0.35,0.9,0.1,3,2,200,,1,recovered,extracted_json_block,v2.0_offline,False,True,02912c2c0d6244f09312d1a26068fc0e648240c1,,
LaoRodriguez2023__gemma-4-31b-it__T070__R01,LaoRodriguez2023,gemma-4-31b-it,gemma-4-31b-it,0.7,0.9,0.1,1,2,200,,1,recovered,extracted_json_block,v2.0_offline,False,True,02912c2c0d6244f09312d1a26068fc0e648240c1,,
LaoRodriguez2023__gemma-4-31b-it__T070__R02,LaoRodriguez2023,gemma-4-31b-it,gemma-4-31b-it,0.7,0.9,0.1,2,2,200,,1,recovered,extracted_json_block,v2.0_offline,False,True,02912c2c0d6244f09312d1a26068fc0e648240c1,,
LaoRodriguez2023__gemma-4-31b-it__T070__R03,LaoRodriguez2023,gemma-4-31b-it,gemma-4-31b-it,0.7,0.9,0.1,3,2,200,,1,recovered,extracted_json_block,v2.0_offline,False,True,02912c2c0d6244f09312d1a26068fc0e648240c1,,
LaoRodriguez2023__olmo-3-32b-think__T000__R01,LaoRodriguez2023,olmo-3-32b-think,olmo-3-32b-think,0.0,0.9,0.1,1,1,200,,1,unrecoverable,failed,v2.0_offline,False,False,02912c2c0d6244f09312d1a26068fc0e648240c1,,
LaoRodriguez2023__olmo-3-32b-think__T000__R02,LaoRodriguez2023,olmo-3-32b-think,olmo-3-32b-think,0.0,0.9,0.1,2,1,200,,1,unrecoverable,failed,v2.0_offline,False,False,02912c2c0d6244f09312d1a26068fc0e648240c1,,
LaoRodriguez2023__olmo-3-32b-think__T000__R03,LaoRodriguez2023,olmo-3-32b-think,olmo-3-32b-think,0.0,0.9,0.1,3,1,200,,1,unrecoverable,failed,v2.0_offline,False,False,02912c2c0d6244f09312d1a26068fc0e648240c1,,
LaoRodriguez2023__olmo-3-32b-think__T035__R01,LaoRodriguez2023,olmo-3-32b-think,olmo-3-32b-think,0.35,0.9,0.1,1,1,400,,3,unrecoverable,failed,v2.0_offline,False,False,02912c2c0d6244f09312d1a26068fc0e648240c1,,
LaoRodriguez2023__olmo-3-32b-think__T035__R02,LaoRodriguez2023,olmo-3-32b-think,olmo-3-32b-think,0.35,0.9,0.1,2,1,400,,3,unrecoverable,failed,v2.0_offline,False,False,02912c2c0d6244f09312d1a26068fc0e648240c1,,
LaoRodriguez2023__olmo-3-32b-think__T035__R03,LaoRodriguez2023,olmo-3-32b-think,olmo-3-32b-think,0.35,0.9,0.1,3,1,400,,3,unrecoverable,failed,v2.0_offline,False,False,02912c2c0d6244f09312d1a26068fc0e648240c1,,
LaoRodriguez2023__olmo-3-32b-think__T070__R01,LaoRodriguez2023,olmo-3-32b-think,olmo-3-32b-think,0.7,0.9,0.1,1,1,400,,3,unrecoverable,failed,v2.0_offline,False,False,02912c2c0d6244f09312d1a26068fc0e648240c1,,
LaoRodriguez2023__olmo-3-32b-think__T070__R02,LaoRodriguez2023,olmo-3-32b-think,olmo-3-32b-think,0.7,0.9,0.1,2,1,400,,3,unrecoverable,failed,v2.0_offline,False,False,02912c2c0d6244f09312d1a26068fc0e648240c1,,
LaoRodriguez2023__olmo-3-32b-think__T070__R03,LaoRodriguez2023,olmo-3-32b-think,olmo-3-32b-think,0.7,0.9,0.1,3,1,400,,3,unrecoverable,failed,v2.0_offline,False,False,02912c2c0d6244f09312d1a26068fc0e648240c1,,
LaoRodriguez2023__phi-4-reasoning-plus__T000__R01,LaoRodriguez2023,phi-4-reasoning-plus,phi-4-reasoning-plus,0.0,0.9,0.1,1,1,200,,1,unrecoverable,failed,v2.0_offline,False,False,02912c2c0d6244f09312d1a26068fc0e648240c1,,
LaoRodriguez2023__phi-4-reasoning-plus__T000__R02,LaoRodriguez2023,phi-4-reasoning-plus,phi-4-reasoning-plus,0.0,0.9,0.1,2,1,200,,1,unrecoverable,failed,v2.0_offline,False,False,02912c2c0d6244f09312d1a26068fc0e648240c1,,
LaoRodriguez2023__phi-4-reasoning-plus__T000__R03,LaoRodriguez2023,phi-4-reasoning-plus,phi-4-reasoning-plus,0.0,0.9,0.1,3,1,200,,1,unrecoverable,failed,v2.0_offline,False,False,02912c2c0d6244f09312d1a26068fc0e648240c1,,
LaoRodriguez2023__phi-4-reasoning-plus__T035__R01,LaoRodriguez2023,phi-4-reasoning-plus,phi-4-reasoning-plus,0.35,0.9,0.1,1,1,400,,3,unrecoverable,failed,v2.0_offline,False,False,02912c2c0d6244f09312d1a26068fc0e648240c1,,
LaoRodriguez2023__phi-4-reasoning-plus__T035__R02,LaoRodriguez2023,phi-4-reasoning-plus,phi-4-reasoning-plus,0.35,0.9,0.1,2,1,400,,3,unrecoverable,failed,v2.0_offline,False,False,02912c2c0d6244f09312d1a26068fc0e648240c1,,
LaoRodriguez2023__phi-4-reasoning-plus__T035__R03,LaoRodriguez2023,phi-4-reasoning-plus,phi-4-reasoning-plus,0.35,0.9,0.1,3,1,400,,3,unrecoverable,failed,v2.0_offline,False,False,02912c2c0d6244f09312d1a26068fc0e648240c1,,
LaoRodriguez2023__phi-4-reasoning-plus__T070__R01,LaoRodriguez2023,phi-4-reasoning-plus,phi-4-reasoning-plus,0.7,0.9,0.1,1,1,200,,1,unrecoverable,failed,v2.0_offline,False,False,02912c2c0d6244f09312d1a26068fc0e648240c1,,
LaoRodriguez2023__phi-4-reasoning-plus__T070__R02,LaoRodriguez2023,phi-4-reasoning-plus,phi-4-reasoning-plus,0.7,0.9,0.1,2,1,200,,1,unrecoverable,failed,v2.0_offline,False,False,02912c2c0d6244f09312d1a26068fc0e648240c1,,
LaoRodriguez2023__phi-4-reasoning-plus__T070__R03,LaoRodriguez2023,phi-4-reasoning-plus,phi-4-reasoning-plus,0.7,0.9,0.1,3,1,200,,1,unrecoverable,failed,v2.0_offline,False,False,02912c2c0d6244f09312d1a26068fc0e648240c1,,
LeeMejias2025__gemma-4-31b-it__T000__R01,LeeMejias2025,gemma-4-31b-it,gemma-4-31b-it,0.0,0.9,0.1,1,2,200,,1,recovered,extracted_json_block,v2.0_offline,False,True,02912c2c0d6244f09312d1a26068fc0e648240c1,,
LeeMejias2025__gemma-4-31b-it__T000__R02,LeeMejias2025,gemma-4-31b-it,gemma-4-31b-it,0.0,0.9,0.1,2,2,200,,1,recovered,extracted_json_block,v2.0_offline,False,True,02912c2c0d6244f09312d1a26068fc0e648240c1,,
LeeMejias2025__gemma-4-31b-it__T000__R03,LeeMejias2025,gemma-4-31b-it,gemma-4-31b-it,0.0,0.9,0.1,3,2,200,,1,recovered,extracted_json_block,v2.0_offline,False,True,02912c2c0d6244f09312d1a26068fc0e648240c1,,
LeeMejias2025__gemma-4-31b-it__T035__R01,LeeMejias2025,gemma-4-31b-it,gemma-4-31b-it,0.35,0.9,0.1,1,2,200,,1,recovered,extracted_json_block,v2.0_offline,False,True,02912c2c0d6244f09312d1a26068fc0e648240c1,,
LeeMejias2025__gemma-4-31b-it__T035__R02,LeeMejias2025,gemma-4-31b-it,gemma-4-31b-it,0.35,0.9,0.1,2,2,200,,1,recovered,extracted_json_block,v2.0_offline,False,True,02912c2c0d6244f09312d1a26068fc0e648240c1,,
LeeMejias2025__gemma-4-31b-it__T035__R03,LeeMejias2025,gemma-4-31b-it,gemma-4-31b-it,0.35,0.9,0.1,3,2,200,,1,recovered,extracted_json_block,v2.0_offline,False,True,02912c2c0d6244f09312d1a26068fc0e648240c1,,
LeeMejias2025__gemma-4-31b-it__T070__R01,LeeMejias2025,gemma-4-31b-it,gemma-4-31b-it,0.7,0.9,0.1,1,2,200,,1,recovered,extracted_json_block,v2.0_offline,False,True,02912c2c0d6244f09312d1a26068fc0e648240c1,,
LeeMejias2025__gemma-4-31b-it__T070__R02,LeeMejias2025,gemma-4-31b-it,gemma-4-31b-it,0.7,0.9,0.1,2,2,200,,1,recovered,extracted_json_block,v2.0_offline,False,True,02912c2c0d6244f09312d1a26068fc0e648240c1,,
LeeMejias2025__gemma-4-31b-it__T070__R03,LeeMejias2025,gemma-4-31b-it,gemma-4-31b-it,0.7,0.9,0.1,3,2,200,,1,recovered,extracted_json_block,v2.0_offline,False,True,02912c2c0d6244f09312d1a26068fc0e648240c1,,
LeeMejias2025__olmo-3-32b-think__T000__R01,LeeMejias2025,olmo-3-32b-think,olmo-3-32b-think,0.0,0.9,0.1,1,1,200,,1,unrecoverable,failed,v2.0_offline,False,False,02912c2c0d6244f09312d1a26068fc0e648240c1,,
LeeMejias2025__olmo-3-32b-think__T000__R02,LeeMejias2025,olmo-3-32b-think,olmo-3-32b-think,0.0,0.9,0.1,2,1,200,,1,unrecoverable,failed,v2.0_offline,False,False,02912c2c0d6244f09312d1a26068fc0e648240c1,,
LeeMejias2025__olmo-3-32b-think__T000__R03,LeeMejias2025,olmo-3-32b-think,olmo-3-32b-think,0.0,0.9,0.1,3,1,200,,1,unrecoverable,failed,v2.0_offline,False,False,02912c2c0d6244f09312d1a26068fc0e648240c1,,
LeeMejias2025__olmo-3-32b-think__T035__R01,LeeMejias2025,olmo-3-32b-think,olmo-3-32b-think,0.35,0.9,0.1,1,1,400,,3,unrecoverable,failed,v2.0_offline,False,False,02912c2c0d6244f09312d1a26068fc0e648240c1,,
LeeMejias2025__olmo-3-32b-think__T035__R02,LeeMejias2025,olmo-3-32b-think,olmo-3-32b-think,0.35,0.9,0.1,2,1,400,,3,unrecoverable,failed,v2.0_offline,False,False,02912c2c0d6244f09312d1a26068fc0e648240c1,,
LeeMejias2025__olmo-3-32b-think__T035__R03,LeeMejias2025,olmo-3-32b-think,olmo-3-32b-think,0.35,0.9,0.1,3,1,400,,3,unrecoverable,failed,v2.0_offline,False,False,02912c2c0d6244f09312d1a26068fc0e648240c1,,
LeeMejias2025__olmo-3-32b-think__T070__R01,LeeMejias2025,olmo-3-32b-think,olmo-3-32b-think,0.7,0.9,0.1,1,1,400,,3,unrecoverable,failed,v2.0_offline,False,False,02912c2c0d6244f09312d1a26068fc0e648240c1,,
LeeMejias2025__olmo-3-32b-think__T070__R02,LeeMejias2025,olmo-3-32b-think,olmo-3-32b-think,0.7,0.9,0.1,2,1,400,,3,unrecoverable,failed,v2.0_offline,False,False,02912c2c0d6244f09312d1a26068fc0e648240c1,,
LeeMejias2025__olmo-3-32b-think__T070__R03,LeeMejias2025,olmo-3-32b-think,olmo-3-32b-think,0.7,0.9,0.1,3,1,400,,3,unrecoverable,failed,v2.0_offline,False,False,02912c2c0d6244f09312d1a26068fc0e648240c1,,
LeeMejias2025__phi-4-reasoning-plus__T000__R01,LeeMejias2025,phi-4-reasoning-plus,phi-4-reasoning-plus,0.0,0.9,0.1,1,1,200,,1,recovered,regex_trace_extraction,v2.0_offline,False,True,02912c2c0d6244f09312d1a26068fc0e648240c1,,
LeeMejias2025__phi-4-reasoning-plus__T000__R02,LeeMejias2025,phi-4-reasoning-plus,phi-4-reasoning-plus,0.0,0.9,0.1,2,1,200,,1,recovered,regex_trace_extraction,v2.0_offline,False,True,02912c2c0d6244f09312d1a26068fc0e648240c1,,
LeeMejias2025__phi-4-reasoning-plus__T000__R03,LeeMejias2025,phi-4-reasoning-plus,phi-4-reasoning-plus,0.0,0.9,0.1,3,1,200,,1,recovered,regex_trace_extraction,v2.0_offline,False,True,02912c2c0d6244f09312d1a26068fc0e648240c1,,
LeeMejias2025__phi-4-reasoning-plus__T035__R01,LeeMejias2025,phi-4-reasoning-plus,phi-4-reasoning-plus,0.35,0.9,0.1,1,1,200,,1,recovered,regex_trace_extraction,v2.0_offline,False,True,02912c2c0d6244f09312d1a26068fc0e648240c1,,
LeeMejias2025__phi-4-reasoning-plus__T035__R02,LeeMejias2025,phi-4-reasoning-plus,phi-4-reasoning-plus,0.35,0.9,0.1,2,1,200,,1,unrecoverable,failed,v2.0_offline,False,False,02912c2c0d6244f09312d1a26068fc0e648240c1,,
LeeMejias2025__phi-4-reasoning-plus__T035__R03,LeeMejias2025,phi-4-reasoning-plus,phi-4-reasoning-plus,0.35,0.9,0.1,3,1,200,,1,recovered,regex_trace_extraction,v2.0_offline,False,True,02912c2c0d6244f09312d1a26068fc0e648240c1,,
LeeMejias2025__phi-4-reasoning-plus__T070__R01,LeeMejias2025,phi-4-reasoning-plus,phi-4-reasoning-plus,0.7,0.9,0.1,1,1,200,,1,recovered,regex_trace_extraction,v2.0_offline,False,True,02912c2c0d6244f09312d1a26068fc0e648240c1,,
LeeMejias2025__phi-4-reasoning-plus__T070__R02,LeeMejias2025,phi-4-reasoning-plus,phi-4-reasoning-plus,0.7,0.9,0.1,2,1,200,,1,recovered,regex_trace_extraction,v2.0_offline,False,True,02912c2c0d6244f09312d1a26068fc0e648240c1,,
LeeMejias2025__phi-4-reasoning-plus__T070__R03,LeeMejias2025,phi-4-reasoning-plus,phi-4-reasoning-plus,0.7,0.9,0.1,3,1,200,,1,recovered,regex_trace_extraction,v2.0_offline,False,True,02912c2c0d6244f09312d1a26068fc0e648240c1,,
Mikulasch2023__gemma-4-31b-it__T000__R01,Mikulasch2023,gemma-4-31b-it,gemma-4-31b-it,0.0,0.9,0.1,1,2,200,,1,recovered,extracted_json_block,v2.0_offline,False,True,02912c2c0d6244f09312d1a26068fc0e648240c1,,
Mikulasch2023__gemma-4-31b-it__T000__R02,Mikulasch2023,gemma-4-31b-it,gemma-4-31b-it,0.0,0.9,0.1,2,2,200,,1,recovered,extracted_json_block,v2.0_offline,False,True,02912c2c0d6244f09312d1a26068fc0e648240c1,,
Mikulasch2023__gemma-4-31b-it__T000__R03,Mikulasch2023,gemma-4-31b-it,gemma-4-31b-it,0.0,0.9,0.1,3,2,200,,1,recovered,extracted_json_block,v2.0_offline,False,True,02912c2c0d6244f09312d1a26068fc0e648240c1,,
Mikulasch2023__gemma-4-31b-it__T035__R01,Mikulasch2023,gemma-4-31b-it,gemma-4-31b-it,0.35,0.9,0.1,1,2,200,,1,recovered,extracted_json_block,v2.0_offline,False,True,02912c2c0d6244f09312d1a26068fc0e648240c1,,
Mikulasch2023__gemma-4-31b-it__T035__R02,Mikulasch2023,gemma-4-31b-it,gemma-4-31b-it,0.35,0.9,0.1,2,2,200,,1,recovered,extracted_json_block,v2.0_offline,False,True,02912c2c0d6244f09312d1a26068fc0e648240c1,,
Mikulasch2023__gemma-4-31b-it__T035__R03,Mikulasch2023,gemma-4-31b-it,gemma-4-31b-it,0.35,0.9,0.1,3,2,200,,1,recovered,extracted_json_block,v2.0_offline,False,True,02912c2c0d6244f09312d1a26068fc0e648240c1,,
Mikulasch2023__gemma-4-31b-it__T070__R01,Mikulasch2023,gemma-4-31b-it,gemma-4-31b-it,0.7,0.9,0.1,1,2,200,,1,recovered,extracted_json_block,v2.0_offline,False,True,02912c2c0d6244f09312d1a26068fc0e648240c1,,
Mikulasch2023__gemma-4-31b-it__T070__R02,Mikulasch2023,gemma-4-31b-it,gemma-4-31b-it,0.7,0.9,0.1,2,2,200,,1,recovered,extracted_json_block,v2.0_offline,False,True,02912c2c0d6244f09312d1a26068fc0e648240c1,,
Mikulasch2023__gemma-4-31b-it__T070__R03,Mikulasch2023,gemma-4-31b-it,gemma-4-31b-it,0.7,0.9,0.1,3,2,200,,1,recovered,extracted_json_block,v2.0_offline,False,True,02912c2c0d6244f09312d1a26068fc0e648240c1,,
Mikulasch2023__olmo-3-32b-think__T000__R01,Mikulasch2023,olmo-3-32b-think,olmo-3-32b-think,0.0,0.9,0.1,1,1,200,,1,unrecoverable,failed,v2.0_offline,False,False,02912c2c0d6244f09312d1a26068fc0e648240c1,,
Mikulasch2023__olmo-3-32b-think__T000__R02,Mikulasch2023,olmo-3-32b-think,olmo-3-32b-think,0.0,0.9,0.1,2,1,200,,1,unrecoverable,failed,v2.0_offline,False,False,02912c2c0d6244f09312d1a26068fc0e648240c1,,
Mikulasch2023__olmo-3-32b-think__T000__R03,Mikulasch2023,olmo-3-32b-think,olmo-3-32b-think,0.0,0.9,0.1,3,1,200,,1,unrecoverable,failed,v2.0_offline,False,False,02912c2c0d6244f09312d1a26068fc0e648240c1,,
Mikulasch2023__olmo-3-32b-think__T035__R01,Mikulasch2023,olmo-3-32b-think,olmo-3-32b-think,0.35,0.9,0.1,1,1,400,,3,unrecoverable,failed,v2.0_offline,False,False,02912c2c0d6244f09312d1a26068fc0e648240c1,,
Mikulasch2023__olmo-3-32b-think__T035__R02,Mikulasch2023,olmo-3-32b-think,olmo-3-32b-think,0.35,0.9,0.1,2,1,400,,3,unrecoverable,failed,v2.0_offline,False,False,02912c2c0d6244f09312d1a26068fc0e648240c1,,
Mikulasch2023__olmo-3-32b-think__T035__R03,Mikulasch2023,olmo-3-32b-think,olmo-3-32b-think,0.35,0.9,0.1,3,1,400,,3,unrecoverable,failed,v2.0_offline,False,False,02912c2c0d6244f09312d1a26068fc0e648240c1,,
Mikulasch2023__olmo-3-32b-think__T070__R01,Mikulasch2023,olmo-3-32b-think,olmo-3-32b-think,0.7,0.9,0.1,1,1,400,,3,unrecoverable,failed,v2.0_offline,False,False,02912c2c0d6244f09312d1a26068fc0e648240c1,,
Mikulasch2023__olmo-3-32b-think__T070__R02,Mikulasch2023,olmo-3-32b-think,olmo-3-32b-think,0.7,0.9,0.1,2,1,400,,3,unrecoverable,failed,v2.0_offline,False,False,02912c2c0d6244f09312d1a26068fc0e648240c1,,
Mikulasch2023__olmo-3-32b-think__T070__R03,Mikulasch2023,olmo-3-32b-think,olmo-3-32b-think,0.7,0.9,0.1,3,1,400,,3,unrecoverable,failed,v2.0_offline,False,False,02912c2c0d6244f09312d1a26068fc0e648240c1,,
Mikulasch2023__phi-4-reasoning-plus__T000__R01,Mikulasch2023,phi-4-reasoning-plus,phi-4-reasoning-plus,0.0,0.9,0.1,1,1,200,,1,recovered,extracted_json_block,v2.0_offline,False,True,02912c2c0d6244f09312d1a26068fc0e648240c1,,
Mikulasch2023__phi-4-reasoning-plus__T000__R02,Mikulasch2023,phi-4-reasoning-plus,phi-4-reasoning-plus,0.0,0.9,0.1,2,1,200,,1,unrecoverable,failed,v2.0_offline,False,False,02912c2c0d6244f09312d1a26068fc0e648240c1,,
Mikulasch2023__phi-4-reasoning-plus__T000__R03,Mikulasch2023,phi-4-reasoning-plus,phi-4-reasoning-plus,0.0,0.9,0.1,3,1,200,,1,unrecoverable,failed,v2.0_offline,False,False,02912c2c0d6244f09312d1a26068fc0e648240c1,,
Mikulasch2023__phi-4-reasoning-plus__T035__R01,Mikulasch2023,phi-4-reasoning-plus,phi-4-reasoning-plus,0.35,0.9,0.1,1,1,200,,1,recovered,regex_trace_extraction,v2.0_offline,False,True,02912c2c0d6244f09312d1a26068fc0e648240c1,,
Mikulasch2023__phi-4-reasoning-plus__T035__R02,Mikulasch2023,phi-4-reasoning-plus,phi-4-reasoning-plus,0.35,0.9,0.1,2,1,200,,1,recovered,regex_trace_extraction,v2.0_offline,False,True,02912c2c0d6244f09312d1a26068fc0e648240c1,,
Mikulasch2023__phi-4-reasoning-plus__T035__R03,Mikulasch2023,phi-4-reasoning-plus,phi-4-reasoning-plus,0.35,0.9,0.1,3,1,200,,1,unrecoverable,failed,v2.0_offline,False,False,02912c2c0d6244f09312d1a26068fc0e648240c1,,
Mikulasch2023__phi-4-reasoning-plus__T070__R01,Mikulasch2023,phi-4-reasoning-plus,phi-4-reasoning-plus,0.7,0.9,0.1,1,1,200,,1,unrecoverable,failed,v2.0_offline,False,False,02912c2c0d6244f09312d1a26068fc0e648240c1,,
Mikulasch2023__phi-4-reasoning-plus__T070__R02,Mikulasch2023,phi-4-reasoning-plus,phi-4-reasoning-plus,0.7,0.9,0.1,2,1,200,,1,unrecoverable,failed,v2.0_offline,False,False,02912c2c0d6244f09312d1a26068fc0e648240c1,,
Mikulasch2023__phi-4-reasoning-plus__T070__R03,Mikulasch2023,phi-4-reasoning-plus,phi-4-reasoning-plus,0.7,0.9,0.1,3,1,200,,1,unrecoverable,failed,v2.0_offline,False,False,02912c2c0d6244f09312d1a26068fc0e648240c1,,
Nejad2025__gemma-4-31b-it__T000__R01,Nejad2025,gemma-4-31b-it,gemma-4-31b-it,0.0,0.9,0.1,1,2,200,,1,recovered,extracted_json_block,v2.0_offline,False,True,02912c2c0d6244f09312d1a26068fc0e648240c1,,
Nejad2025__gemma-4-31b-it__T000__R02,Nejad2025,gemma-4-31b-it,gemma-4-31b-it,0.0,0.9,0.1,2,2,200,,1,recovered,extracted_json_block,v2.0_offline,False,True,02912c2c0d6244f09312d1a26068fc0e648240c1,,
Nejad2025__gemma-4-31b-it__T000__R03,Nejad2025,gemma-4-31b-it,gemma-4-31b-it,0.0,0.9,0.1,3,2,200,,1,recovered,extracted_json_block,v2.0_offline,False,True,02912c2c0d6244f09312d1a26068fc0e648240c1,,
Nejad2025__gemma-4-31b-it__T035__R01,Nejad2025,gemma-4-31b-it,gemma-4-31b-it,0.35,0.9,0.1,1,2,200,,1,recovered,extracted_json_block,v2.0_offline,False,True,02912c2c0d6244f09312d1a26068fc0e648240c1,,
Nejad2025__gemma-4-31b-it__T035__R02,Nejad2025,gemma-4-31b-it,gemma-4-31b-it,0.35,0.9,0.1,2,2,200,,1,recovered,extracted_json_block,v2.0_offline,False,True,02912c2c0d6244f09312d1a26068fc0e648240c1,,
Nejad2025__gemma-4-31b-it__T035__R03,Nejad2025,gemma-4-31b-it,gemma-4-31b-it,0.35,0.9,0.1,3,2,200,,1,recovered,extracted_json_block,v2.0_offline,False,True,02912c2c0d6244f09312d1a26068fc0e648240c1,,
Nejad2025__gemma-4-31b-it__T070__R01,Nejad2025,gemma-4-31b-it,gemma-4-31b-it,0.7,0.9,0.1,1,2,200,,1,recovered,extracted_json_block,v2.0_offline,False,True,02912c2c0d6244f09312d1a26068fc0e648240c1,,
Nejad2025__gemma-4-31b-it__T070__R02,Nejad2025,gemma-4-31b-it,gemma-4-31b-it,0.7,0.9,0.1,2,2,200,,1,recovered,extracted_json_block,v2.0_offline,False,True,02912c2c0d6244f09312d1a26068fc0e648240c1,,
Nejad2025__gemma-4-31b-it__T070__R03,Nejad2025,gemma-4-31b-it,gemma-4-31b-it,0.7,0.9,0.1,3,2,200,,1,recovered,extracted_json_block,v2.0_offline,False,True,02912c2c0d6244f09312d1a26068fc0e648240c1,,
Nejad2025__olmo-3-32b-think__T000__R01,Nejad2025,olmo-3-32b-think,olmo-3-32b-think,0.0,0.9,0.1,1,1,200,,1,unrecoverable,failed,v2.0_offline,False,False,02912c2c0d6244f09312d1a26068fc0e648240c1,,
Nejad2025__olmo-3-32b-think__T000__R02,Nejad2025,olmo-3-32b-think,olmo-3-32b-think,0.0,0.9,0.1,2,1,200,,1,unrecoverable,failed,v2.0_offline,False,False,02912c2c0d6244f09312d1a26068fc0e648240c1,,
Nejad2025__olmo-3-32b-think__T000__R03,Nejad2025,olmo-3-32b-think,olmo-3-32b-think,0.0,0.9,0.1,3,1,200,,1,unrecoverable,failed,v2.0_offline,False,False,02912c2c0d6244f09312d1a26068fc0e648240c1,,
Nejad2025__olmo-3-32b-think__T035__R01,Nejad2025,olmo-3-32b-think,olmo-3-32b-think,0.35,0.9,0.1,1,1,400,,3,unrecoverable,failed,v2.0_offline,False,False,02912c2c0d6244f09312d1a26068fc0e648240c1,,
Nejad2025__olmo-3-32b-think__T035__R02,Nejad2025,olmo-3-32b-think,olmo-3-32b-think,0.35,0.9,0.1,2,1,400,,3,unrecoverable,failed,v2.0_offline,False,False,02912c2c0d6244f09312d1a26068fc0e648240c1,,
Nejad2025__olmo-3-32b-think__T035__R03,Nejad2025,olmo-3-32b-think,olmo-3-32b-think,0.35,0.9,0.1,3,1,400,,3,unrecoverable,failed,v2.0_offline,False,False,02912c2c0d6244f09312d1a26068fc0e648240c1,,
Nejad2025__olmo-3-32b-think__T070__R01,Nejad2025,olmo-3-32b-think,olmo-3-32b-think,0.7,0.9,0.1,1,1,400,,3,unrecoverable,failed,v2.0_offline,False,False,02912c2c0d6244f09312d1a26068fc0e648240c1,,
Nejad2025__olmo-3-32b-think__T070__R02,Nejad2025,olmo-3-32b-think,olmo-3-32b-think,0.7,0.9,0.1,2,1,400,,3,unrecoverable,failed,v2.0_offline,False,False,02912c2c0d6244f09312d1a26068fc0e648240c1,,
Nejad2025__olmo-3-32b-think__T070__R03,Nejad2025,olmo-3-32b-think,olmo-3-32b-think,0.7,0.9,0.1,3,1,400,,3,unrecoverable,failed,v2.0_offline,False,False,02912c2c0d6244f09312d1a26068fc0e648240c1,,
Nejad2025__phi-4-reasoning-plus__T000__R01,Nejad2025,phi-4-reasoning-plus,phi-4-reasoning-plus,0.0,0.9,0.1,1,1,200,,1,valid,strict_json,v2.0_offline,True,False,02912c2c0d6244f09312d1a26068fc0e648240c1,,
Nejad2025__phi-4-reasoning-plus__T000__R02,Nejad2025,phi-4-reasoning-plus,phi-4-reasoning-plus,0.0,0.9,0.1,2,1,200,,1,valid,strict_json,v2.0_offline,True,False,02912c2c0d6244f09312d1a26068fc0e648240c1,,
Nejad2025__phi-4-reasoning-plus__T000__R03,Nejad2025,phi-4-reasoning-plus,phi-4-reasoning-plus,0.0,0.9,0.1,3,1,200,,1,valid,strict_json,v2.0_offline,True,False,02912c2c0d6244f09312d1a26068fc0e648240c1,,
Nejad2025__phi-4-reasoning-plus__T035__R01,Nejad2025,phi-4-reasoning-plus,phi-4-reasoning-plus,0.35,0.9,0.1,1,1,200,,1,valid,strict_json,v2.0_offline,True,False,02912c2c0d6244f09312d1a26068fc0e648240c1,,
Nejad2025__phi-4-reasoning-plus__T035__R02,Nejad2025,phi-4-reasoning-plus,phi-4-reasoning-plus,0.35,0.9,0.1,2,1,200,,1,valid,strict_json,v2.0_offline,True,False,02912c2c0d6244f09312d1a26068fc0e648240c1,,
Nejad2025__phi-4-reasoning-plus__T035__R03,Nejad2025,phi-4-reasoning-plus,phi-4-reasoning-plus,0.35,0.9,0.1,3,1,200,,1,recovered,extracted_json_block,v2.0_offline,False,True,02912c2c0d6244f09312d1a26068fc0e648240c1,,
Nejad2025__phi-4-reasoning-plus__T070__R01,Nejad2025,phi-4-reasoning-plus,phi-4-reasoning-plus,0.7,0.9,0.1,1,1,200,,1,recovered,extracted_json_block,v2.0_offline,False,True,02912c2c0d6244f09312d1a26068fc0e648240c1,,
Nejad2025__phi-4-reasoning-plus__T070__R02,Nejad2025,phi-4-reasoning-plus,phi-4-reasoning-plus,0.7,0.9,0.1,2,1,200,,1,unrecoverable,failed,v2.0_offline,False,False,02912c2c0d6244f09312d1a26068fc0e648240c1,,
Nejad2025__phi-4-reasoning-plus__T070__R03,Nejad2025,phi-4-reasoning-plus,phi-4-reasoning-plus,0.7,0.9,0.1,3,1,200,,1,recovered,extracted_json_block,v2.0_offline,False,True,02912c2c0d6244f09312d1a26068fc0e648240c1,,
Payeur2021__gemma-4-31b-it__T000__R01,Payeur2021,gemma-4-31b-it,gemma-4-31b-it,0.0,0.9,0.1,1,2,200,,1,recovered,extracted_json_block,v2.0_offline,False,True,02912c2c0d6244f09312d1a26068fc0e648240c1,,
Payeur2021__gemma-4-31b-it__T000__R02,Payeur2021,gemma-4-31b-it,gemma-4-31b-it,0.0,0.9,0.1,2,2,200,,1,recovered,extracted_json_block,v2.0_offline,False,True,02912c2c0d6244f09312d1a26068fc0e648240c1,,
Payeur2021__gemma-4-31b-it__T000__R03,Payeur2021,gemma-4-31b-it,gemma-4-31b-it,0.0,0.9,0.1,3,2,200,,1,recovered,extracted_json_block,v2.0_offline,False,True,02912c2c0d6244f09312d1a26068fc0e648240c1,,
Payeur2021__gemma-4-31b-it__T035__R01,Payeur2021,gemma-4-31b-it,gemma-4-31b-it,0.35,0.9,0.1,1,2,200,,1,recovered,extracted_json_block,v2.0_offline,False,True,02912c2c0d6244f09312d1a26068fc0e648240c1,,
Payeur2021__gemma-4-31b-it__T035__R02,Payeur2021,gemma-4-31b-it,gemma-4-31b-it,0.35,0.9,0.1,2,2,200,,1,recovered,extracted_json_block,v2.0_offline,False,True,02912c2c0d6244f09312d1a26068fc0e648240c1,,
Payeur2021__gemma-4-31b-it__T035__R03,Payeur2021,gemma-4-31b-it,gemma-4-31b-it,0.35,0.9,0.1,3,2,200,,1,recovered,extracted_json_block,v2.0_offline,False,True,02912c2c0d6244f09312d1a26068fc0e648240c1,,
Payeur2021__gemma-4-31b-it__T070__R01,Payeur2021,gemma-4-31b-it,gemma-4-31b-it,0.7,0.9,0.1,1,2,200,,1,recovered,extracted_json_block,v2.0_offline,False,True,02912c2c0d6244f09312d1a26068fc0e648240c1,,
Payeur2021__gemma-4-31b-it__T070__R02,Payeur2021,gemma-4-31b-it,gemma-4-31b-it,0.7,0.9,0.1,2,2,200,,1,recovered,extracted_json_block,v2.0_offline,False,True,02912c2c0d6244f09312d1a26068fc0e648240c1,,
Payeur2021__gemma-4-31b-it__T070__R03,Payeur2021,gemma-4-31b-it,gemma-4-31b-it,0.7,0.9,0.1,3,2,200,,1,recovered,extracted_json_block,v2.0_offline,False,True,02912c2c0d6244f09312d1a26068fc0e648240c1,,
Payeur2021__olmo-3-32b-think__T000__R01,Payeur2021,olmo-3-32b-think,olmo-3-32b-think,0.0,0.9,0.1,1,1,200,,1,unrecoverable,failed,v2.0_offline,False,False,02912c2c0d6244f09312d1a26068fc0e648240c1,,
Payeur2021__olmo-3-32b-think__T000__R02,Payeur2021,olmo-3-32b-think,olmo-3-32b-think,0.0,0.9,0.1,2,1,200,,1,recovered,extracted_json_block,v2.0_offline,False,True,02912c2c0d6244f09312d1a26068fc0e648240c1,,
Payeur2021__olmo-3-32b-think__T000__R03,Payeur2021,olmo-3-32b-think,olmo-3-32b-think,0.0,0.9,0.1,3,1,200,,1,recovered,extracted_json_block,v2.0_offline,False,True,02912c2c0d6244f09312d1a26068fc0e648240c1,,
Payeur2021__olmo-3-32b-think__T035__R01,Payeur2021,olmo-3-32b-think,olmo-3-32b-think,0.35,0.9,0.1,1,1,400,,3,unrecoverable,failed,v2.0_offline,False,False,02912c2c0d6244f09312d1a26068fc0e648240c1,,
Payeur2021__olmo-3-32b-think__T035__R02,Payeur2021,olmo-3-32b-think,olmo-3-32b-think,0.35,0.9,0.1,2,1,400,,3,unrecoverable,failed,v2.0_offline,False,False,02912c2c0d6244f09312d1a26068fc0e648240c1,,
Payeur2021__olmo-3-32b-think__T035__R03,Payeur2021,olmo-3-32b-think,olmo-3-32b-think,0.35,0.9,0.1,3,1,400,,3,unrecoverable,failed,v2.0_offline,False,False,02912c2c0d6244f09312d1a26068fc0e648240c1,,
Payeur2021__olmo-3-32b-think__T070__R01,Payeur2021,olmo-3-32b-think,olmo-3-32b-think,0.7,0.9,0.1,1,1,400,,3,unrecoverable,failed,v2.0_offline,False,False,02912c2c0d6244f09312d1a26068fc0e648240c1,,
Payeur2021__olmo-3-32b-think__T070__R02,Payeur2021,olmo-3-32b-think,olmo-3-32b-think,0.7,0.9,0.1,2,1,400,,3,unrecoverable,failed,v2.0_offline,False,False,02912c2c0d6244f09312d1a26068fc0e648240c1,,
Payeur2021__olmo-3-32b-think__T070__R03,Payeur2021,olmo-3-32b-think,olmo-3-32b-think,0.7,0.9,0.1,3,1,400,,3,unrecoverable,failed,v2.0_offline,False,False,02912c2c0d6244f09312d1a26068fc0e648240c1,,
Payeur2021__phi-4-reasoning-plus__T000__R01,Payeur2021,phi-4-reasoning-plus,phi-4-reasoning-plus,0.0,0.9,0.1,1,1,200,,1,valid,cleaned_json,v2.0_offline,True,False,02912c2c0d6244f09312d1a26068fc0e648240c1,,
Payeur2021__phi-4-reasoning-plus__T000__R02,Payeur2021,phi-4-reasoning-plus,phi-4-reasoning-plus,0.0,0.9,0.1,2,1,200,,1,unrecoverable,failed,v2.0_offline,False,False,02912c2c0d6244f09312d1a26068fc0e648240c1,,
Payeur2021__phi-4-reasoning-plus__T000__R03,Payeur2021,phi-4-reasoning-plus,phi-4-reasoning-plus,0.0,0.9,0.1,3,1,200,,1,unrecoverable,failed,v2.0_offline,False,False,02912c2c0d6244f09312d1a26068fc0e648240c1,,
Payeur2021__phi-4-reasoning-plus__T035__R01,Payeur2021,phi-4-reasoning-plus,phi-4-reasoning-plus,0.35,0.9,0.1,1,1,200,,1,recovered,extracted_json_block,v2.0_offline,False,True,02912c2c0d6244f09312d1a26068fc0e648240c1,,
Payeur2021__phi-4-reasoning-plus__T035__R02,Payeur2021,phi-4-reasoning-plus,phi-4-reasoning-plus,0.35,0.9,0.1,2,1,200,,1,recovered,regex_trace_extraction,v2.0_offline,False,True,02912c2c0d6244f09312d1a26068fc0e648240c1,,
Payeur2021__phi-4-reasoning-plus__T035__R03,Payeur2021,phi-4-reasoning-plus,phi-4-reasoning-plus,0.35,0.9,0.1,3,1,200,,1,valid,cleaned_json,v2.0_offline,True,False,02912c2c0d6244f09312d1a26068fc0e648240c1,,
Payeur2021__phi-4-reasoning-plus__T070__R01,Payeur2021,phi-4-reasoning-plus,phi-4-reasoning-plus,0.7,0.9,0.1,1,1,200,,1,recovered,regex_trace_extraction,v2.0_offline,False,True,02912c2c0d6244f09312d1a26068fc0e648240c1,,
Payeur2021__phi-4-reasoning-plus__T070__R02,Payeur2021,phi-4-reasoning-plus,phi-4-reasoning-plus,0.7,0.9,0.1,2,1,200,,1,recovered,regex_trace_extraction,v2.0_offline,False,True,02912c2c0d6244f09312d1a26068fc0e648240c1,,
Payeur2021__phi-4-reasoning-plus__T070__R03,Payeur2021,phi-4-reasoning-plus,phi-4-reasoning-plus,0.7,0.9,0.1,3,1,200,,1,recovered,regex_trace_extraction,v2.0_offline,False,True,02912c2c0d6244f09312d1a26068fc0e648240c1,,
Rao&Ballard1999__gemma-4-31b-it__T000__R01,Rao&Ballard1999,gemma-4-31b-it,gemma-4-31b-it,0.0,0.9,0.1,1,2,200,,1,recovered,extracted_json_block,v2.0_offline,False,True,02912c2c0d6244f09312d1a26068fc0e648240c1,,
Rao&Ballard1999__gemma-4-31b-it__T000__R02,Rao&Ballard1999,gemma-4-31b-it,gemma-4-31b-it,0.0,0.9,0.1,2,2,200,,1,recovered,extracted_json_block,v2.0_offline,False,True,02912c2c0d6244f09312d1a26068fc0e648240c1,,
Rao&Ballard1999__gemma-4-31b-it__T000__R03,Rao&Ballard1999,gemma-4-31b-it,gemma-4-31b-it,0.0,0.9,0.1,3,2,200,,1,recovered,extracted_json_block,v2.0_offline,False,True,02912c2c0d6244f09312d1a26068fc0e648240c1,,
Rao&Ballard1999__gemma-4-31b-it__T035__R01,Rao&Ballard1999,gemma-4-31b-it,gemma-4-31b-it,0.35,0.9,0.1,1,2,200,,1,recovered,extracted_json_block,v2.0_offline,False,True,02912c2c0d6244f09312d1a26068fc0e648240c1,,
Rao&Ballard1999__gemma-4-31b-it__T035__R02,Rao&Ballard1999,gemma-4-31b-it,gemma-4-31b-it,0.35,0.9,0.1,2,2,200,,1,recovered,extracted_json_block,v2.0_offline,False,True,02912c2c0d6244f09312d1a26068fc0e648240c1,,
Rao&Ballard1999__gemma-4-31b-it__T035__R03,Rao&Ballard1999,gemma-4-31b-it,gemma-4-31b-it,0.35,0.9,0.1,3,2,200,,1,recovered,extracted_json_block,v2.0_offline,False,True,02912c2c0d6244f09312d1a26068fc0e648240c1,,
Rao&Ballard1999__gemma-4-31b-it__T070__R01,Rao&Ballard1999,gemma-4-31b-it,gemma-4-31b-it,0.7,0.9,0.1,1,2,200,,1,recovered,extracted_json_block,v2.0_offline,False,True,02912c2c0d6244f09312d1a26068fc0e648240c1,,
Rao&Ballard1999__gemma-4-31b-it__T070__R02,Rao&Ballard1999,gemma-4-31b-it,gemma-4-31b-it,0.7,0.9,0.1,2,2,200,,1,recovered,extracted_json_block,v2.0_offline,False,True,02912c2c0d6244f09312d1a26068fc0e648240c1,,
Rao&Ballard1999__gemma-4-31b-it__T070__R03,Rao&Ballard1999,gemma-4-31b-it,gemma-4-31b-it,0.7,0.9,0.1,3,2,200,,1,recovered,extracted_json_block,v2.0_offline,False,True,02912c2c0d6244f09312d1a26068fc0e648240c1,,
Rao&Ballard1999__olmo-3-32b-think__T000__R01,Rao&Ballard1999,olmo-3-32b-think,olmo-3-32b-think,0.0,0.9,0.1,1,1,200,,1,unrecoverable,failed,v2.0_offline,False,False,02912c2c0d6244f09312d1a26068fc0e648240c1,,
Rao&Ballard1999__olmo-3-32b-think__T000__R02,Rao&Ballard1999,olmo-3-32b-think,olmo-3-32b-think,0.0,0.9,0.1,2,1,200,,1,unrecoverable,failed,v2.0_offline,False,False,02912c2c0d6244f09312d1a26068fc0e648240c1,,
Rao&Ballard1999__olmo-3-32b-think__T000__R03,Rao&Ballard1999,olmo-3-32b-think,olmo-3-32b-think,0.0,0.9,0.1,3,1,200,,1,unrecoverable,failed,v2.0_offline,False,False,02912c2c0d6244f09312d1a26068fc0e648240c1,,
Rao&Ballard1999__olmo-3-32b-think__T035__R01,Rao&Ballard1999,olmo-3-32b-think,olmo-3-32b-think,0.35,0.9,0.1,1,1,400,,3,unrecoverable,failed,v2.0_offline,False,False,02912c2c0d6244f09312d1a26068fc0e648240c1,,
Rao&Ballard1999__olmo-3-32b-think__T035__R02,Rao&Ballard1999,olmo-3-32b-think,olmo-3-32b-think,0.35,0.9,0.1,2,1,200,,2,unrecoverable,failed,v2.0_offline,False,False,02912c2c0d6244f09312d1a26068fc0e648240c1,,
Rao&Ballard1999__olmo-3-32b-think__T035__R03,Rao&Ballard1999,olmo-3-32b-think,olmo-3-32b-think,0.35,0.9,0.1,3,1,200,,1,unrecoverable,failed,v2.0_offline,False,False,02912c2c0d6244f09312d1a26068fc0e648240c1,,
Rao&Ballard1999__olmo-3-32b-think__T070__R01,Rao&Ballard1999,olmo-3-32b-think,olmo-3-32b-think,0.7,0.9,0.1,1,1,400,,3,unrecoverable,failed,v2.0_offline,False,False,02912c2c0d6244f09312d1a26068fc0e648240c1,,
Rao&Ballard1999__olmo-3-32b-think__T070__R02,Rao&Ballard1999,olmo-3-32b-think,olmo-3-32b-think,0.7,0.9,0.1,2,1,400,,3,unrecoverable,failed,v2.0_offline,False,False,02912c2c0d6244f09312d1a26068fc0e648240c1,,
Rao&Ballard1999__olmo-3-32b-think__T070__R03,Rao&Ballard1999,olmo-3-32b-think,olmo-3-32b-think,0.7,0.9,0.1,3,1,400,,3,unrecoverable,failed,v2.0_offline,False,False,02912c2c0d6244f09312d1a26068fc0e648240c1,,
Rao&Ballard1999__phi-4-reasoning-plus__T000__R01,Rao&Ballard1999,phi-4-reasoning-plus,phi-4-reasoning-plus,0.0,0.9,0.1,1,1,200,,1,valid,cleaned_json,v2.0_offline,True,False,02912c2c0d6244f09312d1a26068fc0e648240c1,,
Rao&Ballard1999__phi-4-reasoning-plus__T000__R02,Rao&Ballard1999,phi-4-reasoning-plus,phi-4-reasoning-plus,0.0,0.9,0.1,2,1,200,,1,unrecoverable,failed,v2.0_offline,False,False,02912c2c0d6244f09312d1a26068fc0e648240c1,,
Rao&Ballard1999__phi-4-reasoning-plus__T000__R03,Rao&Ballard1999,phi-4-reasoning-plus,phi-4-reasoning-plus,0.0,0.9,0.1,3,1,200,,1,unrecoverable,failed,v2.0_offline,False,False,02912c2c0d6244f09312d1a26068fc0e648240c1,,
Rao&Ballard1999__phi-4-reasoning-plus__T035__R01,Rao&Ballard1999,phi-4-reasoning-plus,phi-4-reasoning-plus,0.35,0.9,0.1,1,1,200,,1,unrecoverable,failed,v2.0_offline,False,False,02912c2c0d6244f09312d1a26068fc0e648240c1,,
Rao&Ballard1999__phi-4-reasoning-plus__T035__R02,Rao&Ballard1999,phi-4-reasoning-plus,phi-4-reasoning-plus,0.35,0.9,0.1,2,1,200,,1,unrecoverable,failed,v2.0_offline,False,False,02912c2c0d6244f09312d1a26068fc0e648240c1,,
Rao&Ballard1999__phi-4-reasoning-plus__T035__R03,Rao&Ballard1999,phi-4-reasoning-plus,phi-4-reasoning-plus,0.35,0.9,0.1,3,1,200,,1,recovered,regex_trace_extraction,v2.0_offline,False,True,02912c2c0d6244f09312d1a26068fc0e648240c1,,
Rao&Ballard1999__phi-4-reasoning-plus__T070__R01,Rao&Ballard1999,phi-4-reasoning-plus,phi-4-reasoning-plus,0.7,0.9,0.1,1,1,200,,1,unrecoverable,failed,v2.0_offline,False,False,02912c2c0d6244f09312d1a26068fc0e648240c1,,
Rao&Ballard1999__phi-4-reasoning-plus__T070__R02,Rao&Ballard1999,phi-4-reasoning-plus,phi-4-reasoning-plus,0.7,0.9,0.1,2,1,200,,1,recovered,regex_trace_extraction,v2.0_offline,False,True,02912c2c0d6244f09312d1a26068fc0e648240c1,,
Rao&Ballard1999__phi-4-reasoning-plus__T070__R03,Rao&Ballard1999,phi-4-reasoning-plus,phi-4-reasoning-plus,0.7,0.9,0.1,3,1,200,,1,recovered,regex_trace_extraction,v2.0_offline,False,True,02912c2c0d6244f09312d1a26068fc0e648240c1,,
Rao2024__gemma-4-31b-it__T000__R01,Rao2024,gemma-4-31b-it,gemma-4-31b-it,0.0,0.9,0.1,1,2,200,,1,recovered,extracted_json_block,v2.0_offline,False,True,02912c2c0d6244f09312d1a26068fc0e648240c1,,
Rao2024__gemma-4-31b-it__T000__R02,Rao2024,gemma-4-31b-it,gemma-4-31b-it,0.0,0.9,0.1,2,2,200,,1,recovered,extracted_json_block,v2.0_offline,False,True,02912c2c0d6244f09312d1a26068fc0e648240c1,,
Rao2024__gemma-4-31b-it__T000__R03,Rao2024,gemma-4-31b-it,gemma-4-31b-it,0.0,0.9,0.1,3,2,200,,1,recovered,extracted_json_block,v2.0_offline,False,True,02912c2c0d6244f09312d1a26068fc0e648240c1,,
Rao2024__gemma-4-31b-it__T035__R01,Rao2024,gemma-4-31b-it,gemma-4-31b-it,0.35,0.9,0.1,1,2,200,,1,recovered,extracted_json_block,v2.0_offline,False,True,02912c2c0d6244f09312d1a26068fc0e648240c1,,
Rao2024__gemma-4-31b-it__T035__R02,Rao2024,gemma-4-31b-it,gemma-4-31b-it,0.35,0.9,0.1,2,2,200,,1,recovered,extracted_json_block,v2.0_offline,False,True,02912c2c0d6244f09312d1a26068fc0e648240c1,,
Rao2024__gemma-4-31b-it__T035__R03,Rao2024,gemma-4-31b-it,gemma-4-31b-it,0.35,0.9,0.1,3,2,200,,1,recovered,extracted_json_block,v2.0_offline,False,True,02912c2c0d6244f09312d1a26068fc0e648240c1,,
Rao2024__gemma-4-31b-it__T070__R01,Rao2024,gemma-4-31b-it,gemma-4-31b-it,0.7,0.9,0.1,1,2,200,,1,recovered,extracted_json_block,v2.0_offline,False,True,02912c2c0d6244f09312d1a26068fc0e648240c1,,
Rao2024__gemma-4-31b-it__T070__R02,Rao2024,gemma-4-31b-it,gemma-4-31b-it,0.7,0.9,0.1,2,2,200,,1,recovered,extracted_json_block,v2.0_offline,False,True,02912c2c0d6244f09312d1a26068fc0e648240c1,,
Rao2024__gemma-4-31b-it__T070__R03,Rao2024,gemma-4-31b-it,gemma-4-31b-it,0.7,0.9,0.1,3,2,200,,1,recovered,extracted_json_block,v2.0_offline,False,True,02912c2c0d6244f09312d1a26068fc0e648240c1,,
Rao2024__olmo-3-32b-think__T000__R01,Rao2024,olmo-3-32b-think,olmo-3-32b-think,0.0,0.9,0.1,1,1,200,,1,unrecoverable,failed,v2.0_offline,False,False,02912c2c0d6244f09312d1a26068fc0e648240c1,,
Rao2024__olmo-3-32b-think__T000__R02,Rao2024,olmo-3-32b-think,olmo-3-32b-think,0.0,0.9,0.1,2,1,200,,1,unrecoverable,failed,v2.0_offline,False,False,02912c2c0d6244f09312d1a26068fc0e648240c1,,
Rao2024__olmo-3-32b-think__T000__R03,Rao2024,olmo-3-32b-think,olmo-3-32b-think,0.0,0.9,0.1,3,1,200,,1,unrecoverable,failed,v2.0_offline,False,False,02912c2c0d6244f09312d1a26068fc0e648240c1,,
Rao2024__olmo-3-32b-think__T035__R01,Rao2024,olmo-3-32b-think,olmo-3-32b-think,0.35,0.9,0.1,1,1,200,,1,recovered,extracted_json_block,v2.0_offline,False,True,02912c2c0d6244f09312d1a26068fc0e648240c1,,
Rao2024__olmo-3-32b-think__T035__R02,Rao2024,olmo-3-32b-think,olmo-3-32b-think,0.35,0.9,0.1,2,1,200,,1,unrecoverable,failed,v2.0_offline,False,False,02912c2c0d6244f09312d1a26068fc0e648240c1,,
Rao2024__olmo-3-32b-think__T035__R03,Rao2024,olmo-3-32b-think,olmo-3-32b-think,0.35,0.9,0.1,3,1,200,,1,recovered,extracted_json_block,v2.0_offline,False,True,02912c2c0d6244f09312d1a26068fc0e648240c1,,
Rao2024__olmo-3-32b-think__T070__R01,Rao2024,olmo-3-32b-think,olmo-3-32b-think,0.7,0.9,0.1,1,1,400,,3,unrecoverable,failed,v2.0_offline,False,False,02912c2c0d6244f09312d1a26068fc0e648240c1,,
Rao2024__olmo-3-32b-think__T070__R02,Rao2024,olmo-3-32b-think,olmo-3-32b-think,0.7,0.9,0.1,2,1,400,,3,unrecoverable,failed,v2.0_offline,False,False,02912c2c0d6244f09312d1a26068fc0e648240c1,,
Rao2024__olmo-3-32b-think__T070__R03,Rao2024,olmo-3-32b-think,olmo-3-32b-think,0.7,0.9,0.1,3,1,400,,3,unrecoverable,failed,v2.0_offline,False,False,02912c2c0d6244f09312d1a26068fc0e648240c1,,
Rao2024__phi-4-reasoning-plus__T000__R01,Rao2024,phi-4-reasoning-plus,phi-4-reasoning-plus,0.0,0.9,0.1,1,1,200,,1,unrecoverable,failed,v2.0_offline,False,False,02912c2c0d6244f09312d1a26068fc0e648240c1,,
Rao2024__phi-4-reasoning-plus__T000__R02,Rao2024,phi-4-reasoning-plus,phi-4-reasoning-plus,0.0,0.9,0.1,2,1,200,,1,unrecoverable,failed,v2.0_offline,False,False,02912c2c0d6244f09312d1a26068fc0e648240c1,,
Rao2024__phi-4-reasoning-plus__T000__R03,Rao2024,phi-4-reasoning-plus,phi-4-reasoning-plus,0.0,0.9,0.1,3,1,200,,1,unrecoverable,failed,v2.0_offline,False,False,02912c2c0d6244f09312d1a26068fc0e648240c1,,
Rao2024__phi-4-reasoning-plus__T035__R01,Rao2024,phi-4-reasoning-plus,phi-4-reasoning-plus,0.35,0.9,0.1,1,1,200,,1,unrecoverable,failed,v2.0_offline,False,False,02912c2c0d6244f09312d1a26068fc0e648240c1,,
Rao2024__phi-4-reasoning-plus__T035__R02,Rao2024,phi-4-reasoning-plus,phi-4-reasoning-plus,0.35,0.9,0.1,2,1,200,,1,unrecoverable,failed,v2.0_offline,False,False,02912c2c0d6244f09312d1a26068fc0e648240c1,,
Rao2024__phi-4-reasoning-plus__T035__R03,Rao2024,phi-4-reasoning-plus,phi-4-reasoning-plus,0.35,0.9,0.1,3,1,200,,1,unrecoverable,failed,v2.0_offline,False,False,02912c2c0d6244f09312d1a26068fc0e648240c1,,
Rao2024__phi-4-reasoning-plus__T070__R01,Rao2024,phi-4-reasoning-plus,phi-4-reasoning-plus,0.7,0.9,0.1,1,1,200,,1,unrecoverable,failed,v2.0_offline,False,False,02912c2c0d6244f09312d1a26068fc0e648240c1,,
Rao2024__phi-4-reasoning-plus__T070__R02,Rao2024,phi-4-reasoning-plus,phi-4-reasoning-plus,0.7,0.9,0.1,2,1,200,,1,unrecoverable,failed,v2.0_offline,False,False,02912c2c0d6244f09312d1a26068fc0e648240c1,,
Rao2024__phi-4-reasoning-plus__T070__R03,Rao2024,phi-4-reasoning-plus,phi-4-reasoning-plus,0.7,0.9,0.1,3,1,200,,1,unrecoverable,failed,v2.0_offline,False,False,02912c2c0d6244f09312d1a26068fc0e648240c1,,
Sacramento2018__gemma-4-31b-it__T000__R01,Sacramento2018,gemma-4-31b-it,gemma-4-31b-it,0.0,0.9,0.1,1,2,200,,1,recovered,extracted_json_block,v2.0_offline,False,True,02912c2c0d6244f09312d1a26068fc0e648240c1,,
Sacramento2018__gemma-4-31b-it__T000__R02,Sacramento2018,gemma-4-31b-it,gemma-4-31b-it,0.0,0.9,0.1,2,2,200,,1,recovered,extracted_json_block,v2.0_offline,False,True,02912c2c0d6244f09312d1a26068fc0e648240c1,,
Sacramento2018__gemma-4-31b-it__T000__R03,Sacramento2018,gemma-4-31b-it,gemma-4-31b-it,0.0,0.9,0.1,3,2,200,,1,recovered,extracted_json_block,v2.0_offline,False,True,02912c2c0d6244f09312d1a26068fc0e648240c1,,
Sacramento2018__gemma-4-31b-it__T035__R01,Sacramento2018,gemma-4-31b-it,gemma-4-31b-it,0.35,0.9,0.1,1,2,200,,1,recovered,extracted_json_block,v2.0_offline,False,True,02912c2c0d6244f09312d1a26068fc0e648240c1,,
Sacramento2018__gemma-4-31b-it__T035__R02,Sacramento2018,gemma-4-31b-it,gemma-4-31b-it,0.35,0.9,0.1,2,2,200,,1,recovered,extracted_json_block,v2.0_offline,False,True,02912c2c0d6244f09312d1a26068fc0e648240c1,,
Sacramento2018__gemma-4-31b-it__T035__R03,Sacramento2018,gemma-4-31b-it,gemma-4-31b-it,0.35,0.9,0.1,3,2,200,,1,recovered,extracted_json_block,v2.0_offline,False,True,02912c2c0d6244f09312d1a26068fc0e648240c1,,
Sacramento2018__gemma-4-31b-it__T070__R01,Sacramento2018,gemma-4-31b-it,gemma-4-31b-it,0.7,0.9,0.1,1,2,200,,1,recovered,extracted_json_block,v2.0_offline,False,True,02912c2c0d6244f09312d1a26068fc0e648240c1,,
Sacramento2018__gemma-4-31b-it__T070__R02,Sacramento2018,gemma-4-31b-it,gemma-4-31b-it,0.7,0.9,0.1,2,2,200,,1,recovered,extracted_json_block,v2.0_offline,False,True,02912c2c0d6244f09312d1a26068fc0e648240c1,,
Sacramento2018__gemma-4-31b-it__T070__R03,Sacramento2018,gemma-4-31b-it,gemma-4-31b-it,0.7,0.9,0.1,3,2,200,,1,recovered,extracted_json_block,v2.0_offline,False,True,02912c2c0d6244f09312d1a26068fc0e648240c1,,
Sacramento2018__olmo-3-32b-think__T000__R01,Sacramento2018,olmo-3-32b-think,olmo-3-32b-think,0.0,0.9,0.1,1,1,200,,1,recovered,extracted_json_block,v2.0_offline,False,True,02912c2c0d6244f09312d1a26068fc0e648240c1,,
Sacramento2018__olmo-3-32b-think__T000__R02,Sacramento2018,olmo-3-32b-think,olmo-3-32b-think,0.0,0.9,0.1,2,1,200,,1,unrecoverable,failed,v2.0_offline,False,False,02912c2c0d6244f09312d1a26068fc0e648240c1,,
Sacramento2018__olmo-3-32b-think__T000__R03,Sacramento2018,olmo-3-32b-think,olmo-3-32b-think,0.0,0.9,0.1,3,1,200,,1,unrecoverable,failed,v2.0_offline,False,False,02912c2c0d6244f09312d1a26068fc0e648240c1,,
Sacramento2018__olmo-3-32b-think__T035__R01,Sacramento2018,olmo-3-32b-think,olmo-3-32b-think,0.35,0.9,0.1,1,1,200,,1,unrecoverable,failed,v2.0_offline,False,False,02912c2c0d6244f09312d1a26068fc0e648240c1,,
Sacramento2018__olmo-3-32b-think__T035__R02,Sacramento2018,olmo-3-32b-think,olmo-3-32b-think,0.35,0.9,0.1,2,1,200,,1,unrecoverable,failed,v2.0_offline,False,False,02912c2c0d6244f09312d1a26068fc0e648240c1,,
Sacramento2018__olmo-3-32b-think__T035__R03,Sacramento2018,olmo-3-32b-think,olmo-3-32b-think,0.35,0.9,0.1,3,1,200,,1,unrecoverable,failed,v2.0_offline,False,False,02912c2c0d6244f09312d1a26068fc0e648240c1,,
Sacramento2018__olmo-3-32b-think__T070__R01,Sacramento2018,olmo-3-32b-think,olmo-3-32b-think,0.7,0.9,0.1,1,1,400,,3,unrecoverable,failed,v2.0_offline,False,False,02912c2c0d6244f09312d1a26068fc0e648240c1,,
Sacramento2018__olmo-3-32b-think__T070__R02,Sacramento2018,olmo-3-32b-think,olmo-3-32b-think,0.7,0.9,0.1,2,1,400,,3,unrecoverable,failed,v2.0_offline,False,False,02912c2c0d6244f09312d1a26068fc0e648240c1,,
Sacramento2018__olmo-3-32b-think__T070__R03,Sacramento2018,olmo-3-32b-think,olmo-3-32b-think,0.7,0.9,0.1,3,1,400,,3,unrecoverable,failed,v2.0_offline,False,False,02912c2c0d6244f09312d1a26068fc0e648240c1,,
Sacramento2018__phi-4-reasoning-plus__T000__R01,Sacramento2018,phi-4-reasoning-plus,phi-4-reasoning-plus,0.0,0.9,0.1,1,1,200,,1,recovered,regex_trace_extraction,v2.0_offline,False,True,02912c2c0d6244f09312d1a26068fc0e648240c1,,
Sacramento2018__phi-4-reasoning-plus__T000__R02,Sacramento2018,phi-4-reasoning-plus,phi-4-reasoning-plus,0.0,0.9,0.1,2,1,200,,1,valid,cleaned_json,v2.0_offline,True,False,02912c2c0d6244f09312d1a26068fc0e648240c1,,
Sacramento2018__phi-4-reasoning-plus__T000__R03,Sacramento2018,phi-4-reasoning-plus,phi-4-reasoning-plus,0.0,0.9,0.1,3,1,200,,1,valid,cleaned_json,v2.0_offline,True,False,02912c2c0d6244f09312d1a26068fc0e648240c1,,
Sacramento2018__phi-4-reasoning-plus__T035__R01,Sacramento2018,phi-4-reasoning-plus,phi-4-reasoning-plus,0.35,0.9,0.1,1,1,200,,1,unrecoverable,failed,v2.0_offline,False,False,02912c2c0d6244f09312d1a26068fc0e648240c1,,
Sacramento2018__phi-4-reasoning-plus__T035__R02,Sacramento2018,phi-4-reasoning-plus,phi-4-reasoning-plus,0.35,0.9,0.1,2,1,200,,1,unrecoverable,failed,v2.0_offline,False,False,02912c2c0d6244f09312d1a26068fc0e648240c1,,
Sacramento2018__phi-4-reasoning-plus__T035__R03,Sacramento2018,phi-4-reasoning-plus,phi-4-reasoning-plus,0.35,0.9,0.1,3,1,200,,1,valid,cleaned_json,v2.0_offline,True,False,02912c2c0d6244f09312d1a26068fc0e648240c1,,
Sacramento2018__phi-4-reasoning-plus__T070__R01,Sacramento2018,phi-4-reasoning-plus,phi-4-reasoning-plus,0.7,0.9,0.1,1,1,200,,1,unrecoverable,failed,v2.0_offline,False,False,02912c2c0d6244f09312d1a26068fc0e648240c1,,
Sacramento2018__phi-4-reasoning-plus__T070__R02,Sacramento2018,phi-4-reasoning-plus,phi-4-reasoning-plus,0.7,0.9,0.1,2,1,200,,1,unrecoverable,failed,v2.0_offline,False,False,02912c2c0d6244f09312d1a26068fc0e648240c1,,
Sacramento2018__phi-4-reasoning-plus__T070__R03,Sacramento2018,phi-4-reasoning-plus,phi-4-reasoning-plus,0.7,0.9,0.1,3,1,200,,1,valid,cleaned_json,v2.0_offline,True,False,02912c2c0d6244f09312d1a26068fc0e648240c1,,
Spratling2008__gemma-4-31b-it__T000__R01,Spratling2008,gemma-4-31b-it,gemma-4-31b-it,0.0,0.9,0.1,1,2,200,,1,recovered,extracted_json_block,v2.0_offline,False,True,02912c2c0d6244f09312d1a26068fc0e648240c1,,
Spratling2008__gemma-4-31b-it__T000__R02,Spratling2008,gemma-4-31b-it,gemma-4-31b-it,0.0,0.9,0.1,2,2,200,,1,recovered,extracted_json_block,v2.0_offline,False,True,02912c2c0d6244f09312d1a26068fc0e648240c1,,
Spratling2008__gemma-4-31b-it__T000__R03,Spratling2008,gemma-4-31b-it,gemma-4-31b-it,0.0,0.9,0.1,3,2,200,,1,recovered,extracted_json_block,v2.0_offline,False,True,02912c2c0d6244f09312d1a26068fc0e648240c1,,
Spratling2008__gemma-4-31b-it__T035__R01,Spratling2008,gemma-4-31b-it,gemma-4-31b-it,0.35,0.9,0.1,1,2,200,,1,recovered,extracted_json_block,v2.0_offline,False,True,02912c2c0d6244f09312d1a26068fc0e648240c1,,
Spratling2008__gemma-4-31b-it__T035__R02,Spratling2008,gemma-4-31b-it,gemma-4-31b-it,0.35,0.9,0.1,2,2,200,,1,recovered,extracted_json_block,v2.0_offline,False,True,02912c2c0d6244f09312d1a26068fc0e648240c1,,
Spratling2008__gemma-4-31b-it__T035__R03,Spratling2008,gemma-4-31b-it,gemma-4-31b-it,0.35,0.9,0.1,3,2,200,,1,recovered,extracted_json_block,v2.0_offline,False,True,02912c2c0d6244f09312d1a26068fc0e648240c1,,
Spratling2008__gemma-4-31b-it__T070__R01,Spratling2008,gemma-4-31b-it,gemma-4-31b-it,0.7,0.9,0.1,1,2,200,,1,recovered,extracted_json_block,v2.0_offline,False,True,02912c2c0d6244f09312d1a26068fc0e648240c1,,
Spratling2008__gemma-4-31b-it__T070__R02,Spratling2008,gemma-4-31b-it,gemma-4-31b-it,0.7,0.9,0.1,2,2,200,,1,recovered,extracted_json_block,v2.0_offline,False,True,02912c2c0d6244f09312d1a26068fc0e648240c1,,
Spratling2008__gemma-4-31b-it__T070__R03,Spratling2008,gemma-4-31b-it,gemma-4-31b-it,0.7,0.9,0.1,3,2,200,,1,recovered,extracted_json_block,v2.0_offline,False,True,02912c2c0d6244f09312d1a26068fc0e648240c1,,
Spratling2008__olmo-3-32b-think__T000__R01,Spratling2008,olmo-3-32b-think,olmo-3-32b-think,0.0,0.9,0.1,1,1,200,,1,unrecoverable,failed,v2.0_offline,False,False,02912c2c0d6244f09312d1a26068fc0e648240c1,,
Spratling2008__olmo-3-32b-think__T000__R02,Spratling2008,olmo-3-32b-think,olmo-3-32b-think,0.0,0.9,0.1,2,1,200,,1,recovered,extracted_json_block,v2.0_offline,False,True,02912c2c0d6244f09312d1a26068fc0e648240c1,,
Spratling2008__olmo-3-32b-think__T000__R03,Spratling2008,olmo-3-32b-think,olmo-3-32b-think,0.0,0.9,0.1,3,1,200,,1,recovered,extracted_json_block,v2.0_offline,False,True,02912c2c0d6244f09312d1a26068fc0e648240c1,,
Spratling2008__olmo-3-32b-think__T035__R01,Spratling2008,olmo-3-32b-think,olmo-3-32b-think,0.35,0.9,0.1,1,1,200,,1,unrecoverable,failed,v2.0_offline,False,False,02912c2c0d6244f09312d1a26068fc0e648240c1,,
Spratling2008__olmo-3-32b-think__T035__R02,Spratling2008,olmo-3-32b-think,olmo-3-32b-think,0.35,0.9,0.1,2,1,200,,1,unrecoverable,failed,v2.0_offline,False,False,02912c2c0d6244f09312d1a26068fc0e648240c1,,
Spratling2008__olmo-3-32b-think__T035__R03,Spratling2008,olmo-3-32b-think,olmo-3-32b-think,0.35,0.9,0.1,3,1,200,,1,unrecoverable,failed,v2.0_offline,False,False,02912c2c0d6244f09312d1a26068fc0e648240c1,,
Spratling2008__olmo-3-32b-think__T070__R01,Spratling2008,olmo-3-32b-think,olmo-3-32b-think,0.7,0.9,0.1,1,1,400,,3,unrecoverable,failed,v2.0_offline,False,False,02912c2c0d6244f09312d1a26068fc0e648240c1,,
Spratling2008__olmo-3-32b-think__T070__R02,Spratling2008,olmo-3-32b-think,olmo-3-32b-think,0.7,0.9,0.1,2,1,400,,3,unrecoverable,failed,v2.0_offline,False,False,02912c2c0d6244f09312d1a26068fc0e648240c1,,
Spratling2008__olmo-3-32b-think__T070__R03,Spratling2008,olmo-3-32b-think,olmo-3-32b-think,0.7,0.9,0.1,3,1,200,,2,unrecoverable,failed,v2.0_offline,False,False,02912c2c0d6244f09312d1a26068fc0e648240c1,,
Spratling2008__phi-4-reasoning-plus__T000__R01,Spratling2008,phi-4-reasoning-plus,phi-4-reasoning-plus,0.0,0.9,0.1,1,1,200,,1,recovered,regex_trace_extraction,v2.0_offline,False,True,02912c2c0d6244f09312d1a26068fc0e648240c1,,
Spratling2008__phi-4-reasoning-plus__T000__R02,Spratling2008,phi-4-reasoning-plus,phi-4-reasoning-plus,0.0,0.9,0.1,2,1,200,,1,recovered,regex_trace_extraction,v2.0_offline,False,True,02912c2c0d6244f09312d1a26068fc0e648240c1,,
Spratling2008__phi-4-reasoning-plus__T000__R03,Spratling2008,phi-4-reasoning-plus,phi-4-reasoning-plus,0.0,0.9,0.1,3,1,200,,1,recovered,regex_trace_extraction,v2.0_offline,False,True,02912c2c0d6244f09312d1a26068fc0e648240c1,,
Spratling2008__phi-4-reasoning-plus__T035__R01,Spratling2008,phi-4-reasoning-plus,phi-4-reasoning-plus,0.35,0.9,0.1,1,1,200,,1,unrecoverable,failed,v2.0_offline,False,False,02912c2c0d6244f09312d1a26068fc0e648240c1,,
Spratling2008__phi-4-reasoning-plus__T035__R02,Spratling2008,phi-4-reasoning-plus,phi-4-reasoning-plus,0.35,0.9,0.1,2,1,200,,1,recovered,regex_trace_extraction,v2.0_offline,False,True,02912c2c0d6244f09312d1a26068fc0e648240c1,,
Spratling2008__phi-4-reasoning-plus__T035__R03,Spratling2008,phi-4-reasoning-plus,phi-4-reasoning-plus,0.35,0.9,0.1,3,1,200,,1,unrecoverable,failed,v2.0_offline,False,False,02912c2c0d6244f09312d1a26068fc0e648240c1,,
Spratling2008__phi-4-reasoning-plus__T070__R01,Spratling2008,phi-4-reasoning-plus,phi-4-reasoning-plus,0.7,0.9,0.1,1,1,200,,1,unrecoverable,failed,v2.0_offline,False,False,02912c2c0d6244f09312d1a26068fc0e648240c1,,
Spratling2008__phi-4-reasoning-plus__T070__R02,Spratling2008,phi-4-reasoning-plus,phi-4-reasoning-plus,0.7,0.9,0.1,2,1,200,,1,recovered,regex_trace_extraction,v2.0_offline,False,True,02912c2c0d6244f09312d1a26068fc0e648240c1,,
Spratling2008__phi-4-reasoning-plus__T070__R03,Spratling2008,phi-4-reasoning-plus,phi-4-reasoning-plus,0.7,0.9,0.1,3,1,200,,1,unrecoverable,failed,v2.0_offline,False,False,02912c2c0d6244f09312d1a26068fc0e648240c1,,
Spratling2010__gemma-4-31b-it__T000__R01,Spratling2010,gemma-4-31b-it,gemma-4-31b-it,0.0,0.9,0.1,1,2,200,,1,recovered,extracted_json_block,v2.0_offline,False,True,02912c2c0d6244f09312d1a26068fc0e648240c1,,
Spratling2010__gemma-4-31b-it__T000__R02,Spratling2010,gemma-4-31b-it,gemma-4-31b-it,0.0,0.9,0.1,2,2,200,,1,recovered,extracted_json_block,v2.0_offline,False,True,02912c2c0d6244f09312d1a26068fc0e648240c1,,
Spratling2010__gemma-4-31b-it__T000__R03,Spratling2010,gemma-4-31b-it,gemma-4-31b-it,0.0,0.9,0.1,3,2,200,,1,recovered,extracted_json_block,v2.0_offline,False,True,02912c2c0d6244f09312d1a26068fc0e648240c1,,
Spratling2010__gemma-4-31b-it__T035__R01,Spratling2010,gemma-4-31b-it,gemma-4-31b-it,0.35,0.9,0.1,1,2,200,,1,recovered,extracted_json_block,v2.0_offline,False,True,02912c2c0d6244f09312d1a26068fc0e648240c1,,
Spratling2010__gemma-4-31b-it__T035__R02,Spratling2010,gemma-4-31b-it,gemma-4-31b-it,0.35,0.9,0.1,2,2,200,,1,recovered,extracted_json_block,v2.0_offline,False,True,02912c2c0d6244f09312d1a26068fc0e648240c1,,
Spratling2010__gemma-4-31b-it__T035__R03,Spratling2010,gemma-4-31b-it,gemma-4-31b-it,0.35,0.9,0.1,3,2,200,,1,recovered,extracted_json_block,v2.0_offline,False,True,02912c2c0d6244f09312d1a26068fc0e648240c1,,
Spratling2010__gemma-4-31b-it__T070__R01,Spratling2010,gemma-4-31b-it,gemma-4-31b-it,0.7,0.9,0.1,1,2,200,,1,recovered,extracted_json_block,v2.0_offline,False,True,02912c2c0d6244f09312d1a26068fc0e648240c1,,
Spratling2010__gemma-4-31b-it__T070__R02,Spratling2010,gemma-4-31b-it,gemma-4-31b-it,0.7,0.9,0.1,2,2,200,,1,recovered,extracted_json_block,v2.0_offline,False,True,02912c2c0d6244f09312d1a26068fc0e648240c1,,
Spratling2010__gemma-4-31b-it__T070__R03,Spratling2010,gemma-4-31b-it,gemma-4-31b-it,0.7,0.9,0.1,3,2,200,,1,recovered,extracted_json_block,v2.0_offline,False,True,02912c2c0d6244f09312d1a26068fc0e648240c1,,
Spratling2010__olmo-3-32b-think__T000__R01,Spratling2010,olmo-3-32b-think,olmo-3-32b-think,0.0,0.9,0.1,1,1,200,,1,recovered,extracted_json_block,v2.0_offline,False,True,02912c2c0d6244f09312d1a26068fc0e648240c1,,
Spratling2010__olmo-3-32b-think__T000__R02,Spratling2010,olmo-3-32b-think,olmo-3-32b-think,0.0,0.9,0.1,2,1,200,,1,unrecoverable,failed,v2.0_offline,False,False,02912c2c0d6244f09312d1a26068fc0e648240c1,,
Spratling2010__olmo-3-32b-think__T000__R03,Spratling2010,olmo-3-32b-think,olmo-3-32b-think,0.0,0.9,0.1,3,1,200,,1,unrecoverable,failed,v2.0_offline,False,False,02912c2c0d6244f09312d1a26068fc0e648240c1,,
Spratling2010__olmo-3-32b-think__T035__R01,Spratling2010,olmo-3-32b-think,olmo-3-32b-think,0.35,0.9,0.1,1,1,200,,1,unrecoverable,failed,v2.0_offline,False,False,02912c2c0d6244f09312d1a26068fc0e648240c1,,
Spratling2010__olmo-3-32b-think__T035__R02,Spratling2010,olmo-3-32b-think,olmo-3-32b-think,0.35,0.9,0.1,2,1,200,,1,unrecoverable,failed,v2.0_offline,False,False,02912c2c0d6244f09312d1a26068fc0e648240c1,,
Spratling2010__olmo-3-32b-think__T035__R03,Spratling2010,olmo-3-32b-think,olmo-3-32b-think,0.35,0.9,0.1,3,1,200,,1,unrecoverable,failed,v2.0_offline,False,False,02912c2c0d6244f09312d1a26068fc0e648240c1,,
Spratling2010__olmo-3-32b-think__T070__R01,Spratling2010,olmo-3-32b-think,olmo-3-32b-think,0.7,0.9,0.1,1,1,200,,1,unrecoverable,failed,v2.0_offline,False,False,02912c2c0d6244f09312d1a26068fc0e648240c1,,
Spratling2010__olmo-3-32b-think__T070__R02,Spratling2010,olmo-3-32b-think,olmo-3-32b-think,0.7,0.9,0.1,2,1,200,,1,recovered,extracted_json_block,v2.0_offline,False,True,02912c2c0d6244f09312d1a26068fc0e648240c1,,
Spratling2010__olmo-3-32b-think__T070__R03,Spratling2010,olmo-3-32b-think,olmo-3-32b-think,0.7,0.9,0.1,3,1,200,,1,unrecoverable,failed,v2.0_offline,False,False,02912c2c0d6244f09312d1a26068fc0e648240c1,,
Spratling2010__phi-4-reasoning-plus__T000__R01,Spratling2010,phi-4-reasoning-plus,phi-4-reasoning-plus,0.0,0.9,0.1,1,1,200,,1,unrecoverable,failed,v2.0_offline,False,False,02912c2c0d6244f09312d1a26068fc0e648240c1,,
Spratling2010__phi-4-reasoning-plus__T000__R02,Spratling2010,phi-4-reasoning-plus,phi-4-reasoning-plus,0.0,0.9,0.1,2,1,200,,1,unrecoverable,failed,v2.0_offline,False,False,02912c2c0d6244f09312d1a26068fc0e648240c1,,
Spratling2010__phi-4-reasoning-plus__T000__R03,Spratling2010,phi-4-reasoning-plus,phi-4-reasoning-plus,0.0,0.9,0.1,3,1,200,,1,unrecoverable,failed,v2.0_offline,False,False,02912c2c0d6244f09312d1a26068fc0e648240c1,,
Spratling2010__phi-4-reasoning-plus__T035__R01,Spratling2010,phi-4-reasoning-plus,phi-4-reasoning-plus,0.35,0.9,0.1,1,1,200,,1,recovered,regex_trace_extraction,v2.0_offline,False,True,02912c2c0d6244f09312d1a26068fc0e648240c1,,
Spratling2010__phi-4-reasoning-plus__T035__R02,Spratling2010,phi-4-reasoning-plus,phi-4-reasoning-plus,0.35,0.9,0.1,2,1,200,,1,recovered,regex_trace_extraction,v2.0_offline,False,True,02912c2c0d6244f09312d1a26068fc0e648240c1,,
Spratling2010__phi-4-reasoning-plus__T035__R03,Spratling2010,phi-4-reasoning-plus,phi-4-reasoning-plus,0.35,0.9,0.1,3,1,200,,1,valid,cleaned_json,v2.0_offline,True,False,02912c2c0d6244f09312d1a26068fc0e648240c1,,
Spratling2010__phi-4-reasoning-plus__T070__R01,Spratling2010,phi-4-reasoning-plus,phi-4-reasoning-plus,0.7,0.9,0.1,1,1,200,,1,unrecoverable,failed,v2.0_offline,False,False,02912c2c0d6244f09312d1a26068fc0e648240c1,,
Spratling2010__phi-4-reasoning-plus__T070__R02,Spratling2010,phi-4-reasoning-plus,phi-4-reasoning-plus,0.7,0.9,0.1,2,1,200,,1,recovered,regex_trace_extraction,v2.0_offline,False,True,02912c2c0d6244f09312d1a26068fc0e648240c1,,
Spratling2010__phi-4-reasoning-plus__T070__R03,Spratling2010,phi-4-reasoning-plus,phi-4-reasoning-plus,0.7,0.9,0.1,3,1,200,,1,unrecoverable,failed,v2.0_offline,False,False,02912c2c0d6244f09312d1a26068fc0e648240c1,,
Srinivasan1982__gemma-4-31b-it__T000__R01,Srinivasan1982,gemma-4-31b-it,gemma-4-31b-it,0.0,0.9,0.1,1,2,200,,1,recovered,extracted_json_block,v2.0_offline,False,True,02912c2c0d6244f09312d1a26068fc0e648240c1,,
Srinivasan1982__gemma-4-31b-it__T000__R02,Srinivasan1982,gemma-4-31b-it,gemma-4-31b-it,0.0,0.9,0.1,2,2,200,,1,recovered,extracted_json_block,v2.0_offline,False,True,02912c2c0d6244f09312d1a26068fc0e648240c1,,
Srinivasan1982__gemma-4-31b-it__T000__R03,Srinivasan1982,gemma-4-31b-it,gemma-4-31b-it,0.0,0.9,0.1,3,2,200,,1,recovered,extracted_json_block,v2.0_offline,False,True,02912c2c0d6244f09312d1a26068fc0e648240c1,,
Srinivasan1982__gemma-4-31b-it__T035__R01,Srinivasan1982,gemma-4-31b-it,gemma-4-31b-it,0.35,0.9,0.1,1,2,200,,1,recovered,extracted_json_block,v2.0_offline,False,True,02912c2c0d6244f09312d1a26068fc0e648240c1,,
Srinivasan1982__gemma-4-31b-it__T035__R02,Srinivasan1982,gemma-4-31b-it,gemma-4-31b-it,0.35,0.9,0.1,2,2,200,,1,recovered,extracted_json_block,v2.0_offline,False,True,02912c2c0d6244f09312d1a26068fc0e648240c1,,
Srinivasan1982__gemma-4-31b-it__T035__R03,Srinivasan1982,gemma-4-31b-it,gemma-4-31b-it,0.35,0.9,0.1,3,2,200,,1,recovered,extracted_json_block,v2.0_offline,False,True,02912c2c0d6244f09312d1a26068fc0e648240c1,,
Srinivasan1982__gemma-4-31b-it__T070__R01,Srinivasan1982,gemma-4-31b-it,gemma-4-31b-it,0.7,0.9,0.1,1,2,200,,1,recovered,extracted_json_block,v2.0_offline,False,True,02912c2c0d6244f09312d1a26068fc0e648240c1,,
Srinivasan1982__gemma-4-31b-it__T070__R02,Srinivasan1982,gemma-4-31b-it,gemma-4-31b-it,0.7,0.9,0.1,2,2,200,,1,recovered,extracted_json_block,v2.0_offline,False,True,02912c2c0d6244f09312d1a26068fc0e648240c1,,
Srinivasan1982__gemma-4-31b-it__T070__R03,Srinivasan1982,gemma-4-31b-it,gemma-4-31b-it,0.7,0.9,0.1,3,2,200,,1,recovered,extracted_json_block,v2.0_offline,False,True,02912c2c0d6244f09312d1a26068fc0e648240c1,,
Srinivasan1982__olmo-3-32b-think__T000__R01,Srinivasan1982,olmo-3-32b-think,olmo-3-32b-think,0.0,0.9,0.1,1,1,200,,1,unrecoverable,failed,v2.0_offline,False,False,02912c2c0d6244f09312d1a26068fc0e648240c1,,
Srinivasan1982__olmo-3-32b-think__T000__R02,Srinivasan1982,olmo-3-32b-think,olmo-3-32b-think,0.0,0.9,0.1,2,1,200,,1,unrecoverable,failed,v2.0_offline,False,False,02912c2c0d6244f09312d1a26068fc0e648240c1,,
Srinivasan1982__olmo-3-32b-think__T000__R03,Srinivasan1982,olmo-3-32b-think,olmo-3-32b-think,0.0,0.9,0.1,3,1,200,,1,unrecoverable,failed,v2.0_offline,False,False,02912c2c0d6244f09312d1a26068fc0e648240c1,,
Srinivasan1982__olmo-3-32b-think__T035__R01,Srinivasan1982,olmo-3-32b-think,olmo-3-32b-think,0.35,0.9,0.1,1,1,200,,1,unrecoverable,failed,v2.0_offline,False,False,02912c2c0d6244f09312d1a26068fc0e648240c1,,
Srinivasan1982__olmo-3-32b-think__T035__R02,Srinivasan1982,olmo-3-32b-think,olmo-3-32b-think,0.35,0.9,0.1,2,1,200,,1,unrecoverable,failed,v2.0_offline,False,False,02912c2c0d6244f09312d1a26068fc0e648240c1,,
Srinivasan1982__olmo-3-32b-think__T035__R03,Srinivasan1982,olmo-3-32b-think,olmo-3-32b-think,0.35,0.9,0.1,3,1,200,,1,unrecoverable,failed,v2.0_offline,False,False,02912c2c0d6244f09312d1a26068fc0e648240c1,,
Srinivasan1982__olmo-3-32b-think__T070__R01,Srinivasan1982,olmo-3-32b-think,olmo-3-32b-think,0.7,0.9,0.1,1,1,200,,1,unrecoverable,failed,v2.0_offline,False,False,02912c2c0d6244f09312d1a26068fc0e648240c1,,
Srinivasan1982__olmo-3-32b-think__T070__R02,Srinivasan1982,olmo-3-32b-think,olmo-3-32b-think,0.7,0.9,0.1,2,1,200,,1,unrecoverable,failed,v2.0_offline,False,False,02912c2c0d6244f09312d1a26068fc0e648240c1,,
Srinivasan1982__olmo-3-32b-think__T070__R03,Srinivasan1982,olmo-3-32b-think,olmo-3-32b-think,0.7,0.9,0.1,3,1,200,,1,unrecoverable,failed,v2.0_offline,False,False,02912c2c0d6244f09312d1a26068fc0e648240c1,,
Srinivasan1982__phi-4-reasoning-plus__T000__R01,Srinivasan1982,phi-4-reasoning-plus,phi-4-reasoning-plus,0.0,0.9,0.1,1,1,200,,1,unrecoverable,failed,v2.0_offline,False,False,02912c2c0d6244f09312d1a26068fc0e648240c1,,
Srinivasan1982__phi-4-reasoning-plus__T000__R02,Srinivasan1982,phi-4-reasoning-plus,phi-4-reasoning-plus,0.0,0.9,0.1,2,1,200,,1,unrecoverable,failed,v2.0_offline,False,False,02912c2c0d6244f09312d1a26068fc0e648240c1,,
Srinivasan1982__phi-4-reasoning-plus__T000__R03,Srinivasan1982,phi-4-reasoning-plus,phi-4-reasoning-plus,0.0,0.9,0.1,3,1,200,,1,unrecoverable,failed,v2.0_offline,False,False,02912c2c0d6244f09312d1a26068fc0e648240c1,,
Srinivasan1982__phi-4-reasoning-plus__T035__R01,Srinivasan1982,phi-4-reasoning-plus,phi-4-reasoning-plus,0.35,0.9,0.1,1,1,200,,1,unrecoverable,failed,v2.0_offline,False,False,02912c2c0d6244f09312d1a26068fc0e648240c1,,
Srinivasan1982__phi-4-reasoning-plus__T035__R02,Srinivasan1982,phi-4-reasoning-plus,phi-4-reasoning-plus,0.35,0.9,0.1,2,1,200,,1,unrecoverable,failed,v2.0_offline,False,False,02912c2c0d6244f09312d1a26068fc0e648240c1,,
Srinivasan1982__phi-4-reasoning-plus__T035__R03,Srinivasan1982,phi-4-reasoning-plus,phi-4-reasoning-plus,0.35,0.9,0.1,3,1,200,,1,unrecoverable,failed,v2.0_offline,False,False,02912c2c0d6244f09312d1a26068fc0e648240c1,,
Srinivasan1982__phi-4-reasoning-plus__T070__R01,Srinivasan1982,phi-4-reasoning-plus,phi-4-reasoning-plus,0.7,0.9,0.1,1,1,200,,1,recovered,regex_trace_extraction,v2.0_offline,False,True,02912c2c0d6244f09312d1a26068fc0e648240c1,,
Srinivasan1982__phi-4-reasoning-plus__T070__R02,Srinivasan1982,phi-4-reasoning-plus,phi-4-reasoning-plus,0.7,0.9,0.1,2,1,200,,1,unrecoverable,failed,v2.0_offline,False,False,02912c2c0d6244f09312d1a26068fc0e648240c1,,
Srinivasan1982__phi-4-reasoning-plus__T070__R03,Srinivasan1982,phi-4-reasoning-plus,phi-4-reasoning-plus,0.7,0.9,0.1,3,1,200,,1,unrecoverable,failed,v2.0_offline,False,False,02912c2c0d6244f09312d1a26068fc0e648240c1,,
VanDerveer2021__gemma-4-31b-it__T000__R01,VanDerveer2021,gemma-4-31b-it,gemma-4-31b-it,0.0,0.9,0.1,1,2,200,,1,recovered,extracted_json_block,v2.0_offline,False,True,02912c2c0d6244f09312d1a26068fc0e648240c1,,
VanDerveer2021__gemma-4-31b-it__T000__R02,VanDerveer2021,gemma-4-31b-it,gemma-4-31b-it,0.0,0.9,0.1,2,2,200,,1,recovered,extracted_json_block,v2.0_offline,False,True,02912c2c0d6244f09312d1a26068fc0e648240c1,,
VanDerveer2021__gemma-4-31b-it__T000__R03,VanDerveer2021,gemma-4-31b-it,gemma-4-31b-it,0.0,0.9,0.1,3,2,200,,1,recovered,extracted_json_block,v2.0_offline,False,True,02912c2c0d6244f09312d1a26068fc0e648240c1,,
VanDerveer2021__gemma-4-31b-it__T035__R01,VanDerveer2021,gemma-4-31b-it,gemma-4-31b-it,0.35,0.9,0.1,1,2,200,,1,recovered,extracted_json_block,v2.0_offline,False,True,02912c2c0d6244f09312d1a26068fc0e648240c1,,
VanDerveer2021__gemma-4-31b-it__T035__R02,VanDerveer2021,gemma-4-31b-it,gemma-4-31b-it,0.35,0.9,0.1,2,2,200,,1,recovered,extracted_json_block,v2.0_offline,False,True,02912c2c0d6244f09312d1a26068fc0e648240c1,,
VanDerveer2021__gemma-4-31b-it__T035__R03,VanDerveer2021,gemma-4-31b-it,gemma-4-31b-it,0.35,0.9,0.1,3,2,200,,1,recovered,extracted_json_block,v2.0_offline,False,True,02912c2c0d6244f09312d1a26068fc0e648240c1,,
VanDerveer2021__gemma-4-31b-it__T070__R01,VanDerveer2021,gemma-4-31b-it,gemma-4-31b-it,0.7,0.9,0.1,1,2,200,,1,recovered,extracted_json_block,v2.0_offline,False,True,02912c2c0d6244f09312d1a26068fc0e648240c1,,
VanDerveer2021__gemma-4-31b-it__T070__R02,VanDerveer2021,gemma-4-31b-it,gemma-4-31b-it,0.7,0.9,0.1,2,2,200,,1,recovered,extracted_json_block,v2.0_offline,False,True,02912c2c0d6244f09312d1a26068fc0e648240c1,,
VanDerveer2021__gemma-4-31b-it__T070__R03,VanDerveer2021,gemma-4-31b-it,gemma-4-31b-it,0.7,0.9,0.1,3,2,200,,1,recovered,extracted_json_block,v2.0_offline,False,True,02912c2c0d6244f09312d1a26068fc0e648240c1,,
VanDerveer2021__olmo-3-32b-think__T000__R01,VanDerveer2021,olmo-3-32b-think,olmo-3-32b-think,0.0,0.9,0.1,1,1,400,,3,unrecoverable,failed,v2.0_offline,False,False,02912c2c0d6244f09312d1a26068fc0e648240c1,,
VanDerveer2021__olmo-3-32b-think__T000__R02,VanDerveer2021,olmo-3-32b-think,olmo-3-32b-think,0.0,0.9,0.1,2,1,400,,3,unrecoverable,failed,v2.0_offline,False,False,02912c2c0d6244f09312d1a26068fc0e648240c1,,
VanDerveer2021__olmo-3-32b-think__T000__R03,VanDerveer2021,olmo-3-32b-think,olmo-3-32b-think,0.0,0.9,0.1,3,1,200,,3,unrecoverable,failed,v2.0_offline,False,False,02912c2c0d6244f09312d1a26068fc0e648240c1,,
VanDerveer2021__olmo-3-32b-think__T035__R01,VanDerveer2021,olmo-3-32b-think,olmo-3-32b-think,0.35,0.9,0.1,1,1,200,,1,unrecoverable,failed,v2.0_offline,False,False,02912c2c0d6244f09312d1a26068fc0e648240c1,,
VanDerveer2021__olmo-3-32b-think__T035__R02,VanDerveer2021,olmo-3-32b-think,olmo-3-32b-think,0.35,0.9,0.1,2,1,200,,1,unrecoverable,failed,v2.0_offline,False,False,02912c2c0d6244f09312d1a26068fc0e648240c1,,
VanDerveer2021__olmo-3-32b-think__T035__R03,VanDerveer2021,olmo-3-32b-think,olmo-3-32b-think,0.35,0.9,0.1,3,1,200,,1,unrecoverable,failed,v2.0_offline,False,False,02912c2c0d6244f09312d1a26068fc0e648240c1,,
VanDerveer2021__olmo-3-32b-think__T070__R01,VanDerveer2021,olmo-3-32b-think,olmo-3-32b-think,0.7,0.9,0.1,1,1,200,,1,unrecoverable,failed,v2.0_offline,False,False,02912c2c0d6244f09312d1a26068fc0e648240c1,,
VanDerveer2021__olmo-3-32b-think__T070__R02,VanDerveer2021,olmo-3-32b-think,olmo-3-32b-think,0.7,0.9,0.1,2,1,200,,1,unrecoverable,failed,v2.0_offline,False,False,02912c2c0d6244f09312d1a26068fc0e648240c1,,
VanDerveer2021__olmo-3-32b-think__T070__R03,VanDerveer2021,olmo-3-32b-think,olmo-3-32b-think,0.7,0.9,0.1,3,1,200,,1,unrecoverable,failed,v2.0_offline,False,False,02912c2c0d6244f09312d1a26068fc0e648240c1,,
VanDerveer2021__phi-4-reasoning-plus__T000__R01,VanDerveer2021,phi-4-reasoning-plus,phi-4-reasoning-plus,0.0,0.9,0.1,1,1,200,,1,unrecoverable,failed,v2.0_offline,False,False,02912c2c0d6244f09312d1a26068fc0e648240c1,,
VanDerveer2021__phi-4-reasoning-plus__T000__R02,VanDerveer2021,phi-4-reasoning-plus,phi-4-reasoning-plus,0.0,0.9,0.1,2,1,200,,1,unrecoverable,failed,v2.0_offline,False,False,02912c2c0d6244f09312d1a26068fc0e648240c1,,
VanDerveer2021__phi-4-reasoning-plus__T000__R03,VanDerveer2021,phi-4-reasoning-plus,phi-4-reasoning-plus,0.0,0.9,0.1,3,1,200,,1,unrecoverable,failed,v2.0_offline,False,False,02912c2c0d6244f09312d1a26068fc0e648240c1,,
VanDerveer2021__phi-4-reasoning-plus__T035__R01,VanDerveer2021,phi-4-reasoning-plus,phi-4-reasoning-plus,0.35,0.9,0.1,1,1,200,,1,unrecoverable,failed,v2.0_offline,False,False,02912c2c0d6244f09312d1a26068fc0e648240c1,,
VanDerveer2021__phi-4-reasoning-plus__T035__R02,VanDerveer2021,phi-4-reasoning-plus,phi-4-reasoning-plus,0.35,0.9,0.1,2,1,200,,1,unrecoverable,failed,v2.0_offline,False,False,02912c2c0d6244f09312d1a26068fc0e648240c1,,
VanDerveer2021__phi-4-reasoning-plus__T035__R03,VanDerveer2021,phi-4-reasoning-plus,phi-4-reasoning-plus,0.35,0.9,0.1,3,1,200,,1,recovered,regex_trace_extraction,v2.0_offline,False,True,02912c2c0d6244f09312d1a26068fc0e648240c1,,
VanDerveer2021__phi-4-reasoning-plus__T070__R01,VanDerveer2021,phi-4-reasoning-plus,phi-4-reasoning-plus,0.7,0.9,0.1,1,1,200,,1,unrecoverable,failed,v2.0_offline,False,False,02912c2c0d6244f09312d1a26068fc0e648240c1,,
VanDerveer2021__phi-4-reasoning-plus__T070__R02,VanDerveer2021,phi-4-reasoning-plus,phi-4-reasoning-plus,0.7,0.9,0.1,2,1,200,,1,unrecoverable,failed,v2.0_offline,False,False,02912c2c0d6244f09312d1a26068fc0e648240c1,,
VanDerveer2021__phi-4-reasoning-plus__T070__R03,VanDerveer2021,phi-4-reasoning-plus,phi-4-reasoning-plus,0.7,0.9,0.1,3,1,200,,1,unrecoverable,failed,v2.0_offline,False,False,02912c2c0d6244f09312d1a26068fc0e648240c1,,
Wacongne2011__gemma-4-31b-it__T000__R01,Wacongne2011,gemma-4-31b-it,gemma-4-31b-it,0.0,0.9,0.1,1,2,200,,1,recovered,extracted_json_block,v2.0_offline,False,True,02912c2c0d6244f09312d1a26068fc0e648240c1,,
Wacongne2011__gemma-4-31b-it__T000__R02,Wacongne2011,gemma-4-31b-it,gemma-4-31b-it,0.0,0.9,0.1,2,2,200,,1,recovered,extracted_json_block,v2.0_offline,False,True,02912c2c0d6244f09312d1a26068fc0e648240c1,,
Wacongne2011__gemma-4-31b-it__T000__R03,Wacongne2011,gemma-4-31b-it,gemma-4-31b-it,0.0,0.9,0.1,3,2,200,,1,recovered,extracted_json_block,v2.0_offline,False,True,02912c2c0d6244f09312d1a26068fc0e648240c1,,
Wacongne2011__gemma-4-31b-it__T035__R01,Wacongne2011,gemma-4-31b-it,gemma-4-31b-it,0.35,0.9,0.1,1,2,200,,1,recovered,extracted_json_block,v2.0_offline,False,True,02912c2c0d6244f09312d1a26068fc0e648240c1,,
Wacongne2011__gemma-4-31b-it__T035__R02,Wacongne2011,gemma-4-31b-it,gemma-4-31b-it,0.35,0.9,0.1,2,2,200,,1,recovered,extracted_json_block,v2.0_offline,False,True,02912c2c0d6244f09312d1a26068fc0e648240c1,,
Wacongne2011__gemma-4-31b-it__T035__R03,Wacongne2011,gemma-4-31b-it,gemma-4-31b-it,0.35,0.9,0.1,3,2,200,,1,recovered,extracted_json_block,v2.0_offline,False,True,02912c2c0d6244f09312d1a26068fc0e648240c1,,
Wacongne2011__gemma-4-31b-it__T070__R01,Wacongne2011,gemma-4-31b-it,gemma-4-31b-it,0.7,0.9,0.1,1,2,200,,1,recovered,extracted_json_block,v2.0_offline,False,True,02912c2c0d6244f09312d1a26068fc0e648240c1,,
Wacongne2011__gemma-4-31b-it__T070__R02,Wacongne2011,gemma-4-31b-it,gemma-4-31b-it,0.7,0.9,0.1,2,2,200,,1,recovered,extracted_json_block,v2.0_offline,False,True,02912c2c0d6244f09312d1a26068fc0e648240c1,,
Wacongne2011__gemma-4-31b-it__T070__R03,Wacongne2011,gemma-4-31b-it,gemma-4-31b-it,0.7,0.9,0.1,3,2,200,,1,recovered,extracted_json_block,v2.0_offline,False,True,02912c2c0d6244f09312d1a26068fc0e648240c1,,
Wacongne2011__olmo-3-32b-think__T000__R01,Wacongne2011,olmo-3-32b-think,olmo-3-32b-think,0.0,0.9,0.1,1,1,200,,1,unrecoverable,failed,v2.0_offline,False,False,02912c2c0d6244f09312d1a26068fc0e648240c1,,
Wacongne2011__olmo-3-32b-think__T000__R02,Wacongne2011,olmo-3-32b-think,olmo-3-32b-think,0.0,0.9,0.1,2,1,200,,1,unrecoverable,failed,v2.0_offline,False,False,02912c2c0d6244f09312d1a26068fc0e648240c1,,
Wacongne2011__olmo-3-32b-think__T000__R03,Wacongne2011,olmo-3-32b-think,olmo-3-32b-think,0.0,0.9,0.1,3,1,200,,1,unrecoverable,failed,v2.0_offline,False,False,02912c2c0d6244f09312d1a26068fc0e648240c1,,
Wacongne2011__olmo-3-32b-think__T035__R01,Wacongne2011,olmo-3-32b-think,olmo-3-32b-think,0.35,0.9,0.1,1,1,200,,1,recovered,extracted_json_block,v2.0_offline,False,True,02912c2c0d6244f09312d1a26068fc0e648240c1,,
Wacongne2011__olmo-3-32b-think__T035__R02,Wacongne2011,olmo-3-32b-think,olmo-3-32b-think,0.35,0.9,0.1,2,1,200,,1,unrecoverable,failed,v2.0_offline,False,False,02912c2c0d6244f09312d1a26068fc0e648240c1,,
Wacongne2011__olmo-3-32b-think__T035__R03,Wacongne2011,olmo-3-32b-think,olmo-3-32b-think,0.35,0.9,0.1,3,1,200,,1,unrecoverable,failed,v2.0_offline,False,False,02912c2c0d6244f09312d1a26068fc0e648240c1,,
Wacongne2011__olmo-3-32b-think__T070__R01,Wacongne2011,olmo-3-32b-think,olmo-3-32b-think,0.7,0.9,0.1,1,1,200,,1,unrecoverable,failed,v2.0_offline,False,False,02912c2c0d6244f09312d1a26068fc0e648240c1,,
Wacongne2011__olmo-3-32b-think__T070__R02,Wacongne2011,olmo-3-32b-think,olmo-3-32b-think,0.7,0.9,0.1,2,1,200,,1,unrecoverable,failed,v2.0_offline,False,False,02912c2c0d6244f09312d1a26068fc0e648240c1,,
Wacongne2011__olmo-3-32b-think__T070__R03,Wacongne2011,olmo-3-32b-think,olmo-3-32b-think,0.7,0.9,0.1,3,1,200,,1,unrecoverable,failed,v2.0_offline,False,False,02912c2c0d6244f09312d1a26068fc0e648240c1,,
Wacongne2011__phi-4-reasoning-plus__T000__R01,Wacongne2011,phi-4-reasoning-plus,phi-4-reasoning-plus,0.0,0.9,0.1,1,1,200,,1,recovered,regex_trace_extraction,v2.0_offline,False,True,02912c2c0d6244f09312d1a26068fc0e648240c1,,
Wacongne2011__phi-4-reasoning-plus__T000__R02,Wacongne2011,phi-4-reasoning-plus,phi-4-reasoning-plus,0.0,0.9,0.1,2,1,200,,1,unrecoverable,failed,v2.0_offline,False,False,02912c2c0d6244f09312d1a26068fc0e648240c1,,
Wacongne2011__phi-4-reasoning-plus__T000__R03,Wacongne2011,phi-4-reasoning-plus,phi-4-reasoning-plus,0.0,0.9,0.1,3,1,200,,1,unrecoverable,failed,v2.0_offline,False,False,02912c2c0d6244f09312d1a26068fc0e648240c1,,
Wacongne2011__phi-4-reasoning-plus__T035__R01,Wacongne2011,phi-4-reasoning-plus,phi-4-reasoning-plus,0.35,0.9,0.1,1,1,200,,1,recovered,regex_trace_extraction,v2.0_offline,False,True,02912c2c0d6244f09312d1a26068fc0e648240c1,,
Wacongne2011__phi-4-reasoning-plus__T035__R02,Wacongne2011,phi-4-reasoning-plus,phi-4-reasoning-plus,0.35,0.9,0.1,2,1,200,,1,recovered,regex_trace_extraction,v2.0_offline,False,True,02912c2c0d6244f09312d1a26068fc0e648240c1,,
Wacongne2011__phi-4-reasoning-plus__T035__R03,Wacongne2011,phi-4-reasoning-plus,phi-4-reasoning-plus,0.35,0.9,0.1,3,1,200,,1,unrecoverable,failed,v2.0_offline,False,False,02912c2c0d6244f09312d1a26068fc0e648240c1,,
Wacongne2011__phi-4-reasoning-plus__T070__R01,Wacongne2011,phi-4-reasoning-plus,phi-4-reasoning-plus,0.7,0.9,0.1,1,1,200,,1,unrecoverable,failed,v2.0_offline,False,False,02912c2c0d6244f09312d1a26068fc0e648240c1,,
Wacongne2011__phi-4-reasoning-plus__T070__R02,Wacongne2011,phi-4-reasoning-plus,phi-4-reasoning-plus,0.7,0.9,0.1,2,1,200,,1,unrecoverable,failed,v2.0_offline,False,False,02912c2c0d6244f09312d1a26068fc0e648240c1,,
Wacongne2011__phi-4-reasoning-plus__T070__R03,Wacongne2011,phi-4-reasoning-plus,phi-4-reasoning-plus,0.7,0.9,0.1,3,1,200,,1,unrecoverable,failed,v2.0_offline,False,False,02912c2c0d6244f09312d1a26068fc0e648240c1,,
Wacongne2012__gemma-4-31b-it__T000__R01,Wacongne2012,gemma-4-31b-it,gemma-4-31b-it,0.0,0.9,0.1,1,2,200,,1,recovered,extracted_json_block,v2.0_offline,False,True,02912c2c0d6244f09312d1a26068fc0e648240c1,,
Wacongne2012__gemma-4-31b-it__T000__R02,Wacongne2012,gemma-4-31b-it,gemma-4-31b-it,0.0,0.9,0.1,2,2,200,,1,recovered,extracted_json_block,v2.0_offline,False,True,02912c2c0d6244f09312d1a26068fc0e648240c1,,
Wacongne2012__gemma-4-31b-it__T000__R03,Wacongne2012,gemma-4-31b-it,gemma-4-31b-it,0.0,0.9,0.1,3,2,200,,1,recovered,extracted_json_block,v2.0_offline,False,True,02912c2c0d6244f09312d1a26068fc0e648240c1,,
Wacongne2012__gemma-4-31b-it__T035__R01,Wacongne2012,gemma-4-31b-it,gemma-4-31b-it,0.35,0.9,0.1,1,2,200,,1,recovered,extracted_json_block,v2.0_offline,False,True,02912c2c0d6244f09312d1a26068fc0e648240c1,,
Wacongne2012__gemma-4-31b-it__T035__R02,Wacongne2012,gemma-4-31b-it,gemma-4-31b-it,0.35,0.9,0.1,2,2,200,,1,recovered,extracted_json_block,v2.0_offline,False,True,02912c2c0d6244f09312d1a26068fc0e648240c1,,
Wacongne2012__gemma-4-31b-it__T035__R03,Wacongne2012,gemma-4-31b-it,gemma-4-31b-it,0.35,0.9,0.1,3,2,200,,1,recovered,extracted_json_block,v2.0_offline,False,True,02912c2c0d6244f09312d1a26068fc0e648240c1,,
Wacongne2012__gemma-4-31b-it__T070__R01,Wacongne2012,gemma-4-31b-it,gemma-4-31b-it,0.7,0.9,0.1,1,2,200,,1,recovered,extracted_json_block,v2.0_offline,False,True,02912c2c0d6244f09312d1a26068fc0e648240c1,,
Wacongne2012__gemma-4-31b-it__T070__R02,Wacongne2012,gemma-4-31b-it,gemma-4-31b-it,0.7,0.9,0.1,2,2,200,,1,recovered,extracted_json_block,v2.0_offline,False,True,02912c2c0d6244f09312d1a26068fc0e648240c1,,
Wacongne2012__gemma-4-31b-it__T070__R03,Wacongne2012,gemma-4-31b-it,gemma-4-31b-it,0.7,0.9,0.1,3,2,200,,1,recovered,extracted_json_block,v2.0_offline,False,True,02912c2c0d6244f09312d1a26068fc0e648240c1,,
Wacongne2012__olmo-3-32b-think__T000__R01,Wacongne2012,olmo-3-32b-think,olmo-3-32b-think,0.0,0.9,0.1,1,1,200,,1,unrecoverable,failed,v2.0_offline,False,False,02912c2c0d6244f09312d1a26068fc0e648240c1,,
Wacongne2012__olmo-3-32b-think__T000__R02,Wacongne2012,olmo-3-32b-think,olmo-3-32b-think,0.0,0.9,0.1,2,1,200,,1,unrecoverable,failed,v2.0_offline,False,False,02912c2c0d6244f09312d1a26068fc0e648240c1,,
Wacongne2012__olmo-3-32b-think__T000__R03,Wacongne2012,olmo-3-32b-think,olmo-3-32b-think,0.0,0.9,0.1,3,1,200,,1,unrecoverable,failed,v2.0_offline,False,False,02912c2c0d6244f09312d1a26068fc0e648240c1,,
Wacongne2012__olmo-3-32b-think__T035__R01,Wacongne2012,olmo-3-32b-think,olmo-3-32b-think,0.35,0.9,0.1,1,1,200,,1,unrecoverable,failed,v2.0_offline,False,False,02912c2c0d6244f09312d1a26068fc0e648240c1,,
Wacongne2012__olmo-3-32b-think__T035__R02,Wacongne2012,olmo-3-32b-think,olmo-3-32b-think,0.35,0.9,0.1,2,1,200,,1,unrecoverable,failed,v2.0_offline,False,False,02912c2c0d6244f09312d1a26068fc0e648240c1,,
Wacongne2012__olmo-3-32b-think__T035__R03,Wacongne2012,olmo-3-32b-think,olmo-3-32b-think,0.35,0.9,0.1,3,1,200,,1,unrecoverable,failed,v2.0_offline,False,False,02912c2c0d6244f09312d1a26068fc0e648240c1,,
Wacongne2012__olmo-3-32b-think__T070__R01,Wacongne2012,olmo-3-32b-think,olmo-3-32b-think,0.7,0.9,0.1,1,1,200,,1,unrecoverable,failed,v2.0_offline,False,False,02912c2c0d6244f09312d1a26068fc0e648240c1,,
Wacongne2012__olmo-3-32b-think__T070__R02,Wacongne2012,olmo-3-32b-think,olmo-3-32b-think,0.7,0.9,0.1,2,1,200,,1,unrecoverable,failed,v2.0_offline,False,False,02912c2c0d6244f09312d1a26068fc0e648240c1,,
Wacongne2012__olmo-3-32b-think__T070__R03,Wacongne2012,olmo-3-32b-think,olmo-3-32b-think,0.7,0.9,0.1,3,1,200,,1,unrecoverable,failed,v2.0_offline,False,False,02912c2c0d6244f09312d1a26068fc0e648240c1,,
Wacongne2012__phi-4-reasoning-plus__T000__R01,Wacongne2012,phi-4-reasoning-plus,phi-4-reasoning-plus,0.0,0.9,0.1,1,1,200,,1,unrecoverable,failed,v2.0_offline,False,False,02912c2c0d6244f09312d1a26068fc0e648240c1,,
Wacongne2012__phi-4-reasoning-plus__T000__R02,Wacongne2012,phi-4-reasoning-plus,phi-4-reasoning-plus,0.0,0.9,0.1,2,1,200,,1,recovered,regex_trace_extraction,v2.0_offline,False,True,02912c2c0d6244f09312d1a26068fc0e648240c1,,
Wacongne2012__phi-4-reasoning-plus__T000__R03,Wacongne2012,phi-4-reasoning-plus,phi-4-reasoning-plus,0.0,0.9,0.1,3,1,200,,1,recovered,regex_trace_extraction,v2.0_offline,False,True,02912c2c0d6244f09312d1a26068fc0e648240c1,,
Wacongne2012__phi-4-reasoning-plus__T035__R01,Wacongne2012,phi-4-reasoning-plus,phi-4-reasoning-plus,0.35,0.9,0.1,1,1,200,,1,unrecoverable,failed,v2.0_offline,False,False,02912c2c0d6244f09312d1a26068fc0e648240c1,,
Wacongne2012__phi-4-reasoning-plus__T035__R02,Wacongne2012,phi-4-reasoning-plus,phi-4-reasoning-plus,0.35,0.9,0.1,2,1,200,,1,unrecoverable,failed,v2.0_offline,False,False,02912c2c0d6244f09312d1a26068fc0e648240c1,,
Wacongne2012__phi-4-reasoning-plus__T035__R03,Wacongne2012,phi-4-reasoning-plus,phi-4-reasoning-plus,0.35,0.9,0.1,3,1,200,,1,unrecoverable,failed,v2.0_offline,False,False,02912c2c0d6244f09312d1a26068fc0e648240c1,,
Wacongne2012__phi-4-reasoning-plus__T070__R01,Wacongne2012,phi-4-reasoning-plus,phi-4-reasoning-plus,0.7,0.9,0.1,1,1,200,,1,recovered,regex_trace_extraction,v2.0_offline,False,True,02912c2c0d6244f09312d1a26068fc0e648240c1,,
Wacongne2012__phi-4-reasoning-plus__T070__R02,Wacongne2012,phi-4-reasoning-plus,phi-4-reasoning-plus,0.7,0.9,0.1,2,1,200,,1,recovered,regex_trace_extraction,v2.0_offline,False,True,02912c2c0d6244f09312d1a26068fc0e648240c1,,
Wacongne2012__phi-4-reasoning-plus__T070__R03,Wacongne2012,phi-4-reasoning-plus,phi-4-reasoning-plus,0.7,0.9,0.1,3,1,200,,1,unrecoverable,failed,v2.0_offline,False,False,02912c2c0d6244f09312d1a26068fc0e648240c1,,
Westerberg&Xiong2025__gemma-4-31b-it__T000__R01,Westerberg&Xiong2025,gemma-4-31b-it,gemma-4-31b-it,0.0,0.9,0.1,1,2,200,,1,recovered,extracted_json_block,v2.0_offline,False,True,02912c2c0d6244f09312d1a26068fc0e648240c1,,
Westerberg&Xiong2025__gemma-4-31b-it__T000__R02,Westerberg&Xiong2025,gemma-4-31b-it,gemma-4-31b-it,0.0,0.9,0.1,2,2,200,,1,recovered,extracted_json_block,v2.0_offline,False,True,02912c2c0d6244f09312d1a26068fc0e648240c1,,
Westerberg&Xiong2025__gemma-4-31b-it__T000__R03,Westerberg&Xiong2025,gemma-4-31b-it,gemma-4-31b-it,0.0,0.9,0.1,3,2,200,,1,recovered,extracted_json_block,v2.0_offline,False,True,02912c2c0d6244f09312d1a26068fc0e648240c1,,
Westerberg&Xiong2025__gemma-4-31b-it__T035__R01,Westerberg&Xiong2025,gemma-4-31b-it,gemma-4-31b-it,0.35,0.9,0.1,1,2,200,,1,recovered,extracted_json_block,v2.0_offline,False,True,02912c2c0d6244f09312d1a26068fc0e648240c1,,
Westerberg&Xiong2025__gemma-4-31b-it__T035__R02,Westerberg&Xiong2025,gemma-4-31b-it,gemma-4-31b-it,0.35,0.9,0.1,2,2,200,,1,recovered,extracted_json_block,v2.0_offline,False,True,02912c2c0d6244f09312d1a26068fc0e648240c1,,
Westerberg&Xiong2025__gemma-4-31b-it__T035__R03,Westerberg&Xiong2025,gemma-4-31b-it,gemma-4-31b-it,0.35,0.9,0.1,3,2,200,,1,recovered,extracted_json_block,v2.0_offline,False,True,02912c2c0d6244f09312d1a26068fc0e648240c1,,
Westerberg&Xiong2025__gemma-4-31b-it__T070__R01,Westerberg&Xiong2025,gemma-4-31b-it,gemma-4-31b-it,0.7,0.9,0.1,1,2,200,,1,recovered,extracted_json_block,v2.0_offline,False,True,02912c2c0d6244f09312d1a26068fc0e648240c1,,
Westerberg&Xiong2025__gemma-4-31b-it__T070__R02,Westerberg&Xiong2025,gemma-4-31b-it,gemma-4-31b-it,0.7,0.9,0.1,2,2,200,,1,recovered,extracted_json_block,v2.0_offline,False,True,02912c2c0d6244f09312d1a26068fc0e648240c1,,
Westerberg&Xiong2025__gemma-4-31b-it__T070__R03,Westerberg&Xiong2025,gemma-4-31b-it,gemma-4-31b-it,0.7,0.9,0.1,3,2,200,,1,recovered,extracted_json_block,v2.0_offline,False,True,02912c2c0d6244f09312d1a26068fc0e648240c1,,
Westerberg&Xiong2025__olmo-3-32b-think__T000__R01,Westerberg&Xiong2025,olmo-3-32b-think,olmo-3-32b-think,0.0,0.9,0.1,1,1,200,,1,recovered,extracted_json_block,v2.0_offline,False,True,02912c2c0d6244f09312d1a26068fc0e648240c1,,
Westerberg&Xiong2025__olmo-3-32b-think__T000__R02,Westerberg&Xiong2025,olmo-3-32b-think,olmo-3-32b-think,0.0,0.9,0.1,2,1,200,,1,unrecoverable,failed,v2.0_offline,False,False,02912c2c0d6244f09312d1a26068fc0e648240c1,,
Westerberg&Xiong2025__olmo-3-32b-think__T000__R03,Westerberg&Xiong2025,olmo-3-32b-think,olmo-3-32b-think,0.0,0.9,0.1,3,1,200,,1,unrecoverable,failed,v2.0_offline,False,False,02912c2c0d6244f09312d1a26068fc0e648240c1,,
Westerberg&Xiong2025__olmo-3-32b-think__T035__R01,Westerberg&Xiong2025,olmo-3-32b-think,olmo-3-32b-think,0.35,0.9,0.1,1,1,200,,1,recovered,extracted_json_block,v2.0_offline,False,True,02912c2c0d6244f09312d1a26068fc0e648240c1,,
Westerberg&Xiong2025__olmo-3-32b-think__T035__R02,Westerberg&Xiong2025,olmo-3-32b-think,olmo-3-32b-think,0.35,0.9,0.1,2,1,200,,1,unrecoverable,failed,v2.0_offline,False,False,02912c2c0d6244f09312d1a26068fc0e648240c1,,
Westerberg&Xiong2025__olmo-3-32b-think__T035__R03,Westerberg&Xiong2025,olmo-3-32b-think,olmo-3-32b-think,0.35,0.9,0.1,3,1,400,,3,unrecoverable,failed,v2.0_offline,False,False,02912c2c0d6244f09312d1a26068fc0e648240c1,,
Westerberg&Xiong2025__olmo-3-32b-think__T070__R01,Westerberg&Xiong2025,olmo-3-32b-think,olmo-3-32b-think,0.7,0.9,0.1,1,1,200,,1,unrecoverable,failed,v2.0_offline,False,False,02912c2c0d6244f09312d1a26068fc0e648240c1,,
Westerberg&Xiong2025__olmo-3-32b-think__T070__R02,Westerberg&Xiong2025,olmo-3-32b-think,olmo-3-32b-think,0.7,0.9,0.1,2,1,200,,1,unrecoverable,failed,v2.0_offline,False,False,02912c2c0d6244f09312d1a26068fc0e648240c1,,
Westerberg&Xiong2025__olmo-3-32b-think__T070__R03,Westerberg&Xiong2025,olmo-3-32b-think,olmo-3-32b-think,0.7,0.9,0.1,3,1,200,,1,unrecoverable,failed,v2.0_offline,False,False,02912c2c0d6244f09312d1a26068fc0e648240c1,,
Westerberg&Xiong2025__phi-4-reasoning-plus__T000__R01,Westerberg&Xiong2025,phi-4-reasoning-plus,phi-4-reasoning-plus,0.0,0.9,0.1,1,1,200,,1,unrecoverable,failed,v2.0_offline,False,False,02912c2c0d6244f09312d1a26068fc0e648240c1,,
Westerberg&Xiong2025__phi-4-reasoning-plus__T000__R02,Westerberg&Xiong2025,phi-4-reasoning-plus,phi-4-reasoning-plus,0.0,0.9,0.1,2,1,200,,1,unrecoverable,failed,v2.0_offline,False,False,02912c2c0d6244f09312d1a26068fc0e648240c1,,
Westerberg&Xiong2025__phi-4-reasoning-plus__T000__R03,Westerberg&Xiong2025,phi-4-reasoning-plus,phi-4-reasoning-plus,0.0,0.9,0.1,3,1,200,,1,unrecoverable,failed,v2.0_offline,False,False,02912c2c0d6244f09312d1a26068fc0e648240c1,,
Westerberg&Xiong2025__phi-4-reasoning-plus__T035__R01,Westerberg&Xiong2025,phi-4-reasoning-plus,phi-4-reasoning-plus,0.35,0.9,0.1,1,1,200,,1,unrecoverable,failed,v2.0_offline,False,False,02912c2c0d6244f09312d1a26068fc0e648240c1,,
Westerberg&Xiong2025__phi-4-reasoning-plus__T035__R02,Westerberg&Xiong2025,phi-4-reasoning-plus,phi-4-reasoning-plus,0.35,0.9,0.1,2,1,200,,1,unrecoverable,failed,v2.0_offline,False,False,02912c2c0d6244f09312d1a26068fc0e648240c1,,
Westerberg&Xiong2025__phi-4-reasoning-plus__T035__R03,Westerberg&Xiong2025,phi-4-reasoning-plus,phi-4-reasoning-plus,0.35,0.9,0.1,3,1,200,,1,unrecoverable,failed,v2.0_offline,False,False,02912c2c0d6244f09312d1a26068fc0e648240c1,,
Westerberg&Xiong2025__phi-4-reasoning-plus__T070__R01,Westerberg&Xiong2025,phi-4-reasoning-plus,phi-4-reasoning-plus,0.7,0.9,0.1,1,1,200,,1,unrecoverable,failed,v2.0_offline,False,False,02912c2c0d6244f09312d1a26068fc0e648240c1,,
Westerberg&Xiong2025__phi-4-reasoning-plus__T070__R02,Westerberg&Xiong2025,phi-4-reasoning-plus,phi-4-reasoning-plus,0.7,0.9,0.1,2,1,200,,1,unrecoverable,failed,v2.0_offline,False,False,02912c2c0d6244f09312d1a26068fc0e648240c1,,
Westerberg&Xiong2025__phi-4-reasoning-plus__T070__R03,Westerberg&Xiong2025,phi-4-reasoning-plus,phi-4-reasoning-plus,0.7,0.9,0.1,3,1,200,,1,unrecoverable,failed,v2.0_offline,False,False,02912c2c0d6244f09312d1a26068fc0e648240c1,,
Yamins2014__gemma-4-31b-it__T000__R01,Yamins2014,gemma-4-31b-it,gemma-4-31b-it,0.0,0.9,0.1,1,2,200,,1,recovered,extracted_json_block,v2.0_offline,False,True,02912c2c0d6244f09312d1a26068fc0e648240c1,,
Yamins2014__gemma-4-31b-it__T000__R02,Yamins2014,gemma-4-31b-it,gemma-4-31b-it,0.0,0.9,0.1,2,2,200,,1,valid,cleaned_json,v2.0_offline,True,False,02912c2c0d6244f09312d1a26068fc0e648240c1,,
Yamins2014__gemma-4-31b-it__T000__R03,Yamins2014,gemma-4-31b-it,gemma-4-31b-it,0.0,0.9,0.1,3,2,200,,1,recovered,extracted_json_block,v2.0_offline,False,True,02912c2c0d6244f09312d1a26068fc0e648240c1,,
Yamins2014__gemma-4-31b-it__T035__R01,Yamins2014,gemma-4-31b-it,gemma-4-31b-it,0.35,0.9,0.1,1,2,200,,1,recovered,extracted_json_block,v2.0_offline,False,True,02912c2c0d6244f09312d1a26068fc0e648240c1,,
Yamins2014__gemma-4-31b-it__T035__R02,Yamins2014,gemma-4-31b-it,gemma-4-31b-it,0.35,0.9,0.1,2,2,200,,1,recovered,extracted_json_block,v2.0_offline,False,True,02912c2c0d6244f09312d1a26068fc0e648240c1,,
Yamins2014__gemma-4-31b-it__T035__R03,Yamins2014,gemma-4-31b-it,gemma-4-31b-it,0.35,0.9,0.1,3,2,200,,1,valid,cleaned_json,v2.0_offline,True,False,02912c2c0d6244f09312d1a26068fc0e648240c1,,
Yamins2014__gemma-4-31b-it__T070__R01,Yamins2014,gemma-4-31b-it,gemma-4-31b-it,0.7,0.9,0.1,1,2,200,,1,valid,cleaned_json,v2.0_offline,True,False,02912c2c0d6244f09312d1a26068fc0e648240c1,,
Yamins2014__gemma-4-31b-it__T070__R02,Yamins2014,gemma-4-31b-it,gemma-4-31b-it,0.7,0.9,0.1,2,2,200,,1,recovered,extracted_json_block,v2.0_offline,False,True,02912c2c0d6244f09312d1a26068fc0e648240c1,,
Yamins2014__gemma-4-31b-it__T070__R03,Yamins2014,gemma-4-31b-it,gemma-4-31b-it,0.7,0.9,0.1,3,2,200,,1,valid,cleaned_json,v2.0_offline,True,False,02912c2c0d6244f09312d1a26068fc0e648240c1,,
Yamins2014__olmo-3-32b-think__T000__R01,Yamins2014,olmo-3-32b-think,olmo-3-32b-think,0.0,0.9,0.1,1,1,200,,1,unrecoverable,failed,v2.0_offline,False,False,02912c2c0d6244f09312d1a26068fc0e648240c1,,
Yamins2014__olmo-3-32b-think__T000__R02,Yamins2014,olmo-3-32b-think,olmo-3-32b-think,0.0,0.9,0.1,2,1,200,,1,recovered,extracted_json_block,v2.0_offline,False,True,02912c2c0d6244f09312d1a26068fc0e648240c1,,
Yamins2014__olmo-3-32b-think__T000__R03,Yamins2014,olmo-3-32b-think,olmo-3-32b-think,0.0,0.9,0.1,3,1,200,,1,recovered,extracted_json_block,v2.0_offline,False,True,02912c2c0d6244f09312d1a26068fc0e648240c1,,
Yamins2014__olmo-3-32b-think__T035__R01,Yamins2014,olmo-3-32b-think,olmo-3-32b-think,0.35,0.9,0.1,1,1,400,,3,unrecoverable,failed,v2.0_offline,False,False,02912c2c0d6244f09312d1a26068fc0e648240c1,,
Yamins2014__olmo-3-32b-think__T035__R02,Yamins2014,olmo-3-32b-think,olmo-3-32b-think,0.35,0.9,0.1,2,1,400,,3,unrecoverable,failed,v2.0_offline,False,False,02912c2c0d6244f09312d1a26068fc0e648240c1,,
Yamins2014__olmo-3-32b-think__T035__R03,Yamins2014,olmo-3-32b-think,olmo-3-32b-think,0.35,0.9,0.1,3,1,400,,3,unrecoverable,failed,v2.0_offline,False,False,02912c2c0d6244f09312d1a26068fc0e648240c1,,
Yamins2014__olmo-3-32b-think__T070__R01,Yamins2014,olmo-3-32b-think,olmo-3-32b-think,0.7,0.9,0.1,1,1,200,,1,unrecoverable,failed,v2.0_offline,False,False,02912c2c0d6244f09312d1a26068fc0e648240c1,,
Yamins2014__olmo-3-32b-think__T070__R02,Yamins2014,olmo-3-32b-think,olmo-3-32b-think,0.7,0.9,0.1,2,1,200,,1,unrecoverable,failed,v2.0_offline,False,False,02912c2c0d6244f09312d1a26068fc0e648240c1,,
Yamins2014__olmo-3-32b-think__T070__R03,Yamins2014,olmo-3-32b-think,olmo-3-32b-think,0.7,0.9,0.1,3,1,200,,1,unrecoverable,failed,v2.0_offline,False,False,02912c2c0d6244f09312d1a26068fc0e648240c1,,
Yamins2014__phi-4-reasoning-plus__T000__R01,Yamins2014,phi-4-reasoning-plus,phi-4-reasoning-plus,0.0,0.9,0.1,1,1,200,,1,valid,cleaned_json,v2.0_offline,True,False,02912c2c0d6244f09312d1a26068fc0e648240c1,,
Yamins2014__phi-4-reasoning-plus__T000__R02,Yamins2014,phi-4-reasoning-plus,phi-4-reasoning-plus,0.0,0.9,0.1,2,1,200,,1,valid,cleaned_json,v2.0_offline,True,False,02912c2c0d6244f09312d1a26068fc0e648240c1,,
Yamins2014__phi-4-reasoning-plus__T000__R03,Yamins2014,phi-4-reasoning-plus,phi-4-reasoning-plus,0.0,0.9,0.1,3,1,200,,1,valid,cleaned_json,v2.0_offline,True,False,02912c2c0d6244f09312d1a26068fc0e648240c1,,
Yamins2014__phi-4-reasoning-plus__T035__R01,Yamins2014,phi-4-reasoning-plus,phi-4-reasoning-plus,0.35,0.9,0.1,1,1,200,,1,valid,cleaned_json,v2.0_offline,True,False,02912c2c0d6244f09312d1a26068fc0e648240c1,,
Yamins2014__phi-4-reasoning-plus__T035__R02,Yamins2014,phi-4-reasoning-plus,phi-4-reasoning-plus,0.35,0.9,0.1,2,1,200,,1,recovered,regex_trace_extraction,v2.0_offline,False,True,02912c2c0d6244f09312d1a26068fc0e648240c1,,
Yamins2014__phi-4-reasoning-plus__T035__R03,Yamins2014,phi-4-reasoning-plus,phi-4-reasoning-plus,0.35,0.9,0.1,3,1,200,,1,valid,cleaned_json,v2.0_offline,True,False,02912c2c0d6244f09312d1a26068fc0e648240c1,,
Yamins2014__phi-4-reasoning-plus__T070__R01,Yamins2014,phi-4-reasoning-plus,phi-4-reasoning-plus,0.7,0.9,0.1,1,1,200,,1,unrecoverable,failed,v2.0_offline,False,False,02912c2c0d6244f09312d1a26068fc0e648240c1,,
Yamins2014__phi-4-reasoning-plus__T070__R02,Yamins2014,phi-4-reasoning-plus,phi-4-reasoning-plus,0.7,0.9,0.1,2,1,200,,1,valid,cleaned_json,v2.0_offline,True,False,02912c2c0d6244f09312d1a26068fc0e648240c1,,
Yamins2014__phi-4-reasoning-plus__T070__R03,Yamins2014,phi-4-reasoning-plus,phi-4-reasoning-plus,0.7,0.9,0.1,3,1,200,,1,recovered,regex_trace_extraction,v2.0_offline,False,True,02912c2c0d6244f09312d1a26068fc0e648240c1,,
