condition_id,paper_id,scientific_model,served_model_id,temperature,top_p,min_p,repeat,status,attempts,raw_result_path,parse_status,error,latency_seconds
Attinger2017__olmo-3-32b-think__T000__R01,Attinger2017,olmo-3-32b-think,olmo-3-32b-think,0.00,0.90,0.10,1,RECOVERED,1,content/202608_temp/raw/Attinger2017__olmo-3-32b-think__T000__R01.json,recovered,"'lo_evaluations' missing canonical factors: ['Absence of Feedback Error', 'Activity Suppression', 'Alpha/Beta Mediated Suppression', 'Ascending Latency Shift', 'Canonical Microcircuit Ubiquity', 'Cross-Modal Ubiquity', 'Cross-Scale Hierarchical Ubiquity', 'Divisive Inhibition (PV)', 'E/I Balance Shift', 'Feedforward AMPA', 'Feedforward Ascending Gamma', 'Feedforward Deviance Detection', 'Feedforward Error Propagation', 'Feedforward NMDA', 'Feedforward Non-local Activation', 'Feedforward Non-local Directed Connectivity', 'Feedforward Non-local Granular Activity (L4)', 'Feedforward Non-local Supragranular Activity (L2/3)', 'Habituation to Sequence', 'Hierarchical Activity Ubiquity', 'Hierarchical CSD Ubiquity', 'Hierarchical Mechanism Invariance', 'Hierarchical Order Stability', 'Hierarchical Presence (V1-PFC)', 'Inhibition (GABA)', 'Interspecies Hierarchical Ubiquity', 'Omission Response', 'Population-Wide Ubiquity', 'Precision Weighting (Gain)', 'Selective Sharpening', 'State-Independent Ubiquity', 'Subcortical Feedforward Relaying', 'Subtractive Inhibition (SST)', 'Synaptic Depression (Adaptation)', 'Temporal Stability of Ubiquity', 'VIP-Mediated Disinhibition']; 'lo_evaluations' has unknown factor keys: ['1', '10', '11', '12', '13', '14', '15', '16', '17', '18', '19', '2', '20', '21', '22', '23', '24', '25', '26', '27', '28', '29', '3', '30', '31', '32', '33', '34', '35', '36', '4', '5', '6', '7', '8', '9']; 'go_evaluations' missing canonical factors: ['Absence of Feedback Error', 'Activity Suppression', 'Alpha/Beta Mediated Suppression', 'Ascending Latency Shift', 'Canonical Microcircuit Ubiquity', 'Cross-Modal Ubiquity', 'Cross-Scale Hierarchical Ubiquity', 'Divisive Inhibition (PV)', 'E/I Balance Shift', 'Feedforward AMPA', 'Feedforward Ascending Gamma', 'Feedforward Deviance Detection', 'Feedforward Error Propagation', 'Feedforward NMDA', 'Feedforward Non-local Activation', 'Feedforward Non-local Directed Connectivity', 'Feedforward Non-local Granular Activity (L4)', 'Feedforward Non-local Supragranular Activity (L2/3)', 'Habituation to Sequence', 'Hierarchical Activity Ubiquity', 'Hierarchical CSD Ubiquity', 'Hierarchical Mechanism Invariance', 'Hierarchical Order Stability', 'Hierarchical Presence (V1-PFC)', 'Inhibition (GABA)', 'Interspecies Hierarchical Ubiquity', 'Omission Response', 'Population-Wide Ubiquity', 'Precision Weighting (Gain)', 'Selective Sharpening', 'State-Independent Ubiquity', 'Subcortical Feedforward Relaying', 'Subtractive Inhibition (SST)', 'Synaptic Depression (Adaptation)', 'Temporal Stability of Ubiquity', 'VIP-Mediated Disinhibition']; 'go_evaluations' has unknown factor keys: ['1', '10', '11', '12', '13', '14', '15', '16', '17', '18', '19', '2', '20', '21', '22', '23', '24', '25', '26', '27', '28', '29', '3', '30', '31', '32', '33', '34', '35', '36', '4', '5', '6', '7', '8', '9']",
Attinger2017__olmo-3-32b-think__T000__R02,Attinger2017,olmo-3-32b-think,olmo-3-32b-think,0.00,0.90,0.10,2,RECOVERED,1,content/202608_temp/raw/Attinger2017__olmo-3-32b-think__T000__R02.json,recovered,"'lo_evaluations' missing canonical factors: ['Absence of Feedback Error', 'Activity Suppression', 'Alpha/Beta Mediated Suppression', 'Ascending Latency Shift', 'Canonical Microcircuit Ubiquity', 'Cross-Modal Ubiquity', 'Cross-Scale Hierarchical Ubiquity', 'Divisive Inhibition (PV)', 'E/I Balance Shift', 'Feedforward AMPA', 'Feedforward Ascending Gamma', 'Feedforward Deviance Detection', 'Feedforward Error Propagation', 'Feedforward NMDA', 'Feedforward Non-local Activation', 'Feedforward Non-local Directed Connectivity', 'Feedforward Non-local Granular Activity (L4)', 'Feedforward Non-local Supragranular Activity (L2/3)', 'Habituation to Sequence', 'Hierarchical Activity Ubiquity', 'Hierarchical CSD Ubiquity', 'Hierarchical Mechanism Invariance', 'Hierarchical Order Stability', 'Hierarchical Presence (V1-PFC)', 'Inhibition (GABA)', 'Interspecies Hierarchical Ubiquity', 'Omission Response', 'Population-Wide Ubiquity', 'Precision Weighting (Gain)', 'Selective Sharpening', 'State-Independent Ubiquity', 'Subcortical Feedforward Relaying', 'Subtractive Inhibition (SST)', 'Synaptic Depression (Adaptation)', 'Temporal Stability of Ubiquity', 'VIP-Mediated Disinhibition']; 'lo_evaluations' has unknown factor keys: ['1', '10', '11', '12', '13', '14', '15', '16', '17', '18', '19', '2', '20', '21', '22', '23', '24', '25', '26', '27', '28', '29', '3', '30', '31', '32', '33', '34', '35', '36', '4', '5', '6', '7', '8', '9']; 'go_evaluations' missing canonical factors: ['Absence of Feedback Error', 'Activity Suppression', 'Alpha/Beta Mediated Suppression', 'Ascending Latency Shift', 'Canonical Microcircuit Ubiquity', 'Cross-Modal Ubiquity', 'Cross-Scale Hierarchical Ubiquity', 'Divisive Inhibition (PV)', 'E/I Balance Shift', 'Feedforward AMPA', 'Feedforward Ascending Gamma', 'Feedforward Deviance Detection', 'Feedforward Error Propagation', 'Feedforward NMDA', 'Feedforward Non-local Activation', 'Feedforward Non-local Directed Connectivity', 'Feedforward Non-local Granular Activity (L4)', 'Feedforward Non-local Supragranular Activity (L2/3)', 'Habituation to Sequence', 'Hierarchical Activity Ubiquity', 'Hierarchical CSD Ubiquity', 'Hierarchical Mechanism Invariance', 'Hierarchical Order Stability', 'Hierarchical Presence (V1-PFC)', 'Inhibition (GABA)', 'Interspecies Hierarchical Ubiquity', 'Omission Response', 'Population-Wide Ubiquity', 'Precision Weighting (Gain)', 'Selective Sharpening', 'State-Independent Ubiquity', 'Subcortical Feedforward Relaying', 'Subtractive Inhibition (SST)', 'Synaptic Depression (Adaptation)', 'Temporal Stability of Ubiquity', 'VIP-Mediated Disinhibition']; 'go_evaluations' has unknown factor keys: ['1', '10', '11', '12', '13', '14', '15', '16', '17', '18', '19', '2', '20', '21', '22', '23', '24', '25', '26', '27', '28', '29', '3', '30', '31', '32', '33', '34', '35', '36', '4', '5', '6', '7', '8', '9']",
Attinger2017__olmo-3-32b-think__T000__R03,Attinger2017,olmo-3-32b-think,olmo-3-32b-think,0.00,0.90,0.10,3,UNRECOVERABLE,3,content/202608_temp/raw/Attinger2017__olmo-3-32b-think__T000__R03.json,unrecoverable,Failed all rescue parser stages,
Attinger2017__olmo-3-32b-think__T035__R01,Attinger2017,olmo-3-32b-think,olmo-3-32b-think,0.35,0.90,0.10,1,UNRECOVERABLE,1,content/202608_temp/raw/Attinger2017__olmo-3-32b-think__T035__R01.json,unrecoverable,Failed all rescue parser stages,
Attinger2017__olmo-3-32b-think__T035__R02,Attinger2017,olmo-3-32b-think,olmo-3-32b-think,0.35,0.90,0.10,2,UNRECOVERABLE,1,content/202608_temp/raw/Attinger2017__olmo-3-32b-think__T035__R02.json,unrecoverable,Failed all rescue parser stages,
Attinger2017__olmo-3-32b-think__T035__R03,Attinger2017,olmo-3-32b-think,olmo-3-32b-think,0.35,0.90,0.10,3,UNRECOVERABLE,1,content/202608_temp/raw/Attinger2017__olmo-3-32b-think__T035__R03.json,unrecoverable,Failed all rescue parser stages,
Attinger2017__olmo-3-32b-think__T070__R01,Attinger2017,olmo-3-32b-think,olmo-3-32b-think,0.70,0.90,0.10,1,RECOVERED,1,content/202608_temp/raw/Attinger2017__olmo-3-32b-think__T070__R01.json,recovered,"'lo_evaluations' has 24 keys, expected 36; 'lo_evaluations' missing canonical factors: ['Absence of Feedback Error', 'Activity Suppression', 'Alpha/Beta Mediated Suppression', 'Ascending Latency Shift', 'Canonical Microcircuit Ubiquity', 'Cross-Modal Ubiquity', 'Cross-Scale Hierarchical Ubiquity', 'Divisive Inhibition (PV)', 'E/I Balance Shift', 'Feedforward AMPA', 'Feedforward Ascending Gamma', 'Feedforward Deviance Detection', 'Feedforward Error Propagation', 'Feedforward NMDA', 'Feedforward Non-local Activation', 'Feedforward Non-local Directed Connectivity', 'Feedforward Non-local Granular Activity (L4)', 'Feedforward Non-local Supragranular Activity (L2/3)', 'Habituation to Sequence', 'Hierarchical Activity Ubiquity', 'Hierarchical CSD Ubiquity', 'Hierarchical Mechanism Invariance', 'Hierarchical Order Stability', 'Hierarchical Presence (V1-PFC)', 'Inhibition (GABA)', 'Interspecies Hierarchical Ubiquity', 'Omission Response', 'Population-Wide Ubiquity', 'Precision Weighting (Gain)', 'Selective Sharpening', 'State-Independent Ubiquity', 'Subcortical Feedforward Relaying', 'Subtractive Inhibition (SST)', 'Synaptic Depression (Adaptation)', 'Temporal Stability of Ubiquity', 'VIP-Mediated Disinhibition']; 'lo_evaluations' has unknown factor keys: ['1', '10', '11', '12', '13', '14', '15', '16', '17', '18', '19', '2', '20', '21', '22', '23', '24', '3', '4', '5', '6', '7', '8', '9']; 'go_evaluations' has 12 keys, expected 36; 'go_evaluations' missing canonical factors: ['Absence of Feedback Error', 'Activity Suppression', 'Alpha/Beta Mediated Suppression', 'Ascending Latency Shift', 'Canonical Microcircuit Ubiquity', 'Cross-Modal Ubiquity', 'Cross-Scale Hierarchical Ubiquity', 'Divisive Inhibition (PV)', 'E/I Balance Shift', 'Feedforward AMPA', 'Feedforward Ascending Gamma', 'Feedforward Deviance Detection', 'Feedforward Error Propagation', 'Feedforward NMDA', 'Feedforward Non-local Activation', 'Feedforward Non-local Directed Connectivity', 'Feedforward Non-local Granular Activity (L4)', 'Feedforward Non-local Supragranular Activity (L2/3)', 'Habituation to Sequence', 'Hierarchical Activity Ubiquity', 'Hierarchical CSD Ubiquity', 'Hierarchical Mechanism Invariance', 'Hierarchical Order Stability', 'Hierarchical Presence (V1-PFC)', 'Inhibition (GABA)', 'Interspecies Hierarchical Ubiquity', 'Omission Response', 'Population-Wide Ubiquity', 'Precision Weighting (Gain)', 'Selective Sharpening', 'State-Independent Ubiquity', 'Subcortical Feedforward Relaying', 'Subtractive Inhibition (SST)', 'Synaptic Depression (Adaptation)', 'Temporal Stability of Ubiquity', 'VIP-Mediated Disinhibition']; 'go_evaluations' has unknown factor keys: ['25', '26', '27', '28', '29', '30', '31', '32', '33', '34', '35', '36']",
Attinger2017__olmo-3-32b-think__T070__R02,Attinger2017,olmo-3-32b-think,olmo-3-32b-think,0.70,0.90,0.10,2,UNRECOVERABLE,3,content/202608_temp/raw/Attinger2017__olmo-3-32b-think__T070__R02.json,unrecoverable,Failed all rescue parser stages,
Attinger2017__olmo-3-32b-think__T070__R03,Attinger2017,olmo-3-32b-think,olmo-3-32b-think,0.70,0.90,0.10,3,UNRECOVERABLE,3,content/202608_temp/raw/Attinger2017__olmo-3-32b-think__T070__R03.json,unrecoverable,Failed all rescue parser stages,
Attinger2017__gemma-4-31b-it__T000__R01,Attinger2017,gemma-4-31b-it,gemma-4-31b-it,0.00,0.90,0.10,1,RECOVERED,1,content/202608_temp/raw/Attinger2017__gemma-4-31b-it__T000__R01.json,recovered,"'lo_evaluations' missing canonical factors: ['Divisive Inhibition (PV)', 'Inhibition (GABA)', 'Subtractive Inhibition (SST)']; 'lo_evaluations' has unknown factor keys: ['GABA', 'PV', 'SST']; 'go_evaluations' missing canonical factors: ['Divisive Inhibition (PV)', 'Inhibition (GABA)', 'Subtractive Inhibition (SST)']; 'go_evaluations' has unknown factor keys: ['GABA', 'PV', 'SST']",
Attinger2017__gemma-4-31b-it__T000__R02,Attinger2017,gemma-4-31b-it,gemma-4-31b-it,0.00,0.90,0.10,2,RECOVERED,1,content/202608_temp/raw/Attinger2017__gemma-4-31b-it__T000__R02.json,recovered,"'lo_evaluations' missing canonical factors: ['Divisive Inhibition (PV)', 'Inhibition (GABA)', 'Subtractive Inhibition (SST)']; 'lo_evaluations' has unknown factor keys: ['GABA', 'PV', 'SST']; 'go_evaluations' missing canonical factors: ['Divisive Inhibition (PV)', 'Inhibition (GABA)', 'Subtractive Inhibition (SST)']; 'go_evaluations' has unknown factor keys: ['GABA', 'PV', 'SST']",
Attinger2017__gemma-4-31b-it__T000__R03,Attinger2017,gemma-4-31b-it,gemma-4-31b-it,0.00,0.90,0.10,3,RECOVERED,1,content/202608_temp/raw/Attinger2017__gemma-4-31b-it__T000__R03.json,recovered,"'lo_evaluations' missing canonical factors: ['Divisive Inhibition (PV)', 'Inhibition (GABA)', 'Subtractive Inhibition (SST)']; 'lo_evaluations' has unknown factor keys: ['GABA', 'PV', 'SST']; 'go_evaluations' missing canonical factors: ['Divisive Inhibition (PV)', 'Inhibition (GABA)', 'Subtractive Inhibition (SST)']; 'go_evaluations' has unknown factor keys: ['GABA', 'PV', 'SST']",
Attinger2017__gemma-4-31b-it__T035__R01,Attinger2017,gemma-4-31b-it,gemma-4-31b-it,0.35,0.90,0.10,1,RECOVERED,1,content/202608_temp/raw/Attinger2017__gemma-4-31b-it__T035__R01.json,recovered,"'lo_evaluations' missing canonical factors: ['Divisive Inhibition (PV)', 'Inhibition (GABA)', 'Subtractive Inhibition (SST)']; 'lo_evaluations' has unknown factor keys: ['GABA', 'PV', 'SST']; 'go_evaluations' missing canonical factors: ['Divisive Inhibition (PV)', 'Inhibition (GABA)', 'Subtractive Inhibition (SST)']; 'go_evaluations' has unknown factor keys: ['GABA', 'PV', 'SST']",
Attinger2017__gemma-4-31b-it__T035__R02,Attinger2017,gemma-4-31b-it,gemma-4-31b-it,0.35,0.90,0.10,2,RECOVERED,1,content/202608_temp/raw/Attinger2017__gemma-4-31b-it__T035__R02.json,recovered,"'lo_evaluations' missing canonical factors: ['Divisive Inhibition (PV)', 'Inhibition (GABA)', 'Subtractive Inhibition (SST)']; 'lo_evaluations' has unknown factor keys: ['GABA', 'PV', 'SST']; 'go_evaluations' missing canonical factors: ['Divisive Inhibition (PV)', 'Inhibition (GABA)', 'Subtractive Inhibition (SST)']; 'go_evaluations' has unknown factor keys: ['GABA', 'PV', 'SST']",
Attinger2017__gemma-4-31b-it__T035__R03,Attinger2017,gemma-4-31b-it,gemma-4-31b-it,0.35,0.90,0.10,3,RECOVERED,1,content/202608_temp/raw/Attinger2017__gemma-4-31b-it__T035__R03.json,recovered,"'lo_evaluations' missing canonical factors: ['Divisive Inhibition (PV)', 'Inhibition (GABA)', 'Subtractive Inhibition (SST)']; 'lo_evaluations' has unknown factor keys: ['GABA', 'PV', 'SST']; 'go_evaluations' missing canonical factors: ['Divisive Inhibition (PV)', 'Inhibition (GABA)', 'Subtractive Inhibition (SST)']; 'go_evaluations' has unknown factor keys: ['GABA', 'PV', 'SST']",
Attinger2017__gemma-4-31b-it__T070__R01,Attinger2017,gemma-4-31b-it,gemma-4-31b-it,0.70,0.90,0.10,1,RECOVERED,1,content/202608_temp/raw/Attinger2017__gemma-4-31b-it__T070__R01.json,recovered,"'lo_evaluations' missing canonical factors: ['Divisive Inhibition (PV)', 'Inhibition (GABA)', 'Subtractive Inhibition (SST)']; 'lo_evaluations' has unknown factor keys: ['GABA', 'PV', 'SST']; 'go_evaluations' missing canonical factors: ['Divisive Inhibition (PV)', 'Inhibition (GABA)', 'Subtractive Inhibition (SST)']; 'go_evaluations' has unknown factor keys: ['GABA', 'PV', 'SST']",
Attinger2017__gemma-4-31b-it__T070__R02,Attinger2017,gemma-4-31b-it,gemma-4-31b-it,0.70,0.90,0.10,2,RECOVERED,1,content/202608_temp/raw/Attinger2017__gemma-4-31b-it__T070__R02.json,recovered,"'lo_evaluations' missing canonical factors: ['Divisive Inhibition (PV)', 'Inhibition (GABA)', 'Subtractive Inhibition (SST)']; 'lo_evaluations' has unknown factor keys: ['GABA', 'PV', 'SST']; 'go_evaluations' missing canonical factors: ['Divisive Inhibition (PV)', 'Inhibition (GABA)', 'Subtractive Inhibition (SST)']; 'go_evaluations' has unknown factor keys: ['GABA', 'PV', 'SST']",
Attinger2017__gemma-4-31b-it__T070__R03,Attinger2017,gemma-4-31b-it,gemma-4-31b-it,0.70,0.90,0.10,3,RECOVERED,1,content/202608_temp/raw/Attinger2017__gemma-4-31b-it__T070__R03.json,recovered,"'lo_evaluations' missing canonical factors: ['Divisive Inhibition (PV)', 'Inhibition (GABA)', 'Subtractive Inhibition (SST)']; 'lo_evaluations' has unknown factor keys: ['GABA', 'PV', 'SST']; 'go_evaluations' missing canonical factors: ['Divisive Inhibition (PV)', 'Inhibition (GABA)', 'Subtractive Inhibition (SST)']; 'go_evaluations' has unknown factor keys: ['GABA', 'PV', 'SST']",
Attinger2017__phi-4-reasoning-plus__T000__R01,Attinger2017,phi-4-reasoning-plus,phi-4-reasoning-plus,0.00,0.90,0.10,1,COMPLETE,1,content/202608_temp/raw/Attinger2017__phi-4-reasoning-plus__T000__R01.json,valid,,
Attinger2017__phi-4-reasoning-plus__T000__R02,Attinger2017,phi-4-reasoning-plus,phi-4-reasoning-plus,0.00,0.90,0.10,2,COMPLETE,1,content/202608_temp/raw/Attinger2017__phi-4-reasoning-plus__T000__R02.json,valid,,
Attinger2017__phi-4-reasoning-plus__T000__R03,Attinger2017,phi-4-reasoning-plus,phi-4-reasoning-plus,0.00,0.90,0.10,3,COMPLETE,1,content/202608_temp/raw/Attinger2017__phi-4-reasoning-plus__T000__R03.json,valid,,
Attinger2017__phi-4-reasoning-plus__T035__R01,Attinger2017,phi-4-reasoning-plus,phi-4-reasoning-plus,0.35,0.90,0.10,1,RECOVERED,1,content/202608_temp/raw/Attinger2017__phi-4-reasoning-plus__T035__R01.json,recovered,,
Attinger2017__phi-4-reasoning-plus__T035__R02,Attinger2017,phi-4-reasoning-plus,phi-4-reasoning-plus,0.35,0.90,0.10,2,UNRECOVERABLE,1,content/202608_temp/raw/Attinger2017__phi-4-reasoning-plus__T035__R02.json,unrecoverable,Failed all rescue parser stages,
Attinger2017__phi-4-reasoning-plus__T035__R03,Attinger2017,phi-4-reasoning-plus,phi-4-reasoning-plus,0.35,0.90,0.10,3,COMPLETE,1,content/202608_temp/raw/Attinger2017__phi-4-reasoning-plus__T035__R03.json,valid,,
Attinger2017__phi-4-reasoning-plus__T070__R01,Attinger2017,phi-4-reasoning-plus,phi-4-reasoning-plus,0.70,0.90,0.10,1,RECOVERED,1,content/202608_temp/raw/Attinger2017__phi-4-reasoning-plus__T070__R01.json,recovered,,
Attinger2017__phi-4-reasoning-plus__T070__R02,Attinger2017,phi-4-reasoning-plus,phi-4-reasoning-plus,0.70,0.90,0.10,2,RECOVERED,1,content/202608_temp/raw/Attinger2017__phi-4-reasoning-plus__T070__R02.json,recovered,,
Attinger2017__phi-4-reasoning-plus__T070__R03,Attinger2017,phi-4-reasoning-plus,phi-4-reasoning-plus,0.70,0.90,0.10,3,RECOVERED,1,content/202608_temp/raw/Attinger2017__phi-4-reasoning-plus__T070__R03.json,recovered,,
Bakhtiari2021__olmo-3-32b-think__T000__R01,Bakhtiari2021,olmo-3-32b-think,olmo-3-32b-think,0.00,0.90,0.10,1,RECOVERED,1,content/202608_temp/raw/Bakhtiari2021__olmo-3-32b-think__T000__R01.json,recovered,"'lo_evaluations' missing canonical factors: ['Absence of Feedback Error', 'Activity Suppression', 'Alpha/Beta Mediated Suppression', 'Ascending Latency Shift', 'Canonical Microcircuit Ubiquity', 'Cross-Modal Ubiquity', 'Cross-Scale Hierarchical Ubiquity', 'Divisive Inhibition (PV)', 'E/I Balance Shift', 'Feedforward AMPA', 'Feedforward Ascending Gamma', 'Feedforward Deviance Detection', 'Feedforward Error Propagation', 'Feedforward NMDA', 'Feedforward Non-local Activation', 'Feedforward Non-local Directed Connectivity', 'Feedforward Non-local Granular Activity (L4)', 'Feedforward Non-local Supragranular Activity (L2/3)', 'Habituation to Sequence', 'Hierarchical Activity Ubiquity', 'Hierarchical CSD Ubiquity', 'Hierarchical Mechanism Invariance', 'Hierarchical Order Stability', 'Hierarchical Presence (V1-PFC)', 'Inhibition (GABA)', 'Interspecies Hierarchical Ubiquity', 'Omission Response', 'Population-Wide Ubiquity', 'Precision Weighting (Gain)', 'Selective Sharpening', 'State-Independent Ubiquity', 'Subcortical Feedforward Relaying', 'Subtractive Inhibition (SST)', 'Synaptic Depression (Adaptation)', 'Temporal Stability of Ubiquity', 'VIP-Mediated Disinhibition']; 'lo_evaluations' has unknown factor keys: ['1', '10', '11', '12', '13', '14', '15', '16', '17', '18', '19', '2', '20', '21', '22', '23', '24', '25', '26', '27', '28', '29', '3', '30', '31', '32', '33', '34', '35', '36', '4', '5', '6', '7', '8', '9']; 'go_evaluations' missing canonical factors: ['Absence of Feedback Error', 'Activity Suppression', 'Alpha/Beta Mediated Suppression', 'Ascending Latency Shift', 'Canonical Microcircuit Ubiquity', 'Cross-Modal Ubiquity', 'Cross-Scale Hierarchical Ubiquity', 'Divisive Inhibition (PV)', 'E/I Balance Shift', 'Feedforward AMPA', 'Feedforward Ascending Gamma', 'Feedforward Deviance Detection', 'Feedforward Error Propagation', 'Feedforward NMDA', 'Feedforward Non-local Activation', 'Feedforward Non-local Directed Connectivity', 'Feedforward Non-local Granular Activity (L4)', 'Feedforward Non-local Supragranular Activity (L2/3)', 'Habituation to Sequence', 'Hierarchical Activity Ubiquity', 'Hierarchical CSD Ubiquity', 'Hierarchical Mechanism Invariance', 'Hierarchical Order Stability', 'Hierarchical Presence (V1-PFC)', 'Inhibition (GABA)', 'Interspecies Hierarchical Ubiquity', 'Omission Response', 'Population-Wide Ubiquity', 'Precision Weighting (Gain)', 'Selective Sharpening', 'State-Independent Ubiquity', 'Subcortical Feedforward Relaying', 'Subtractive Inhibition (SST)', 'Synaptic Depression (Adaptation)', 'Temporal Stability of Ubiquity', 'VIP-Mediated Disinhibition']; 'go_evaluations' has unknown factor keys: ['1', '10', '11', '12', '13', '14', '15', '16', '17', '18', '19', '2', '20', '21', '22', '23', '24', '25', '26', '27', '28', '29', '3', '30', '31', '32', '33', '34', '35', '36', '4', '5', '6', '7', '8', '9']",
Bakhtiari2021__olmo-3-32b-think__T000__R02,Bakhtiari2021,olmo-3-32b-think,olmo-3-32b-think,0.00,0.90,0.10,2,RECOVERED,1,content/202608_temp/raw/Bakhtiari2021__olmo-3-32b-think__T000__R02.json,recovered,"'lo_evaluations' missing canonical factors: ['Absence of Feedback Error', 'Activity Suppression', 'Alpha/Beta Mediated Suppression', 'Ascending Latency Shift', 'Canonical Microcircuit Ubiquity', 'Cross-Modal Ubiquity', 'Cross-Scale Hierarchical Ubiquity', 'Divisive Inhibition (PV)', 'E/I Balance Shift', 'Feedforward AMPA', 'Feedforward Ascending Gamma', 'Feedforward Deviance Detection', 'Feedforward Error Propagation', 'Feedforward NMDA', 'Feedforward Non-local Activation', 'Feedforward Non-local Directed Connectivity', 'Feedforward Non-local Granular Activity (L4)', 'Feedforward Non-local Supragranular Activity (L2/3)', 'Habituation to Sequence', 'Hierarchical Activity Ubiquity', 'Hierarchical CSD Ubiquity', 'Hierarchical Mechanism Invariance', 'Hierarchical Order Stability', 'Hierarchical Presence (V1-PFC)', 'Inhibition (GABA)', 'Interspecies Hierarchical Ubiquity', 'Omission Response', 'Population-Wide Ubiquity', 'Precision Weighting (Gain)', 'Selective Sharpening', 'State-Independent Ubiquity', 'Subcortical Feedforward Relaying', 'Subtractive Inhibition (SST)', 'Synaptic Depression (Adaptation)', 'Temporal Stability of Ubiquity', 'VIP-Mediated Disinhibition']; 'lo_evaluations' has unknown factor keys: ['1', '10', '11', '12', '13', '14', '15', '16', '17', '18', '19', '2', '20', '21', '22', '23', '24', '25', '26', '27', '28', '29', '3', '30', '31', '32', '33', '34', '35', '36', '4', '5', '6', '7', '8', '9']; 'go_evaluations' missing canonical factors: ['Absence of Feedback Error', 'Activity Suppression', 'Alpha/Beta Mediated Suppression', 'Ascending Latency Shift', 'Canonical Microcircuit Ubiquity', 'Cross-Modal Ubiquity', 'Cross-Scale Hierarchical Ubiquity', 'Divisive Inhibition (PV)', 'E/I Balance Shift', 'Feedforward AMPA', 'Feedforward Ascending Gamma', 'Feedforward Deviance Detection', 'Feedforward Error Propagation', 'Feedforward NMDA', 'Feedforward Non-local Activation', 'Feedforward Non-local Directed Connectivity', 'Feedforward Non-local Granular Activity (L4)', 'Feedforward Non-local Supragranular Activity (L2/3)', 'Habituation to Sequence', 'Hierarchical Activity Ubiquity', 'Hierarchical CSD Ubiquity', 'Hierarchical Mechanism Invariance', 'Hierarchical Order Stability', 'Hierarchical Presence (V1-PFC)', 'Inhibition (GABA)', 'Interspecies Hierarchical Ubiquity', 'Omission Response', 'Population-Wide Ubiquity', 'Precision Weighting (Gain)', 'Selective Sharpening', 'State-Independent Ubiquity', 'Subcortical Feedforward Relaying', 'Subtractive Inhibition (SST)', 'Synaptic Depression (Adaptation)', 'Temporal Stability of Ubiquity', 'VIP-Mediated Disinhibition']; 'go_evaluations' has unknown factor keys: ['1', '10', '11', '12', '13', '14', '15', '16', '17', '18', '19', '2', '20', '21', '22', '23', '24', '25', '26', '27', '28', '29', '3', '30', '31', '32', '33', '34', '35', '36', '4', '5', '6', '7', '8', '9']",
Bakhtiari2021__olmo-3-32b-think__T000__R03,Bakhtiari2021,olmo-3-32b-think,olmo-3-32b-think,0.00,0.90,0.10,3,RECOVERED,1,content/202608_temp/raw/Bakhtiari2021__olmo-3-32b-think__T000__R03.json,recovered,"'lo_evaluations' missing canonical factors: ['Absence of Feedback Error', 'Activity Suppression', 'Alpha/Beta Mediated Suppression', 'Ascending Latency Shift', 'Canonical Microcircuit Ubiquity', 'Cross-Modal Ubiquity', 'Cross-Scale Hierarchical Ubiquity', 'Divisive Inhibition (PV)', 'E/I Balance Shift', 'Feedforward AMPA', 'Feedforward Ascending Gamma', 'Feedforward Deviance Detection', 'Feedforward Error Propagation', 'Feedforward NMDA', 'Feedforward Non-local Activation', 'Feedforward Non-local Directed Connectivity', 'Feedforward Non-local Granular Activity (L4)', 'Feedforward Non-local Supragranular Activity (L2/3)', 'Habituation to Sequence', 'Hierarchical Activity Ubiquity', 'Hierarchical CSD Ubiquity', 'Hierarchical Mechanism Invariance', 'Hierarchical Order Stability', 'Hierarchical Presence (V1-PFC)', 'Inhibition (GABA)', 'Interspecies Hierarchical Ubiquity', 'Omission Response', 'Population-Wide Ubiquity', 'Precision Weighting (Gain)', 'Selective Sharpening', 'State-Independent Ubiquity', 'Subcortical Feedforward Relaying', 'Subtractive Inhibition (SST)', 'Synaptic Depression (Adaptation)', 'Temporal Stability of Ubiquity', 'VIP-Mediated Disinhibition']; 'lo_evaluations' has unknown factor keys: ['1', '10', '11', '12', '13', '14', '15', '16', '17', '18', '19', '2', '20', '21', '22', '23', '24', '25', '26', '27', '28', '29', '3', '30', '31', '32', '33', '34', '35', '36', '4', '5', '6', '7', '8', '9']; 'go_evaluations' missing canonical factors: ['Absence of Feedback Error', 'Activity Suppression', 'Alpha/Beta Mediated Suppression', 'Ascending Latency Shift', 'Canonical Microcircuit Ubiquity', 'Cross-Modal Ubiquity', 'Cross-Scale Hierarchical Ubiquity', 'Divisive Inhibition (PV)', 'E/I Balance Shift', 'Feedforward AMPA', 'Feedforward Ascending Gamma', 'Feedforward Deviance Detection', 'Feedforward Error Propagation', 'Feedforward NMDA', 'Feedforward Non-local Activation', 'Feedforward Non-local Directed Connectivity', 'Feedforward Non-local Granular Activity (L4)', 'Feedforward Non-local Supragranular Activity (L2/3)', 'Habituation to Sequence', 'Hierarchical Activity Ubiquity', 'Hierarchical CSD Ubiquity', 'Hierarchical Mechanism Invariance', 'Hierarchical Order Stability', 'Hierarchical Presence (V1-PFC)', 'Inhibition (GABA)', 'Interspecies Hierarchical Ubiquity', 'Omission Response', 'Population-Wide Ubiquity', 'Precision Weighting (Gain)', 'Selective Sharpening', 'State-Independent Ubiquity', 'Subcortical Feedforward Relaying', 'Subtractive Inhibition (SST)', 'Synaptic Depression (Adaptation)', 'Temporal Stability of Ubiquity', 'VIP-Mediated Disinhibition']; 'go_evaluations' has unknown factor keys: ['1', '10', '11', '12', '13', '14', '15', '16', '17', '18', '19', '2', '20', '21', '22', '23', '24', '25', '26', '27', '28', '29', '3', '30', '31', '32', '33', '34', '35', '36', '4', '5', '6', '7', '8', '9']",
Bakhtiari2021__olmo-3-32b-think__T035__R01,Bakhtiari2021,olmo-3-32b-think,olmo-3-32b-think,0.35,0.90,0.10,1,UNRECOVERABLE,1,content/202608_temp/raw/Bakhtiari2021__olmo-3-32b-think__T035__R01.json,unrecoverable,Failed all rescue parser stages,
Bakhtiari2021__olmo-3-32b-think__T035__R02,Bakhtiari2021,olmo-3-32b-think,olmo-3-32b-think,0.35,0.90,0.10,2,UNRECOVERABLE,1,content/202608_temp/raw/Bakhtiari2021__olmo-3-32b-think__T035__R02.json,unrecoverable,Failed all rescue parser stages,
Bakhtiari2021__olmo-3-32b-think__T035__R03,Bakhtiari2021,olmo-3-32b-think,olmo-3-32b-think,0.35,0.90,0.10,3,UNRECOVERABLE,1,content/202608_temp/raw/Bakhtiari2021__olmo-3-32b-think__T035__R03.json,unrecoverable,Failed all rescue parser stages,
Bakhtiari2021__olmo-3-32b-think__T070__R01,Bakhtiari2021,olmo-3-32b-think,olmo-3-32b-think,0.70,0.90,0.10,1,UNRECOVERABLE,3,content/202608_temp/raw/Bakhtiari2021__olmo-3-32b-think__T070__R01.json,unrecoverable,Failed all rescue parser stages,
Bakhtiari2021__olmo-3-32b-think__T070__R02,Bakhtiari2021,olmo-3-32b-think,olmo-3-32b-think,0.70,0.90,0.10,2,UNRECOVERABLE,3,content/202608_temp/raw/Bakhtiari2021__olmo-3-32b-think__T070__R02.json,unrecoverable,Failed all rescue parser stages,
Bakhtiari2021__olmo-3-32b-think__T070__R03,Bakhtiari2021,olmo-3-32b-think,olmo-3-32b-think,0.70,0.90,0.10,3,UNRECOVERABLE,3,content/202608_temp/raw/Bakhtiari2021__olmo-3-32b-think__T070__R03.json,unrecoverable,Failed all rescue parser stages,
Bakhtiari2021__gemma-4-31b-it__T000__R01,Bakhtiari2021,gemma-4-31b-it,gemma-4-31b-it,0.00,0.90,0.10,1,RECOVERED,1,content/202608_temp/raw/Bakhtiari2021__gemma-4-31b-it__T000__R01.json,recovered,"'lo_evaluations' missing canonical factors: ['Divisive Inhibition (PV)', 'Inhibition (GABA)', 'Subtractive Inhibition (SST)']; 'lo_evaluations' has unknown factor keys: ['GABA', 'PV', 'SST']; 'go_evaluations' missing canonical factors: ['Divisive Inhibition (PV)', 'Inhibition (GABA)', 'Subtractive Inhibition (SST)']; 'go_evaluations' has unknown factor keys: ['GABA', 'PV', 'SST']",
Bakhtiari2021__gemma-4-31b-it__T000__R02,Bakhtiari2021,gemma-4-31b-it,gemma-4-31b-it,0.00,0.90,0.10,2,RECOVERED,1,content/202608_temp/raw/Bakhtiari2021__gemma-4-31b-it__T000__R02.json,recovered,"'lo_evaluations' missing canonical factors: ['Divisive Inhibition (PV)', 'Inhibition (GABA)', 'Subtractive Inhibition (SST)']; 'lo_evaluations' has unknown factor keys: ['GABA', 'PV', 'SST']; 'go_evaluations' missing canonical factors: ['Divisive Inhibition (PV)', 'Inhibition (GABA)', 'Subtractive Inhibition (SST)']; 'go_evaluations' has unknown factor keys: ['GABA', 'PV', 'SST']",
Bakhtiari2021__gemma-4-31b-it__T000__R03,Bakhtiari2021,gemma-4-31b-it,gemma-4-31b-it,0.00,0.90,0.10,3,RECOVERED,1,content/202608_temp/raw/Bakhtiari2021__gemma-4-31b-it__T000__R03.json,recovered,"'lo_evaluations' missing canonical factors: ['Divisive Inhibition (PV)', 'Inhibition (GABA)', 'Subtractive Inhibition (SST)']; 'lo_evaluations' has unknown factor keys: ['GABA', 'PV', 'SST']; 'go_evaluations' missing canonical factors: ['Divisive Inhibition (PV)', 'Inhibition (GABA)', 'Subtractive Inhibition (SST)']; 'go_evaluations' has unknown factor keys: ['GABA', 'PV', 'SST']",
Bakhtiari2021__gemma-4-31b-it__T035__R01,Bakhtiari2021,gemma-4-31b-it,gemma-4-31b-it,0.35,0.90,0.10,1,RECOVERED,1,content/202608_temp/raw/Bakhtiari2021__gemma-4-31b-it__T035__R01.json,recovered,"'lo_evaluations' missing canonical factors: ['Divisive Inhibition (PV)', 'Inhibition (GABA)', 'Subtractive Inhibition (SST)']; 'lo_evaluations' has unknown factor keys: ['GABA', 'PV', 'SST']; 'go_evaluations' missing canonical factors: ['Divisive Inhibition (PV)', 'Inhibition (GABA)', 'Subtractive Inhibition (SST)']; 'go_evaluations' has unknown factor keys: ['GABA', 'PV', 'SST']",
Bakhtiari2021__gemma-4-31b-it__T035__R02,Bakhtiari2021,gemma-4-31b-it,gemma-4-31b-it,0.35,0.90,0.10,2,RECOVERED,1,content/202608_temp/raw/Bakhtiari2021__gemma-4-31b-it__T035__R02.json,recovered,"'lo_evaluations' missing canonical factors: ['Divisive Inhibition (PV)', 'Inhibition (GABA)', 'Subtractive Inhibition (SST)']; 'lo_evaluations' has unknown factor keys: ['GABA', 'PV', 'SST']; 'go_evaluations' missing canonical factors: ['Divisive Inhibition (PV)', 'Inhibition (GABA)', 'Subtractive Inhibition (SST)']; 'go_evaluations' has unknown factor keys: ['GABA', 'PV', 'SST']",
Bakhtiari2021__gemma-4-31b-it__T035__R03,Bakhtiari2021,gemma-4-31b-it,gemma-4-31b-it,0.35,0.90,0.10,3,RECOVERED,1,content/202608_temp/raw/Bakhtiari2021__gemma-4-31b-it__T035__R03.json,recovered,"'lo_evaluations' missing canonical factors: ['Divisive Inhibition (PV)', 'Inhibition (GABA)', 'Subtractive Inhibition (SST)']; 'lo_evaluations' has unknown factor keys: ['GABA', 'PV', 'SST']; 'go_evaluations' missing canonical factors: ['Divisive Inhibition (PV)', 'Inhibition (GABA)', 'Subtractive Inhibition (SST)']; 'go_evaluations' has unknown factor keys: ['GABA', 'PV', 'SST']",
Bakhtiari2021__gemma-4-31b-it__T070__R01,Bakhtiari2021,gemma-4-31b-it,gemma-4-31b-it,0.70,0.90,0.10,1,RECOVERED,1,content/202608_temp/raw/Bakhtiari2021__gemma-4-31b-it__T070__R01.json,recovered,"'lo_evaluations' missing canonical factors: ['Divisive Inhibition (PV)', 'Inhibition (GABA)', 'Subtractive Inhibition (SST)']; 'lo_evaluations' has unknown factor keys: ['GABA', 'PV', 'SST']; 'go_evaluations' missing canonical factors: ['Divisive Inhibition (PV)', 'Inhibition (GABA)', 'Subtractive Inhibition (SST)']; 'go_evaluations' has unknown factor keys: ['GABA', 'PV', 'SST']",
Bakhtiari2021__gemma-4-31b-it__T070__R02,Bakhtiari2021,gemma-4-31b-it,gemma-4-31b-it,0.70,0.90,0.10,2,RECOVERED,1,content/202608_temp/raw/Bakhtiari2021__gemma-4-31b-it__T070__R02.json,recovered,"'lo_evaluations' missing canonical factors: ['Divisive Inhibition (PV)', 'Inhibition (GABA)', 'Subtractive Inhibition (SST)']; 'lo_evaluations' has unknown factor keys: ['GABA', 'PV', 'SST']; 'go_evaluations' missing canonical factors: ['Divisive Inhibition (PV)', 'Inhibition (GABA)', 'Subtractive Inhibition (SST)']; 'go_evaluations' has unknown factor keys: ['GABA', 'PV', 'SST']",
Bakhtiari2021__gemma-4-31b-it__T070__R03,Bakhtiari2021,gemma-4-31b-it,gemma-4-31b-it,0.70,0.90,0.10,3,RECOVERED,1,content/202608_temp/raw/Bakhtiari2021__gemma-4-31b-it__T070__R03.json,recovered,"'lo_evaluations' missing canonical factors: ['Divisive Inhibition (PV)', 'Inhibition (GABA)', 'Subtractive Inhibition (SST)']; 'lo_evaluations' has unknown factor keys: ['GABA', 'PV', 'SST']; 'go_evaluations' missing canonical factors: ['Divisive Inhibition (PV)', 'Inhibition (GABA)', 'Subtractive Inhibition (SST)']; 'go_evaluations' has unknown factor keys: ['GABA', 'PV', 'SST']",
Bakhtiari2021__phi-4-reasoning-plus__T000__R01,Bakhtiari2021,phi-4-reasoning-plus,phi-4-reasoning-plus,0.00,0.90,0.10,1,COMPLETE,1,content/202608_temp/raw/Bakhtiari2021__phi-4-reasoning-plus__T000__R01.json,valid,,
Bakhtiari2021__phi-4-reasoning-plus__T000__R02,Bakhtiari2021,phi-4-reasoning-plus,phi-4-reasoning-plus,0.00,0.90,0.10,2,COMPLETE,1,content/202608_temp/raw/Bakhtiari2021__phi-4-reasoning-plus__T000__R02.json,valid,,
Bakhtiari2021__phi-4-reasoning-plus__T000__R03,Bakhtiari2021,phi-4-reasoning-plus,phi-4-reasoning-plus,0.00,0.90,0.10,3,COMPLETE,1,content/202608_temp/raw/Bakhtiari2021__phi-4-reasoning-plus__T000__R03.json,valid,,
Bakhtiari2021__phi-4-reasoning-plus__T035__R01,Bakhtiari2021,phi-4-reasoning-plus,phi-4-reasoning-plus,0.35,0.90,0.10,1,COMPLETE,1,content/202608_temp/raw/Bakhtiari2021__phi-4-reasoning-plus__T035__R01.json,valid,,
Bakhtiari2021__phi-4-reasoning-plus__T035__R02,Bakhtiari2021,phi-4-reasoning-plus,phi-4-reasoning-plus,0.35,0.90,0.10,2,COMPLETE,1,content/202608_temp/raw/Bakhtiari2021__phi-4-reasoning-plus__T035__R02.json,valid,,
Bakhtiari2021__phi-4-reasoning-plus__T035__R03,Bakhtiari2021,phi-4-reasoning-plus,phi-4-reasoning-plus,0.35,0.90,0.10,3,COMPLETE,1,content/202608_temp/raw/Bakhtiari2021__phi-4-reasoning-plus__T035__R03.json,valid,,
Bakhtiari2021__phi-4-reasoning-plus__T070__R01,Bakhtiari2021,phi-4-reasoning-plus,phi-4-reasoning-plus,0.70,0.90,0.10,1,RECOVERED,1,content/202608_temp/raw/Bakhtiari2021__phi-4-reasoning-plus__T070__R01.json,recovered,,
Bakhtiari2021__phi-4-reasoning-plus__T070__R02,Bakhtiari2021,phi-4-reasoning-plus,phi-4-reasoning-plus,0.70,0.90,0.10,2,UNRECOVERABLE,1,content/202608_temp/raw/Bakhtiari2021__phi-4-reasoning-plus__T070__R02.json,unrecoverable,Failed all rescue parser stages,
Bakhtiari2021__phi-4-reasoning-plus__T070__R03,Bakhtiari2021,phi-4-reasoning-plus,phi-4-reasoning-plus,0.70,0.90,0.10,3,UNRECOVERABLE,1,content/202608_temp/raw/Bakhtiari2021__phi-4-reasoning-plus__T070__R03.json,unrecoverable,Failed all rescue parser stages,
Bastos2012__olmo-3-32b-think__T000__R01,Bastos2012,olmo-3-32b-think,olmo-3-32b-think,0.00,0.90,0.10,1,RECOVERED,1,content/202608_temp/raw/Bastos2012__olmo-3-32b-think__T000__R01.json,recovered,"'lo_evaluations' has 35 keys, expected 36; 'lo_evaluations' missing canonical factors: ['Absence of Feedback Error', 'Activity Suppression', 'Alpha/Beta Mediated Suppression', 'Ascending Latency Shift', 'Canonical Microcircuit Ubiquity', 'Cross-Modal Ubiquity', 'Cross-Scale Hierarchical Ubiquity', 'Divisive Inhibition (PV)', 'E/I Balance Shift', 'Feedforward AMPA', 'Feedforward Ascending Gamma', 'Feedforward Deviance Detection', 'Feedforward Error Propagation', 'Feedforward NMDA', 'Feedforward Non-local Activation', 'Feedforward Non-local Directed Connectivity', 'Feedforward Non-local Granular Activity (L4)', 'Feedforward Non-local Supragranular Activity (L2/3)', 'Habituation to Sequence', 'Hierarchical Activity Ubiquity', 'Hierarchical CSD Ubiquity', 'Hierarchical Mechanism Invariance', 'Hierarchical Order Stability', 'Hierarchical Presence (V1-PFC)', 'Inhibition (GABA)', 'Interspecies Hierarchical Ubiquity', 'Omission Response', 'Population-Wide Ubiquity', 'Precision Weighting (Gain)', 'Selective Sharpening', 'State-Independent Ubiquity', 'Subcortical Feedforward Relaying', 'Subtractive Inhibition (SST)', 'Synaptic Depression (Adaptation)', 'Temporal Stability of Ubiquity', 'VIP-Mediated Disinhibition']; 'lo_evaluations' has unknown factor keys: ['1', '10', '11', '13', '14', '15', '16', '17', '18', '19', '2', '20', '21', '22', '23', '24', '25', '26', '27', '28', '29', '3', '30', '31', '32', '33', '34', '35', '36', '4', '5', '6', '7', '8', '9']; 'go_evaluations' has 35 keys, expected 36; 'go_evaluations' missing canonical factors: ['Absence of Feedback Error', 'Activity Suppression', 'Alpha/Beta Mediated Suppression', 'Ascending Latency Shift', 'Canonical Microcircuit Ubiquity', 'Cross-Modal Ubiquity', 'Cross-Scale Hierarchical Ubiquity', 'Divisive Inhibition (PV)', 'E/I Balance Shift', 'Feedforward AMPA', 'Feedforward Ascending Gamma', 'Feedforward Deviance Detection', 'Feedforward Error Propagation', 'Feedforward NMDA', 'Feedforward Non-local Activation', 'Feedforward Non-local Directed Connectivity', 'Feedforward Non-local Granular Activity (L4)', 'Feedforward Non-local Supragranular Activity (L2/3)', 'Habituation to Sequence', 'Hierarchical Activity Ubiquity', 'Hierarchical CSD Ubiquity', 'Hierarchical Mechanism Invariance', 'Hierarchical Order Stability', 'Hierarchical Presence (V1-PFC)', 'Inhibition (GABA)', 'Interspecies Hierarchical Ubiquity', 'Omission Response', 'Population-Wide Ubiquity', 'Precision Weighting (Gain)', 'Selective Sharpening', 'State-Independent Ubiquity', 'Subcortical Feedforward Relaying', 'Subtractive Inhibition (SST)', 'Synaptic Depression (Adaptation)', 'Temporal Stability of Ubiquity', 'VIP-Mediated Disinhibition']; 'go_evaluations' has unknown factor keys: ['1', '10', '11', '13', '14', '15', '16', '17', '18', '19', '2', '20', '21', '22', '23', '24', '25', '26', '27', '28', '29', '3', '30', '31', '32', '33', '34', '35', '36', '4', '5', '6', '7', '8', '9']",
Bastos2012__olmo-3-32b-think__T000__R02,Bastos2012,olmo-3-32b-think,olmo-3-32b-think,0.00,0.90,0.10,2,UNRECOVERABLE,1,content/202608_temp/raw/Bastos2012__olmo-3-32b-think__T000__R02.json,unrecoverable,Failed all rescue parser stages,
Bastos2012__olmo-3-32b-think__T000__R03,Bastos2012,olmo-3-32b-think,olmo-3-32b-think,0.00,0.90,0.10,3,UNRECOVERABLE,1,content/202608_temp/raw/Bastos2012__olmo-3-32b-think__T000__R03.json,unrecoverable,Failed all rescue parser stages,
Bastos2012__olmo-3-32b-think__T035__R01,Bastos2012,olmo-3-32b-think,olmo-3-32b-think,0.35,0.90,0.10,1,UNRECOVERABLE,1,content/202608_temp/raw/Bastos2012__olmo-3-32b-think__T035__R01.json,unrecoverable,Failed all rescue parser stages,
Bastos2012__olmo-3-32b-think__T035__R02,Bastos2012,olmo-3-32b-think,olmo-3-32b-think,0.35,0.90,0.10,2,UNRECOVERABLE,1,content/202608_temp/raw/Bastos2012__olmo-3-32b-think__T035__R02.json,unrecoverable,Failed all rescue parser stages,
Bastos2012__olmo-3-32b-think__T035__R03,Bastos2012,olmo-3-32b-think,olmo-3-32b-think,0.35,0.90,0.10,3,RECOVERED,1,content/202608_temp/raw/Bastos2012__olmo-3-32b-think__T035__R03.json,recovered,"Missing required top-level field: 'reasoning_log_text'; 'lo_evaluations' missing canonical factors: ['Absence of Feedback Error', 'Activity Suppression', 'Alpha/Beta Mediated Suppression', 'Ascending Latency Shift', 'Canonical Microcircuit Ubiquity', 'Cross-Modal Ubiquity', 'Cross-Scale Hierarchical Ubiquity', 'Divisive Inhibition (PV)', 'E/I Balance Shift', 'Feedforward AMPA', 'Feedforward Ascending Gamma', 'Feedforward Deviance Detection', 'Feedforward Error Propagation', 'Feedforward NMDA', 'Feedforward Non-local Activation', 'Feedforward Non-local Directed Connectivity', 'Feedforward Non-local Granular Activity (L4)', 'Feedforward Non-local Supragranular Activity (L2/3)', 'Habituation to Sequence', 'Hierarchical Activity Ubiquity', 'Hierarchical CSD Ubiquity', 'Hierarchical Mechanism Invariance', 'Hierarchical Order Stability', 'Hierarchical Presence (V1-PFC)', 'Inhibition (GABA)', 'Interspecies Hierarchical Ubiquity', 'Omission Response', 'Population-Wide Ubiquity', 'Precision Weighting (Gain)', 'Selective Sharpening', 'State-Independent Ubiquity', 'Subcortical Feedforward Relaying', 'Subtractive Inhibition (SST)', 'Synaptic Depression (Adaptation)', 'Temporal Stability of Ubiquity', 'VIP-Mediated Disinhibition']; 'lo_evaluations' has unknown factor keys: ['1', '10', '11', '12', '13', '14', '15', '16', '17', '18', '19', '2', '20', '21', '22', '23', '24', '25', '26', '27', '28', '29', '3', '30', '31', '32', '33', '34', '35', '36', '4', '5', '6', '7', '8', '9']; 'go_evaluations' missing canonical factors: ['Absence of Feedback Error', 'Activity Suppression', 'Alpha/Beta Mediated Suppression', 'Ascending Latency Shift', 'Canonical Microcircuit Ubiquity', 'Cross-Modal Ubiquity', 'Cross-Scale Hierarchical Ubiquity', 'Divisive Inhibition (PV)', 'E/I Balance Shift', 'Feedforward AMPA', 'Feedforward Ascending Gamma', 'Feedforward Deviance Detection', 'Feedforward Error Propagation', 'Feedforward NMDA', 'Feedforward Non-local Activation', 'Feedforward Non-local Directed Connectivity', 'Feedforward Non-local Granular Activity (L4)', 'Feedforward Non-local Supragranular Activity (L2/3)', 'Habituation to Sequence', 'Hierarchical Activity Ubiquity', 'Hierarchical CSD Ubiquity', 'Hierarchical Mechanism Invariance', 'Hierarchical Order Stability', 'Hierarchical Presence (V1-PFC)', 'Inhibition (GABA)', 'Interspecies Hierarchical Ubiquity', 'Omission Response', 'Population-Wide Ubiquity', 'Precision Weighting (Gain)', 'Selective Sharpening', 'State-Independent Ubiquity', 'Subcortical Feedforward Relaying', 'Subtractive Inhibition (SST)', 'Synaptic Depression (Adaptation)', 'Temporal Stability of Ubiquity', 'VIP-Mediated Disinhibition']; 'go_evaluations' has unknown factor keys: ['1', '10', '11', '12', '13', '14', '15', '16', '17', '18', '19', '2', '20', '21', '22', '23', '24', '25', '26', '27', '28', '29', '3', '30', '31', '32', '33', '34', '35', '36', '4', '5', '6', '7', '8', '9']",
Bastos2012__olmo-3-32b-think__T070__R01,Bastos2012,olmo-3-32b-think,olmo-3-32b-think,0.70,0.90,0.10,1,UNRECOVERABLE,3,content/202608_temp/raw/Bastos2012__olmo-3-32b-think__T070__R01.json,unrecoverable,Failed all rescue parser stages,
Bastos2012__olmo-3-32b-think__T070__R02,Bastos2012,olmo-3-32b-think,olmo-3-32b-think,0.70,0.90,0.10,2,UNRECOVERABLE,3,content/202608_temp/raw/Bastos2012__olmo-3-32b-think__T070__R02.json,unrecoverable,Failed all rescue parser stages,
Bastos2012__olmo-3-32b-think__T070__R03,Bastos2012,olmo-3-32b-think,olmo-3-32b-think,0.70,0.90,0.10,3,UNRECOVERABLE,3,content/202608_temp/raw/Bastos2012__olmo-3-32b-think__T070__R03.json,unrecoverable,Failed all rescue parser stages,
Bastos2012__gemma-4-31b-it__T000__R01,Bastos2012,gemma-4-31b-it,gemma-4-31b-it,0.00,0.90,0.10,1,RECOVERED,1,content/202608_temp/raw/Bastos2012__gemma-4-31b-it__T000__R01.json,recovered,"'lo_evaluations' missing canonical factors: ['Divisive Inhibition (PV)', 'Subtractive Inhibition (SST)']; 'lo_evaluations' has unknown factor keys: ['PV', 'SST']; 'go_evaluations' missing canonical factors: ['Divisive Inhibition (PV)', 'Subtractive Inhibition (SST)']; 'go_evaluations' has unknown factor keys: ['PV', 'SST']",
Bastos2012__gemma-4-31b-it__T000__R02,Bastos2012,gemma-4-31b-it,gemma-4-31b-it,0.00,0.90,0.10,2,RECOVERED,1,content/202608_temp/raw/Bastos2012__gemma-4-31b-it__T000__R02.json,recovered,"'lo_evaluations' missing canonical factors: ['Divisive Inhibition (PV)', 'Subtractive Inhibition (SST)']; 'lo_evaluations' has unknown factor keys: ['PV', 'SST']; 'go_evaluations' missing canonical factors: ['Divisive Inhibition (PV)', 'Subtractive Inhibition (SST)']; 'go_evaluations' has unknown factor keys: ['PV', 'SST']",
Bastos2012__gemma-4-31b-it__T000__R03,Bastos2012,gemma-4-31b-it,gemma-4-31b-it,0.00,0.90,0.10,3,RECOVERED,1,content/202608_temp/raw/Bastos2012__gemma-4-31b-it__T000__R03.json,recovered,"'lo_evaluations' missing canonical factors: ['Divisive Inhibition (PV)', 'Subtractive Inhibition (SST)']; 'lo_evaluations' has unknown factor keys: ['PV', 'SST']; 'go_evaluations' missing canonical factors: ['Divisive Inhibition (PV)', 'Subtractive Inhibition (SST)']; 'go_evaluations' has unknown factor keys: ['PV', 'SST']",
Bastos2012__gemma-4-31b-it__T035__R01,Bastos2012,gemma-4-31b-it,gemma-4-31b-it,0.35,0.90,0.10,1,RECOVERED,1,content/202608_temp/raw/Bastos2012__gemma-4-31b-it__T035__R01.json,recovered,"'lo_evaluations' missing canonical factors: ['Divisive Inhibition (PV)', 'Subtractive Inhibition (SST)']; 'lo_evaluations' has unknown factor keys: ['PV', 'SST']; 'go_evaluations' missing canonical factors: ['Divisive Inhibition (PV)', 'Subtractive Inhibition (SST)']; 'go_evaluations' has unknown factor keys: ['PV', 'SST']",
Bastos2012__gemma-4-31b-it__T035__R02,Bastos2012,gemma-4-31b-it,gemma-4-31b-it,0.35,0.90,0.10,2,RECOVERED,1,content/202608_temp/raw/Bastos2012__gemma-4-31b-it__T035__R02.json,recovered,"'lo_evaluations' missing canonical factors: ['Divisive Inhibition (PV)', 'Subtractive Inhibition (SST)']; 'lo_evaluations' has unknown factor keys: ['PV', 'SST']; 'go_evaluations' missing canonical factors: ['Divisive Inhibition (PV)', 'Subtractive Inhibition (SST)']; 'go_evaluations' has unknown factor keys: ['PV', 'SST']",
Bastos2012__gemma-4-31b-it__T035__R03,Bastos2012,gemma-4-31b-it,gemma-4-31b-it,0.35,0.90,0.10,3,RECOVERED,1,content/202608_temp/raw/Bastos2012__gemma-4-31b-it__T035__R03.json,recovered,"'lo_evaluations' missing canonical factors: ['Divisive Inhibition (PV)', 'Subtractive Inhibition (SST)']; 'lo_evaluations' has unknown factor keys: ['PV', 'SST']; 'go_evaluations' missing canonical factors: ['Divisive Inhibition (PV)', 'Subtractive Inhibition (SST)']; 'go_evaluations' has unknown factor keys: ['PV', 'SST']",
Bastos2012__gemma-4-31b-it__T070__R01,Bastos2012,gemma-4-31b-it,gemma-4-31b-it,0.70,0.90,0.10,1,RECOVERED,1,content/202608_temp/raw/Bastos2012__gemma-4-31b-it__T070__R01.json,recovered,"'lo_evaluations' missing canonical factors: ['Divisive Inhibition (PV)', 'Subtractive Inhibition (SST)']; 'lo_evaluations' has unknown factor keys: ['PV', 'SST']; 'go_evaluations' missing canonical factors: ['Divisive Inhibition (PV)', 'Subtractive Inhibition (SST)']; 'go_evaluations' has unknown factor keys: ['PV', 'SST']",
Bastos2012__gemma-4-31b-it__T070__R02,Bastos2012,gemma-4-31b-it,gemma-4-31b-it,0.70,0.90,0.10,2,RECOVERED,1,content/202608_temp/raw/Bastos2012__gemma-4-31b-it__T070__R02.json,recovered,"'lo_evaluations' missing canonical factors: ['Divisive Inhibition (PV)', 'Subtractive Inhibition (SST)']; 'lo_evaluations' has unknown factor keys: ['PV', 'SST']; 'go_evaluations' missing canonical factors: ['Divisive Inhibition (PV)', 'Subtractive Inhibition (SST)']; 'go_evaluations' has unknown factor keys: ['PV', 'SST']",
Bastos2012__gemma-4-31b-it__T070__R03,Bastos2012,gemma-4-31b-it,gemma-4-31b-it,0.70,0.90,0.10,3,RECOVERED,1,content/202608_temp/raw/Bastos2012__gemma-4-31b-it__T070__R03.json,recovered,"'lo_evaluations' missing canonical factors: ['Divisive Inhibition (PV)', 'Subtractive Inhibition (SST)']; 'lo_evaluations' has unknown factor keys: ['PV', 'SST']; 'go_evaluations' missing canonical factors: ['Divisive Inhibition (PV)', 'Subtractive Inhibition (SST)']; 'go_evaluations' has unknown factor keys: ['PV', 'SST']",
Bastos2012__phi-4-reasoning-plus__T000__R01,Bastos2012,phi-4-reasoning-plus,phi-4-reasoning-plus,0.00,0.90,0.10,1,RECOVERED,1,content/202608_temp/raw/Bastos2012__phi-4-reasoning-plus__T000__R01.json,recovered,"'lo_evaluations' missing canonical factors: ['Absence of Feedback Error', 'Activity Suppression', 'Alpha/Beta Mediated Suppression', 'Ascending Latency Shift', 'Canonical Microcircuit Ubiquity', 'Cross-Modal Ubiquity', 'Cross-Scale Hierarchical Ubiquity', 'Divisive Inhibition (PV)', 'E/I Balance Shift', 'Feedforward AMPA', 'Feedforward Ascending Gamma', 'Feedforward Deviance Detection', 'Feedforward Error Propagation', 'Feedforward NMDA', 'Feedforward Non-local Activation', 'Feedforward Non-local Directed Connectivity', 'Feedforward Non-local Granular Activity (L4)', 'Feedforward Non-local Supragranular Activity (L2/3)', 'Habituation to Sequence', 'Hierarchical Activity Ubiquity', 'Hierarchical CSD Ubiquity', 'Hierarchical Mechanism Invariance', 'Hierarchical Order Stability', 'Hierarchical Presence (V1-PFC)', 'Inhibition (GABA)', 'Interspecies Hierarchical Ubiquity', 'Omission Response', 'Population-Wide Ubiquity', 'Precision Weighting (Gain)', 'Selective Sharpening', 'State-Independent Ubiquity', 'Subcortical Feedforward Relaying', 'Subtractive Inhibition (SST)', 'Synaptic Depression (Adaptation)', 'Temporal Stability of Ubiquity', 'VIP-Mediated Disinhibition']; 'lo_evaluations' has unknown factor keys: ['1', '10', '11', '12', '13', '14', '15', '16', '17', '18', '19', '2', '20', '21', '22', '23', '24', '25', '26', '27', '28', '29', '3', '30', '31', '32', '33', '34', '35', '36', '4', '5', '6', '7', '8', '9']; 'go_evaluations' missing canonical factors: ['Absence of Feedback Error', 'Activity Suppression', 'Alpha/Beta Mediated Suppression', 'Ascending Latency Shift', 'Canonical Microcircuit Ubiquity', 'Cross-Modal Ubiquity', 'Cross-Scale Hierarchical Ubiquity', 'Divisive Inhibition (PV)', 'E/I Balance Shift', 'Feedforward AMPA', 'Feedforward Ascending Gamma', 'Feedforward Deviance Detection', 'Feedforward Error Propagation', 'Feedforward NMDA', 'Feedforward Non-local Activation', 'Feedforward Non-local Directed Connectivity', 'Feedforward Non-local Granular Activity (L4)', 'Feedforward Non-local Supragranular Activity (L2/3)', 'Habituation to Sequence', 'Hierarchical Activity Ubiquity', 'Hierarchical CSD Ubiquity', 'Hierarchical Mechanism Invariance', 'Hierarchical Order Stability', 'Hierarchical Presence (V1-PFC)', 'Inhibition (GABA)', 'Interspecies Hierarchical Ubiquity', 'Omission Response', 'Population-Wide Ubiquity', 'Precision Weighting (Gain)', 'Selective Sharpening', 'State-Independent Ubiquity', 'Subcortical Feedforward Relaying', 'Subtractive Inhibition (SST)', 'Synaptic Depression (Adaptation)', 'Temporal Stability of Ubiquity', 'VIP-Mediated Disinhibition']; 'go_evaluations' has unknown factor keys: ['1', '10', '11', '12', '13', '14', '15', '16', '17', '18', '19', '2', '20', '21', '22', '23', '24', '25', '26', '27', '28', '29', '3', '30', '31', '32', '33', '34', '35', '36', '4', '5', '6', '7', '8', '9']",
Bastos2012__phi-4-reasoning-plus__T000__R02,Bastos2012,phi-4-reasoning-plus,phi-4-reasoning-plus,0.00,0.90,0.10,2,COMPLETE,1,content/202608_temp/raw/Bastos2012__phi-4-reasoning-plus__T000__R02.json,valid,,
Bastos2012__phi-4-reasoning-plus__T000__R03,Bastos2012,phi-4-reasoning-plus,phi-4-reasoning-plus,0.00,0.90,0.10,3,UNRECOVERABLE,1,content/202608_temp/raw/Bastos2012__phi-4-reasoning-plus__T000__R03.json,unrecoverable,Failed all rescue parser stages,
Bastos2012__phi-4-reasoning-plus__T035__R01,Bastos2012,phi-4-reasoning-plus,phi-4-reasoning-plus,0.35,0.90,0.10,1,UNRECOVERABLE,1,content/202608_temp/raw/Bastos2012__phi-4-reasoning-plus__T035__R01.json,unrecoverable,Failed all rescue parser stages,
Bastos2012__phi-4-reasoning-plus__T035__R02,Bastos2012,phi-4-reasoning-plus,phi-4-reasoning-plus,0.35,0.90,0.10,2,UNRECOVERABLE,1,content/202608_temp/raw/Bastos2012__phi-4-reasoning-plus__T035__R02.json,unrecoverable,Failed all rescue parser stages,
Bastos2012__phi-4-reasoning-plus__T035__R03,Bastos2012,phi-4-reasoning-plus,phi-4-reasoning-plus,0.35,0.90,0.10,3,UNRECOVERABLE,1,content/202608_temp/raw/Bastos2012__phi-4-reasoning-plus__T035__R03.json,unrecoverable,Failed all rescue parser stages,
Bastos2012__phi-4-reasoning-plus__T070__R01,Bastos2012,phi-4-reasoning-plus,phi-4-reasoning-plus,0.70,0.90,0.10,1,UNRECOVERABLE,1,content/202608_temp/raw/Bastos2012__phi-4-reasoning-plus__T070__R01.json,unrecoverable,Failed all rescue parser stages,
Bastos2012__phi-4-reasoning-plus__T070__R02,Bastos2012,phi-4-reasoning-plus,phi-4-reasoning-plus,0.70,0.90,0.10,2,UNRECOVERABLE,1,content/202608_temp/raw/Bastos2012__phi-4-reasoning-plus__T070__R02.json,unrecoverable,Failed all rescue parser stages,
Bastos2012__phi-4-reasoning-plus__T070__R03,Bastos2012,phi-4-reasoning-plus,phi-4-reasoning-plus,0.70,0.90,0.10,3,UNRECOVERABLE,1,content/202608_temp/raw/Bastos2012__phi-4-reasoning-plus__T070__R03.json,unrecoverable,Failed all rescue parser stages,
Bastos2020__olmo-3-32b-think__T000__R01,Bastos2020,olmo-3-32b-think,olmo-3-32b-think,0.00,0.90,0.10,1,UNRECOVERABLE,1,content/202608_temp/raw/Bastos2020__olmo-3-32b-think__T000__R01.json,unrecoverable,Failed all rescue parser stages,
Bastos2020__olmo-3-32b-think__T000__R02,Bastos2020,olmo-3-32b-think,olmo-3-32b-think,0.00,0.90,0.10,2,UNRECOVERABLE,1,content/202608_temp/raw/Bastos2020__olmo-3-32b-think__T000__R02.json,unrecoverable,Failed all rescue parser stages,
Bastos2020__olmo-3-32b-think__T000__R03,Bastos2020,olmo-3-32b-think,olmo-3-32b-think,0.00,0.90,0.10,3,UNRECOVERABLE,1,content/202608_temp/raw/Bastos2020__olmo-3-32b-think__T000__R03.json,unrecoverable,Failed all rescue parser stages,
Bastos2020__olmo-3-32b-think__T035__R01,Bastos2020,olmo-3-32b-think,olmo-3-32b-think,0.35,0.90,0.10,1,UNRECOVERABLE,1,content/202608_temp/raw/Bastos2020__olmo-3-32b-think__T035__R01.json,unrecoverable,Failed all rescue parser stages,
Bastos2020__olmo-3-32b-think__T035__R02,Bastos2020,olmo-3-32b-think,olmo-3-32b-think,0.35,0.90,0.10,2,UNRECOVERABLE,1,content/202608_temp/raw/Bastos2020__olmo-3-32b-think__T035__R02.json,unrecoverable,Failed all rescue parser stages,
Bastos2020__olmo-3-32b-think__T035__R03,Bastos2020,olmo-3-32b-think,olmo-3-32b-think,0.35,0.90,0.10,3,RECOVERED,1,content/202608_temp/raw/Bastos2020__olmo-3-32b-think__T035__R03.json,recovered,"'lo_evaluations' has 11 keys, expected 36; 'lo_evaluations' missing canonical factors: ['Absence of Feedback Error', 'Activity Suppression', 'Alpha/Beta Mediated Suppression', 'Ascending Latency Shift', 'Canonical Microcircuit Ubiquity', 'Cross-Modal Ubiquity', 'Cross-Scale Hierarchical Ubiquity', 'Divisive Inhibition (PV)', 'E/I Balance Shift', 'Feedforward AMPA', 'Feedforward Ascending Gamma', 'Feedforward Deviance Detection', 'Feedforward Error Propagation', 'Feedforward NMDA', 'Feedforward Non-local Activation', 'Feedforward Non-local Directed Connectivity', 'Feedforward Non-local Granular Activity (L4)', 'Feedforward Non-local Supragranular Activity (L2/3)', 'Habituation to Sequence', 'Hierarchical Activity Ubiquity', 'Hierarchical CSD Ubiquity', 'Hierarchical Mechanism Invariance', 'Hierarchical Order Stability', 'Hierarchical Presence (V1-PFC)', 'Inhibition (GABA)', 'Interspecies Hierarchical Ubiquity', 'Omission Response', 'Population-Wide Ubiquity', 'Precision Weighting (Gain)', 'Selective Sharpening', 'State-Independent Ubiquity', 'Subcortical Feedforward Relaying', 'Subtractive Inhibition (SST)', 'Synaptic Depression (Adaptation)', 'Temporal Stability of Ubiquity', 'VIP-Mediated Disinhibition']; 'lo_evaluations' has unknown factor keys: ['1', '10', '11', '2', '3', '4', '5', '6', '7', '8', '9']; 'go_evaluations' has 11 keys, expected 36; 'go_evaluations' missing canonical factors: ['Absence of Feedback Error', 'Activity Suppression', 'Alpha/Beta Mediated Suppression', 'Ascending Latency Shift', 'Canonical Microcircuit Ubiquity', 'Cross-Modal Ubiquity', 'Cross-Scale Hierarchical Ubiquity', 'Divisive Inhibition (PV)', 'E/I Balance Shift', 'Feedforward AMPA', 'Feedforward Ascending Gamma', 'Feedforward Deviance Detection', 'Feedforward Error Propagation', 'Feedforward NMDA', 'Feedforward Non-local Activation', 'Feedforward Non-local Directed Connectivity', 'Feedforward Non-local Granular Activity (L4)', 'Feedforward Non-local Supragranular Activity (L2/3)', 'Habituation to Sequence', 'Hierarchical Activity Ubiquity', 'Hierarchical CSD Ubiquity', 'Hierarchical Mechanism Invariance', 'Hierarchical Order Stability', 'Hierarchical Presence (V1-PFC)', 'Inhibition (GABA)', 'Interspecies Hierarchical Ubiquity', 'Omission Response', 'Population-Wide Ubiquity', 'Precision Weighting (Gain)', 'Selective Sharpening', 'State-Independent Ubiquity', 'Subcortical Feedforward Relaying', 'Subtractive Inhibition (SST)', 'Synaptic Depression (Adaptation)', 'Temporal Stability of Ubiquity', 'VIP-Mediated Disinhibition']; 'go_evaluations' has unknown factor keys: ['13', '14', '15', '16', '17', '18', '19', '20', '21', '22', '23']",
Bastos2020__olmo-3-32b-think__T070__R01,Bastos2020,olmo-3-32b-think,olmo-3-32b-think,0.70,0.90,0.10,1,UNRECOVERABLE,3,content/202608_temp/raw/Bastos2020__olmo-3-32b-think__T070__R01.json,unrecoverable,Failed all rescue parser stages,
Bastos2020__olmo-3-32b-think__T070__R02,Bastos2020,olmo-3-32b-think,olmo-3-32b-think,0.70,0.90,0.10,2,UNRECOVERABLE,3,content/202608_temp/raw/Bastos2020__olmo-3-32b-think__T070__R02.json,unrecoverable,Failed all rescue parser stages,
Bastos2020__olmo-3-32b-think__T070__R03,Bastos2020,olmo-3-32b-think,olmo-3-32b-think,0.70,0.90,0.10,3,UNRECOVERABLE,3,content/202608_temp/raw/Bastos2020__olmo-3-32b-think__T070__R03.json,unrecoverable,Failed all rescue parser stages,
Bastos2020__gemma-4-31b-it__T000__R01,Bastos2020,gemma-4-31b-it,gemma-4-31b-it,0.00,0.90,0.10,1,RECOVERED,1,content/202608_temp/raw/Bastos2020__gemma-4-31b-it__T000__R01.json,recovered,"'lo_evaluations' missing canonical factors: ['Divisive Inhibition (PV)', 'Inhibition (GABA)', 'Subtractive Inhibition (SST)']; 'lo_evaluations' has unknown factor keys: ['GABA', 'PV', 'SST']; 'go_evaluations' missing canonical factors: ['Divisive Inhibition (PV)', 'Inhibition (GABA)', 'Subtractive Inhibition (SST)']; 'go_evaluations' has unknown factor keys: ['GABA', 'PV', 'SST']",
Bastos2020__gemma-4-31b-it__T000__R02,Bastos2020,gemma-4-31b-it,gemma-4-31b-it,0.00,0.90,0.10,2,RECOVERED,1,content/202608_temp/raw/Bastos2020__gemma-4-31b-it__T000__R02.json,recovered,"'lo_evaluations' missing canonical factors: ['Divisive Inhibition (PV)', 'Inhibition (GABA)', 'Subtractive Inhibition (SST)']; 'lo_evaluations' has unknown factor keys: ['GABA', 'PV', 'SST']; 'go_evaluations' missing canonical factors: ['Divisive Inhibition (PV)', 'Inhibition (GABA)', 'Subtractive Inhibition (SST)']; 'go_evaluations' has unknown factor keys: ['GABA', 'PV', 'SST']",
Bastos2020__gemma-4-31b-it__T000__R03,Bastos2020,gemma-4-31b-it,gemma-4-31b-it,0.00,0.90,0.10,3,RECOVERED,1,content/202608_temp/raw/Bastos2020__gemma-4-31b-it__T000__R03.json,recovered,"'lo_evaluations' missing canonical factors: ['Divisive Inhibition (PV)', 'Inhibition (GABA)', 'Subtractive Inhibition (SST)']; 'lo_evaluations' has unknown factor keys: ['GABA', 'PV', 'SST']; 'go_evaluations' missing canonical factors: ['Divisive Inhibition (PV)', 'Inhibition (GABA)', 'Subtractive Inhibition (SST)']; 'go_evaluations' has unknown factor keys: ['GABA', 'PV', 'SST']",
Bastos2020__gemma-4-31b-it__T035__R01,Bastos2020,gemma-4-31b-it,gemma-4-31b-it,0.35,0.90,0.10,1,RECOVERED,1,content/202608_temp/raw/Bastos2020__gemma-4-31b-it__T035__R01.json,recovered,"'lo_evaluations' missing canonical factors: ['Divisive Inhibition (PV)', 'Inhibition (GABA)', 'Subtractive Inhibition (SST)']; 'lo_evaluations' has unknown factor keys: ['GABA', 'PV', 'SST']; 'go_evaluations' missing canonical factors: ['Divisive Inhibition (PV)', 'Inhibition (GABA)', 'Subtractive Inhibition (SST)']; 'go_evaluations' has unknown factor keys: ['GABA', 'PV', 'SST']",
Bastos2020__gemma-4-31b-it__T035__R02,Bastos2020,gemma-4-31b-it,gemma-4-31b-it,0.35,0.90,0.10,2,RECOVERED,1,content/202608_temp/raw/Bastos2020__gemma-4-31b-it__T035__R02.json,recovered,"'lo_evaluations' missing canonical factors: ['Divisive Inhibition (PV)', 'Subtractive Inhibition (SST)']; 'lo_evaluations' has unknown factor keys: ['PV', 'SST']; 'go_evaluations' missing canonical factors: ['Divisive Inhibition (PV)', 'Subtractive Inhibition (SST)']; 'go_evaluations' has unknown factor keys: ['PV', 'SST']",
Bastos2020__gemma-4-31b-it__T035__R03,Bastos2020,gemma-4-31b-it,gemma-4-31b-it,0.35,0.90,0.10,3,RECOVERED,1,content/202608_temp/raw/Bastos2020__gemma-4-31b-it__T035__R03.json,recovered,"'lo_evaluations' missing canonical factors: ['Divisive Inhibition (PV)', 'Inhibition (GABA)', 'Subtractive Inhibition (SST)']; 'lo_evaluations' has unknown factor keys: ['GABA', 'PV', 'SST']; 'go_evaluations' missing canonical factors: ['Divisive Inhibition (PV)', 'Inhibition (GABA)', 'Subtractive Inhibition (SST)']; 'go_evaluations' has unknown factor keys: ['GABA', 'PV', 'SST']",
Bastos2020__gemma-4-31b-it__T070__R01,Bastos2020,gemma-4-31b-it,gemma-4-31b-it,0.70,0.90,0.10,1,RECOVERED,1,content/202608_temp/raw/Bastos2020__gemma-4-31b-it__T070__R01.json,recovered,"'lo_evaluations' missing canonical factors: ['Divisive Inhibition (PV)', 'Inhibition (GABA)', 'Subtractive Inhibition (SST)']; 'lo_evaluations' has unknown factor keys: ['GABA', 'PV', 'SST']; 'go_evaluations' missing canonical factors: ['Divisive Inhibition (PV)', 'Inhibition (GABA)', 'Subtractive Inhibition (SST)']; 'go_evaluations' has unknown factor keys: ['GABA', 'PV', 'SST']",
Bastos2020__gemma-4-31b-it__T070__R02,Bastos2020,gemma-4-31b-it,gemma-4-31b-it,0.70,0.90,0.10,2,RECOVERED,1,content/202608_temp/raw/Bastos2020__gemma-4-31b-it__T070__R02.json,recovered,"'lo_evaluations' missing canonical factors: ['Divisive Inhibition (PV)', 'Inhibition (GABA)', 'Subtractive Inhibition (SST)']; 'lo_evaluations' has unknown factor keys: ['GABA', 'PV', 'SST']; 'go_evaluations' missing canonical factors: ['Divisive Inhibition (PV)', 'Inhibition (GABA)', 'Subtractive Inhibition (SST)']; 'go_evaluations' has unknown factor keys: ['GABA', 'PV', 'SST']",
Bastos2020__gemma-4-31b-it__T070__R03,Bastos2020,gemma-4-31b-it,gemma-4-31b-it,0.70,0.90,0.10,3,RECOVERED,1,content/202608_temp/raw/Bastos2020__gemma-4-31b-it__T070__R03.json,recovered,"'lo_evaluations' missing canonical factors: ['Divisive Inhibition (PV)', 'Inhibition (GABA)', 'Subtractive Inhibition (SST)']; 'lo_evaluations' has unknown factor keys: ['GABA', 'PV', 'SST']; 'go_evaluations' missing canonical factors: ['Divisive Inhibition (PV)', 'Inhibition (GABA)', 'Subtractive Inhibition (SST)']; 'go_evaluations' has unknown factor keys: ['GABA', 'PV', 'SST']",
Bastos2020__phi-4-reasoning-plus__T000__R01,Bastos2020,phi-4-reasoning-plus,phi-4-reasoning-plus,0.00,0.90,0.10,1,RECOVERED,1,content/202608_temp/raw/Bastos2020__phi-4-reasoning-plus__T000__R01.json,recovered,"'lo_evaluations' has 12 keys, expected 36; 'lo_evaluations' missing canonical factors: ['Absence of Feedback Error', 'Ascending Latency Shift', 'Canonical Microcircuit Ubiquity', 'Cross-Modal Ubiquity', 'Cross-Scale Hierarchical Ubiquity', 'Feedforward AMPA', 'Feedforward Ascending Gamma', 'Feedforward Deviance Detection', 'Feedforward Error Propagation', 'Feedforward NMDA', 'Feedforward Non-local Activation', 'Feedforward Non-local Directed Connectivity', 'Feedforward Non-local Granular Activity (L4)', 'Feedforward Non-local Supragranular Activity (L2/3)', 'Hierarchical Activity Ubiquity', 'Hierarchical CSD Ubiquity', 'Hierarchical Mechanism Invariance', 'Hierarchical Order Stability', 'Hierarchical Presence (V1-PFC)', 'Interspecies Hierarchical Ubiquity', 'Population-Wide Ubiquity', 'State-Independent Ubiquity', 'Subcortical Feedforward Relaying', 'Temporal Stability of Ubiquity']; 'go_evaluations' has 12 keys, expected 36; 'go_evaluations' missing canonical factors: ['Absence of Feedback Error', 'Ascending Latency Shift', 'Canonical Microcircuit Ubiquity', 'Cross-Modal Ubiquity', 'Cross-Scale Hierarchical Ubiquity', 'Feedforward AMPA', 'Feedforward Ascending Gamma', 'Feedforward Deviance Detection', 'Feedforward Error Propagation', 'Feedforward NMDA', 'Feedforward Non-local Activation', 'Feedforward Non-local Directed Connectivity', 'Feedforward Non-local Granular Activity (L4)', 'Feedforward Non-local Supragranular Activity (L2/3)', 'Hierarchical Activity Ubiquity', 'Hierarchical CSD Ubiquity', 'Hierarchical Mechanism Invariance', 'Hierarchical Order Stability', 'Hierarchical Presence (V1-PFC)', 'Interspecies Hierarchical Ubiquity', 'Population-Wide Ubiquity', 'State-Independent Ubiquity', 'Subcortical Feedforward Relaying', 'Temporal Stability of Ubiquity']",
Bastos2020__phi-4-reasoning-plus__T000__R02,Bastos2020,phi-4-reasoning-plus,phi-4-reasoning-plus,0.00,0.90,0.10,2,RECOVERED,1,content/202608_temp/raw/Bastos2020__phi-4-reasoning-plus__T000__R02.json,recovered,"'lo_evaluations' has 12 keys, expected 36; 'lo_evaluations' missing canonical factors: ['Absence of Feedback Error', 'Ascending Latency Shift', 'Canonical Microcircuit Ubiquity', 'Cross-Modal Ubiquity', 'Cross-Scale Hierarchical Ubiquity', 'Feedforward AMPA', 'Feedforward Ascending Gamma', 'Feedforward Deviance Detection', 'Feedforward Error Propagation', 'Feedforward NMDA', 'Feedforward Non-local Activation', 'Feedforward Non-local Directed Connectivity', 'Feedforward Non-local Granular Activity (L4)', 'Feedforward Non-local Supragranular Activity (L2/3)', 'Hierarchical Activity Ubiquity', 'Hierarchical CSD Ubiquity', 'Hierarchical Mechanism Invariance', 'Hierarchical Order Stability', 'Hierarchical Presence (V1-PFC)', 'Interspecies Hierarchical Ubiquity', 'Population-Wide Ubiquity', 'State-Independent Ubiquity', 'Subcortical Feedforward Relaying', 'Temporal Stability of Ubiquity']; 'go_evaluations' has 12 keys, expected 36; 'go_evaluations' missing canonical factors: ['Absence of Feedback Error', 'Ascending Latency Shift', 'Canonical Microcircuit Ubiquity', 'Cross-Modal Ubiquity', 'Cross-Scale Hierarchical Ubiquity', 'Feedforward AMPA', 'Feedforward Ascending Gamma', 'Feedforward Deviance Detection', 'Feedforward Error Propagation', 'Feedforward NMDA', 'Feedforward Non-local Activation', 'Feedforward Non-local Directed Connectivity', 'Feedforward Non-local Granular Activity (L4)', 'Feedforward Non-local Supragranular Activity (L2/3)', 'Hierarchical Activity Ubiquity', 'Hierarchical CSD Ubiquity', 'Hierarchical Mechanism Invariance', 'Hierarchical Order Stability', 'Hierarchical Presence (V1-PFC)', 'Interspecies Hierarchical Ubiquity', 'Population-Wide Ubiquity', 'State-Independent Ubiquity', 'Subcortical Feedforward Relaying', 'Temporal Stability of Ubiquity']",
Bastos2020__phi-4-reasoning-plus__T000__R03,Bastos2020,phi-4-reasoning-plus,phi-4-reasoning-plus,0.00,0.90,0.10,3,RECOVERED,1,content/202608_temp/raw/Bastos2020__phi-4-reasoning-plus__T000__R03.json,recovered,"'lo_evaluations' has 12 keys, expected 36; 'lo_evaluations' missing canonical factors: ['Absence of Feedback Error', 'Ascending Latency Shift', 'Canonical Microcircuit Ubiquity', 'Cross-Modal Ubiquity', 'Cross-Scale Hierarchical Ubiquity', 'Feedforward AMPA', 'Feedforward Ascending Gamma', 'Feedforward Deviance Detection', 'Feedforward Error Propagation', 'Feedforward NMDA', 'Feedforward Non-local Activation', 'Feedforward Non-local Directed Connectivity', 'Feedforward Non-local Granular Activity (L4)', 'Feedforward Non-local Supragranular Activity (L2/3)', 'Hierarchical Activity Ubiquity', 'Hierarchical CSD Ubiquity', 'Hierarchical Mechanism Invariance', 'Hierarchical Order Stability', 'Hierarchical Presence (V1-PFC)', 'Interspecies Hierarchical Ubiquity', 'Population-Wide Ubiquity', 'State-Independent Ubiquity', 'Subcortical Feedforward Relaying', 'Temporal Stability of Ubiquity']; 'go_evaluations' has 12 keys, expected 36; 'go_evaluations' missing canonical factors: ['Absence of Feedback Error', 'Ascending Latency Shift', 'Canonical Microcircuit Ubiquity', 'Cross-Modal Ubiquity', 'Cross-Scale Hierarchical Ubiquity', 'Feedforward AMPA', 'Feedforward Ascending Gamma', 'Feedforward Deviance Detection', 'Feedforward Error Propagation', 'Feedforward NMDA', 'Feedforward Non-local Activation', 'Feedforward Non-local Directed Connectivity', 'Feedforward Non-local Granular Activity (L4)', 'Feedforward Non-local Supragranular Activity (L2/3)', 'Hierarchical Activity Ubiquity', 'Hierarchical CSD Ubiquity', 'Hierarchical Mechanism Invariance', 'Hierarchical Order Stability', 'Hierarchical Presence (V1-PFC)', 'Interspecies Hierarchical Ubiquity', 'Population-Wide Ubiquity', 'State-Independent Ubiquity', 'Subcortical Feedforward Relaying', 'Temporal Stability of Ubiquity']",
Bastos2020__phi-4-reasoning-plus__T035__R01,Bastos2020,phi-4-reasoning-plus,phi-4-reasoning-plus,0.35,0.90,0.10,1,RECOVERED,1,content/202608_temp/raw/Bastos2020__phi-4-reasoning-plus__T035__R01.json,recovered,"'lo_evaluations' has 12 keys, expected 36; 'lo_evaluations' missing canonical factors: ['Absence of Feedback Error', 'Ascending Latency Shift', 'Canonical Microcircuit Ubiquity', 'Cross-Modal Ubiquity', 'Cross-Scale Hierarchical Ubiquity', 'Feedforward AMPA', 'Feedforward Ascending Gamma', 'Feedforward Deviance Detection', 'Feedforward Error Propagation', 'Feedforward NMDA', 'Feedforward Non-local Activation', 'Feedforward Non-local Directed Connectivity', 'Feedforward Non-local Granular Activity (L4)', 'Feedforward Non-local Supragranular Activity (L2/3)', 'Hierarchical Activity Ubiquity', 'Hierarchical CSD Ubiquity', 'Hierarchical Mechanism Invariance', 'Hierarchical Order Stability', 'Hierarchical Presence (V1-PFC)', 'Interspecies Hierarchical Ubiquity', 'Population-Wide Ubiquity', 'State-Independent Ubiquity', 'Subcortical Feedforward Relaying', 'Temporal Stability of Ubiquity']; 'go_evaluations' has 12 keys, expected 36; 'go_evaluations' missing canonical factors: ['Absence of Feedback Error', 'Ascending Latency Shift', 'Canonical Microcircuit Ubiquity', 'Cross-Modal Ubiquity', 'Cross-Scale Hierarchical Ubiquity', 'Feedforward AMPA', 'Feedforward Ascending Gamma', 'Feedforward Deviance Detection', 'Feedforward Error Propagation', 'Feedforward NMDA', 'Feedforward Non-local Activation', 'Feedforward Non-local Directed Connectivity', 'Feedforward Non-local Granular Activity (L4)', 'Feedforward Non-local Supragranular Activity (L2/3)', 'Hierarchical Activity Ubiquity', 'Hierarchical CSD Ubiquity', 'Hierarchical Mechanism Invariance', 'Hierarchical Order Stability', 'Hierarchical Presence (V1-PFC)', 'Interspecies Hierarchical Ubiquity', 'Population-Wide Ubiquity', 'State-Independent Ubiquity', 'Subcortical Feedforward Relaying', 'Temporal Stability of Ubiquity']",
Bastos2020__phi-4-reasoning-plus__T035__R02,Bastos2020,phi-4-reasoning-plus,phi-4-reasoning-plus,0.35,0.90,0.10,2,RECOVERED,1,content/202608_temp/raw/Bastos2020__phi-4-reasoning-plus__T035__R02.json,recovered,"'lo_evaluations' has 12 keys, expected 36; 'lo_evaluations' missing canonical factors: ['Absence of Feedback Error', 'Ascending Latency Shift', 'Canonical Microcircuit Ubiquity', 'Cross-Modal Ubiquity', 'Cross-Scale Hierarchical Ubiquity', 'Feedforward AMPA', 'Feedforward Ascending Gamma', 'Feedforward Deviance Detection', 'Feedforward Error Propagation', 'Feedforward NMDA', 'Feedforward Non-local Activation', 'Feedforward Non-local Directed Connectivity', 'Feedforward Non-local Granular Activity (L4)', 'Feedforward Non-local Supragranular Activity (L2/3)', 'Hierarchical Activity Ubiquity', 'Hierarchical CSD Ubiquity', 'Hierarchical Mechanism Invariance', 'Hierarchical Order Stability', 'Hierarchical Presence (V1-PFC)', 'Interspecies Hierarchical Ubiquity', 'Population-Wide Ubiquity', 'State-Independent Ubiquity', 'Subcortical Feedforward Relaying', 'Temporal Stability of Ubiquity']; 'go_evaluations' has 12 keys, expected 36; 'go_evaluations' missing canonical factors: ['Absence of Feedback Error', 'Ascending Latency Shift', 'Canonical Microcircuit Ubiquity', 'Cross-Modal Ubiquity', 'Cross-Scale Hierarchical Ubiquity', 'Feedforward AMPA', 'Feedforward Ascending Gamma', 'Feedforward Deviance Detection', 'Feedforward Error Propagation', 'Feedforward NMDA', 'Feedforward Non-local Activation', 'Feedforward Non-local Directed Connectivity', 'Feedforward Non-local Granular Activity (L4)', 'Feedforward Non-local Supragranular Activity (L2/3)', 'Hierarchical Activity Ubiquity', 'Hierarchical CSD Ubiquity', 'Hierarchical Mechanism Invariance', 'Hierarchical Order Stability', 'Hierarchical Presence (V1-PFC)', 'Interspecies Hierarchical Ubiquity', 'Population-Wide Ubiquity', 'State-Independent Ubiquity', 'Subcortical Feedforward Relaying', 'Temporal Stability of Ubiquity']",
Bastos2020__phi-4-reasoning-plus__T035__R03,Bastos2020,phi-4-reasoning-plus,phi-4-reasoning-plus,0.35,0.90,0.10,3,RECOVERED,1,content/202608_temp/raw/Bastos2020__phi-4-reasoning-plus__T035__R03.json,recovered,"'lo_evaluations' has 12 keys, expected 36; 'lo_evaluations' missing canonical factors: ['Absence of Feedback Error', 'Ascending Latency Shift', 'Canonical Microcircuit Ubiquity', 'Cross-Modal Ubiquity', 'Cross-Scale Hierarchical Ubiquity', 'Feedforward AMPA', 'Feedforward Ascending Gamma', 'Feedforward Deviance Detection', 'Feedforward Error Propagation', 'Feedforward NMDA', 'Feedforward Non-local Activation', 'Feedforward Non-local Directed Connectivity', 'Feedforward Non-local Granular Activity (L4)', 'Feedforward Non-local Supragranular Activity (L2/3)', 'Hierarchical Activity Ubiquity', 'Hierarchical CSD Ubiquity', 'Hierarchical Mechanism Invariance', 'Hierarchical Order Stability', 'Hierarchical Presence (V1-PFC)', 'Interspecies Hierarchical Ubiquity', 'Population-Wide Ubiquity', 'State-Independent Ubiquity', 'Subcortical Feedforward Relaying', 'Temporal Stability of Ubiquity']; 'go_evaluations' has 12 keys, expected 36; 'go_evaluations' missing canonical factors: ['Absence of Feedback Error', 'Ascending Latency Shift', 'Canonical Microcircuit Ubiquity', 'Cross-Modal Ubiquity', 'Cross-Scale Hierarchical Ubiquity', 'Feedforward AMPA', 'Feedforward Ascending Gamma', 'Feedforward Deviance Detection', 'Feedforward Error Propagation', 'Feedforward NMDA', 'Feedforward Non-local Activation', 'Feedforward Non-local Directed Connectivity', 'Feedforward Non-local Granular Activity (L4)', 'Feedforward Non-local Supragranular Activity (L2/3)', 'Hierarchical Activity Ubiquity', 'Hierarchical CSD Ubiquity', 'Hierarchical Mechanism Invariance', 'Hierarchical Order Stability', 'Hierarchical Presence (V1-PFC)', 'Interspecies Hierarchical Ubiquity', 'Population-Wide Ubiquity', 'State-Independent Ubiquity', 'Subcortical Feedforward Relaying', 'Temporal Stability of Ubiquity']",
Bastos2020__phi-4-reasoning-plus__T070__R01,Bastos2020,phi-4-reasoning-plus,phi-4-reasoning-plus,0.70,0.90,0.10,1,RECOVERED,1,content/202608_temp/raw/Bastos2020__phi-4-reasoning-plus__T070__R01.json,recovered,"'lo_evaluations' has 12 keys, expected 36; 'lo_evaluations' missing canonical factors: ['Absence of Feedback Error', 'Ascending Latency Shift', 'Canonical Microcircuit Ubiquity', 'Cross-Modal Ubiquity', 'Cross-Scale Hierarchical Ubiquity', 'Feedforward AMPA', 'Feedforward Ascending Gamma', 'Feedforward Deviance Detection', 'Feedforward Error Propagation', 'Feedforward NMDA', 'Feedforward Non-local Activation', 'Feedforward Non-local Directed Connectivity', 'Feedforward Non-local Granular Activity (L4)', 'Feedforward Non-local Supragranular Activity (L2/3)', 'Hierarchical Activity Ubiquity', 'Hierarchical CSD Ubiquity', 'Hierarchical Mechanism Invariance', 'Hierarchical Order Stability', 'Hierarchical Presence (V1-PFC)', 'Interspecies Hierarchical Ubiquity', 'Population-Wide Ubiquity', 'State-Independent Ubiquity', 'Subcortical Feedforward Relaying', 'Temporal Stability of Ubiquity']; 'go_evaluations' has 12 keys, expected 36; 'go_evaluations' missing canonical factors: ['Absence of Feedback Error', 'Ascending Latency Shift', 'Canonical Microcircuit Ubiquity', 'Cross-Modal Ubiquity', 'Cross-Scale Hierarchical Ubiquity', 'Feedforward AMPA', 'Feedforward Ascending Gamma', 'Feedforward Deviance Detection', 'Feedforward Error Propagation', 'Feedforward NMDA', 'Feedforward Non-local Activation', 'Feedforward Non-local Directed Connectivity', 'Feedforward Non-local Granular Activity (L4)', 'Feedforward Non-local Supragranular Activity (L2/3)', 'Hierarchical Activity Ubiquity', 'Hierarchical CSD Ubiquity', 'Hierarchical Mechanism Invariance', 'Hierarchical Order Stability', 'Hierarchical Presence (V1-PFC)', 'Interspecies Hierarchical Ubiquity', 'Population-Wide Ubiquity', 'State-Independent Ubiquity', 'Subcortical Feedforward Relaying', 'Temporal Stability of Ubiquity']",
Bastos2020__phi-4-reasoning-plus__T070__R02,Bastos2020,phi-4-reasoning-plus,phi-4-reasoning-plus,0.70,0.90,0.10,2,UNRECOVERABLE,1,content/202608_temp/raw/Bastos2020__phi-4-reasoning-plus__T070__R02.json,unrecoverable,Failed all rescue parser stages,
Bastos2020__phi-4-reasoning-plus__T070__R03,Bastos2020,phi-4-reasoning-plus,phi-4-reasoning-plus,0.70,0.90,0.10,3,RECOVERED,1,content/202608_temp/raw/Bastos2020__phi-4-reasoning-plus__T070__R03.json,recovered,"'lo_evaluations' has 12 keys, expected 36; 'lo_evaluations' missing canonical factors: ['Absence of Feedback Error', 'Ascending Latency Shift', 'Canonical Microcircuit Ubiquity', 'Cross-Modal Ubiquity', 'Cross-Scale Hierarchical Ubiquity', 'Feedforward AMPA', 'Feedforward Ascending Gamma', 'Feedforward Deviance Detection', 'Feedforward Error Propagation', 'Feedforward NMDA', 'Feedforward Non-local Activation', 'Feedforward Non-local Directed Connectivity', 'Feedforward Non-local Granular Activity (L4)', 'Feedforward Non-local Supragranular Activity (L2/3)', 'Hierarchical Activity Ubiquity', 'Hierarchical CSD Ubiquity', 'Hierarchical Mechanism Invariance', 'Hierarchical Order Stability', 'Hierarchical Presence (V1-PFC)', 'Interspecies Hierarchical Ubiquity', 'Population-Wide Ubiquity', 'State-Independent Ubiquity', 'Subcortical Feedforward Relaying', 'Temporal Stability of Ubiquity']; 'go_evaluations' has 12 keys, expected 36; 'go_evaluations' missing canonical factors: ['Absence of Feedback Error', 'Ascending Latency Shift', 'Canonical Microcircuit Ubiquity', 'Cross-Modal Ubiquity', 'Cross-Scale Hierarchical Ubiquity', 'Feedforward AMPA', 'Feedforward Ascending Gamma', 'Feedforward Deviance Detection', 'Feedforward Error Propagation', 'Feedforward NMDA', 'Feedforward Non-local Activation', 'Feedforward Non-local Directed Connectivity', 'Feedforward Non-local Granular Activity (L4)', 'Feedforward Non-local Supragranular Activity (L2/3)', 'Hierarchical Activity Ubiquity', 'Hierarchical CSD Ubiquity', 'Hierarchical Mechanism Invariance', 'Hierarchical Order Stability', 'Hierarchical Presence (V1-PFC)', 'Interspecies Hierarchical Ubiquity', 'Population-Wide Ubiquity', 'State-Independent Ubiquity', 'Subcortical Feedforward Relaying', 'Temporal Stability of Ubiquity']",
Bekinschtein2009__olmo-3-32b-think__T000__R01,Bekinschtein2009,olmo-3-32b-think,olmo-3-32b-think,0.00,0.90,0.10,1,RECOVERED,1,content/202608_temp/raw/Bekinschtein2009__olmo-3-32b-think__T000__R01.json,recovered,"'lo_evaluations' has 35 keys, expected 36; 'lo_evaluations' missing canonical factors: ['Absence of Feedback Error', 'Activity Suppression', 'Alpha/Beta Mediated Suppression', 'Ascending Latency Shift', 'Canonical Microcircuit Ubiquity', 'Cross-Modal Ubiquity', 'Cross-Scale Hierarchical Ubiquity', 'Divisive Inhibition (PV)', 'E/I Balance Shift', 'Feedforward AMPA', 'Feedforward Ascending Gamma', 'Feedforward Deviance Detection', 'Feedforward Error Propagation', 'Feedforward NMDA', 'Feedforward Non-local Activation', 'Feedforward Non-local Directed Connectivity', 'Feedforward Non-local Granular Activity (L4)', 'Feedforward Non-local Supragranular Activity (L2/3)', 'Habituation to Sequence', 'Hierarchical Activity Ubiquity', 'Hierarchical CSD Ubiquity', 'Hierarchical Mechanism Invariance', 'Hierarchical Order Stability', 'Hierarchical Presence (V1-PFC)', 'Inhibition (GABA)', 'Interspecies Hierarchical Ubiquity', 'Omission Response', 'Population-Wide Ubiquity', 'Precision Weighting (Gain)', 'Selective Sharpening', 'State-Independent Ubiquity', 'Subcortical Feedforward Relaying', 'Subtractive Inhibition (SST)', 'Synaptic Depression (Adaptation)', 'Temporal Stability of Ubiquity', 'VIP-Mediated Disinhibition']; 'lo_evaluations' has unknown factor keys: ['1', '10', '11', '13', '14', '15', '16', '17', '18', '19', '2', '20', '21', '22', '23', '24', '25', '26', '27', '28', '29', '3', '30', '31', '32', '33', '34', '35', '36', '4', '5', '6', '7', '8', '9']; 'go_evaluations' has 35 keys, expected 36; 'go_evaluations' missing canonical factors: ['Absence of Feedback Error', 'Activity Suppression', 'Alpha/Beta Mediated Suppression', 'Ascending Latency Shift', 'Canonical Microcircuit Ubiquity', 'Cross-Modal Ubiquity', 'Cross-Scale Hierarchical Ubiquity', 'Divisive Inhibition (PV)', 'E/I Balance Shift', 'Feedforward AMPA', 'Feedforward Ascending Gamma', 'Feedforward Deviance Detection', 'Feedforward Error Propagation', 'Feedforward NMDA', 'Feedforward Non-local Activation', 'Feedforward Non-local Directed Connectivity', 'Feedforward Non-local Granular Activity (L4)', 'Feedforward Non-local Supragranular Activity (L2/3)', 'Habituation to Sequence', 'Hierarchical Activity Ubiquity', 'Hierarchical CSD Ubiquity', 'Hierarchical Mechanism Invariance', 'Hierarchical Order Stability', 'Hierarchical Presence (V1-PFC)', 'Inhibition (GABA)', 'Interspecies Hierarchical Ubiquity', 'Omission Response', 'Population-Wide Ubiquity', 'Precision Weighting (Gain)', 'Selective Sharpening', 'State-Independent Ubiquity', 'Subcortical Feedforward Relaying', 'Subtractive Inhibition (SST)', 'Synaptic Depression (Adaptation)', 'Temporal Stability of Ubiquity', 'VIP-Mediated Disinhibition']; 'go_evaluations' has unknown factor keys: ['1', '10', '11', '13', '14', '15', '16', '17', '18', '19', '2', '20', '21', '22', '23', '24', '25', '26', '27', '28', '29', '3', '30', '31', '32', '33', '34', '35', '36', '4', '5', '6', '7', '8', '9']",
Bekinschtein2009__olmo-3-32b-think__T000__R02,Bekinschtein2009,olmo-3-32b-think,olmo-3-32b-think,0.00,0.90,0.10,2,UNRECOVERABLE,1,content/202608_temp/raw/Bekinschtein2009__olmo-3-32b-think__T000__R02.json,unrecoverable,Failed all rescue parser stages,
Bekinschtein2009__olmo-3-32b-think__T000__R03,Bekinschtein2009,olmo-3-32b-think,olmo-3-32b-think,0.00,0.90,0.10,3,UNRECOVERABLE,1,content/202608_temp/raw/Bekinschtein2009__olmo-3-32b-think__T000__R03.json,unrecoverable,Failed all rescue parser stages,
Bekinschtein2009__olmo-3-32b-think__T035__R01,Bekinschtein2009,olmo-3-32b-think,olmo-3-32b-think,0.35,0.90,0.10,1,UNRECOVERABLE,1,content/202608_temp/raw/Bekinschtein2009__olmo-3-32b-think__T035__R01.json,unrecoverable,Failed all rescue parser stages,
Bekinschtein2009__olmo-3-32b-think__T035__R02,Bekinschtein2009,olmo-3-32b-think,olmo-3-32b-think,0.35,0.90,0.10,2,UNRECOVERABLE,1,content/202608_temp/raw/Bekinschtein2009__olmo-3-32b-think__T035__R02.json,unrecoverable,Failed all rescue parser stages,
Bekinschtein2009__olmo-3-32b-think__T035__R03,Bekinschtein2009,olmo-3-32b-think,olmo-3-32b-think,0.35,0.90,0.10,3,UNRECOVERABLE,1,content/202608_temp/raw/Bekinschtein2009__olmo-3-32b-think__T035__R03.json,unrecoverable,Failed all rescue parser stages,
Bekinschtein2009__olmo-3-32b-think__T070__R01,Bekinschtein2009,olmo-3-32b-think,olmo-3-32b-think,0.70,0.90,0.10,1,UNRECOVERABLE,3,content/202608_temp/raw/Bekinschtein2009__olmo-3-32b-think__T070__R01.json,unrecoverable,Failed all rescue parser stages,
Bekinschtein2009__olmo-3-32b-think__T070__R02,Bekinschtein2009,olmo-3-32b-think,olmo-3-32b-think,0.70,0.90,0.10,2,UNRECOVERABLE,3,content/202608_temp/raw/Bekinschtein2009__olmo-3-32b-think__T070__R02.json,unrecoverable,Failed all rescue parser stages,
Bekinschtein2009__olmo-3-32b-think__T070__R03,Bekinschtein2009,olmo-3-32b-think,olmo-3-32b-think,0.70,0.90,0.10,3,UNRECOVERABLE,3,content/202608_temp/raw/Bekinschtein2009__olmo-3-32b-think__T070__R03.json,unrecoverable,Failed all rescue parser stages,
Bekinschtein2009__gemma-4-31b-it__T000__R01,Bekinschtein2009,gemma-4-31b-it,gemma-4-31b-it,0.00,0.90,0.10,1,RECOVERED,3,content/202608_temp/raw/Bekinschtein2009__gemma-4-31b-it__T000__R01.json,recovered,"'lo_evaluations' missing canonical factors: ['Divisive Inhibition (PV)', 'Inhibition (GABA)', 'Subtractive Inhibition (SST)']; 'lo_evaluations' has unknown factor keys: ['GABA', 'PV', 'SST']; 'go_evaluations' missing canonical factors: ['Divisive Inhibition (PV)', 'Inhibition (GABA)', 'Subtractive Inhibition (SST)']; 'go_evaluations' has unknown factor keys: ['GABA', 'PV', 'SST']",
Bekinschtein2009__gemma-4-31b-it__T000__R02,Bekinschtein2009,gemma-4-31b-it,gemma-4-31b-it,0.00,0.90,0.10,2,RECOVERED,3,content/202608_temp/raw/Bekinschtein2009__gemma-4-31b-it__T000__R02.json,recovered,"'lo_evaluations' missing canonical factors: ['Divisive Inhibition (PV)', 'Inhibition (GABA)', 'Subtractive Inhibition (SST)']; 'lo_evaluations' has unknown factor keys: ['GABA', 'PV', 'SST']; 'go_evaluations' missing canonical factors: ['Divisive Inhibition (PV)', 'Inhibition (GABA)', 'Subtractive Inhibition (SST)']; 'go_evaluations' has unknown factor keys: ['GABA', 'PV', 'SST']",
Bekinschtein2009__gemma-4-31b-it__T000__R03,Bekinschtein2009,gemma-4-31b-it,gemma-4-31b-it,0.00,0.90,0.10,3,RECOVERED,3,content/202608_temp/raw/Bekinschtein2009__gemma-4-31b-it__T000__R03.json,recovered,"'lo_evaluations' missing canonical factors: ['Divisive Inhibition (PV)', 'Inhibition (GABA)', 'Subtractive Inhibition (SST)']; 'lo_evaluations' has unknown factor keys: ['GABA', 'PV', 'SST']; 'go_evaluations' missing canonical factors: ['Divisive Inhibition (PV)', 'Inhibition (GABA)', 'Subtractive Inhibition (SST)']; 'go_evaluations' has unknown factor keys: ['GABA', 'PV', 'SST']",
Bekinschtein2009__gemma-4-31b-it__T035__R01,Bekinschtein2009,gemma-4-31b-it,gemma-4-31b-it,0.35,0.90,0.10,1,RECOVERED,1,content/202608_temp/raw/Bekinschtein2009__gemma-4-31b-it__T035__R01.json,recovered,"'lo_evaluations' missing canonical factors: ['Divisive Inhibition (PV)', 'Inhibition (GABA)', 'Subtractive Inhibition (SST)']; 'lo_evaluations' has unknown factor keys: ['GABA', 'PV', 'SST']; 'go_evaluations' missing canonical factors: ['Divisive Inhibition (PV)', 'Inhibition (GABA)', 'Subtractive Inhibition (SST)']; 'go_evaluations' has unknown factor keys: ['GABA', 'PV', 'SST']",
Bekinschtein2009__gemma-4-31b-it__T035__R02,Bekinschtein2009,gemma-4-31b-it,gemma-4-31b-it,0.35,0.90,0.10,2,RECOVERED,1,content/202608_temp/raw/Bekinschtein2009__gemma-4-31b-it__T035__R02.json,recovered,"'lo_evaluations' missing canonical factors: ['Divisive Inhibition (PV)', 'Inhibition (GABA)', 'Subtractive Inhibition (SST)']; 'lo_evaluations' has unknown factor keys: ['GABA', 'PV', 'SST']; 'go_evaluations' missing canonical factors: ['Divisive Inhibition (PV)', 'Inhibition (GABA)', 'Subtractive Inhibition (SST)']; 'go_evaluations' has unknown factor keys: ['GABA', 'PV', 'SST']",
Bekinschtein2009__gemma-4-31b-it__T035__R03,Bekinschtein2009,gemma-4-31b-it,gemma-4-31b-it,0.35,0.90,0.10,3,RECOVERED,1,content/202608_temp/raw/Bekinschtein2009__gemma-4-31b-it__T035__R03.json,recovered,"'lo_evaluations' missing canonical factors: ['Divisive Inhibition (PV)', 'Inhibition (GABA)', 'Subtractive Inhibition (SST)']; 'lo_evaluations' has unknown factor keys: ['GABA', 'PV', 'SST']; 'go_evaluations' missing canonical factors: ['Divisive Inhibition (PV)', 'Inhibition (GABA)', 'Subtractive Inhibition (SST)']; 'go_evaluations' has unknown factor keys: ['GABA', 'PV', 'SST']",
Bekinschtein2009__gemma-4-31b-it__T070__R01,Bekinschtein2009,gemma-4-31b-it,gemma-4-31b-it,0.70,0.90,0.10,1,RECOVERED,1,content/202608_temp/raw/Bekinschtein2009__gemma-4-31b-it__T070__R01.json,recovered,"'lo_evaluations' missing canonical factors: ['Divisive Inhibition (PV)', 'Inhibition (GABA)', 'Subtractive Inhibition (SST)']; 'lo_evaluations' has unknown factor keys: ['GABA', 'PV', 'SST']; 'go_evaluations' missing canonical factors: ['Divisive Inhibition (PV)', 'Inhibition (GABA)', 'Subtractive Inhibition (SST)']; 'go_evaluations' has unknown factor keys: ['GABA', 'PV', 'SST']",
Bekinschtein2009__gemma-4-31b-it__T070__R02,Bekinschtein2009,gemma-4-31b-it,gemma-4-31b-it,0.70,0.90,0.10,2,RECOVERED,1,content/202608_temp/raw/Bekinschtein2009__gemma-4-31b-it__T070__R02.json,recovered,"'lo_evaluations' missing canonical factors: ['Divisive Inhibition (PV)', 'Inhibition (GABA)', 'Subtractive Inhibition (SST)']; 'lo_evaluations' has unknown factor keys: ['GABA', 'PV', 'SST']; 'go_evaluations' missing canonical factors: ['Divisive Inhibition (PV)', 'Inhibition (GABA)', 'Subtractive Inhibition (SST)']; 'go_evaluations' has unknown factor keys: ['GABA', 'PV', 'SST']",
Bekinschtein2009__gemma-4-31b-it__T070__R03,Bekinschtein2009,gemma-4-31b-it,gemma-4-31b-it,0.70,0.90,0.10,3,RECOVERED,1,content/202608_temp/raw/Bekinschtein2009__gemma-4-31b-it__T070__R03.json,recovered,"'lo_evaluations' missing canonical factors: ['Absence of Feedback Error', 'Activity Suppression', 'Alpha/Beta Mediated Suppression', 'Ascending Latency Shift', 'Canonical Microcircuit Ubiquity', 'Cross-Modal Ubiquity', 'Cross-Scale Hierarchical Ubiquity', 'Divisive Inhibition (PV)', 'E/I Balance Shift', 'Feedforward AMPA', 'Feedforward Ascending Gamma', 'Feedforward Deviance Detection', 'Feedforward Error Propagation', 'Feedforward NMDA', 'Feedforward Non-local Activation', 'Feedforward Non-local Directed Connectivity', 'Feedforward Non-local Granular Activity (L4)', 'Feedforward Non-local Supragranular Activity (L2/3)', 'Habituation to Sequence', 'Hierarchical Activity Ubiquity', 'Hierarchical CSD Ubiquity', 'Hierarchical Mechanism Invariance', 'Hierarchical Order Stability', 'Hierarchical Presence (V1-PFC)', 'Inhibition (GABA)', 'Interspecies Hierarchical Ubiquity', 'Omission Response', 'Population-Wide Ubiquity', 'Precision Weighting (Gain)', 'Selective Sharpening', 'State-Independent Ubiquity', 'Subcortical Feedforward Relaying', 'Subtractive Inhibition (SST)', 'Synaptic Depression (Adaptation)', 'Temporal Stability of Ubiquity', 'VIP-Mediated Disinhibition']; 'lo_evaluations' has unknown factor keys: ['1', '10', '11', '12', '13', '14', '15', '16', '17', '18', '19', '2', '20', '21', '22', '23', '24', '25', '26', '27', '28', '29', '3', '30', '31', '32', '33', '34', '35', '36', '4', '5', '6', '7', '8', '9']; 'go_evaluations' missing canonical factors: ['Absence of Feedback Error', 'Activity Suppression', 'Alpha/Beta Mediated Suppression', 'Ascending Latency Shift', 'Canonical Microcircuit Ubiquity', 'Cross-Modal Ubiquity', 'Cross-Scale Hierarchical Ubiquity', 'Divisive Inhibition (PV)', 'E/I Balance Shift', 'Feedforward AMPA', 'Feedforward Ascending Gamma', 'Feedforward Deviance Detection', 'Feedforward Error Propagation', 'Feedforward NMDA', 'Feedforward Non-local Activation', 'Feedforward Non-local Directed Connectivity', 'Feedforward Non-local Granular Activity (L4)', 'Feedforward Non-local Supragranular Activity (L2/3)', 'Habituation to Sequence', 'Hierarchical Activity Ubiquity', 'Hierarchical CSD Ubiquity', 'Hierarchical Mechanism Invariance', 'Hierarchical Order Stability', 'Hierarchical Presence (V1-PFC)', 'Inhibition (GABA)', 'Interspecies Hierarchical Ubiquity', 'Omission Response', 'Population-Wide Ubiquity', 'Precision Weighting (Gain)', 'Selective Sharpening', 'State-Independent Ubiquity', 'Subcortical Feedforward Relaying', 'Subtractive Inhibition (SST)', 'Synaptic Depression (Adaptation)', 'Temporal Stability of Ubiquity', 'VIP-Mediated Disinhibition']; 'go_evaluations' has unknown factor keys: ['1', '10', '11', '12', '13', '14', '15', '16', '17', '18', '19', '2', '20', '21', '22', '23', '24', '25', '26', '27', '28', '29', '3', '30', '31', '32', '33', '34', '35', '36', '4', '5', '6', '7', '8', '9']",
Bekinschtein2009__phi-4-reasoning-plus__T000__R01,Bekinschtein2009,phi-4-reasoning-plus,phi-4-reasoning-plus,0.00,0.90,0.10,1,RECOVERED,1,content/202608_temp/raw/Bekinschtein2009__phi-4-reasoning-plus__T000__R01.json,recovered,"'lo_evaluations' missing canonical factors: ['Absence of Feedback Error', 'Activity Suppression', 'Alpha/Beta Mediated Suppression', 'Ascending Latency Shift', 'Canonical Microcircuit Ubiquity', 'Cross-Modal Ubiquity', 'Cross-Scale Hierarchical Ubiquity', 'Divisive Inhibition (PV)', 'E/I Balance Shift', 'Feedforward AMPA', 'Feedforward Ascending Gamma', 'Feedforward Deviance Detection', 'Feedforward Error Propagation', 'Feedforward NMDA', 'Feedforward Non-local Activation', 'Feedforward Non-local Directed Connectivity', 'Feedforward Non-local Granular Activity (L4)', 'Feedforward Non-local Supragranular Activity (L2/3)', 'Habituation to Sequence', 'Hierarchical Activity Ubiquity', 'Hierarchical CSD Ubiquity', 'Hierarchical Mechanism Invariance', 'Hierarchical Order Stability', 'Hierarchical Presence (V1-PFC)', 'Inhibition (GABA)', 'Interspecies Hierarchical Ubiquity', 'Omission Response', 'Population-Wide Ubiquity', 'Precision Weighting (Gain)', 'Selective Sharpening', 'State-Independent Ubiquity', 'Subcortical Feedforward Relaying', 'Subtractive Inhibition (SST)', 'Synaptic Depression (Adaptation)', 'Temporal Stability of Ubiquity', 'VIP-Mediated Disinhibition']; 'lo_evaluations' has unknown factor keys: ['1', '10', '11', '12', '13', '14', '15', '16', '17', '18', '19', '2', '20', '21', '22', '23', '24', '25', '26', '27', '28', '29', '3', '30', '31', '32', '33', '34', '35', '36', '4', '5', '6', '7', '8', '9']; 'go_evaluations' missing canonical factors: ['Absence of Feedback Error', 'Activity Suppression', 'Alpha/Beta Mediated Suppression', 'Ascending Latency Shift', 'Canonical Microcircuit Ubiquity', 'Cross-Modal Ubiquity', 'Cross-Scale Hierarchical Ubiquity', 'Divisive Inhibition (PV)', 'E/I Balance Shift', 'Feedforward AMPA', 'Feedforward Ascending Gamma', 'Feedforward Deviance Detection', 'Feedforward Error Propagation', 'Feedforward NMDA', 'Feedforward Non-local Activation', 'Feedforward Non-local Directed Connectivity', 'Feedforward Non-local Granular Activity (L4)', 'Feedforward Non-local Supragranular Activity (L2/3)', 'Habituation to Sequence', 'Hierarchical Activity Ubiquity', 'Hierarchical CSD Ubiquity', 'Hierarchical Mechanism Invariance', 'Hierarchical Order Stability', 'Hierarchical Presence (V1-PFC)', 'Inhibition (GABA)', 'Interspecies Hierarchical Ubiquity', 'Omission Response', 'Population-Wide Ubiquity', 'Precision Weighting (Gain)', 'Selective Sharpening', 'State-Independent Ubiquity', 'Subcortical Feedforward Relaying', 'Subtractive Inhibition (SST)', 'Synaptic Depression (Adaptation)', 'Temporal Stability of Ubiquity', 'VIP-Mediated Disinhibition']; 'go_evaluations' has unknown factor keys: ['1', '10', '11', '12', '13', '14', '15', '16', '17', '18', '19', '2', '20', '21', '22', '23', '24', '25', '26', '27', '28', '29', '3', '30', '31', '32', '33', '34', '35', '36', '4', '5', '6', '7', '8', '9']",
Bekinschtein2009__phi-4-reasoning-plus__T000__R02,Bekinschtein2009,phi-4-reasoning-plus,phi-4-reasoning-plus,0.00,0.90,0.10,2,COMPLETE,1,content/202608_temp/raw/Bekinschtein2009__phi-4-reasoning-plus__T000__R02.json,valid,,
Bekinschtein2009__phi-4-reasoning-plus__T000__R03,Bekinschtein2009,phi-4-reasoning-plus,phi-4-reasoning-plus,0.00,0.90,0.10,3,RECOVERED,1,content/202608_temp/raw/Bekinschtein2009__phi-4-reasoning-plus__T000__R03.json,recovered,"'lo_evaluations' missing canonical factors: ['Absence of Feedback Error', 'Activity Suppression', 'Alpha/Beta Mediated Suppression', 'Ascending Latency Shift', 'Canonical Microcircuit Ubiquity', 'Cross-Modal Ubiquity', 'Cross-Scale Hierarchical Ubiquity', 'Divisive Inhibition (PV)', 'E/I Balance Shift', 'Feedforward AMPA', 'Feedforward Ascending Gamma', 'Feedforward Deviance Detection', 'Feedforward Error Propagation', 'Feedforward NMDA', 'Feedforward Non-local Activation', 'Feedforward Non-local Directed Connectivity', 'Feedforward Non-local Granular Activity (L4)', 'Feedforward Non-local Supragranular Activity (L2/3)', 'Habituation to Sequence', 'Hierarchical Activity Ubiquity', 'Hierarchical CSD Ubiquity', 'Hierarchical Mechanism Invariance', 'Hierarchical Order Stability', 'Hierarchical Presence (V1-PFC)', 'Inhibition (GABA)', 'Interspecies Hierarchical Ubiquity', 'Omission Response', 'Population-Wide Ubiquity', 'Precision Weighting (Gain)', 'Selective Sharpening', 'State-Independent Ubiquity', 'Subcortical Feedforward Relaying', 'Subtractive Inhibition (SST)', 'Synaptic Depression (Adaptation)', 'Temporal Stability of Ubiquity', 'VIP-Mediated Disinhibition']; 'lo_evaluations' has unknown factor keys: ['1', '10', '11', '12', '13', '14', '15', '16', '17', '18', '19', '2', '20', '21', '22', '23', '24', '25', '26', '27', '28', '29', '3', '30', '31', '32', '33', '34', '35', '36', '4', '5', '6', '7', '8', '9']; 'go_evaluations' missing canonical factors: ['Absence of Feedback Error', 'Activity Suppression', 'Alpha/Beta Mediated Suppression', 'Ascending Latency Shift', 'Canonical Microcircuit Ubiquity', 'Cross-Modal Ubiquity', 'Cross-Scale Hierarchical Ubiquity', 'Divisive Inhibition (PV)', 'E/I Balance Shift', 'Feedforward AMPA', 'Feedforward Ascending Gamma', 'Feedforward Deviance Detection', 'Feedforward Error Propagation', 'Feedforward NMDA', 'Feedforward Non-local Activation', 'Feedforward Non-local Directed Connectivity', 'Feedforward Non-local Granular Activity (L4)', 'Feedforward Non-local Supragranular Activity (L2/3)', 'Habituation to Sequence', 'Hierarchical Activity Ubiquity', 'Hierarchical CSD Ubiquity', 'Hierarchical Mechanism Invariance', 'Hierarchical Order Stability', 'Hierarchical Presence (V1-PFC)', 'Inhibition (GABA)', 'Interspecies Hierarchical Ubiquity', 'Omission Response', 'Population-Wide Ubiquity', 'Precision Weighting (Gain)', 'Selective Sharpening', 'State-Independent Ubiquity', 'Subcortical Feedforward Relaying', 'Subtractive Inhibition (SST)', 'Synaptic Depression (Adaptation)', 'Temporal Stability of Ubiquity', 'VIP-Mediated Disinhibition']; 'go_evaluations' has unknown factor keys: ['1', '10', '11', '12', '13', '14', '15', '16', '17', '18', '19', '2', '20', '21', '22', '23', '24', '25', '26', '27', '28', '29', '3', '30', '31', '32', '33', '34', '35', '36', '4', '5', '6', '7', '8', '9']",
Bekinschtein2009__phi-4-reasoning-plus__T035__R01,Bekinschtein2009,phi-4-reasoning-plus,phi-4-reasoning-plus,0.35,0.90,0.10,1,UNRECOVERABLE,1,content/202608_temp/raw/Bekinschtein2009__phi-4-reasoning-plus__T035__R01.json,unrecoverable,Failed all rescue parser stages,
Bekinschtein2009__phi-4-reasoning-plus__T035__R02,Bekinschtein2009,phi-4-reasoning-plus,phi-4-reasoning-plus,0.35,0.90,0.10,2,UNRECOVERABLE,1,content/202608_temp/raw/Bekinschtein2009__phi-4-reasoning-plus__T035__R02.json,unrecoverable,Failed all rescue parser stages,
Bekinschtein2009__phi-4-reasoning-plus__T035__R03,Bekinschtein2009,phi-4-reasoning-plus,phi-4-reasoning-plus,0.35,0.90,0.10,3,UNRECOVERABLE,1,content/202608_temp/raw/Bekinschtein2009__phi-4-reasoning-plus__T035__R03.json,unrecoverable,Failed all rescue parser stages,
Bekinschtein2009__phi-4-reasoning-plus__T070__R01,Bekinschtein2009,phi-4-reasoning-plus,phi-4-reasoning-plus,0.70,0.90,0.10,1,UNRECOVERABLE,1,content/202608_temp/raw/Bekinschtein2009__phi-4-reasoning-plus__T070__R01.json,unrecoverable,Failed all rescue parser stages,
Bekinschtein2009__phi-4-reasoning-plus__T070__R02,Bekinschtein2009,phi-4-reasoning-plus,phi-4-reasoning-plus,0.70,0.90,0.10,2,UNRECOVERABLE,1,content/202608_temp/raw/Bekinschtein2009__phi-4-reasoning-plus__T070__R02.json,unrecoverable,Failed all rescue parser stages,
Bekinschtein2009__phi-4-reasoning-plus__T070__R03,Bekinschtein2009,phi-4-reasoning-plus,phi-4-reasoning-plus,0.70,0.90,0.10,3,UNRECOVERABLE,1,content/202608_temp/raw/Bekinschtein2009__phi-4-reasoning-plus__T070__R03.json,unrecoverable,Failed all rescue parser stages,
Chao2018__olmo-3-32b-think__T000__R01,Chao2018,olmo-3-32b-think,olmo-3-32b-think,0.00,0.90,0.10,1,UNRECOVERABLE,1,content/202608_temp/raw/Chao2018__olmo-3-32b-think__T000__R01.json,unrecoverable,Failed all rescue parser stages,
Chao2018__olmo-3-32b-think__T000__R02,Chao2018,olmo-3-32b-think,olmo-3-32b-think,0.00,0.90,0.10,2,RECOVERED,1,content/202608_temp/raw/Chao2018__olmo-3-32b-think__T000__R02.json,recovered,"Missing required top-level field: 'first_author'; Missing required top-level field: 'publication_year'; Missing required top-level field: 'study_type'; Missing required top-level field: 'agent_name'; Missing required top-level field: 'reasoning_log_text'; 'lo_evaluations' has 24 keys, expected 36; 'lo_evaluations' missing canonical factors: ['Absence of Feedback Error', 'Activity Suppression', 'Alpha/Beta Mediated Suppression', 'Ascending Latency Shift', 'Canonical Microcircuit Ubiquity', 'Cross-Modal Ubiquity', 'Cross-Scale Hierarchical Ubiquity', 'Divisive Inhibition (PV)', 'E/I Balance Shift', 'Feedforward AMPA', 'Feedforward Ascending Gamma', 'Feedforward Deviance Detection', 'Feedforward Error Propagation', 'Feedforward NMDA', 'Feedforward Non-local Activation', 'Feedforward Non-local Directed Connectivity', 'Feedforward Non-local Granular Activity (L4)', 'Feedforward Non-local Supragranular Activity (L2/3)', 'Habituation to Sequence', 'Hierarchical Activity Ubiquity', 'Hierarchical CSD Ubiquity', 'Hierarchical Mechanism Invariance', 'Hierarchical Order Stability', 'Hierarchical Presence (V1-PFC)', 'Inhibition (GABA)', 'Interspecies Hierarchical Ubiquity', 'Omission Response', 'Population-Wide Ubiquity', 'Precision Weighting (Gain)', 'Selective Sharpening', 'State-Independent Ubiquity', 'Subcortical Feedforward Relaying', 'Subtractive Inhibition (SST)', 'Synaptic Depression (Adaptation)', 'Temporal Stability of Ubiquity', 'VIP-Mediated Disinhibition']; 'lo_evaluations' has unknown factor keys: ['1', '10', '11', '12', '13', '14', '15', '16', '17', '18', '19', '2', '20', '21', '22', '23', '24', '3', '4', '5', '6', '7', '8', '9']; 'go_evaluations' has 12 keys, expected 36; 'go_evaluations' missing canonical factors: ['Absence of Feedback Error', 'Activity Suppression', 'Alpha/Beta Mediated Suppression', 'Ascending Latency Shift', 'Canonical Microcircuit Ubiquity', 'Cross-Modal Ubiquity', 'Cross-Scale Hierarchical Ubiquity', 'Divisive Inhibition (PV)', 'E/I Balance Shift', 'Feedforward AMPA', 'Feedforward Ascending Gamma', 'Feedforward Deviance Detection', 'Feedforward Error Propagation', 'Feedforward NMDA', 'Feedforward Non-local Activation', 'Feedforward Non-local Directed Connectivity', 'Feedforward Non-local Granular Activity (L4)', 'Feedforward Non-local Supragranular Activity (L2/3)', 'Habituation to Sequence', 'Hierarchical Activity Ubiquity', 'Hierarchical CSD Ubiquity', 'Hierarchical Mechanism Invariance', 'Hierarchical Order Stability', 'Hierarchical Presence (V1-PFC)', 'Inhibition (GABA)', 'Interspecies Hierarchical Ubiquity', 'Omission Response', 'Population-Wide Ubiquity', 'Precision Weighting (Gain)', 'Selective Sharpening', 'State-Independent Ubiquity', 'Subcortical Feedforward Relaying', 'Subtractive Inhibition (SST)', 'Synaptic Depression (Adaptation)', 'Temporal Stability of Ubiquity', 'VIP-Mediated Disinhibition']; 'go_evaluations' has unknown factor keys: ['25', '26', '27', '28', '29', '30', '31', '32', '33', '34', '35', '36']",
Chao2018__olmo-3-32b-think__T000__R03,Chao2018,olmo-3-32b-think,olmo-3-32b-think,0.00,0.90,0.10,3,RECOVERED,1,content/202608_temp/raw/Chao2018__olmo-3-32b-think__T000__R03.json,recovered,"Missing required top-level field: 'first_author'; Missing required top-level field: 'publication_year'; Missing required top-level field: 'study_type'; Missing required top-level field: 'agent_name'; Missing required top-level field: 'reasoning_log_text'; 'lo_evaluations' has 24 keys, expected 36; 'lo_evaluations' missing canonical factors: ['Absence of Feedback Error', 'Activity Suppression', 'Alpha/Beta Mediated Suppression', 'Ascending Latency Shift', 'Canonical Microcircuit Ubiquity', 'Cross-Modal Ubiquity', 'Cross-Scale Hierarchical Ubiquity', 'Divisive Inhibition (PV)', 'E/I Balance Shift', 'Feedforward AMPA', 'Feedforward Ascending Gamma', 'Feedforward Deviance Detection', 'Feedforward Error Propagation', 'Feedforward NMDA', 'Feedforward Non-local Activation', 'Feedforward Non-local Directed Connectivity', 'Feedforward Non-local Granular Activity (L4)', 'Feedforward Non-local Supragranular Activity (L2/3)', 'Habituation to Sequence', 'Hierarchical Activity Ubiquity', 'Hierarchical CSD Ubiquity', 'Hierarchical Mechanism Invariance', 'Hierarchical Order Stability', 'Hierarchical Presence (V1-PFC)', 'Inhibition (GABA)', 'Interspecies Hierarchical Ubiquity', 'Omission Response', 'Population-Wide Ubiquity', 'Precision Weighting (Gain)', 'Selective Sharpening', 'State-Independent Ubiquity', 'Subcortical Feedforward Relaying', 'Subtractive Inhibition (SST)', 'Synaptic Depression (Adaptation)', 'Temporal Stability of Ubiquity', 'VIP-Mediated Disinhibition']; 'lo_evaluations' has unknown factor keys: ['1', '10', '11', '12', '13', '14', '15', '16', '17', '18', '19', '2', '20', '21', '22', '23', '24', '3', '4', '5', '6', '7', '8', '9']; 'go_evaluations' has 12 keys, expected 36; 'go_evaluations' missing canonical factors: ['Absence of Feedback Error', 'Activity Suppression', 'Alpha/Beta Mediated Suppression', 'Ascending Latency Shift', 'Canonical Microcircuit Ubiquity', 'Cross-Modal Ubiquity', 'Cross-Scale Hierarchical Ubiquity', 'Divisive Inhibition (PV)', 'E/I Balance Shift', 'Feedforward AMPA', 'Feedforward Ascending Gamma', 'Feedforward Deviance Detection', 'Feedforward Error Propagation', 'Feedforward NMDA', 'Feedforward Non-local Activation', 'Feedforward Non-local Directed Connectivity', 'Feedforward Non-local Granular Activity (L4)', 'Feedforward Non-local Supragranular Activity (L2/3)', 'Habituation to Sequence', 'Hierarchical Activity Ubiquity', 'Hierarchical CSD Ubiquity', 'Hierarchical Mechanism Invariance', 'Hierarchical Order Stability', 'Hierarchical Presence (V1-PFC)', 'Inhibition (GABA)', 'Interspecies Hierarchical Ubiquity', 'Omission Response', 'Population-Wide Ubiquity', 'Precision Weighting (Gain)', 'Selective Sharpening', 'State-Independent Ubiquity', 'Subcortical Feedforward Relaying', 'Subtractive Inhibition (SST)', 'Synaptic Depression (Adaptation)', 'Temporal Stability of Ubiquity', 'VIP-Mediated Disinhibition']; 'go_evaluations' has unknown factor keys: ['25', '26', '27', '28', '29', '30', '31', '32', '33', '34', '35', '36']",
Chao2018__olmo-3-32b-think__T035__R01,Chao2018,olmo-3-32b-think,olmo-3-32b-think,0.35,0.90,0.10,1,UNRECOVERABLE,1,content/202608_temp/raw/Chao2018__olmo-3-32b-think__T035__R01.json,unrecoverable,Failed all rescue parser stages,
Chao2018__olmo-3-32b-think__T035__R02,Chao2018,olmo-3-32b-think,olmo-3-32b-think,0.35,0.90,0.10,2,UNRECOVERABLE,1,content/202608_temp/raw/Chao2018__olmo-3-32b-think__T035__R02.json,unrecoverable,Failed all rescue parser stages,
Chao2018__olmo-3-32b-think__T035__R03,Chao2018,olmo-3-32b-think,olmo-3-32b-think,0.35,0.90,0.10,3,UNRECOVERABLE,1,content/202608_temp/raw/Chao2018__olmo-3-32b-think__T035__R03.json,unrecoverable,Failed all rescue parser stages,
Chao2018__olmo-3-32b-think__T070__R01,Chao2018,olmo-3-32b-think,olmo-3-32b-think,0.70,0.90,0.10,1,UNRECOVERABLE,3,content/202608_temp/raw/Chao2018__olmo-3-32b-think__T070__R01.json,unrecoverable,Failed all rescue parser stages,
Chao2018__olmo-3-32b-think__T070__R02,Chao2018,olmo-3-32b-think,olmo-3-32b-think,0.70,0.90,0.10,2,UNRECOVERABLE,3,content/202608_temp/raw/Chao2018__olmo-3-32b-think__T070__R02.json,unrecoverable,Failed all rescue parser stages,
Chao2018__olmo-3-32b-think__T070__R03,Chao2018,olmo-3-32b-think,olmo-3-32b-think,0.70,0.90,0.10,3,UNRECOVERABLE,3,content/202608_temp/raw/Chao2018__olmo-3-32b-think__T070__R03.json,unrecoverable,Failed all rescue parser stages,
Chao2018__gemma-4-31b-it__T000__R01,Chao2018,gemma-4-31b-it,gemma-4-31b-it,0.00,0.90,0.10,1,RECOVERED,3,content/202608_temp/raw/Chao2018__gemma-4-31b-it__T000__R01.json,recovered,"'lo_evaluations' missing canonical factors: ['Divisive Inhibition (PV)', 'Inhibition (GABA)', 'Subtractive Inhibition (SST)']; 'lo_evaluations' has unknown factor keys: ['GABA', 'PV', 'SST']; 'go_evaluations' missing canonical factors: ['Divisive Inhibition (PV)', 'Inhibition (GABA)', 'Subtractive Inhibition (SST)']; 'go_evaluations' has unknown factor keys: ['GABA', 'PV', 'SST']",
Chao2018__gemma-4-31b-it__T000__R02,Chao2018,gemma-4-31b-it,gemma-4-31b-it,0.00,0.90,0.10,2,RECOVERED,1,content/202608_temp/raw/Chao2018__gemma-4-31b-it__T000__R02.json,recovered,"'lo_evaluations' missing canonical factors: ['Divisive Inhibition (PV)', 'Inhibition (GABA)', 'Subtractive Inhibition (SST)']; 'lo_evaluations' has unknown factor keys: ['GABA', 'PV', 'SST']; 'go_evaluations' missing canonical factors: ['Divisive Inhibition (PV)', 'Inhibition (GABA)', 'Subtractive Inhibition (SST)']; 'go_evaluations' has unknown factor keys: ['GABA', 'PV', 'SST']",
Chao2018__gemma-4-31b-it__T000__R03,Chao2018,gemma-4-31b-it,gemma-4-31b-it,0.00,0.90,0.10,3,RECOVERED,1,content/202608_temp/raw/Chao2018__gemma-4-31b-it__T000__R03.json,recovered,"'lo_evaluations' missing canonical factors: ['Divisive Inhibition (PV)', 'Inhibition (GABA)', 'Subtractive Inhibition (SST)']; 'lo_evaluations' has unknown factor keys: ['GABA', 'PV', 'SST']; 'go_evaluations' missing canonical factors: ['Divisive Inhibition (PV)', 'Inhibition (GABA)', 'Subtractive Inhibition (SST)']; 'go_evaluations' has unknown factor keys: ['GABA', 'PV', 'SST']",
Chao2018__gemma-4-31b-it__T035__R01,Chao2018,gemma-4-31b-it,gemma-4-31b-it,0.35,0.90,0.10,1,RECOVERED,1,content/202608_temp/raw/Chao2018__gemma-4-31b-it__T035__R01.json,recovered,"'lo_evaluations' missing canonical factors: ['Divisive Inhibition (PV)', 'Inhibition (GABA)', 'Subtractive Inhibition (SST)']; 'lo_evaluations' has unknown factor keys: ['GABA', 'PV', 'SST']; 'go_evaluations' missing canonical factors: ['Divisive Inhibition (PV)', 'Inhibition (GABA)', 'Subtractive Inhibition (SST)']; 'go_evaluations' has unknown factor keys: ['GABA', 'PV', 'SST']",
Chao2018__gemma-4-31b-it__T035__R02,Chao2018,gemma-4-31b-it,gemma-4-31b-it,0.35,0.90,0.10,2,RECOVERED,1,content/202608_temp/raw/Chao2018__gemma-4-31b-it__T035__R02.json,recovered,"'lo_evaluations' missing canonical factors: ['Divisive Inhibition (PV)', 'Inhibition (GABA)', 'Subtractive Inhibition (SST)']; 'lo_evaluations' has unknown factor keys: ['GABA', 'PV', 'SST']; 'go_evaluations' missing canonical factors: ['Divisive Inhibition (PV)', 'Inhibition (GABA)', 'Subtractive Inhibition (SST)']; 'go_evaluations' has unknown factor keys: ['GABA', 'PV', 'SST']",
Chao2018__gemma-4-31b-it__T035__R03,Chao2018,gemma-4-31b-it,gemma-4-31b-it,0.35,0.90,0.10,3,RECOVERED,1,content/202608_temp/raw/Chao2018__gemma-4-31b-it__T035__R03.json,recovered,"'lo_evaluations' missing canonical factors: ['Divisive Inhibition (PV)', 'Inhibition (GABA)', 'Subtractive Inhibition (SST)']; 'lo_evaluations' has unknown factor keys: ['GABA', 'PV', 'SST']; 'go_evaluations' missing canonical factors: ['Divisive Inhibition (PV)', 'Inhibition (GABA)', 'Subtractive Inhibition (SST)']; 'go_evaluations' has unknown factor keys: ['GABA', 'PV', 'SST']",
Chao2018__gemma-4-31b-it__T070__R01,Chao2018,gemma-4-31b-it,gemma-4-31b-it,0.70,0.90,0.10,1,RECOVERED,1,content/202608_temp/raw/Chao2018__gemma-4-31b-it__T070__R01.json,recovered,"'lo_evaluations' missing canonical factors: ['Divisive Inhibition (PV)', 'Inhibition (GABA)', 'Subtractive Inhibition (SST)']; 'lo_evaluations' has unknown factor keys: ['GABA', 'PV', 'SST']; 'go_evaluations' missing canonical factors: ['Divisive Inhibition (PV)', 'Inhibition (GABA)', 'Subtractive Inhibition (SST)']; 'go_evaluations' has unknown factor keys: ['GABA', 'PV', 'SST']",
Chao2018__gemma-4-31b-it__T070__R02,Chao2018,gemma-4-31b-it,gemma-4-31b-it,0.70,0.90,0.10,2,RECOVERED,1,content/202608_temp/raw/Chao2018__gemma-4-31b-it__T070__R02.json,recovered,"'lo_evaluations' missing canonical factors: ['Divisive Inhibition (PV)', 'Inhibition (GABA)', 'Subtractive Inhibition (SST)']; 'lo_evaluations' has unknown factor keys: ['GABA', 'PV', 'SST']; 'go_evaluations' missing canonical factors: ['Divisive Inhibition (PV)', 'Inhibition (GABA)', 'Subtractive Inhibition (SST)']; 'go_evaluations' has unknown factor keys: ['GABA', 'PV', 'SST']",
Chao2018__gemma-4-31b-it__T070__R03,Chao2018,gemma-4-31b-it,gemma-4-31b-it,0.70,0.90,0.10,3,RECOVERED,1,content/202608_temp/raw/Chao2018__gemma-4-31b-it__T070__R03.json,recovered,"'lo_evaluations' missing canonical factors: ['Divisive Inhibition (PV)', 'Inhibition (GABA)', 'Subtractive Inhibition (SST)']; 'lo_evaluations' has unknown factor keys: ['GABA', 'PV', 'SST']; 'go_evaluations' missing canonical factors: ['Divisive Inhibition (PV)', 'Inhibition (GABA)', 'Subtractive Inhibition (SST)']; 'go_evaluations' has unknown factor keys: ['GABA', 'PV', 'SST']",
Chao2018__phi-4-reasoning-plus__T000__R01,Chao2018,phi-4-reasoning-plus,phi-4-reasoning-plus,0.00,0.90,0.10,1,RECOVERED,1,content/202608_temp/raw/Chao2018__phi-4-reasoning-plus__T000__R01.json,recovered,,
Chao2018__phi-4-reasoning-plus__T000__R02,Chao2018,phi-4-reasoning-plus,phi-4-reasoning-plus,0.00,0.90,0.10,2,UNRECOVERABLE,1,content/202608_temp/raw/Chao2018__phi-4-reasoning-plus__T000__R02.json,unrecoverable,Failed all rescue parser stages,
Chao2018__phi-4-reasoning-plus__T000__R03,Chao2018,phi-4-reasoning-plus,phi-4-reasoning-plus,0.00,0.90,0.10,3,UNRECOVERABLE,1,content/202608_temp/raw/Chao2018__phi-4-reasoning-plus__T000__R03.json,unrecoverable,Failed all rescue parser stages,
Chao2018__phi-4-reasoning-plus__T035__R01,Chao2018,phi-4-reasoning-plus,phi-4-reasoning-plus,0.35,0.90,0.10,1,UNRECOVERABLE,1,content/202608_temp/raw/Chao2018__phi-4-reasoning-plus__T035__R01.json,unrecoverable,Failed all rescue parser stages,
Chao2018__phi-4-reasoning-plus__T035__R02,Chao2018,phi-4-reasoning-plus,phi-4-reasoning-plus,0.35,0.90,0.10,2,UNRECOVERABLE,1,content/202608_temp/raw/Chao2018__phi-4-reasoning-plus__T035__R02.json,unrecoverable,Failed all rescue parser stages,
Chao2018__phi-4-reasoning-plus__T035__R03,Chao2018,phi-4-reasoning-plus,phi-4-reasoning-plus,0.35,0.90,0.10,3,RECOVERED,1,content/202608_temp/raw/Chao2018__phi-4-reasoning-plus__T035__R03.json,recovered,,
Chao2018__phi-4-reasoning-plus__T070__R01,Chao2018,phi-4-reasoning-plus,phi-4-reasoning-plus,0.70,0.90,0.10,1,UNRECOVERABLE,1,content/202608_temp/raw/Chao2018__phi-4-reasoning-plus__T070__R01.json,unrecoverable,Failed all rescue parser stages,
Chao2018__phi-4-reasoning-plus__T070__R02,Chao2018,phi-4-reasoning-plus,phi-4-reasoning-plus,0.70,0.90,0.10,2,UNRECOVERABLE,1,content/202608_temp/raw/Chao2018__phi-4-reasoning-plus__T070__R02.json,unrecoverable,Failed all rescue parser stages,
Chao2018__phi-4-reasoning-plus__T070__R03,Chao2018,phi-4-reasoning-plus,phi-4-reasoning-plus,0.70,0.90,0.10,3,UNRECOVERABLE,1,content/202608_temp/raw/Chao2018__phi-4-reasoning-plus__T070__R03.json,unrecoverable,Failed all rescue parser stages,
Friston2010__olmo-3-32b-think__T000__R01,Friston2010,olmo-3-32b-think,olmo-3-32b-think,0.00,0.90,0.10,1,RECOVERED,1,content/202608_temp/raw/Friston2010__olmo-3-32b-think__T000__R01.json,recovered,"Missing required top-level field: 'first_author'; Missing required top-level field: 'publication_year'; Missing required top-level field: 'study_type'; Missing required top-level field: 'agent_name'; Missing required top-level field: 'reasoning_log_text'; 'lo_evaluations' has 12 keys, expected 36; 'lo_evaluations' missing canonical factors: ['Absence of Feedback Error', 'Activity Suppression', 'Alpha/Beta Mediated Suppression', 'Ascending Latency Shift', 'Canonical Microcircuit Ubiquity', 'Cross-Modal Ubiquity', 'Cross-Scale Hierarchical Ubiquity', 'Divisive Inhibition (PV)', 'E/I Balance Shift', 'Feedforward AMPA', 'Feedforward Ascending Gamma', 'Feedforward Deviance Detection', 'Feedforward Error Propagation', 'Feedforward NMDA', 'Feedforward Non-local Activation', 'Feedforward Non-local Directed Connectivity', 'Feedforward Non-local Granular Activity (L4)', 'Feedforward Non-local Supragranular Activity (L2/3)', 'Habituation to Sequence', 'Hierarchical Activity Ubiquity', 'Hierarchical CSD Ubiquity', 'Hierarchical Mechanism Invariance', 'Hierarchical Order Stability', 'Hierarchical Presence (V1-PFC)', 'Inhibition (GABA)', 'Interspecies Hierarchical Ubiquity', 'Omission Response', 'Population-Wide Ubiquity', 'Precision Weighting (Gain)', 'Selective Sharpening', 'State-Independent Ubiquity', 'Subcortical Feedforward Relaying', 'Subtractive Inhibition (SST)', 'Synaptic Depression (Adaptation)', 'Temporal Stability of Ubiquity', 'VIP-Mediated Disinhibition']; 'lo_evaluations' has unknown factor keys: ['1', '10', '11', '12', '2', '3', '4', '5', '6', '7', '8', '9']; 'go_evaluations' has 12 keys, expected 36; 'go_evaluations' missing canonical factors: ['Absence of Feedback Error', 'Activity Suppression', 'Alpha/Beta Mediated Suppression', 'Ascending Latency Shift', 'Canonical Microcircuit Ubiquity', 'Cross-Modal Ubiquity', 'Cross-Scale Hierarchical Ubiquity', 'Divisive Inhibition (PV)', 'E/I Balance Shift', 'Feedforward AMPA', 'Feedforward Ascending Gamma', 'Feedforward Deviance Detection', 'Feedforward Error Propagation', 'Feedforward NMDA', 'Feedforward Non-local Activation', 'Feedforward Non-local Directed Connectivity', 'Feedforward Non-local Granular Activity (L4)', 'Feedforward Non-local Supragranular Activity (L2/3)', 'Habituation to Sequence', 'Hierarchical Activity Ubiquity', 'Hierarchical CSD Ubiquity', 'Hierarchical Mechanism Invariance', 'Hierarchical Order Stability', 'Hierarchical Presence (V1-PFC)', 'Inhibition (GABA)', 'Interspecies Hierarchical Ubiquity', 'Omission Response', 'Population-Wide Ubiquity', 'Precision Weighting (Gain)', 'Selective Sharpening', 'State-Independent Ubiquity', 'Subcortical Feedforward Relaying', 'Subtractive Inhibition (SST)', 'Synaptic Depression (Adaptation)', 'Temporal Stability of Ubiquity', 'VIP-Mediated Disinhibition']; 'go_evaluations' has unknown factor keys: ['13', '14', '15', '16', '17', '18', '19', '20', '21', '22', '23', '24']",
Friston2010__olmo-3-32b-think__T000__R02,Friston2010,olmo-3-32b-think,olmo-3-32b-think,0.00,0.90,0.10,2,UNRECOVERABLE,1,content/202608_temp/raw/Friston2010__olmo-3-32b-think__T000__R02.json,unrecoverable,Failed all rescue parser stages,
Friston2010__olmo-3-32b-think__T000__R03,Friston2010,olmo-3-32b-think,olmo-3-32b-think,0.00,0.90,0.10,3,UNRECOVERABLE,1,content/202608_temp/raw/Friston2010__olmo-3-32b-think__T000__R03.json,unrecoverable,Failed all rescue parser stages,
Friston2010__olmo-3-32b-think__T035__R01,Friston2010,olmo-3-32b-think,olmo-3-32b-think,0.35,0.90,0.10,1,UNRECOVERABLE,3,content/202608_temp/raw/Friston2010__olmo-3-32b-think__T035__R01.json,unrecoverable,Failed all rescue parser stages,
Friston2010__olmo-3-32b-think__T035__R02,Friston2010,olmo-3-32b-think,olmo-3-32b-think,0.35,0.90,0.10,2,UNRECOVERABLE,3,content/202608_temp/raw/Friston2010__olmo-3-32b-think__T035__R02.json,unrecoverable,Failed all rescue parser stages,
Friston2010__olmo-3-32b-think__T035__R03,Friston2010,olmo-3-32b-think,olmo-3-32b-think,0.35,0.90,0.10,3,UNRECOVERABLE,3,content/202608_temp/raw/Friston2010__olmo-3-32b-think__T035__R03.json,unrecoverable,Failed all rescue parser stages,
Friston2010__olmo-3-32b-think__T070__R01,Friston2010,olmo-3-32b-think,olmo-3-32b-think,0.70,0.90,0.10,1,UNRECOVERABLE,3,content/202608_temp/raw/Friston2010__olmo-3-32b-think__T070__R01.json,unrecoverable,Failed all rescue parser stages,
Friston2010__olmo-3-32b-think__T070__R02,Friston2010,olmo-3-32b-think,olmo-3-32b-think,0.70,0.90,0.10,2,UNRECOVERABLE,3,content/202608_temp/raw/Friston2010__olmo-3-32b-think__T070__R02.json,unrecoverable,Failed all rescue parser stages,
Friston2010__olmo-3-32b-think__T070__R03,Friston2010,olmo-3-32b-think,olmo-3-32b-think,0.70,0.90,0.10,3,UNRECOVERABLE,3,content/202608_temp/raw/Friston2010__olmo-3-32b-think__T070__R03.json,unrecoverable,Failed all rescue parser stages,
Friston2010__gemma-4-31b-it__T000__R01,Friston2010,gemma-4-31b-it,gemma-4-31b-it,0.00,0.90,0.10,1,RECOVERED,3,content/202608_temp/raw/Friston2010__gemma-4-31b-it__T000__R01.json,recovered,"'lo_evaluations' missing canonical factors: ['Divisive Inhibition (PV)', 'Inhibition (GABA)', 'Subtractive Inhibition (SST)']; 'lo_evaluations' has unknown factor keys: ['GABA', 'PV', 'SST']; 'go_evaluations' missing canonical factors: ['Divisive Inhibition (PV)', 'Inhibition (GABA)', 'Subtractive Inhibition (SST)']; 'go_evaluations' has unknown factor keys: ['GABA', 'PV', 'SST']",
Friston2010__gemma-4-31b-it__T000__R02,Friston2010,gemma-4-31b-it,gemma-4-31b-it,0.00,0.90,0.10,2,COMPLETE,1,content/202608_temp/raw/Friston2010__gemma-4-31b-it__T000__R02.json,valid,,
Friston2010__gemma-4-31b-it__T000__R03,Friston2010,gemma-4-31b-it,gemma-4-31b-it,0.00,0.90,0.10,3,COMPLETE,1,content/202608_temp/raw/Friston2010__gemma-4-31b-it__T000__R03.json,valid,,
Friston2010__gemma-4-31b-it__T035__R01,Friston2010,gemma-4-31b-it,gemma-4-31b-it,0.35,0.90,0.10,1,COMPLETE,1,content/202608_temp/raw/Friston2010__gemma-4-31b-it__T035__R01.json,valid,,
Friston2010__gemma-4-31b-it__T035__R02,Friston2010,gemma-4-31b-it,gemma-4-31b-it,0.35,0.90,0.10,2,COMPLETE,1,content/202608_temp/raw/Friston2010__gemma-4-31b-it__T035__R02.json,valid,,
Friston2010__gemma-4-31b-it__T035__R03,Friston2010,gemma-4-31b-it,gemma-4-31b-it,0.35,0.90,0.10,3,COMPLETE,1,content/202608_temp/raw/Friston2010__gemma-4-31b-it__T035__R03.json,valid,,
Friston2010__gemma-4-31b-it__T070__R01,Friston2010,gemma-4-31b-it,gemma-4-31b-it,0.70,0.90,0.10,1,RECOVERED,1,content/202608_temp/raw/Friston2010__gemma-4-31b-it__T070__R01.json,recovered,"'lo_evaluations' missing canonical factors: ['Divisive Inhibition (PV)', 'Inhibition (GABA)', 'Subtractive Inhibition (SST)']; 'lo_evaluations' has unknown factor keys: ['GABA', 'PV', 'SST']; 'go_evaluations' missing canonical factors: ['Divisive Inhibition (PV)', 'Inhibition (GABA)', 'Subtractive Inhibition (SST)']; 'go_evaluations' has unknown factor keys: ['GABA', 'PV', 'SST']",
Friston2010__gemma-4-31b-it__T070__R02,Friston2010,gemma-4-31b-it,gemma-4-31b-it,0.70,0.90,0.10,2,RECOVERED,1,content/202608_temp/raw/Friston2010__gemma-4-31b-it__T070__R02.json,recovered,"'lo_evaluations' missing canonical factors: ['Divisive Inhibition (PV)', 'Inhibition (GABA)', 'Subtractive Inhibition (SST)']; 'lo_evaluations' has unknown factor keys: ['GABA', 'PV', 'SST']; 'go_evaluations' missing canonical factors: ['Divisive Inhibition (PV)', 'Inhibition (GABA)', 'Subtractive Inhibition (SST)']; 'go_evaluations' has unknown factor keys: ['GABA', 'PV', 'SST']",
Friston2010__gemma-4-31b-it__T070__R03,Friston2010,gemma-4-31b-it,gemma-4-31b-it,0.70,0.90,0.10,3,RECOVERED,1,content/202608_temp/raw/Friston2010__gemma-4-31b-it__T070__R03.json,recovered,"'lo_evaluations' missing canonical factors: ['Divisive Inhibition (PV)', 'Inhibition (GABA)', 'Subtractive Inhibition (SST)']; 'lo_evaluations' has unknown factor keys: ['GABA', 'PV', 'SST']; 'go_evaluations' missing canonical factors: ['Divisive Inhibition (PV)', 'Inhibition (GABA)', 'Subtractive Inhibition (SST)']; 'go_evaluations' has unknown factor keys: ['GABA', 'PV', 'SST']",
Friston2010__phi-4-reasoning-plus__T000__R01,Friston2010,phi-4-reasoning-plus,phi-4-reasoning-plus,0.00,0.90,0.10,1,COMPLETE,1,content/202608_temp/raw/Friston2010__phi-4-reasoning-plus__T000__R01.json,valid,,
Friston2010__phi-4-reasoning-plus__T000__R02,Friston2010,phi-4-reasoning-plus,phi-4-reasoning-plus,0.00,0.90,0.10,2,COMPLETE,1,content/202608_temp/raw/Friston2010__phi-4-reasoning-plus__T000__R02.json,valid,,
Friston2010__phi-4-reasoning-plus__T000__R03,Friston2010,phi-4-reasoning-plus,phi-4-reasoning-plus,0.00,0.90,0.10,3,COMPLETE,1,content/202608_temp/raw/Friston2010__phi-4-reasoning-plus__T000__R03.json,valid,,
Friston2010__phi-4-reasoning-plus__T035__R01,Friston2010,phi-4-reasoning-plus,phi-4-reasoning-plus,0.35,0.90,0.10,1,RECOVERED,1,content/202608_temp/raw/Friston2010__phi-4-reasoning-plus__T035__R01.json,recovered,,
Friston2010__phi-4-reasoning-plus__T035__R02,Friston2010,phi-4-reasoning-plus,phi-4-reasoning-plus,0.35,0.90,0.10,2,UNRECOVERABLE,1,content/202608_temp/raw/Friston2010__phi-4-reasoning-plus__T035__R02.json,unrecoverable,Failed all rescue parser stages,
Friston2010__phi-4-reasoning-plus__T035__R03,Friston2010,phi-4-reasoning-plus,phi-4-reasoning-plus,0.35,0.90,0.10,3,UNRECOVERABLE,1,content/202608_temp/raw/Friston2010__phi-4-reasoning-plus__T035__R03.json,unrecoverable,Failed all rescue parser stages,
Friston2010__phi-4-reasoning-plus__T070__R01,Friston2010,phi-4-reasoning-plus,phi-4-reasoning-plus,0.70,0.90,0.10,1,RECOVERED,1,content/202608_temp/raw/Friston2010__phi-4-reasoning-plus__T070__R01.json,recovered,"'lo_evaluations' missing canonical factors: ['Absence of Feedback Error', 'Activity Suppression', 'Alpha/Beta Mediated Suppression', 'Ascending Latency Shift', 'Canonical Microcircuit Ubiquity', 'Cross-Modal Ubiquity', 'Cross-Scale Hierarchical Ubiquity', 'Divisive Inhibition (PV)', 'E/I Balance Shift', 'Feedforward AMPA', 'Feedforward Ascending Gamma', 'Feedforward Deviance Detection', 'Feedforward Error Propagation', 'Feedforward NMDA', 'Feedforward Non-local Activation', 'Feedforward Non-local Directed Connectivity', 'Feedforward Non-local Granular Activity (L4)', 'Feedforward Non-local Supragranular Activity (L2/3)', 'Habituation to Sequence', 'Hierarchical Activity Ubiquity', 'Hierarchical CSD Ubiquity', 'Hierarchical Mechanism Invariance', 'Hierarchical Order Stability', 'Hierarchical Presence (V1-PFC)', 'Inhibition (GABA)', 'Interspecies Hierarchical Ubiquity', 'Omission Response', 'Population-Wide Ubiquity', 'Precision Weighting (Gain)', 'Selective Sharpening', 'State-Independent Ubiquity', 'Subcortical Feedforward Relaying', 'Subtractive Inhibition (SST)', 'Synaptic Depression (Adaptation)', 'Temporal Stability of Ubiquity', 'VIP-Mediated Disinhibition']; 'lo_evaluations' has unknown factor keys: ['1', '10', '11', '12', '13', '14', '15', '16', '17', '18', '19', '2', '20', '21', '22', '23', '24', '25', '26', '27', '28', '29', '3', '30', '31', '32', '33', '34', '35', '36', '4', '5', '6', '7', '8', '9']; 'go_evaluations' missing canonical factors: ['Absence of Feedback Error', 'Activity Suppression', 'Alpha/Beta Mediated Suppression', 'Ascending Latency Shift', 'Canonical Microcircuit Ubiquity', 'Cross-Modal Ubiquity', 'Cross-Scale Hierarchical Ubiquity', 'Divisive Inhibition (PV)', 'E/I Balance Shift', 'Feedforward AMPA', 'Feedforward Ascending Gamma', 'Feedforward Deviance Detection', 'Feedforward Error Propagation', 'Feedforward NMDA', 'Feedforward Non-local Activation', 'Feedforward Non-local Directed Connectivity', 'Feedforward Non-local Granular Activity (L4)', 'Feedforward Non-local Supragranular Activity (L2/3)', 'Habituation to Sequence', 'Hierarchical Activity Ubiquity', 'Hierarchical CSD Ubiquity', 'Hierarchical Mechanism Invariance', 'Hierarchical Order Stability', 'Hierarchical Presence (V1-PFC)', 'Inhibition (GABA)', 'Interspecies Hierarchical Ubiquity', 'Omission Response', 'Population-Wide Ubiquity', 'Precision Weighting (Gain)', 'Selective Sharpening', 'State-Independent Ubiquity', 'Subcortical Feedforward Relaying', 'Subtractive Inhibition (SST)', 'Synaptic Depression (Adaptation)', 'Temporal Stability of Ubiquity', 'VIP-Mediated Disinhibition']; 'go_evaluations' has unknown factor keys: ['1', '10', '11', '12', '13', '14', '15', '16', '17', '18', '19', '2', '20', '21', '22', '23', '24', '25', '26', '27', '28', '29', '3', '30', '31', '32', '33', '34', '35', '36', '4', '5', '6', '7', '8', '9']",
Friston2010__phi-4-reasoning-plus__T070__R02,Friston2010,phi-4-reasoning-plus,phi-4-reasoning-plus,0.70,0.90,0.10,2,COMPLETE,1,content/202608_temp/raw/Friston2010__phi-4-reasoning-plus__T070__R02.json,valid,,
Friston2010__phi-4-reasoning-plus__T070__R03,Friston2010,phi-4-reasoning-plus,phi-4-reasoning-plus,0.70,0.90,0.10,3,UNRECOVERABLE,1,content/202608_temp/raw/Friston2010__phi-4-reasoning-plus__T070__R03.json,unrecoverable,Failed all rescue parser stages,
Furutachi2024__olmo-3-32b-think__T000__R01,Furutachi2024,olmo-3-32b-think,olmo-3-32b-think,0.00,0.90,0.10,1,UNRECOVERABLE,1,content/202608_temp/raw/Furutachi2024__olmo-3-32b-think__T000__R01.json,unrecoverable,Failed all rescue parser stages,
Furutachi2024__olmo-3-32b-think__T000__R02,Furutachi2024,olmo-3-32b-think,olmo-3-32b-think,0.00,0.90,0.10,2,UNRECOVERABLE,1,content/202608_temp/raw/Furutachi2024__olmo-3-32b-think__T000__R02.json,unrecoverable,Failed all rescue parser stages,
Furutachi2024__olmo-3-32b-think__T000__R03,Furutachi2024,olmo-3-32b-think,olmo-3-32b-think,0.00,0.90,0.10,3,UNRECOVERABLE,1,content/202608_temp/raw/Furutachi2024__olmo-3-32b-think__T000__R03.json,unrecoverable,Failed all rescue parser stages,
Furutachi2024__olmo-3-32b-think__T035__R01,Furutachi2024,olmo-3-32b-think,olmo-3-32b-think,0.35,0.90,0.10,1,UNRECOVERABLE,3,content/202608_temp/raw/Furutachi2024__olmo-3-32b-think__T035__R01.json,unrecoverable,Failed all rescue parser stages,
Furutachi2024__olmo-3-32b-think__T035__R02,Furutachi2024,olmo-3-32b-think,olmo-3-32b-think,0.35,0.90,0.10,2,UNRECOVERABLE,3,content/202608_temp/raw/Furutachi2024__olmo-3-32b-think__T035__R02.json,unrecoverable,Failed all rescue parser stages,
Furutachi2024__olmo-3-32b-think__T035__R03,Furutachi2024,olmo-3-32b-think,olmo-3-32b-think,0.35,0.90,0.10,3,UNRECOVERABLE,3,content/202608_temp/raw/Furutachi2024__olmo-3-32b-think__T035__R03.json,unrecoverable,Failed all rescue parser stages,
Furutachi2024__olmo-3-32b-think__T070__R01,Furutachi2024,olmo-3-32b-think,olmo-3-32b-think,0.70,0.90,0.10,1,UNRECOVERABLE,3,content/202608_temp/raw/Furutachi2024__olmo-3-32b-think__T070__R01.json,unrecoverable,Failed all rescue parser stages,
Furutachi2024__olmo-3-32b-think__T070__R02,Furutachi2024,olmo-3-32b-think,olmo-3-32b-think,0.70,0.90,0.10,2,UNRECOVERABLE,3,content/202608_temp/raw/Furutachi2024__olmo-3-32b-think__T070__R02.json,unrecoverable,Failed all rescue parser stages,
Furutachi2024__olmo-3-32b-think__T070__R03,Furutachi2024,olmo-3-32b-think,olmo-3-32b-think,0.70,0.90,0.10,3,UNRECOVERABLE,3,content/202608_temp/raw/Furutachi2024__olmo-3-32b-think__T070__R03.json,unrecoverable,Failed all rescue parser stages,
Furutachi2024__gemma-4-31b-it__T000__R01,Furutachi2024,gemma-4-31b-it,gemma-4-31b-it,0.00,0.90,0.10,1,RECOVERED,2,content/202608_temp/raw/Furutachi2024__gemma-4-31b-it__T000__R01.json,recovered,"'lo_evaluations' missing canonical factors: ['Divisive Inhibition (PV)', 'Inhibition (GABA)', 'Subtractive Inhibition (SST)']; 'lo_evaluations' has unknown factor keys: ['GABA', 'PV', 'SST']; 'go_evaluations' missing canonical factors: ['Divisive Inhibition (PV)', 'Inhibition (GABA)', 'Subtractive Inhibition (SST)']; 'go_evaluations' has unknown factor keys: ['GABA', 'PV', 'SST']",
Furutachi2024__gemma-4-31b-it__T000__R02,Furutachi2024,gemma-4-31b-it,gemma-4-31b-it,0.00,0.90,0.10,2,RECOVERED,2,content/202608_temp/raw/Furutachi2024__gemma-4-31b-it__T000__R02.json,recovered,"'lo_evaluations' missing canonical factors: ['Divisive Inhibition (PV)', 'Inhibition (GABA)', 'Subtractive Inhibition (SST)']; 'lo_evaluations' has unknown factor keys: ['GABA', 'PV', 'SST']; 'go_evaluations' missing canonical factors: ['Divisive Inhibition (PV)', 'Inhibition (GABA)', 'Subtractive Inhibition (SST)']; 'go_evaluations' has unknown factor keys: ['GABA', 'PV', 'SST']",
Furutachi2024__gemma-4-31b-it__T000__R03,Furutachi2024,gemma-4-31b-it,gemma-4-31b-it,0.00,0.90,0.10,3,RECOVERED,2,content/202608_temp/raw/Furutachi2024__gemma-4-31b-it__T000__R03.json,recovered,"'lo_evaluations' missing canonical factors: ['Divisive Inhibition (PV)', 'Inhibition (GABA)', 'Subtractive Inhibition (SST)']; 'lo_evaluations' has unknown factor keys: ['GABA', 'PV', 'SST']; 'go_evaluations' missing canonical factors: ['Divisive Inhibition (PV)', 'Inhibition (GABA)', 'Subtractive Inhibition (SST)']; 'go_evaluations' has unknown factor keys: ['GABA', 'PV', 'SST']",
Furutachi2024__gemma-4-31b-it__T035__R01,Furutachi2024,gemma-4-31b-it,gemma-4-31b-it,0.35,0.90,0.10,1,RECOVERED,1,content/202608_temp/raw/Furutachi2024__gemma-4-31b-it__T035__R01.json,recovered,"'lo_evaluations' missing canonical factors: ['Divisive Inhibition (PV)', 'Inhibition (GABA)', 'Subtractive Inhibition (SST)']; 'lo_evaluations' has unknown factor keys: ['GABA', 'PV', 'SST']; 'go_evaluations' missing canonical factors: ['Divisive Inhibition (PV)', 'Inhibition (GABA)', 'Subtractive Inhibition (SST)']; 'go_evaluations' has unknown factor keys: ['GABA', 'PV', 'SST']",
Furutachi2024__gemma-4-31b-it__T035__R02,Furutachi2024,gemma-4-31b-it,gemma-4-31b-it,0.35,0.90,0.10,2,RECOVERED,1,content/202608_temp/raw/Furutachi2024__gemma-4-31b-it__T035__R02.json,recovered,"'lo_evaluations' missing canonical factors: ['Divisive Inhibition (PV)', 'Subtractive Inhibition (SST)']; 'lo_evaluations' has unknown factor keys: ['PV', 'SST']; 'go_evaluations' missing canonical factors: ['Divisive Inhibition (PV)', 'Subtractive Inhibition (SST)']; 'go_evaluations' has unknown factor keys: ['PV', 'SST']",
Furutachi2024__gemma-4-31b-it__T035__R03,Furutachi2024,gemma-4-31b-it,gemma-4-31b-it,0.35,0.90,0.10,3,RECOVERED,1,content/202608_temp/raw/Furutachi2024__gemma-4-31b-it__T035__R03.json,recovered,"'lo_evaluations' missing canonical factors: ['Divisive Inhibition (PV)', 'Inhibition (GABA)', 'Subtractive Inhibition (SST)']; 'lo_evaluations' has unknown factor keys: ['GABA', 'PV', 'SST']; 'go_evaluations' missing canonical factors: ['Divisive Inhibition (PV)', 'Inhibition (GABA)', 'Subtractive Inhibition (SST)']; 'go_evaluations' has unknown factor keys: ['GABA', 'PV', 'SST']",
Furutachi2024__gemma-4-31b-it__T070__R01,Furutachi2024,gemma-4-31b-it,gemma-4-31b-it,0.70,0.90,0.10,1,RECOVERED,1,content/202608_temp/raw/Furutachi2024__gemma-4-31b-it__T070__R01.json,recovered,"'lo_evaluations' missing canonical factors: ['Divisive Inhibition (PV)', 'Subtractive Inhibition (SST)']; 'lo_evaluations' has unknown factor keys: ['PV', 'SST']; 'go_evaluations' missing canonical factors: ['Divisive Inhibition (PV)', 'Subtractive Inhibition (SST)']; 'go_evaluations' has unknown factor keys: ['PV', 'SST']",
Furutachi2024__gemma-4-31b-it__T070__R02,Furutachi2024,gemma-4-31b-it,gemma-4-31b-it,0.70,0.90,0.10,2,RECOVERED,1,content/202608_temp/raw/Furutachi2024__gemma-4-31b-it__T070__R02.json,recovered,"'lo_evaluations' missing canonical factors: ['Divisive Inhibition (PV)', 'Inhibition (GABA)', 'Subtractive Inhibition (SST)']; 'lo_evaluations' has unknown factor keys: ['GABA', 'PV', 'SST']; 'go_evaluations' missing canonical factors: ['Divisive Inhibition (PV)', 'Inhibition (GABA)', 'Subtractive Inhibition (SST)']; 'go_evaluations' has unknown factor keys: ['GABA', 'PV', 'SST']",
Furutachi2024__gemma-4-31b-it__T070__R03,Furutachi2024,gemma-4-31b-it,gemma-4-31b-it,0.70,0.90,0.10,3,RECOVERED,1,content/202608_temp/raw/Furutachi2024__gemma-4-31b-it__T070__R03.json,recovered,"'lo_evaluations' missing canonical factors: ['Divisive Inhibition (PV)', 'Subtractive Inhibition (SST)']; 'lo_evaluations' has unknown factor keys: ['PV', 'SST']; 'go_evaluations' missing canonical factors: ['Divisive Inhibition (PV)', 'Subtractive Inhibition (SST)']; 'go_evaluations' has unknown factor keys: ['PV', 'SST']",
Furutachi2024__phi-4-reasoning-plus__T000__R01,Furutachi2024,phi-4-reasoning-plus,phi-4-reasoning-plus,0.00,0.90,0.10,1,UNRECOVERABLE,1,content/202608_temp/raw/Furutachi2024__phi-4-reasoning-plus__T000__R01.json,unrecoverable,Failed all rescue parser stages,
Furutachi2024__phi-4-reasoning-plus__T000__R02,Furutachi2024,phi-4-reasoning-plus,phi-4-reasoning-plus,0.00,0.90,0.10,2,UNRECOVERABLE,1,content/202608_temp/raw/Furutachi2024__phi-4-reasoning-plus__T000__R02.json,unrecoverable,Failed all rescue parser stages,
Furutachi2024__phi-4-reasoning-plus__T000__R03,Furutachi2024,phi-4-reasoning-plus,phi-4-reasoning-plus,0.00,0.90,0.10,3,UNRECOVERABLE,1,content/202608_temp/raw/Furutachi2024__phi-4-reasoning-plus__T000__R03.json,unrecoverable,Failed all rescue parser stages,
Furutachi2024__phi-4-reasoning-plus__T035__R01,Furutachi2024,phi-4-reasoning-plus,phi-4-reasoning-plus,0.35,0.90,0.10,1,UNRECOVERABLE,1,content/202608_temp/raw/Furutachi2024__phi-4-reasoning-plus__T035__R01.json,unrecoverable,Failed all rescue parser stages,
Furutachi2024__phi-4-reasoning-plus__T035__R02,Furutachi2024,phi-4-reasoning-plus,phi-4-reasoning-plus,0.35,0.90,0.10,2,UNRECOVERABLE,1,content/202608_temp/raw/Furutachi2024__phi-4-reasoning-plus__T035__R02.json,unrecoverable,Failed all rescue parser stages,
Furutachi2024__phi-4-reasoning-plus__T035__R03,Furutachi2024,phi-4-reasoning-plus,phi-4-reasoning-plus,0.35,0.90,0.10,3,UNRECOVERABLE,1,content/202608_temp/raw/Furutachi2024__phi-4-reasoning-plus__T035__R03.json,unrecoverable,Failed all rescue parser stages,
Furutachi2024__phi-4-reasoning-plus__T070__R01,Furutachi2024,phi-4-reasoning-plus,phi-4-reasoning-plus,0.70,0.90,0.10,1,UNRECOVERABLE,1,content/202608_temp/raw/Furutachi2024__phi-4-reasoning-plus__T070__R01.json,unrecoverable,Failed all rescue parser stages,
Furutachi2024__phi-4-reasoning-plus__T070__R02,Furutachi2024,phi-4-reasoning-plus,phi-4-reasoning-plus,0.70,0.90,0.10,2,UNRECOVERABLE,1,content/202608_temp/raw/Furutachi2024__phi-4-reasoning-plus__T070__R02.json,unrecoverable,Failed all rescue parser stages,
Furutachi2024__phi-4-reasoning-plus__T070__R03,Furutachi2024,phi-4-reasoning-plus,phi-4-reasoning-plus,0.70,0.90,0.10,3,UNRECOVERABLE,1,content/202608_temp/raw/Furutachi2024__phi-4-reasoning-plus__T070__R03.json,unrecoverable,Failed all rescue parser stages,
Garret2020__olmo-3-32b-think__T000__R01,Garret2020,olmo-3-32b-think,olmo-3-32b-think,0.00,0.90,0.10,1,UNRECOVERABLE,1,content/202608_temp/raw/Garret2020__olmo-3-32b-think__T000__R01.json,unrecoverable,Failed all rescue parser stages,
Garret2020__olmo-3-32b-think__T000__R02,Garret2020,olmo-3-32b-think,olmo-3-32b-think,0.00,0.90,0.10,2,UNRECOVERABLE,1,content/202608_temp/raw/Garret2020__olmo-3-32b-think__T000__R02.json,unrecoverable,Failed all rescue parser stages,
Garret2020__olmo-3-32b-think__T000__R03,Garret2020,olmo-3-32b-think,olmo-3-32b-think,0.00,0.90,0.10,3,UNRECOVERABLE,1,content/202608_temp/raw/Garret2020__olmo-3-32b-think__T000__R03.json,unrecoverable,Failed all rescue parser stages,
Garret2020__olmo-3-32b-think__T035__R01,Garret2020,olmo-3-32b-think,olmo-3-32b-think,0.35,0.90,0.10,1,UNRECOVERABLE,3,content/202608_temp/raw/Garret2020__olmo-3-32b-think__T035__R01.json,unrecoverable,Failed all rescue parser stages,
Garret2020__olmo-3-32b-think__T035__R02,Garret2020,olmo-3-32b-think,olmo-3-32b-think,0.35,0.90,0.10,2,UNRECOVERABLE,3,content/202608_temp/raw/Garret2020__olmo-3-32b-think__T035__R02.json,unrecoverable,Failed all rescue parser stages,
Garret2020__olmo-3-32b-think__T035__R03,Garret2020,olmo-3-32b-think,olmo-3-32b-think,0.35,0.90,0.10,3,UNRECOVERABLE,3,content/202608_temp/raw/Garret2020__olmo-3-32b-think__T035__R03.json,unrecoverable,Failed all rescue parser stages,
Garret2020__olmo-3-32b-think__T070__R01,Garret2020,olmo-3-32b-think,olmo-3-32b-think,0.70,0.90,0.10,1,UNRECOVERABLE,3,content/202608_temp/raw/Garret2020__olmo-3-32b-think__T070__R01.json,unrecoverable,Failed all rescue parser stages,
Garret2020__olmo-3-32b-think__T070__R02,Garret2020,olmo-3-32b-think,olmo-3-32b-think,0.70,0.90,0.10,2,UNRECOVERABLE,3,content/202608_temp/raw/Garret2020__olmo-3-32b-think__T070__R02.json,unrecoverable,Failed all rescue parser stages,
Garret2020__olmo-3-32b-think__T070__R03,Garret2020,olmo-3-32b-think,olmo-3-32b-think,0.70,0.90,0.10,3,UNRECOVERABLE,3,content/202608_temp/raw/Garret2020__olmo-3-32b-think__T070__R03.json,unrecoverable,Failed all rescue parser stages,
Garret2020__gemma-4-31b-it__T000__R01,Garret2020,gemma-4-31b-it,gemma-4-31b-it,0.00,0.90,0.10,1,RECOVERED,2,content/202608_temp/raw/Garret2020__gemma-4-31b-it__T000__R01.json,recovered,"'lo_evaluations' missing canonical factors: ['Divisive Inhibition (PV)', 'Subtractive Inhibition (SST)']; 'lo_evaluations' has unknown factor keys: ['PV', 'SST']; 'go_evaluations' missing canonical factors: ['Divisive Inhibition (PV)', 'Subtractive Inhibition (SST)']; 'go_evaluations' has unknown factor keys: ['PV', 'SST']",
Garret2020__gemma-4-31b-it__T000__R02,Garret2020,gemma-4-31b-it,gemma-4-31b-it,0.00,0.90,0.10,2,RECOVERED,1,content/202608_temp/raw/Garret2020__gemma-4-31b-it__T000__R02.json,recovered,"'lo_evaluations' missing canonical factors: ['Divisive Inhibition (PV)', 'Subtractive Inhibition (SST)']; 'lo_evaluations' has unknown factor keys: ['PV', 'SST']; 'go_evaluations' missing canonical factors: ['Divisive Inhibition (PV)', 'Subtractive Inhibition (SST)']; 'go_evaluations' has unknown factor keys: ['PV', 'SST']",
Garret2020__gemma-4-31b-it__T000__R03,Garret2020,gemma-4-31b-it,gemma-4-31b-it,0.00,0.90,0.10,3,RECOVERED,2,content/202608_temp/raw/Garret2020__gemma-4-31b-it__T000__R03.json,recovered,"'lo_evaluations' missing canonical factors: ['Divisive Inhibition (PV)', 'Subtractive Inhibition (SST)']; 'lo_evaluations' has unknown factor keys: ['PV', 'SST']; 'go_evaluations' missing canonical factors: ['Divisive Inhibition (PV)', 'Subtractive Inhibition (SST)']; 'go_evaluations' has unknown factor keys: ['PV', 'SST']",
Garret2020__gemma-4-31b-it__T035__R01,Garret2020,gemma-4-31b-it,gemma-4-31b-it,0.35,0.90,0.10,1,RECOVERED,1,content/202608_temp/raw/Garret2020__gemma-4-31b-it__T035__R01.json,recovered,"'lo_evaluations' missing canonical factors: ['Divisive Inhibition (PV)', 'Subtractive Inhibition (SST)']; 'lo_evaluations' has unknown factor keys: ['PV', 'SST']; 'go_evaluations' missing canonical factors: ['Divisive Inhibition (PV)', 'Subtractive Inhibition (SST)']; 'go_evaluations' has unknown factor keys: ['PV', 'SST']",
Garret2020__gemma-4-31b-it__T035__R02,Garret2020,gemma-4-31b-it,gemma-4-31b-it,0.35,0.90,0.10,2,RECOVERED,1,content/202608_temp/raw/Garret2020__gemma-4-31b-it__T035__R02.json,recovered,"'lo_evaluations' missing canonical factors: ['Divisive Inhibition (PV)', 'Subtractive Inhibition (SST)']; 'lo_evaluations' has unknown factor keys: ['PV', 'SST']; 'go_evaluations' missing canonical factors: ['Divisive Inhibition (PV)', 'Subtractive Inhibition (SST)']; 'go_evaluations' has unknown factor keys: ['PV', 'SST']",
Garret2020__gemma-4-31b-it__T035__R03,Garret2020,gemma-4-31b-it,gemma-4-31b-it,0.35,0.90,0.10,3,RECOVERED,1,content/202608_temp/raw/Garret2020__gemma-4-31b-it__T035__R03.json,recovered,"'lo_evaluations' missing canonical factors: ['Divisive Inhibition (PV)', 'Subtractive Inhibition (SST)']; 'lo_evaluations' has unknown factor keys: ['PV', 'SST']; 'go_evaluations' missing canonical factors: ['Divisive Inhibition (PV)', 'Subtractive Inhibition (SST)']; 'go_evaluations' has unknown factor keys: ['PV', 'SST']",
Garret2020__gemma-4-31b-it__T070__R01,Garret2020,gemma-4-31b-it,gemma-4-31b-it,0.70,0.90,0.10,1,RECOVERED,1,content/202608_temp/raw/Garret2020__gemma-4-31b-it__T070__R01.json,recovered,"'lo_evaluations' missing canonical factors: ['Absence of Feedback Error', 'Activity Suppression', 'Alpha/Beta Mediated Suppression', 'Ascending Latency Shift', 'Canonical Microcircuit Ubiquity', 'Cross-Modal Ubiquity', 'Cross-Scale Hierarchical Ubiquity', 'Divisive Inhibition (PV)', 'E/I Balance Shift', 'Feedforward AMPA', 'Feedforward Ascending Gamma', 'Feedforward Deviance Detection', 'Feedforward Error Propagation', 'Feedforward NMDA', 'Feedforward Non-local Activation', 'Feedforward Non-local Directed Connectivity', 'Feedforward Non-local Granular Activity (L4)', 'Feedforward Non-local Supragranular Activity (L2/3)', 'Habituation to Sequence', 'Hierarchical Activity Ubiquity', 'Hierarchical CSD Ubiquity', 'Hierarchical Mechanism Invariance', 'Hierarchical Order Stability', 'Hierarchical Presence (V1-PFC)', 'Inhibition (GABA)', 'Interspecies Hierarchical Ubiquity', 'Omission Response', 'Population-Wide Ubiquity', 'Precision Weighting (Gain)', 'Selective Sharpening', 'State-Independent Ubiquity', 'Subcortical Feedforward Relaying', 'Subtractive Inhibition (SST)', 'Synaptic Depression (Adaptation)', 'Temporal Stability of Ubiquity', 'VIP-Mediated Disinhibition']; 'lo_evaluations' has unknown factor keys: ['1', '10', '11', '12', '13', '14', '15', '16', '17', '18', '19', '2', '20', '21', '22', '23', '24', '25', '26', '27', '28', '29', '3', '30', '31', '32', '33', '34', '35', '36', '4', '5', '6', '7', '8', '9']; 'go_evaluations' missing canonical factors: ['Absence of Feedback Error', 'Activity Suppression', 'Alpha/Beta Mediated Suppression', 'Ascending Latency Shift', 'Canonical Microcircuit Ubiquity', 'Cross-Modal Ubiquity', 'Cross-Scale Hierarchical Ubiquity', 'Divisive Inhibition (PV)', 'E/I Balance Shift', 'Feedforward AMPA', 'Feedforward Ascending Gamma', 'Feedforward Deviance Detection', 'Feedforward Error Propagation', 'Feedforward NMDA', 'Feedforward Non-local Activation', 'Feedforward Non-local Directed Connectivity', 'Feedforward Non-local Granular Activity (L4)', 'Feedforward Non-local Supragranular Activity (L2/3)', 'Habituation to Sequence', 'Hierarchical Activity Ubiquity', 'Hierarchical CSD Ubiquity', 'Hierarchical Mechanism Invariance', 'Hierarchical Order Stability', 'Hierarchical Presence (V1-PFC)', 'Inhibition (GABA)', 'Interspecies Hierarchical Ubiquity', 'Omission Response', 'Population-Wide Ubiquity', 'Precision Weighting (Gain)', 'Selective Sharpening', 'State-Independent Ubiquity', 'Subcortical Feedforward Relaying', 'Subtractive Inhibition (SST)', 'Synaptic Depression (Adaptation)', 'Temporal Stability of Ubiquity', 'VIP-Mediated Disinhibition']; 'go_evaluations' has unknown factor keys: ['1', '10', '11', '12', '13', '14', '15', '16', '17', '18', '19', '2', '20', '21', '22', '23', '24', '25', '26', '27', '28', '29', '3', '30', '31', '32', '33', '34', '35', '36', '4', '5', '6', '7', '8', '9']",
Garret2020__gemma-4-31b-it__T070__R02,Garret2020,gemma-4-31b-it,gemma-4-31b-it,0.70,0.90,0.10,2,RECOVERED,1,content/202608_temp/raw/Garret2020__gemma-4-31b-it__T070__R02.json,recovered,"'lo_evaluations' missing canonical factors: ['Divisive Inhibition (PV)', 'Subtractive Inhibition (SST)']; 'lo_evaluations' has unknown factor keys: ['PV', 'SST']; 'go_evaluations' missing canonical factors: ['Divisive Inhibition (PV)', 'Subtractive Inhibition (SST)']; 'go_evaluations' has unknown factor keys: ['PV', 'SST']",
Garret2020__gemma-4-31b-it__T070__R03,Garret2020,gemma-4-31b-it,gemma-4-31b-it,0.70,0.90,0.10,3,RECOVERED,1,content/202608_temp/raw/Garret2020__gemma-4-31b-it__T070__R03.json,recovered,"'lo_evaluations' missing canonical factors: ['Divisive Inhibition (PV)', 'Subtractive Inhibition (SST)']; 'lo_evaluations' has unknown factor keys: ['PV', 'SST']; 'go_evaluations' missing canonical factors: ['Divisive Inhibition (PV)', 'Subtractive Inhibition (SST)']; 'go_evaluations' has unknown factor keys: ['PV', 'SST']",
Garret2020__phi-4-reasoning-plus__T000__R01,Garret2020,phi-4-reasoning-plus,phi-4-reasoning-plus,0.00,0.90,0.10,1,UNRECOVERABLE,1,content/202608_temp/raw/Garret2020__phi-4-reasoning-plus__T000__R01.json,unrecoverable,Failed all rescue parser stages,
Garret2020__phi-4-reasoning-plus__T000__R02,Garret2020,phi-4-reasoning-plus,phi-4-reasoning-plus,0.00,0.90,0.10,2,COMPLETE,1,content/202608_temp/raw/Garret2020__phi-4-reasoning-plus__T000__R02.json,valid,,
Garret2020__phi-4-reasoning-plus__T000__R03,Garret2020,phi-4-reasoning-plus,phi-4-reasoning-plus,0.00,0.90,0.10,3,RECOVERED,1,content/202608_temp/raw/Garret2020__phi-4-reasoning-plus__T000__R03.json,recovered,,
Garret2020__phi-4-reasoning-plus__T035__R01,Garret2020,phi-4-reasoning-plus,phi-4-reasoning-plus,0.35,0.90,0.10,1,UNRECOVERABLE,1,content/202608_temp/raw/Garret2020__phi-4-reasoning-plus__T035__R01.json,unrecoverable,Failed all rescue parser stages,
Garret2020__phi-4-reasoning-plus__T035__R02,Garret2020,phi-4-reasoning-plus,phi-4-reasoning-plus,0.35,0.90,0.10,2,UNRECOVERABLE,1,content/202608_temp/raw/Garret2020__phi-4-reasoning-plus__T035__R02.json,unrecoverable,Failed all rescue parser stages,
Garret2020__phi-4-reasoning-plus__T035__R03,Garret2020,phi-4-reasoning-plus,phi-4-reasoning-plus,0.35,0.90,0.10,3,RECOVERED,1,content/202608_temp/raw/Garret2020__phi-4-reasoning-plus__T035__R03.json,recovered,,
Garret2020__phi-4-reasoning-plus__T070__R01,Garret2020,phi-4-reasoning-plus,phi-4-reasoning-plus,0.70,0.90,0.10,1,RECOVERED,1,content/202608_temp/raw/Garret2020__phi-4-reasoning-plus__T070__R01.json,recovered,,
Garret2020__phi-4-reasoning-plus__T070__R02,Garret2020,phi-4-reasoning-plus,phi-4-reasoning-plus,0.70,0.90,0.10,2,RECOVERED,1,content/202608_temp/raw/Garret2020__phi-4-reasoning-plus__T070__R02.json,recovered,,
Garret2020__phi-4-reasoning-plus__T070__R03,Garret2020,phi-4-reasoning-plus,phi-4-reasoning-plus,0.70,0.90,0.10,3,RECOVERED,1,content/202608_temp/raw/Garret2020__phi-4-reasoning-plus__T070__R03.json,recovered,,
Greedy2022__olmo-3-32b-think__T000__R01,Greedy2022,olmo-3-32b-think,olmo-3-32b-think,0.00,0.90,0.10,1,UNRECOVERABLE,1,content/202608_temp/raw/Greedy2022__olmo-3-32b-think__T000__R01.json,unrecoverable,Failed all rescue parser stages,
Greedy2022__olmo-3-32b-think__T000__R02,Greedy2022,olmo-3-32b-think,olmo-3-32b-think,0.00,0.90,0.10,2,UNRECOVERABLE,1,content/202608_temp/raw/Greedy2022__olmo-3-32b-think__T000__R02.json,unrecoverable,Failed all rescue parser stages,
Greedy2022__olmo-3-32b-think__T000__R03,Greedy2022,olmo-3-32b-think,olmo-3-32b-think,0.00,0.90,0.10,3,UNRECOVERABLE,1,content/202608_temp/raw/Greedy2022__olmo-3-32b-think__T000__R03.json,unrecoverable,Failed all rescue parser stages,
Greedy2022__olmo-3-32b-think__T035__R01,Greedy2022,olmo-3-32b-think,olmo-3-32b-think,0.35,0.90,0.10,1,UNRECOVERABLE,3,content/202608_temp/raw/Greedy2022__olmo-3-32b-think__T035__R01.json,unrecoverable,Failed all rescue parser stages,
Greedy2022__olmo-3-32b-think__T035__R02,Greedy2022,olmo-3-32b-think,olmo-3-32b-think,0.35,0.90,0.10,2,UNRECOVERABLE,3,content/202608_temp/raw/Greedy2022__olmo-3-32b-think__T035__R02.json,unrecoverable,Failed all rescue parser stages,
Greedy2022__olmo-3-32b-think__T035__R03,Greedy2022,olmo-3-32b-think,olmo-3-32b-think,0.35,0.90,0.10,3,UNRECOVERABLE,3,content/202608_temp/raw/Greedy2022__olmo-3-32b-think__T035__R03.json,unrecoverable,Failed all rescue parser stages,
Greedy2022__olmo-3-32b-think__T070__R01,Greedy2022,olmo-3-32b-think,olmo-3-32b-think,0.70,0.90,0.10,1,UNRECOVERABLE,3,content/202608_temp/raw/Greedy2022__olmo-3-32b-think__T070__R01.json,unrecoverable,Failed all rescue parser stages,
Greedy2022__olmo-3-32b-think__T070__R02,Greedy2022,olmo-3-32b-think,olmo-3-32b-think,0.70,0.90,0.10,2,UNRECOVERABLE,3,content/202608_temp/raw/Greedy2022__olmo-3-32b-think__T070__R02.json,unrecoverable,Failed all rescue parser stages,
Greedy2022__olmo-3-32b-think__T070__R03,Greedy2022,olmo-3-32b-think,olmo-3-32b-think,0.70,0.90,0.10,3,UNRECOVERABLE,3,content/202608_temp/raw/Greedy2022__olmo-3-32b-think__T070__R03.json,unrecoverable,Failed all rescue parser stages,
Greedy2022__gemma-4-31b-it__T000__R01,Greedy2022,gemma-4-31b-it,gemma-4-31b-it,0.00,0.90,0.10,1,RECOVERED,2,content/202608_temp/raw/Greedy2022__gemma-4-31b-it__T000__R01.json,recovered,"'lo_evaluations' missing canonical factors: ['Divisive Inhibition (PV)', 'Subtractive Inhibition (SST)']; 'lo_evaluations' has unknown factor keys: ['PV', 'SST']; 'go_evaluations' missing canonical factors: ['Divisive Inhibition (PV)', 'Subtractive Inhibition (SST)']; 'go_evaluations' has unknown factor keys: ['PV', 'SST']",
Greedy2022__gemma-4-31b-it__T000__R02,Greedy2022,gemma-4-31b-it,gemma-4-31b-it,0.00,0.90,0.10,2,RECOVERED,2,content/202608_temp/raw/Greedy2022__gemma-4-31b-it__T000__R02.json,recovered,"'lo_evaluations' missing canonical factors: ['Divisive Inhibition (PV)', 'Subtractive Inhibition (SST)']; 'lo_evaluations' has unknown factor keys: ['PV', 'SST']; 'go_evaluations' missing canonical factors: ['Divisive Inhibition (PV)', 'Subtractive Inhibition (SST)']; 'go_evaluations' has unknown factor keys: ['PV', 'SST']",
Greedy2022__gemma-4-31b-it__T000__R03,Greedy2022,gemma-4-31b-it,gemma-4-31b-it,0.00,0.90,0.10,3,RECOVERED,1,content/202608_temp/raw/Greedy2022__gemma-4-31b-it__T000__R03.json,recovered,"'lo_evaluations' missing canonical factors: ['Divisive Inhibition (PV)', 'Subtractive Inhibition (SST)']; 'lo_evaluations' has unknown factor keys: ['PV', 'SST']; 'go_evaluations' missing canonical factors: ['Divisive Inhibition (PV)', 'Subtractive Inhibition (SST)']; 'go_evaluations' has unknown factor keys: ['PV', 'SST']",
Greedy2022__gemma-4-31b-it__T035__R01,Greedy2022,gemma-4-31b-it,gemma-4-31b-it,0.35,0.90,0.10,1,RECOVERED,1,content/202608_temp/raw/Greedy2022__gemma-4-31b-it__T035__R01.json,recovered,"'lo_evaluations' missing canonical factors: ['Divisive Inhibition (PV)', 'Subtractive Inhibition (SST)']; 'lo_evaluations' has unknown factor keys: ['PV', 'SST']; 'go_evaluations' missing canonical factors: ['Divisive Inhibition (PV)', 'Subtractive Inhibition (SST)']; 'go_evaluations' has unknown factor keys: ['PV', 'SST']",
Greedy2022__gemma-4-31b-it__T035__R02,Greedy2022,gemma-4-31b-it,gemma-4-31b-it,0.35,0.90,0.10,2,RECOVERED,1,content/202608_temp/raw/Greedy2022__gemma-4-31b-it__T035__R02.json,recovered,"'lo_evaluations' missing canonical factors: ['Divisive Inhibition (PV)', 'Subtractive Inhibition (SST)']; 'lo_evaluations' has unknown factor keys: ['PV', 'SST']; 'go_evaluations' missing canonical factors: ['Divisive Inhibition (PV)', 'Subtractive Inhibition (SST)']; 'go_evaluations' has unknown factor keys: ['PV', 'SST']",
Greedy2022__gemma-4-31b-it__T035__R03,Greedy2022,gemma-4-31b-it,gemma-4-31b-it,0.35,0.90,0.10,3,RECOVERED,1,content/202608_temp/raw/Greedy2022__gemma-4-31b-it__T035__R03.json,recovered,"'lo_evaluations' missing canonical factors: ['Divisive Inhibition (PV)', 'Subtractive Inhibition (SST)']; 'lo_evaluations' has unknown factor keys: ['PV', 'SST']; 'go_evaluations' missing canonical factors: ['Divisive Inhibition (PV)', 'Subtractive Inhibition (SST)']; 'go_evaluations' has unknown factor keys: ['PV', 'SST']",
Greedy2022__gemma-4-31b-it__T070__R01,Greedy2022,gemma-4-31b-it,gemma-4-31b-it,0.70,0.90,0.10,1,RECOVERED,1,content/202608_temp/raw/Greedy2022__gemma-4-31b-it__T070__R01.json,recovered,"'lo_evaluations' missing canonical factors: ['Divisive Inhibition (PV)', 'Subtractive Inhibition (SST)']; 'lo_evaluations' has unknown factor keys: ['PV', 'SST']; 'go_evaluations' missing canonical factors: ['Divisive Inhibition (PV)', 'Subtractive Inhibition (SST)']; 'go_evaluations' has unknown factor keys: ['PV', 'SST']",
Greedy2022__gemma-4-31b-it__T070__R02,Greedy2022,gemma-4-31b-it,gemma-4-31b-it,0.70,0.90,0.10,2,RECOVERED,1,content/202608_temp/raw/Greedy2022__gemma-4-31b-it__T070__R02.json,recovered,"'lo_evaluations' missing canonical factors: ['Divisive Inhibition (PV)', 'Subtractive Inhibition (SST)']; 'lo_evaluations' has unknown factor keys: ['PV', 'SST']; 'go_evaluations' missing canonical factors: ['Divisive Inhibition (PV)', 'Subtractive Inhibition (SST)']; 'go_evaluations' has unknown factor keys: ['PV', 'SST']",
Greedy2022__gemma-4-31b-it__T070__R03,Greedy2022,gemma-4-31b-it,gemma-4-31b-it,0.70,0.90,0.10,3,RECOVERED,1,content/202608_temp/raw/Greedy2022__gemma-4-31b-it__T070__R03.json,recovered,"'lo_evaluations' missing canonical factors: ['Divisive Inhibition (PV)', 'Subtractive Inhibition (SST)']; 'lo_evaluations' has unknown factor keys: ['PV', 'SST']; 'go_evaluations' missing canonical factors: ['Divisive Inhibition (PV)', 'Subtractive Inhibition (SST)']; 'go_evaluations' has unknown factor keys: ['PV', 'SST']",
Greedy2022__phi-4-reasoning-plus__T000__R01,Greedy2022,phi-4-reasoning-plus,phi-4-reasoning-plus,0.00,0.90,0.10,1,UNRECOVERABLE,1,content/202608_temp/raw/Greedy2022__phi-4-reasoning-plus__T000__R01.json,unrecoverable,Failed all rescue parser stages,
Greedy2022__phi-4-reasoning-plus__T000__R02,Greedy2022,phi-4-reasoning-plus,phi-4-reasoning-plus,0.00,0.90,0.10,2,RECOVERED,1,content/202608_temp/raw/Greedy2022__phi-4-reasoning-plus__T000__R02.json,recovered,,
Greedy2022__phi-4-reasoning-plus__T000__R03,Greedy2022,phi-4-reasoning-plus,phi-4-reasoning-plus,0.00,0.90,0.10,3,RECOVERED,1,content/202608_temp/raw/Greedy2022__phi-4-reasoning-plus__T000__R03.json,recovered,,
Greedy2022__phi-4-reasoning-plus__T035__R01,Greedy2022,phi-4-reasoning-plus,phi-4-reasoning-plus,0.35,0.90,0.10,1,RECOVERED,1,content/202608_temp/raw/Greedy2022__phi-4-reasoning-plus__T035__R01.json,recovered,,
Greedy2022__phi-4-reasoning-plus__T035__R02,Greedy2022,phi-4-reasoning-plus,phi-4-reasoning-plus,0.35,0.90,0.10,2,UNRECOVERABLE,1,content/202608_temp/raw/Greedy2022__phi-4-reasoning-plus__T035__R02.json,unrecoverable,Failed all rescue parser stages,
Greedy2022__phi-4-reasoning-plus__T035__R03,Greedy2022,phi-4-reasoning-plus,phi-4-reasoning-plus,0.35,0.90,0.10,3,COMPLETE,1,content/202608_temp/raw/Greedy2022__phi-4-reasoning-plus__T035__R03.json,valid,,
Greedy2022__phi-4-reasoning-plus__T070__R01,Greedy2022,phi-4-reasoning-plus,phi-4-reasoning-plus,0.70,0.90,0.10,1,UNRECOVERABLE,1,content/202608_temp/raw/Greedy2022__phi-4-reasoning-plus__T070__R01.json,unrecoverable,Failed all rescue parser stages,
Greedy2022__phi-4-reasoning-plus__T070__R02,Greedy2022,phi-4-reasoning-plus,phi-4-reasoning-plus,0.70,0.90,0.10,2,UNRECOVERABLE,1,content/202608_temp/raw/Greedy2022__phi-4-reasoning-plus__T070__R02.json,unrecoverable,Failed all rescue parser stages,
Greedy2022__phi-4-reasoning-plus__T070__R03,Greedy2022,phi-4-reasoning-plus,phi-4-reasoning-plus,0.70,0.90,0.10,3,UNRECOVERABLE,1,content/202608_temp/raw/Greedy2022__phi-4-reasoning-plus__T070__R03.json,unrecoverable,Failed all rescue parser stages,
Hertag2020__olmo-3-32b-think__T000__R01,Hertag2020,olmo-3-32b-think,olmo-3-32b-think,0.00,0.90,0.10,1,UNRECOVERABLE,1,content/202608_temp/raw/Hertag2020__olmo-3-32b-think__T000__R01.json,unrecoverable,Failed all rescue parser stages,
Hertag2020__olmo-3-32b-think__T000__R02,Hertag2020,olmo-3-32b-think,olmo-3-32b-think,0.00,0.90,0.10,2,UNRECOVERABLE,1,content/202608_temp/raw/Hertag2020__olmo-3-32b-think__T000__R02.json,unrecoverable,Failed all rescue parser stages,
Hertag2020__olmo-3-32b-think__T000__R03,Hertag2020,olmo-3-32b-think,olmo-3-32b-think,0.00,0.90,0.10,3,UNRECOVERABLE,1,content/202608_temp/raw/Hertag2020__olmo-3-32b-think__T000__R03.json,unrecoverable,Failed all rescue parser stages,
Hertag2020__olmo-3-32b-think__T035__R01,Hertag2020,olmo-3-32b-think,olmo-3-32b-think,0.35,0.90,0.10,1,UNRECOVERABLE,3,content/202608_temp/raw/Hertag2020__olmo-3-32b-think__T035__R01.json,unrecoverable,Failed all rescue parser stages,
Hertag2020__olmo-3-32b-think__T035__R02,Hertag2020,olmo-3-32b-think,olmo-3-32b-think,0.35,0.90,0.10,2,UNRECOVERABLE,3,content/202608_temp/raw/Hertag2020__olmo-3-32b-think__T035__R02.json,unrecoverable,Failed all rescue parser stages,
Hertag2020__olmo-3-32b-think__T035__R03,Hertag2020,olmo-3-32b-think,olmo-3-32b-think,0.35,0.90,0.10,3,UNRECOVERABLE,3,content/202608_temp/raw/Hertag2020__olmo-3-32b-think__T035__R03.json,unrecoverable,Failed all rescue parser stages,
Hertag2020__olmo-3-32b-think__T070__R01,Hertag2020,olmo-3-32b-think,olmo-3-32b-think,0.70,0.90,0.10,1,UNRECOVERABLE,3,content/202608_temp/raw/Hertag2020__olmo-3-32b-think__T070__R01.json,unrecoverable,Failed all rescue parser stages,
Hertag2020__olmo-3-32b-think__T070__R02,Hertag2020,olmo-3-32b-think,olmo-3-32b-think,0.70,0.90,0.10,2,UNRECOVERABLE,3,content/202608_temp/raw/Hertag2020__olmo-3-32b-think__T070__R02.json,unrecoverable,Failed all rescue parser stages,
Hertag2020__olmo-3-32b-think__T070__R03,Hertag2020,olmo-3-32b-think,olmo-3-32b-think,0.70,0.90,0.10,3,UNRECOVERABLE,3,content/202608_temp/raw/Hertag2020__olmo-3-32b-think__T070__R03.json,unrecoverable,Failed all rescue parser stages,
Hertag2020__gemma-4-31b-it__T000__R01,Hertag2020,gemma-4-31b-it,gemma-4-31b-it,0.00,0.90,0.10,1,RECOVERED,2,content/202608_temp/raw/Hertag2020__gemma-4-31b-it__T000__R01.json,recovered,"'lo_evaluations' missing canonical factors: ['Divisive Inhibition (PV)', 'Subtractive Inhibition (SST)']; 'lo_evaluations' has unknown factor keys: ['PV', 'SST']; 'go_evaluations' missing canonical factors: ['Divisive Inhibition (PV)', 'Subtractive Inhibition (SST)']; 'go_evaluations' has unknown factor keys: ['PV', 'SST']",
Hertag2020__gemma-4-31b-it__T000__R02,Hertag2020,gemma-4-31b-it,gemma-4-31b-it,0.00,0.90,0.10,2,RECOVERED,1,content/202608_temp/raw/Hertag2020__gemma-4-31b-it__T000__R02.json,recovered,"'lo_evaluations' missing canonical factors: ['Divisive Inhibition (PV)', 'Subtractive Inhibition (SST)']; 'lo_evaluations' has unknown factor keys: ['PV', 'SST']; 'go_evaluations' missing canonical factors: ['Divisive Inhibition (PV)', 'Subtractive Inhibition (SST)']; 'go_evaluations' has unknown factor keys: ['PV', 'SST']",
Hertag2020__gemma-4-31b-it__T000__R03,Hertag2020,gemma-4-31b-it,gemma-4-31b-it,0.00,0.90,0.10,3,RECOVERED,1,content/202608_temp/raw/Hertag2020__gemma-4-31b-it__T000__R03.json,recovered,"'lo_evaluations' missing canonical factors: ['Divisive Inhibition (PV)', 'Subtractive Inhibition (SST)']; 'lo_evaluations' has unknown factor keys: ['PV', 'SST']; 'go_evaluations' missing canonical factors: ['Divisive Inhibition (PV)', 'Subtractive Inhibition (SST)']; 'go_evaluations' has unknown factor keys: ['PV', 'SST']",
Hertag2020__gemma-4-31b-it__T035__R01,Hertag2020,gemma-4-31b-it,gemma-4-31b-it,0.35,0.90,0.10,1,RECOVERED,1,content/202608_temp/raw/Hertag2020__gemma-4-31b-it__T035__R01.json,recovered,"'lo_evaluations' missing canonical factors: ['Divisive Inhibition (PV)', 'Subtractive Inhibition (SST)']; 'lo_evaluations' has unknown factor keys: ['PV', 'SST']; 'go_evaluations' missing canonical factors: ['Divisive Inhibition (PV)', 'Subtractive Inhibition (SST)']; 'go_evaluations' has unknown factor keys: ['PV', 'SST']",
Hertag2020__gemma-4-31b-it__T035__R02,Hertag2020,gemma-4-31b-it,gemma-4-31b-it,0.35,0.90,0.10,2,RECOVERED,1,content/202608_temp/raw/Hertag2020__gemma-4-31b-it__T035__R02.json,recovered,"'lo_evaluations' missing canonical factors: ['Divisive Inhibition (PV)', 'Subtractive Inhibition (SST)']; 'lo_evaluations' has unknown factor keys: ['PV', 'SST']; 'go_evaluations' missing canonical factors: ['Divisive Inhibition (PV)', 'Subtractive Inhibition (SST)']; 'go_evaluations' has unknown factor keys: ['PV', 'SST']",
Hertag2020__gemma-4-31b-it__T035__R03,Hertag2020,gemma-4-31b-it,gemma-4-31b-it,0.35,0.90,0.10,3,RECOVERED,1,content/202608_temp/raw/Hertag2020__gemma-4-31b-it__T035__R03.json,recovered,"'lo_evaluations' missing canonical factors: ['Divisive Inhibition (PV)', 'Subtractive Inhibition (SST)']; 'lo_evaluations' has unknown factor keys: ['PV', 'SST']; 'go_evaluations' missing canonical factors: ['Divisive Inhibition (PV)', 'Subtractive Inhibition (SST)']; 'go_evaluations' has unknown factor keys: ['PV', 'SST']",
Hertag2020__gemma-4-31b-it__T070__R01,Hertag2020,gemma-4-31b-it,gemma-4-31b-it,0.70,0.90,0.10,1,RECOVERED,1,content/202608_temp/raw/Hertag2020__gemma-4-31b-it__T070__R01.json,recovered,"'lo_evaluations' missing canonical factors: ['Divisive Inhibition (PV)', 'Subtractive Inhibition (SST)']; 'lo_evaluations' has unknown factor keys: ['PV', 'SST']; 'go_evaluations' missing canonical factors: ['Divisive Inhibition (PV)', 'Subtractive Inhibition (SST)']; 'go_evaluations' has unknown factor keys: ['PV', 'SST']",
Hertag2020__gemma-4-31b-it__T070__R02,Hertag2020,gemma-4-31b-it,gemma-4-31b-it,0.70,0.90,0.10,2,RECOVERED,1,content/202608_temp/raw/Hertag2020__gemma-4-31b-it__T070__R02.json,recovered,"'lo_evaluations' missing canonical factors: ['Divisive Inhibition (PV)', 'Subtractive Inhibition (SST)']; 'lo_evaluations' has unknown factor keys: ['PV', 'SST']; 'go_evaluations' missing canonical factors: ['Divisive Inhibition (PV)', 'Subtractive Inhibition (SST)']; 'go_evaluations' has unknown factor keys: ['PV', 'SST']",
Hertag2020__gemma-4-31b-it__T070__R03,Hertag2020,gemma-4-31b-it,gemma-4-31b-it,0.70,0.90,0.10,3,RECOVERED,1,content/202608_temp/raw/Hertag2020__gemma-4-31b-it__T070__R03.json,recovered,"'lo_evaluations' missing canonical factors: ['Divisive Inhibition (PV)', 'Subtractive Inhibition (SST)']; 'lo_evaluations' has unknown factor keys: ['PV', 'SST']; 'go_evaluations' missing canonical factors: ['Divisive Inhibition (PV)', 'Subtractive Inhibition (SST)']; 'go_evaluations' has unknown factor keys: ['PV', 'SST']",
Hertag2020__phi-4-reasoning-plus__T000__R01,Hertag2020,phi-4-reasoning-plus,phi-4-reasoning-plus,0.00,0.90,0.10,1,UNRECOVERABLE,1,content/202608_temp/raw/Hertag2020__phi-4-reasoning-plus__T000__R01.json,unrecoverable,Failed all rescue parser stages,
Hertag2020__phi-4-reasoning-plus__T000__R02,Hertag2020,phi-4-reasoning-plus,phi-4-reasoning-plus,0.00,0.90,0.10,2,RECOVERED,1,content/202608_temp/raw/Hertag2020__phi-4-reasoning-plus__T000__R02.json,recovered,,
Hertag2020__phi-4-reasoning-plus__T000__R03,Hertag2020,phi-4-reasoning-plus,phi-4-reasoning-plus,0.00,0.90,0.10,3,RECOVERED,1,content/202608_temp/raw/Hertag2020__phi-4-reasoning-plus__T000__R03.json,recovered,,
Hertag2020__phi-4-reasoning-plus__T035__R01,Hertag2020,phi-4-reasoning-plus,phi-4-reasoning-plus,0.35,0.90,0.10,1,UNRECOVERABLE,1,content/202608_temp/raw/Hertag2020__phi-4-reasoning-plus__T035__R01.json,unrecoverable,Failed all rescue parser stages,
Hertag2020__phi-4-reasoning-plus__T035__R02,Hertag2020,phi-4-reasoning-plus,phi-4-reasoning-plus,0.35,0.90,0.10,2,RECOVERED,1,content/202608_temp/raw/Hertag2020__phi-4-reasoning-plus__T035__R02.json,recovered,,
Hertag2020__phi-4-reasoning-plus__T035__R03,Hertag2020,phi-4-reasoning-plus,phi-4-reasoning-plus,0.35,0.90,0.10,3,UNRECOVERABLE,1,content/202608_temp/raw/Hertag2020__phi-4-reasoning-plus__T035__R03.json,unrecoverable,Failed all rescue parser stages,
Hertag2020__phi-4-reasoning-plus__T070__R01,Hertag2020,phi-4-reasoning-plus,phi-4-reasoning-plus,0.70,0.90,0.10,1,UNRECOVERABLE,1,content/202608_temp/raw/Hertag2020__phi-4-reasoning-plus__T070__R01.json,unrecoverable,Failed all rescue parser stages,
Hertag2020__phi-4-reasoning-plus__T070__R02,Hertag2020,phi-4-reasoning-plus,phi-4-reasoning-plus,0.70,0.90,0.10,2,RECOVERED,1,content/202608_temp/raw/Hertag2020__phi-4-reasoning-plus__T070__R02.json,recovered,,
Hertag2020__phi-4-reasoning-plus__T070__R03,Hertag2020,phi-4-reasoning-plus,phi-4-reasoning-plus,0.70,0.90,0.10,3,UNRECOVERABLE,1,content/202608_temp/raw/Hertag2020__phi-4-reasoning-plus__T070__R03.json,unrecoverable,Failed all rescue parser stages,
Jiang&Rao2024__olmo-3-32b-think__T000__R01,Jiang&Rao2024,olmo-3-32b-think,olmo-3-32b-think,0.00,0.90,0.10,1,RECOVERED,1,content/202608_temp/raw/Jiang&Rao2024__olmo-3-32b-think__T000__R01.json,recovered,"'lo_evaluations' missing canonical factors: ['Absence of Feedback Error', 'Activity Suppression', 'Alpha/Beta Mediated Suppression', 'Ascending Latency Shift', 'Canonical Microcircuit Ubiquity', 'Cross-Modal Ubiquity', 'Cross-Scale Hierarchical Ubiquity', 'Divisive Inhibition (PV)', 'E/I Balance Shift', 'Feedforward AMPA', 'Feedforward Ascending Gamma', 'Feedforward Deviance Detection', 'Feedforward Error Propagation', 'Feedforward NMDA', 'Feedforward Non-local Activation', 'Feedforward Non-local Directed Connectivity', 'Feedforward Non-local Granular Activity (L4)', 'Feedforward Non-local Supragranular Activity (L2/3)', 'Habituation to Sequence', 'Hierarchical Activity Ubiquity', 'Hierarchical CSD Ubiquity', 'Hierarchical Mechanism Invariance', 'Hierarchical Order Stability', 'Hierarchical Presence (V1-PFC)', 'Inhibition (GABA)', 'Interspecies Hierarchical Ubiquity', 'Omission Response', 'Population-Wide Ubiquity', 'Precision Weighting (Gain)', 'Selective Sharpening', 'State-Independent Ubiquity', 'Subcortical Feedforward Relaying', 'Subtractive Inhibition (SST)', 'Synaptic Depression (Adaptation)', 'Temporal Stability of Ubiquity', 'VIP-Mediated Disinhibition']; 'lo_evaluations' has unknown factor keys: ['1', '10', '11', '12', '13', '14', '15', '16', '17', '18', '19', '2', '20', '21', '22', '23', '24', '25', '26', '27', '28', '29', '3', '30', '31', '32', '33', '34', '35', '36', '4', '5', '6', '7', '8', '9']; 'go_evaluations' missing canonical factors: ['Absence of Feedback Error', 'Activity Suppression', 'Alpha/Beta Mediated Suppression', 'Ascending Latency Shift', 'Canonical Microcircuit Ubiquity', 'Cross-Modal Ubiquity', 'Cross-Scale Hierarchical Ubiquity', 'Divisive Inhibition (PV)', 'E/I Balance Shift', 'Feedforward AMPA', 'Feedforward Ascending Gamma', 'Feedforward Deviance Detection', 'Feedforward Error Propagation', 'Feedforward NMDA', 'Feedforward Non-local Activation', 'Feedforward Non-local Directed Connectivity', 'Feedforward Non-local Granular Activity (L4)', 'Feedforward Non-local Supragranular Activity (L2/3)', 'Habituation to Sequence', 'Hierarchical Activity Ubiquity', 'Hierarchical CSD Ubiquity', 'Hierarchical Mechanism Invariance', 'Hierarchical Order Stability', 'Hierarchical Presence (V1-PFC)', 'Inhibition (GABA)', 'Interspecies Hierarchical Ubiquity', 'Omission Response', 'Population-Wide Ubiquity', 'Precision Weighting (Gain)', 'Selective Sharpening', 'State-Independent Ubiquity', 'Subcortical Feedforward Relaying', 'Subtractive Inhibition (SST)', 'Synaptic Depression (Adaptation)', 'Temporal Stability of Ubiquity', 'VIP-Mediated Disinhibition']; 'go_evaluations' has unknown factor keys: ['1', '10', '11', '12', '13', '14', '15', '16', '17', '18', '19', '2', '20', '21', '22', '23', '24', '25', '26', '27', '28', '29', '3', '30', '31', '32', '33', '34', '35', '36', '4', '5', '6', '7', '8', '9']",
Jiang&Rao2024__olmo-3-32b-think__T000__R02,Jiang&Rao2024,olmo-3-32b-think,olmo-3-32b-think,0.00,0.90,0.10,2,UNRECOVERABLE,1,content/202608_temp/raw/Jiang&Rao2024__olmo-3-32b-think__T000__R02.json,unrecoverable,Failed all rescue parser stages,
Jiang&Rao2024__olmo-3-32b-think__T000__R03,Jiang&Rao2024,olmo-3-32b-think,olmo-3-32b-think,0.00,0.90,0.10,3,UNRECOVERABLE,1,content/202608_temp/raw/Jiang&Rao2024__olmo-3-32b-think__T000__R03.json,unrecoverable,Failed all rescue parser stages,
Jiang&Rao2024__olmo-3-32b-think__T035__R01,Jiang&Rao2024,olmo-3-32b-think,olmo-3-32b-think,0.35,0.90,0.10,1,UNRECOVERABLE,3,content/202608_temp/raw/Jiang&Rao2024__olmo-3-32b-think__T035__R01.json,unrecoverable,Failed all rescue parser stages,
Jiang&Rao2024__olmo-3-32b-think__T035__R02,Jiang&Rao2024,olmo-3-32b-think,olmo-3-32b-think,0.35,0.90,0.10,2,UNRECOVERABLE,3,content/202608_temp/raw/Jiang&Rao2024__olmo-3-32b-think__T035__R02.json,unrecoverable,Failed all rescue parser stages,
Jiang&Rao2024__olmo-3-32b-think__T035__R03,Jiang&Rao2024,olmo-3-32b-think,olmo-3-32b-think,0.35,0.90,0.10,3,UNRECOVERABLE,3,content/202608_temp/raw/Jiang&Rao2024__olmo-3-32b-think__T035__R03.json,unrecoverable,Failed all rescue parser stages,
Jiang&Rao2024__olmo-3-32b-think__T070__R01,Jiang&Rao2024,olmo-3-32b-think,olmo-3-32b-think,0.70,0.90,0.10,1,UNRECOVERABLE,3,content/202608_temp/raw/Jiang&Rao2024__olmo-3-32b-think__T070__R01.json,unrecoverable,Failed all rescue parser stages,
Jiang&Rao2024__olmo-3-32b-think__T070__R02,Jiang&Rao2024,olmo-3-32b-think,olmo-3-32b-think,0.70,0.90,0.10,2,UNRECOVERABLE,3,content/202608_temp/raw/Jiang&Rao2024__olmo-3-32b-think__T070__R02.json,unrecoverable,Failed all rescue parser stages,
Jiang&Rao2024__olmo-3-32b-think__T070__R03,Jiang&Rao2024,olmo-3-32b-think,olmo-3-32b-think,0.70,0.90,0.10,3,UNRECOVERABLE,3,content/202608_temp/raw/Jiang&Rao2024__olmo-3-32b-think__T070__R03.json,unrecoverable,Failed all rescue parser stages,
Jiang&Rao2024__gemma-4-31b-it__T000__R01,Jiang&Rao2024,gemma-4-31b-it,gemma-4-31b-it,0.00,0.90,0.10,1,RECOVERED,1,content/202608_temp/raw/Jiang&Rao2024__gemma-4-31b-it__T000__R01.json,recovered,"'lo_evaluations' missing canonical factors: ['Divisive Inhibition (PV)', 'Inhibition (GABA)', 'Subtractive Inhibition (SST)']; 'lo_evaluations' has unknown factor keys: ['GABA', 'PV', 'SST']; 'go_evaluations' missing canonical factors: ['Divisive Inhibition (PV)', 'Inhibition (GABA)', 'Subtractive Inhibition (SST)']; 'go_evaluations' has unknown factor keys: ['GABA', 'PV', 'SST']",
Jiang&Rao2024__gemma-4-31b-it__T000__R02,Jiang&Rao2024,gemma-4-31b-it,gemma-4-31b-it,0.00,0.90,0.10,2,RECOVERED,1,content/202608_temp/raw/Jiang&Rao2024__gemma-4-31b-it__T000__R02.json,recovered,"'lo_evaluations' missing canonical factors: ['Divisive Inhibition (PV)', 'Inhibition (GABA)', 'Subtractive Inhibition (SST)']; 'lo_evaluations' has unknown factor keys: ['GABA', 'PV', 'SST']; 'go_evaluations' missing canonical factors: ['Divisive Inhibition (PV)', 'Inhibition (GABA)', 'Subtractive Inhibition (SST)']; 'go_evaluations' has unknown factor keys: ['GABA', 'PV', 'SST']",
Jiang&Rao2024__gemma-4-31b-it__T000__R03,Jiang&Rao2024,gemma-4-31b-it,gemma-4-31b-it,0.00,0.90,0.10,3,RECOVERED,1,content/202608_temp/raw/Jiang&Rao2024__gemma-4-31b-it__T000__R03.json,recovered,"'lo_evaluations' missing canonical factors: ['Divisive Inhibition (PV)', 'Inhibition (GABA)', 'Subtractive Inhibition (SST)']; 'lo_evaluations' has unknown factor keys: ['GABA', 'PV', 'SST']; 'go_evaluations' missing canonical factors: ['Divisive Inhibition (PV)', 'Inhibition (GABA)', 'Subtractive Inhibition (SST)']; 'go_evaluations' has unknown factor keys: ['GABA', 'PV', 'SST']",
Jiang&Rao2024__gemma-4-31b-it__T035__R01,Jiang&Rao2024,gemma-4-31b-it,gemma-4-31b-it,0.35,0.90,0.10,1,RECOVERED,1,content/202608_temp/raw/Jiang&Rao2024__gemma-4-31b-it__T035__R01.json,recovered,"'lo_evaluations' missing canonical factors: ['Divisive Inhibition (PV)', 'Inhibition (GABA)', 'Subtractive Inhibition (SST)']; 'lo_evaluations' has unknown factor keys: ['GABA', 'PV', 'SST']; 'go_evaluations' missing canonical factors: ['Divisive Inhibition (PV)', 'Inhibition (GABA)', 'Subtractive Inhibition (SST)']; 'go_evaluations' has unknown factor keys: ['GABA', 'PV', 'SST']",
Jiang&Rao2024__gemma-4-31b-it__T035__R02,Jiang&Rao2024,gemma-4-31b-it,gemma-4-31b-it,0.35,0.90,0.10,2,RECOVERED,1,content/202608_temp/raw/Jiang&Rao2024__gemma-4-31b-it__T035__R02.json,recovered,"'lo_evaluations' missing canonical factors: ['Divisive Inhibition (PV)', 'Inhibition (GABA)', 'Subtractive Inhibition (SST)']; 'lo_evaluations' has unknown factor keys: ['GABA', 'PV', 'SST']; 'go_evaluations' missing canonical factors: ['Divisive Inhibition (PV)', 'Inhibition (GABA)', 'Subtractive Inhibition (SST)']; 'go_evaluations' has unknown factor keys: ['GABA', 'PV', 'SST']",
Jiang&Rao2024__gemma-4-31b-it__T035__R03,Jiang&Rao2024,gemma-4-31b-it,gemma-4-31b-it,0.35,0.90,0.10,3,RECOVERED,1,content/202608_temp/raw/Jiang&Rao2024__gemma-4-31b-it__T035__R03.json,recovered,"'lo_evaluations' missing canonical factors: ['Divisive Inhibition (PV)', 'Inhibition (GABA)', 'Subtractive Inhibition (SST)']; 'lo_evaluations' has unknown factor keys: ['GABA', 'PV', 'SST']; 'go_evaluations' missing canonical factors: ['Divisive Inhibition (PV)', 'Inhibition (GABA)', 'Subtractive Inhibition (SST)']; 'go_evaluations' has unknown factor keys: ['GABA', 'PV', 'SST']",
Jiang&Rao2024__gemma-4-31b-it__T070__R01,Jiang&Rao2024,gemma-4-31b-it,gemma-4-31b-it,0.70,0.90,0.10,1,RECOVERED,1,content/202608_temp/raw/Jiang&Rao2024__gemma-4-31b-it__T070__R01.json,recovered,"'lo_evaluations' missing canonical factors: ['Divisive Inhibition (PV)', 'Subtractive Inhibition (SST)']; 'lo_evaluations' has unknown factor keys: ['PV', 'SST']; 'go_evaluations' missing canonical factors: ['Divisive Inhibition (PV)', 'Subtractive Inhibition (SST)']; 'go_evaluations' has unknown factor keys: ['PV', 'SST']",
Jiang&Rao2024__gemma-4-31b-it__T070__R02,Jiang&Rao2024,gemma-4-31b-it,gemma-4-31b-it,0.70,0.90,0.10,2,RECOVERED,1,content/202608_temp/raw/Jiang&Rao2024__gemma-4-31b-it__T070__R02.json,recovered,"'lo_evaluations' missing canonical factors: ['Divisive Inhibition (PV)', 'Inhibition (GABA)', 'Subtractive Inhibition (SST)']; 'lo_evaluations' has unknown factor keys: ['GABA', 'PV', 'SST']; 'go_evaluations' missing canonical factors: ['Divisive Inhibition (PV)', 'Inhibition (GABA)', 'Subtractive Inhibition (SST)']; 'go_evaluations' has unknown factor keys: ['GABA', 'PV', 'SST']",
Jiang&Rao2024__gemma-4-31b-it__T070__R03,Jiang&Rao2024,gemma-4-31b-it,gemma-4-31b-it,0.70,0.90,0.10,3,RECOVERED,1,content/202608_temp/raw/Jiang&Rao2024__gemma-4-31b-it__T070__R03.json,recovered,"'lo_evaluations' missing canonical factors: ['Divisive Inhibition (PV)', 'Inhibition (GABA)', 'Subtractive Inhibition (SST)']; 'lo_evaluations' has unknown factor keys: ['GABA', 'PV', 'SST']; 'go_evaluations' missing canonical factors: ['Divisive Inhibition (PV)', 'Inhibition (GABA)', 'Subtractive Inhibition (SST)']; 'go_evaluations' has unknown factor keys: ['GABA', 'PV', 'SST']",
Jiang&Rao2024__phi-4-reasoning-plus__T000__R01,Jiang&Rao2024,phi-4-reasoning-plus,phi-4-reasoning-plus,0.00,0.90,0.10,1,RECOVERED,1,content/202608_temp/raw/Jiang&Rao2024__phi-4-reasoning-plus__T000__R01.json,recovered,,
Jiang&Rao2024__phi-4-reasoning-plus__T000__R02,Jiang&Rao2024,phi-4-reasoning-plus,phi-4-reasoning-plus,0.00,0.90,0.10,2,RECOVERED,1,content/202608_temp/raw/Jiang&Rao2024__phi-4-reasoning-plus__T000__R02.json,recovered,,
Jiang&Rao2024__phi-4-reasoning-plus__T000__R03,Jiang&Rao2024,phi-4-reasoning-plus,phi-4-reasoning-plus,0.00,0.90,0.10,3,RECOVERED,1,content/202608_temp/raw/Jiang&Rao2024__phi-4-reasoning-plus__T000__R03.json,recovered,,
Jiang&Rao2024__phi-4-reasoning-plus__T035__R01,Jiang&Rao2024,phi-4-reasoning-plus,phi-4-reasoning-plus,0.35,0.90,0.10,1,RECOVERED,1,content/202608_temp/raw/Jiang&Rao2024__phi-4-reasoning-plus__T035__R01.json,recovered,"'lo_evaluations' missing canonical factors: ['Absence of Feedback Error', 'Activity Suppression', 'Alpha/Beta Mediated Suppression', 'Ascending Latency Shift', 'Canonical Microcircuit Ubiquity', 'Cross-Modal Ubiquity', 'Cross-Scale Hierarchical Ubiquity', 'Divisive Inhibition (PV)', 'E/I Balance Shift', 'Feedforward AMPA', 'Feedforward Ascending Gamma', 'Feedforward Deviance Detection', 'Feedforward Error Propagation', 'Feedforward NMDA', 'Feedforward Non-local Activation', 'Feedforward Non-local Directed Connectivity', 'Feedforward Non-local Granular Activity (L4)', 'Feedforward Non-local Supragranular Activity (L2/3)', 'Habituation to Sequence', 'Hierarchical Activity Ubiquity', 'Hierarchical CSD Ubiquity', 'Hierarchical Mechanism Invariance', 'Hierarchical Order Stability', 'Hierarchical Presence (V1-PFC)', 'Inhibition (GABA)', 'Interspecies Hierarchical Ubiquity', 'Omission Response', 'Population-Wide Ubiquity', 'Precision Weighting (Gain)', 'Selective Sharpening', 'State-Independent Ubiquity', 'Subcortical Feedforward Relaying', 'Subtractive Inhibition (SST)', 'Synaptic Depression (Adaptation)', 'Temporal Stability of Ubiquity', 'VIP-Mediated Disinhibition']; 'lo_evaluations' has unknown factor keys: ['1', '10', '11', '12', '13', '14', '15', '16', '17', '18', '19', '2', '20', '21', '22', '23', '24', '25', '26', '27', '28', '29', '3', '30', '31', '32', '33', '34', '35', '36', '4', '5', '6', '7', '8', '9']; 'go_evaluations' missing canonical factors: ['Absence of Feedback Error', 'Activity Suppression', 'Alpha/Beta Mediated Suppression', 'Ascending Latency Shift', 'Canonical Microcircuit Ubiquity', 'Cross-Modal Ubiquity', 'Cross-Scale Hierarchical Ubiquity', 'Divisive Inhibition (PV)', 'E/I Balance Shift', 'Feedforward AMPA', 'Feedforward Ascending Gamma', 'Feedforward Deviance Detection', 'Feedforward Error Propagation', 'Feedforward NMDA', 'Feedforward Non-local Activation', 'Feedforward Non-local Directed Connectivity', 'Feedforward Non-local Granular Activity (L4)', 'Feedforward Non-local Supragranular Activity (L2/3)', 'Habituation to Sequence', 'Hierarchical Activity Ubiquity', 'Hierarchical CSD Ubiquity', 'Hierarchical Mechanism Invariance', 'Hierarchical Order Stability', 'Hierarchical Presence (V1-PFC)', 'Inhibition (GABA)', 'Interspecies Hierarchical Ubiquity', 'Omission Response', 'Population-Wide Ubiquity', 'Precision Weighting (Gain)', 'Selective Sharpening', 'State-Independent Ubiquity', 'Subcortical Feedforward Relaying', 'Subtractive Inhibition (SST)', 'Synaptic Depression (Adaptation)', 'Temporal Stability of Ubiquity', 'VIP-Mediated Disinhibition']; 'go_evaluations' has unknown factor keys: ['1', '10', '11', '12', '13', '14', '15', '16', '17', '18', '19', '2', '20', '21', '22', '23', '24', '25', '26', '27', '28', '29', '3', '30', '31', '32', '33', '34', '35', '36', '4', '5', '6', '7', '8', '9']",
Jiang&Rao2024__phi-4-reasoning-plus__T035__R02,Jiang&Rao2024,phi-4-reasoning-plus,phi-4-reasoning-plus,0.35,0.90,0.10,2,RECOVERED,1,content/202608_temp/raw/Jiang&Rao2024__phi-4-reasoning-plus__T035__R02.json,recovered,,
Jiang&Rao2024__phi-4-reasoning-plus__T035__R03,Jiang&Rao2024,phi-4-reasoning-plus,phi-4-reasoning-plus,0.35,0.90,0.10,3,UNRECOVERABLE,1,content/202608_temp/raw/Jiang&Rao2024__phi-4-reasoning-plus__T035__R03.json,unrecoverable,Failed all rescue parser stages,
Jiang&Rao2024__phi-4-reasoning-plus__T070__R01,Jiang&Rao2024,phi-4-reasoning-plus,phi-4-reasoning-plus,0.70,0.90,0.10,1,UNRECOVERABLE,1,content/202608_temp/raw/Jiang&Rao2024__phi-4-reasoning-plus__T070__R01.json,unrecoverable,Failed all rescue parser stages,
Jiang&Rao2024__phi-4-reasoning-plus__T070__R02,Jiang&Rao2024,phi-4-reasoning-plus,phi-4-reasoning-plus,0.70,0.90,0.10,2,UNRECOVERABLE,1,content/202608_temp/raw/Jiang&Rao2024__phi-4-reasoning-plus__T070__R02.json,unrecoverable,Failed all rescue parser stages,
Jiang&Rao2024__phi-4-reasoning-plus__T070__R03,Jiang&Rao2024,phi-4-reasoning-plus,phi-4-reasoning-plus,0.70,0.90,0.10,3,UNRECOVERABLE,1,content/202608_temp/raw/Jiang&Rao2024__phi-4-reasoning-plus__T070__R03.json,unrecoverable,Failed all rescue parser stages,
Keller2012__olmo-3-32b-think__T000__R01,Keller2012,olmo-3-32b-think,olmo-3-32b-think,0.00,0.90,0.10,1,UNRECOVERABLE,1,content/202608_temp/raw/Keller2012__olmo-3-32b-think__T000__R01.json,unrecoverable,Failed all rescue parser stages,
Keller2012__olmo-3-32b-think__T000__R02,Keller2012,olmo-3-32b-think,olmo-3-32b-think,0.00,0.90,0.10,2,UNRECOVERABLE,1,content/202608_temp/raw/Keller2012__olmo-3-32b-think__T000__R02.json,unrecoverable,Failed all rescue parser stages,
Keller2012__olmo-3-32b-think__T000__R03,Keller2012,olmo-3-32b-think,olmo-3-32b-think,0.00,0.90,0.10,3,UNRECOVERABLE,1,content/202608_temp/raw/Keller2012__olmo-3-32b-think__T000__R03.json,unrecoverable,Failed all rescue parser stages,
Keller2012__olmo-3-32b-think__T035__R01,Keller2012,olmo-3-32b-think,olmo-3-32b-think,0.35,0.90,0.10,1,UNRECOVERABLE,3,content/202608_temp/raw/Keller2012__olmo-3-32b-think__T035__R01.json,unrecoverable,Failed all rescue parser stages,
Keller2012__olmo-3-32b-think__T035__R02,Keller2012,olmo-3-32b-think,olmo-3-32b-think,0.35,0.90,0.10,2,UNRECOVERABLE,3,content/202608_temp/raw/Keller2012__olmo-3-32b-think__T035__R02.json,unrecoverable,Failed all rescue parser stages,
Keller2012__olmo-3-32b-think__T035__R03,Keller2012,olmo-3-32b-think,olmo-3-32b-think,0.35,0.90,0.10,3,UNRECOVERABLE,3,content/202608_temp/raw/Keller2012__olmo-3-32b-think__T035__R03.json,unrecoverable,Failed all rescue parser stages,
Keller2012__olmo-3-32b-think__T070__R01,Keller2012,olmo-3-32b-think,olmo-3-32b-think,0.70,0.90,0.10,1,UNRECOVERABLE,3,content/202608_temp/raw/Keller2012__olmo-3-32b-think__T070__R01.json,unrecoverable,Failed all rescue parser stages,
Keller2012__olmo-3-32b-think__T070__R02,Keller2012,olmo-3-32b-think,olmo-3-32b-think,0.70,0.90,0.10,2,UNRECOVERABLE,1,content/202608_temp/raw/Keller2012__olmo-3-32b-think__T070__R02.json,unrecoverable,Failed all rescue parser stages,
Keller2012__olmo-3-32b-think__T070__R03,Keller2012,olmo-3-32b-think,olmo-3-32b-think,0.70,0.90,0.10,3,UNRECOVERABLE,3,content/202608_temp/raw/Keller2012__olmo-3-32b-think__T070__R03.json,unrecoverable,Failed all rescue parser stages,
Keller2012__gemma-4-31b-it__T000__R01,Keller2012,gemma-4-31b-it,gemma-4-31b-it,0.00,0.90,0.10,1,RECOVERED,1,content/202608_temp/raw/Keller2012__gemma-4-31b-it__T000__R01.json,recovered,"'lo_evaluations' missing canonical factors: ['Divisive Inhibition (PV)', 'Inhibition (GABA)', 'Subtractive Inhibition (SST)']; 'lo_evaluations' has unknown factor keys: ['GABA', 'PV', 'SST']; 'go_evaluations' missing canonical factors: ['Divisive Inhibition (PV)', 'Inhibition (GABA)', 'Subtractive Inhibition (SST)']; 'go_evaluations' has unknown factor keys: ['GABA', 'PV', 'SST']",
Keller2012__gemma-4-31b-it__T000__R02,Keller2012,gemma-4-31b-it,gemma-4-31b-it,0.00,0.90,0.10,2,RECOVERED,1,content/202608_temp/raw/Keller2012__gemma-4-31b-it__T000__R02.json,recovered,"'lo_evaluations' missing canonical factors: ['Divisive Inhibition (PV)', 'Inhibition (GABA)', 'Subtractive Inhibition (SST)']; 'lo_evaluations' has unknown factor keys: ['GABA', 'PV', 'SST']; 'go_evaluations' missing canonical factors: ['Divisive Inhibition (PV)', 'Inhibition (GABA)', 'Subtractive Inhibition (SST)']; 'go_evaluations' has unknown factor keys: ['GABA', 'PV', 'SST']",
Keller2012__gemma-4-31b-it__T000__R03,Keller2012,gemma-4-31b-it,gemma-4-31b-it,0.00,0.90,0.10,3,RECOVERED,1,content/202608_temp/raw/Keller2012__gemma-4-31b-it__T000__R03.json,recovered,"'lo_evaluations' missing canonical factors: ['Divisive Inhibition (PV)', 'Inhibition (GABA)', 'Subtractive Inhibition (SST)']; 'lo_evaluations' has unknown factor keys: ['GABA', 'PV', 'SST']; 'go_evaluations' missing canonical factors: ['Divisive Inhibition (PV)', 'Inhibition (GABA)', 'Subtractive Inhibition (SST)']; 'go_evaluations' has unknown factor keys: ['GABA', 'PV', 'SST']",
Keller2012__gemma-4-31b-it__T035__R01,Keller2012,gemma-4-31b-it,gemma-4-31b-it,0.35,0.90,0.10,1,RECOVERED,1,content/202608_temp/raw/Keller2012__gemma-4-31b-it__T035__R01.json,recovered,"'lo_evaluations' missing canonical factors: ['Divisive Inhibition (PV)', 'Inhibition (GABA)', 'Subtractive Inhibition (SST)']; 'lo_evaluations' has unknown factor keys: ['GABA', 'PV', 'SST']; 'go_evaluations' missing canonical factors: ['Divisive Inhibition (PV)', 'Inhibition (GABA)', 'Subtractive Inhibition (SST)']; 'go_evaluations' has unknown factor keys: ['GABA', 'PV', 'SST']",
Keller2012__gemma-4-31b-it__T035__R02,Keller2012,gemma-4-31b-it,gemma-4-31b-it,0.35,0.90,0.10,2,RECOVERED,1,content/202608_temp/raw/Keller2012__gemma-4-31b-it__T035__R02.json,recovered,"'lo_evaluations' missing canonical factors: ['Divisive Inhibition (PV)', 'Inhibition (GABA)', 'Subtractive Inhibition (SST)']; 'lo_evaluations' has unknown factor keys: ['GABA', 'PV', 'SST']; 'go_evaluations' missing canonical factors: ['Divisive Inhibition (PV)', 'Inhibition (GABA)', 'Subtractive Inhibition (SST)']; 'go_evaluations' has unknown factor keys: ['GABA', 'PV', 'SST']",
Keller2012__gemma-4-31b-it__T035__R03,Keller2012,gemma-4-31b-it,gemma-4-31b-it,0.35,0.90,0.10,3,RECOVERED,1,content/202608_temp/raw/Keller2012__gemma-4-31b-it__T035__R03.json,recovered,"'lo_evaluations' missing canonical factors: ['Divisive Inhibition (PV)', 'Inhibition (GABA)', 'Subtractive Inhibition (SST)']; 'lo_evaluations' has unknown factor keys: ['GABA', 'PV', 'SST']; 'go_evaluations' missing canonical factors: ['Divisive Inhibition (PV)', 'Inhibition (GABA)', 'Subtractive Inhibition (SST)']; 'go_evaluations' has unknown factor keys: ['GABA', 'PV', 'SST']",
Keller2012__gemma-4-31b-it__T070__R01,Keller2012,gemma-4-31b-it,gemma-4-31b-it,0.70,0.90,0.10,1,RECOVERED,1,content/202608_temp/raw/Keller2012__gemma-4-31b-it__T070__R01.json,recovered,"'lo_evaluations' missing canonical factors: ['Divisive Inhibition (PV)', 'Inhibition (GABA)', 'Subtractive Inhibition (SST)']; 'lo_evaluations' has unknown factor keys: ['GABA', 'PV', 'SST']; 'go_evaluations' missing canonical factors: ['Divisive Inhibition (PV)', 'Inhibition (GABA)', 'Subtractive Inhibition (SST)']; 'go_evaluations' has unknown factor keys: ['GABA', 'PV', 'SST']",
Keller2012__gemma-4-31b-it__T070__R02,Keller2012,gemma-4-31b-it,gemma-4-31b-it,0.70,0.90,0.10,2,RECOVERED,1,content/202608_temp/raw/Keller2012__gemma-4-31b-it__T070__R02.json,recovered,"'lo_evaluations' missing canonical factors: ['Divisive Inhibition (PV)', 'Inhibition (GABA)', 'Subtractive Inhibition (SST)']; 'lo_evaluations' has unknown factor keys: ['GABA', 'PV', 'SST']; 'go_evaluations' missing canonical factors: ['Divisive Inhibition (PV)', 'Inhibition (GABA)', 'Subtractive Inhibition (SST)']; 'go_evaluations' has unknown factor keys: ['GABA', 'PV', 'SST']",
Keller2012__gemma-4-31b-it__T070__R03,Keller2012,gemma-4-31b-it,gemma-4-31b-it,0.70,0.90,0.10,3,RECOVERED,1,content/202608_temp/raw/Keller2012__gemma-4-31b-it__T070__R03.json,recovered,"'lo_evaluations' missing canonical factors: ['Divisive Inhibition (PV)', 'Inhibition (GABA)', 'Subtractive Inhibition (SST)']; 'lo_evaluations' has unknown factor keys: ['GABA', 'PV', 'SST']; 'go_evaluations' missing canonical factors: ['Divisive Inhibition (PV)', 'Inhibition (GABA)', 'Subtractive Inhibition (SST)']; 'go_evaluations' has unknown factor keys: ['GABA', 'PV', 'SST']",
Keller2012__phi-4-reasoning-plus__T000__R01,Keller2012,phi-4-reasoning-plus,phi-4-reasoning-plus,0.00,0.90,0.10,1,UNRECOVERABLE,1,content/202608_temp/raw/Keller2012__phi-4-reasoning-plus__T000__R01.json,unrecoverable,Failed all rescue parser stages,
Keller2012__phi-4-reasoning-plus__T000__R02,Keller2012,phi-4-reasoning-plus,phi-4-reasoning-plus,0.00,0.90,0.10,2,UNRECOVERABLE,1,content/202608_temp/raw/Keller2012__phi-4-reasoning-plus__T000__R02.json,unrecoverable,Failed all rescue parser stages,
Keller2012__phi-4-reasoning-plus__T000__R03,Keller2012,phi-4-reasoning-plus,phi-4-reasoning-plus,0.00,0.90,0.10,3,UNRECOVERABLE,1,content/202608_temp/raw/Keller2012__phi-4-reasoning-plus__T000__R03.json,unrecoverable,Failed all rescue parser stages,
Keller2012__phi-4-reasoning-plus__T035__R01,Keller2012,phi-4-reasoning-plus,phi-4-reasoning-plus,0.35,0.90,0.10,1,UNRECOVERABLE,1,content/202608_temp/raw/Keller2012__phi-4-reasoning-plus__T035__R01.json,unrecoverable,Failed all rescue parser stages,
Keller2012__phi-4-reasoning-plus__T035__R02,Keller2012,phi-4-reasoning-plus,phi-4-reasoning-plus,0.35,0.90,0.10,2,RECOVERED,1,content/202608_temp/raw/Keller2012__phi-4-reasoning-plus__T035__R02.json,recovered,"'lo_evaluations' missing canonical factors: ['Absence of Feedback Error', 'Activity Suppression', 'Alpha/Beta Mediated Suppression', 'Ascending Latency Shift', 'Canonical Microcircuit Ubiquity', 'Cross-Modal Ubiquity', 'Cross-Scale Hierarchical Ubiquity', 'Divisive Inhibition (PV)', 'E/I Balance Shift', 'Feedforward AMPA', 'Feedforward Ascending Gamma', 'Feedforward Deviance Detection', 'Feedforward Error Propagation', 'Feedforward NMDA', 'Feedforward Non-local Activation', 'Feedforward Non-local Directed Connectivity', 'Feedforward Non-local Granular Activity (L4)', 'Feedforward Non-local Supragranular Activity (L2/3)', 'Habituation to Sequence', 'Hierarchical Activity Ubiquity', 'Hierarchical CSD Ubiquity', 'Hierarchical Mechanism Invariance', 'Hierarchical Order Stability', 'Hierarchical Presence (V1-PFC)', 'Inhibition (GABA)', 'Interspecies Hierarchical Ubiquity', 'Omission Response', 'Population-Wide Ubiquity', 'Precision Weighting (Gain)', 'Selective Sharpening', 'State-Independent Ubiquity', 'Subcortical Feedforward Relaying', 'Subtractive Inhibition (SST)', 'Synaptic Depression (Adaptation)', 'Temporal Stability of Ubiquity', 'VIP-Mediated Disinhibition']; 'lo_evaluations' has unknown factor keys: ['1', '10', '11', '12', '13', '14', '15', '16', '17', '18', '19', '2', '20', '21', '22', '23', '24', '25', '26', '27', '28', '29', '3', '30', '31', '32', '33', '34', '35', '36', '4', '5', '6', '7', '8', '9']; 'go_evaluations' missing canonical factors: ['Absence of Feedback Error', 'Activity Suppression', 'Alpha/Beta Mediated Suppression', 'Ascending Latency Shift', 'Canonical Microcircuit Ubiquity', 'Cross-Modal Ubiquity', 'Cross-Scale Hierarchical Ubiquity', 'Divisive Inhibition (PV)', 'E/I Balance Shift', 'Feedforward AMPA', 'Feedforward Ascending Gamma', 'Feedforward Deviance Detection', 'Feedforward Error Propagation', 'Feedforward NMDA', 'Feedforward Non-local Activation', 'Feedforward Non-local Directed Connectivity', 'Feedforward Non-local Granular Activity (L4)', 'Feedforward Non-local Supragranular Activity (L2/3)', 'Habituation to Sequence', 'Hierarchical Activity Ubiquity', 'Hierarchical CSD Ubiquity', 'Hierarchical Mechanism Invariance', 'Hierarchical Order Stability', 'Hierarchical Presence (V1-PFC)', 'Inhibition (GABA)', 'Interspecies Hierarchical Ubiquity', 'Omission Response', 'Population-Wide Ubiquity', 'Precision Weighting (Gain)', 'Selective Sharpening', 'State-Independent Ubiquity', 'Subcortical Feedforward Relaying', 'Subtractive Inhibition (SST)', 'Synaptic Depression (Adaptation)', 'Temporal Stability of Ubiquity', 'VIP-Mediated Disinhibition']; 'go_evaluations' has unknown factor keys: ['1', '10', '11', '12', '13', '14', '15', '16', '17', '18', '19', '2', '20', '21', '22', '23', '24', '25', '26', '27', '28', '29', '3', '30', '31', '32', '33', '34', '35', '36', '4', '5', '6', '7', '8', '9']",
Keller2012__phi-4-reasoning-plus__T035__R03,Keller2012,phi-4-reasoning-plus,phi-4-reasoning-plus,0.35,0.90,0.10,3,UNRECOVERABLE,1,content/202608_temp/raw/Keller2012__phi-4-reasoning-plus__T035__R03.json,unrecoverable,Failed all rescue parser stages,
Keller2012__phi-4-reasoning-plus__T070__R01,Keller2012,phi-4-reasoning-plus,phi-4-reasoning-plus,0.70,0.90,0.10,1,UNRECOVERABLE,1,content/202608_temp/raw/Keller2012__phi-4-reasoning-plus__T070__R01.json,unrecoverable,Failed all rescue parser stages,
Keller2012__phi-4-reasoning-plus__T070__R02,Keller2012,phi-4-reasoning-plus,phi-4-reasoning-plus,0.70,0.90,0.10,2,RECOVERED,1,content/202608_temp/raw/Keller2012__phi-4-reasoning-plus__T070__R02.json,recovered,,
Keller2012__phi-4-reasoning-plus__T070__R03,Keller2012,phi-4-reasoning-plus,phi-4-reasoning-plus,0.70,0.90,0.10,3,UNRECOVERABLE,1,content/202608_temp/raw/Keller2012__phi-4-reasoning-plus__T070__R03.json,unrecoverable,Failed all rescue parser stages,
Keller2018__olmo-3-32b-think__T000__R01,Keller2018,olmo-3-32b-think,olmo-3-32b-think,0.00,0.90,0.10,1,UNRECOVERABLE,1,content/202608_temp/raw/Keller2018__olmo-3-32b-think__T000__R01.json,unrecoverable,Failed all rescue parser stages,
Keller2018__olmo-3-32b-think__T000__R02,Keller2018,olmo-3-32b-think,olmo-3-32b-think,0.00,0.90,0.10,2,UNRECOVERABLE,1,content/202608_temp/raw/Keller2018__olmo-3-32b-think__T000__R02.json,unrecoverable,Failed all rescue parser stages,
Keller2018__olmo-3-32b-think__T000__R03,Keller2018,olmo-3-32b-think,olmo-3-32b-think,0.00,0.90,0.10,3,UNRECOVERABLE,1,content/202608_temp/raw/Keller2018__olmo-3-32b-think__T000__R03.json,unrecoverable,Failed all rescue parser stages,
Keller2018__olmo-3-32b-think__T035__R01,Keller2018,olmo-3-32b-think,olmo-3-32b-think,0.35,0.90,0.10,1,UNRECOVERABLE,3,content/202608_temp/raw/Keller2018__olmo-3-32b-think__T035__R01.json,unrecoverable,Failed all rescue parser stages,
Keller2018__olmo-3-32b-think__T035__R02,Keller2018,olmo-3-32b-think,olmo-3-32b-think,0.35,0.90,0.10,2,UNRECOVERABLE,3,content/202608_temp/raw/Keller2018__olmo-3-32b-think__T035__R02.json,unrecoverable,Failed all rescue parser stages,
Keller2018__olmo-3-32b-think__T035__R03,Keller2018,olmo-3-32b-think,olmo-3-32b-think,0.35,0.90,0.10,3,UNRECOVERABLE,3,content/202608_temp/raw/Keller2018__olmo-3-32b-think__T035__R03.json,unrecoverable,Failed all rescue parser stages,
Keller2018__olmo-3-32b-think__T070__R01,Keller2018,olmo-3-32b-think,olmo-3-32b-think,0.70,0.90,0.10,1,UNRECOVERABLE,3,content/202608_temp/raw/Keller2018__olmo-3-32b-think__T070__R01.json,unrecoverable,Failed all rescue parser stages,
Keller2018__olmo-3-32b-think__T070__R02,Keller2018,olmo-3-32b-think,olmo-3-32b-think,0.70,0.90,0.10,2,UNRECOVERABLE,3,content/202608_temp/raw/Keller2018__olmo-3-32b-think__T070__R02.json,unrecoverable,Failed all rescue parser stages,
Keller2018__olmo-3-32b-think__T070__R03,Keller2018,olmo-3-32b-think,olmo-3-32b-think,0.70,0.90,0.10,3,UNRECOVERABLE,3,content/202608_temp/raw/Keller2018__olmo-3-32b-think__T070__R03.json,unrecoverable,Failed all rescue parser stages,
Keller2018__gemma-4-31b-it__T000__R01,Keller2018,gemma-4-31b-it,gemma-4-31b-it,0.00,0.90,0.10,1,RECOVERED,1,content/202608_temp/raw/Keller2018__gemma-4-31b-it__T000__R01.json,recovered,"'lo_evaluations' missing canonical factors: ['Divisive Inhibition (PV)', 'Subtractive Inhibition (SST)']; 'lo_evaluations' has unknown factor keys: ['PV', 'SST']; 'go_evaluations' missing canonical factors: ['Divisive Inhibition (PV)', 'Subtractive Inhibition (SST)']; 'go_evaluations' has unknown factor keys: ['PV', 'SST']",
Keller2018__gemma-4-31b-it__T000__R02,Keller2018,gemma-4-31b-it,gemma-4-31b-it,0.00,0.90,0.10,2,RECOVERED,1,content/202608_temp/raw/Keller2018__gemma-4-31b-it__T000__R02.json,recovered,"'lo_evaluations' missing canonical factors: ['Divisive Inhibition (PV)', 'Subtractive Inhibition (SST)']; 'lo_evaluations' has unknown factor keys: ['PV', 'SST']; 'go_evaluations' missing canonical factors: ['Divisive Inhibition (PV)', 'Subtractive Inhibition (SST)']; 'go_evaluations' has unknown factor keys: ['PV', 'SST']",
Keller2018__gemma-4-31b-it__T000__R03,Keller2018,gemma-4-31b-it,gemma-4-31b-it,0.00,0.90,0.10,3,RECOVERED,1,content/202608_temp/raw/Keller2018__gemma-4-31b-it__T000__R03.json,recovered,"'lo_evaluations' missing canonical factors: ['Divisive Inhibition (PV)', 'Subtractive Inhibition (SST)']; 'lo_evaluations' has unknown factor keys: ['PV', 'SST']; 'go_evaluations' missing canonical factors: ['Divisive Inhibition (PV)', 'Subtractive Inhibition (SST)']; 'go_evaluations' has unknown factor keys: ['PV', 'SST']",
Keller2018__gemma-4-31b-it__T035__R01,Keller2018,gemma-4-31b-it,gemma-4-31b-it,0.35,0.90,0.10,1,RECOVERED,1,content/202608_temp/raw/Keller2018__gemma-4-31b-it__T035__R01.json,recovered,"'lo_evaluations' missing canonical factors: ['Divisive Inhibition (PV)', 'Subtractive Inhibition (SST)']; 'lo_evaluations' has unknown factor keys: ['PV', 'SST']; 'go_evaluations' missing canonical factors: ['Divisive Inhibition (PV)', 'Subtractive Inhibition (SST)']; 'go_evaluations' has unknown factor keys: ['PV', 'SST']",
Keller2018__gemma-4-31b-it__T035__R02,Keller2018,gemma-4-31b-it,gemma-4-31b-it,0.35,0.90,0.10,2,RECOVERED,1,content/202608_temp/raw/Keller2018__gemma-4-31b-it__T035__R02.json,recovered,"'lo_evaluations' missing canonical factors: ['Divisive Inhibition (PV)', 'Subtractive Inhibition (SST)']; 'lo_evaluations' has unknown factor keys: ['PV', 'SST']; 'go_evaluations' missing canonical factors: ['Divisive Inhibition (PV)', 'Subtractive Inhibition (SST)']; 'go_evaluations' has unknown factor keys: ['PV', 'SST']",
Keller2018__gemma-4-31b-it__T035__R03,Keller2018,gemma-4-31b-it,gemma-4-31b-it,0.35,0.90,0.10,3,RECOVERED,1,content/202608_temp/raw/Keller2018__gemma-4-31b-it__T035__R03.json,recovered,"'lo_evaluations' missing canonical factors: ['Divisive Inhibition (PV)', 'Subtractive Inhibition (SST)']; 'lo_evaluations' has unknown factor keys: ['PV', 'SST']; 'go_evaluations' missing canonical factors: ['Divisive Inhibition (PV)', 'Subtractive Inhibition (SST)']; 'go_evaluations' has unknown factor keys: ['PV', 'SST']",
Keller2018__gemma-4-31b-it__T070__R01,Keller2018,gemma-4-31b-it,gemma-4-31b-it,0.70,0.90,0.10,1,RECOVERED,1,content/202608_temp/raw/Keller2018__gemma-4-31b-it__T070__R01.json,recovered,"'lo_evaluations' missing canonical factors: ['Divisive Inhibition (PV)', 'Subtractive Inhibition (SST)']; 'lo_evaluations' has unknown factor keys: ['PV', 'SST']; 'go_evaluations' missing canonical factors: ['Divisive Inhibition (PV)', 'Subtractive Inhibition (SST)']; 'go_evaluations' has unknown factor keys: ['PV', 'SST']",
Keller2018__gemma-4-31b-it__T070__R02,Keller2018,gemma-4-31b-it,gemma-4-31b-it,0.70,0.90,0.10,2,RECOVERED,1,content/202608_temp/raw/Keller2018__gemma-4-31b-it__T070__R02.json,recovered,"'lo_evaluations' missing canonical factors: ['Divisive Inhibition (PV)', 'Subtractive Inhibition (SST)']; 'lo_evaluations' has unknown factor keys: ['PV', 'SST']; 'go_evaluations' missing canonical factors: ['Divisive Inhibition (PV)', 'Subtractive Inhibition (SST)']; 'go_evaluations' has unknown factor keys: ['PV', 'SST']",
Keller2018__gemma-4-31b-it__T070__R03,Keller2018,gemma-4-31b-it,gemma-4-31b-it,0.70,0.90,0.10,3,RECOVERED,1,content/202608_temp/raw/Keller2018__gemma-4-31b-it__T070__R03.json,recovered,"'lo_evaluations' missing canonical factors: ['Divisive Inhibition (PV)', 'Subtractive Inhibition (SST)']; 'lo_evaluations' has unknown factor keys: ['PV', 'SST']; 'go_evaluations' missing canonical factors: ['Divisive Inhibition (PV)', 'Subtractive Inhibition (SST)']; 'go_evaluations' has unknown factor keys: ['PV', 'SST']",
Keller2018__phi-4-reasoning-plus__T000__R01,Keller2018,phi-4-reasoning-plus,phi-4-reasoning-plus,0.00,0.90,0.10,1,UNRECOVERABLE,1,content/202608_temp/raw/Keller2018__phi-4-reasoning-plus__T000__R01.json,unrecoverable,Failed all rescue parser stages,
Keller2018__phi-4-reasoning-plus__T000__R02,Keller2018,phi-4-reasoning-plus,phi-4-reasoning-plus,0.00,0.90,0.10,2,UNRECOVERABLE,1,content/202608_temp/raw/Keller2018__phi-4-reasoning-plus__T000__R02.json,unrecoverable,Failed all rescue parser stages,
Keller2018__phi-4-reasoning-plus__T000__R03,Keller2018,phi-4-reasoning-plus,phi-4-reasoning-plus,0.00,0.90,0.10,3,UNRECOVERABLE,1,content/202608_temp/raw/Keller2018__phi-4-reasoning-plus__T000__R03.json,unrecoverable,Failed all rescue parser stages,
Keller2018__phi-4-reasoning-plus__T035__R01,Keller2018,phi-4-reasoning-plus,phi-4-reasoning-plus,0.35,0.90,0.10,1,UNRECOVERABLE,1,content/202608_temp/raw/Keller2018__phi-4-reasoning-plus__T035__R01.json,unrecoverable,Failed all rescue parser stages,
Keller2018__phi-4-reasoning-plus__T035__R02,Keller2018,phi-4-reasoning-plus,phi-4-reasoning-plus,0.35,0.90,0.10,2,RECOVERED,1,content/202608_temp/raw/Keller2018__phi-4-reasoning-plus__T035__R02.json,recovered,,
Keller2018__phi-4-reasoning-plus__T035__R03,Keller2018,phi-4-reasoning-plus,phi-4-reasoning-plus,0.35,0.90,0.10,3,RECOVERED,1,content/202608_temp/raw/Keller2018__phi-4-reasoning-plus__T035__R03.json,recovered,,
Keller2018__phi-4-reasoning-plus__T070__R01,Keller2018,phi-4-reasoning-plus,phi-4-reasoning-plus,0.70,0.90,0.10,1,UNRECOVERABLE,1,content/202608_temp/raw/Keller2018__phi-4-reasoning-plus__T070__R01.json,unrecoverable,Failed all rescue parser stages,
Keller2018__phi-4-reasoning-plus__T070__R02,Keller2018,phi-4-reasoning-plus,phi-4-reasoning-plus,0.70,0.90,0.10,2,UNRECOVERABLE,1,content/202608_temp/raw/Keller2018__phi-4-reasoning-plus__T070__R02.json,unrecoverable,Failed all rescue parser stages,
Keller2018__phi-4-reasoning-plus__T070__R03,Keller2018,phi-4-reasoning-plus,phi-4-reasoning-plus,0.70,0.90,0.10,3,RECOVERED,1,content/202608_temp/raw/Keller2018__phi-4-reasoning-plus__T070__R03.json,recovered,,
Kiebel2008__olmo-3-32b-think__T000__R01,Kiebel2008,olmo-3-32b-think,olmo-3-32b-think,0.00,0.90,0.10,1,RECOVERED,1,content/202608_temp/raw/Kiebel2008__olmo-3-32b-think__T000__R01.json,recovered,"'lo_evaluations' missing canonical factors: ['Absence of Feedback Error', 'Activity Suppression', 'Alpha/Beta Mediated Suppression', 'Ascending Latency Shift', 'Canonical Microcircuit Ubiquity', 'Cross-Modal Ubiquity', 'Cross-Scale Hierarchical Ubiquity', 'Divisive Inhibition (PV)', 'E/I Balance Shift', 'Feedforward AMPA', 'Feedforward Ascending Gamma', 'Feedforward Deviance Detection', 'Feedforward Error Propagation', 'Feedforward NMDA', 'Feedforward Non-local Activation', 'Feedforward Non-local Directed Connectivity', 'Feedforward Non-local Granular Activity (L4)', 'Feedforward Non-local Supragranular Activity (L2/3)', 'Habituation to Sequence', 'Hierarchical Activity Ubiquity', 'Hierarchical CSD Ubiquity', 'Hierarchical Mechanism Invariance', 'Hierarchical Order Stability', 'Hierarchical Presence (V1-PFC)', 'Inhibition (GABA)', 'Interspecies Hierarchical Ubiquity', 'Omission Response', 'Population-Wide Ubiquity', 'Precision Weighting (Gain)', 'Selective Sharpening', 'State-Independent Ubiquity', 'Subcortical Feedforward Relaying', 'Subtractive Inhibition (SST)', 'Synaptic Depression (Adaptation)', 'Temporal Stability of Ubiquity', 'VIP-Mediated Disinhibition']; 'lo_evaluations' has unknown factor keys: ['1', '10', '11', '12', '13', '14', '15', '16', '17', '18', '19', '2', '20', '21', '22', '23', '24', '25', '26', '27', '28', '29', '3', '30', '31', '32', '33', '34', '35', '36', '4', '5', '6', '7', '8', '9']; 'go_evaluations' missing canonical factors: ['Absence of Feedback Error', 'Activity Suppression', 'Alpha/Beta Mediated Suppression', 'Ascending Latency Shift', 'Canonical Microcircuit Ubiquity', 'Cross-Modal Ubiquity', 'Cross-Scale Hierarchical Ubiquity', 'Divisive Inhibition (PV)', 'E/I Balance Shift', 'Feedforward AMPA', 'Feedforward Ascending Gamma', 'Feedforward Deviance Detection', 'Feedforward Error Propagation', 'Feedforward NMDA', 'Feedforward Non-local Activation', 'Feedforward Non-local Directed Connectivity', 'Feedforward Non-local Granular Activity (L4)', 'Feedforward Non-local Supragranular Activity (L2/3)', 'Habituation to Sequence', 'Hierarchical Activity Ubiquity', 'Hierarchical CSD Ubiquity', 'Hierarchical Mechanism Invariance', 'Hierarchical Order Stability', 'Hierarchical Presence (V1-PFC)', 'Inhibition (GABA)', 'Interspecies Hierarchical Ubiquity', 'Omission Response', 'Population-Wide Ubiquity', 'Precision Weighting (Gain)', 'Selective Sharpening', 'State-Independent Ubiquity', 'Subcortical Feedforward Relaying', 'Subtractive Inhibition (SST)', 'Synaptic Depression (Adaptation)', 'Temporal Stability of Ubiquity', 'VIP-Mediated Disinhibition']; 'go_evaluations' has unknown factor keys: ['1', '10', '11', '12', '13', '14', '15', '16', '17', '18', '19', '2', '20', '21', '22', '23', '24', '25', '26', '27', '28', '29', '3', '30', '31', '32', '33', '34', '35', '36', '4', '5', '6', '7', '8', '9']",
Kiebel2008__olmo-3-32b-think__T000__R02,Kiebel2008,olmo-3-32b-think,olmo-3-32b-think,0.00,0.90,0.10,2,RECOVERED,1,content/202608_temp/raw/Kiebel2008__olmo-3-32b-think__T000__R02.json,recovered,"'lo_evaluations' has 12 keys, expected 36; 'lo_evaluations' missing canonical factors: ['Absence of Feedback Error', 'Activity Suppression', 'Alpha/Beta Mediated Suppression', 'Ascending Latency Shift', 'Canonical Microcircuit Ubiquity', 'Cross-Modal Ubiquity', 'Cross-Scale Hierarchical Ubiquity', 'Divisive Inhibition (PV)', 'E/I Balance Shift', 'Feedforward AMPA', 'Feedforward Ascending Gamma', 'Feedforward Deviance Detection', 'Feedforward Error Propagation', 'Feedforward NMDA', 'Feedforward Non-local Activation', 'Feedforward Non-local Directed Connectivity', 'Feedforward Non-local Granular Activity (L4)', 'Feedforward Non-local Supragranular Activity (L2/3)', 'Habituation to Sequence', 'Hierarchical Activity Ubiquity', 'Hierarchical CSD Ubiquity', 'Hierarchical Mechanism Invariance', 'Hierarchical Order Stability', 'Hierarchical Presence (V1-PFC)', 'Inhibition (GABA)', 'Interspecies Hierarchical Ubiquity', 'Omission Response', 'Population-Wide Ubiquity', 'Precision Weighting (Gain)', 'Selective Sharpening', 'State-Independent Ubiquity', 'Subcortical Feedforward Relaying', 'Subtractive Inhibition (SST)', 'Synaptic Depression (Adaptation)', 'Temporal Stability of Ubiquity', 'VIP-Mediated Disinhibition']; 'lo_evaluations' has unknown factor keys: ['1', '10', '11', '12', '2', '3', '4', '5', '6', '7', '8', '9']; 'go_evaluations' has 12 keys, expected 36; 'go_evaluations' missing canonical factors: ['Absence of Feedback Error', 'Activity Suppression', 'Alpha/Beta Mediated Suppression', 'Ascending Latency Shift', 'Canonical Microcircuit Ubiquity', 'Cross-Modal Ubiquity', 'Cross-Scale Hierarchical Ubiquity', 'Divisive Inhibition (PV)', 'E/I Balance Shift', 'Feedforward AMPA', 'Feedforward Ascending Gamma', 'Feedforward Deviance Detection', 'Feedforward Error Propagation', 'Feedforward NMDA', 'Feedforward Non-local Activation', 'Feedforward Non-local Directed Connectivity', 'Feedforward Non-local Granular Activity (L4)', 'Feedforward Non-local Supragranular Activity (L2/3)', 'Habituation to Sequence', 'Hierarchical Activity Ubiquity', 'Hierarchical CSD Ubiquity', 'Hierarchical Mechanism Invariance', 'Hierarchical Order Stability', 'Hierarchical Presence (V1-PFC)', 'Inhibition (GABA)', 'Interspecies Hierarchical Ubiquity', 'Omission Response', 'Population-Wide Ubiquity', 'Precision Weighting (Gain)', 'Selective Sharpening', 'State-Independent Ubiquity', 'Subcortical Feedforward Relaying', 'Subtractive Inhibition (SST)', 'Synaptic Depression (Adaptation)', 'Temporal Stability of Ubiquity', 'VIP-Mediated Disinhibition']; 'go_evaluations' has unknown factor keys: ['13', '14', '15', '16', '17', '18', '19', '20', '21', '22', '23', '24']",
Kiebel2008__olmo-3-32b-think__T000__R03,Kiebel2008,olmo-3-32b-think,olmo-3-32b-think,0.00,0.90,0.10,3,RECOVERED,1,content/202608_temp/raw/Kiebel2008__olmo-3-32b-think__T000__R03.json,recovered,"'lo_evaluations' has 12 keys, expected 36; 'lo_evaluations' missing canonical factors: ['Absence of Feedback Error', 'Activity Suppression', 'Alpha/Beta Mediated Suppression', 'Ascending Latency Shift', 'Canonical Microcircuit Ubiquity', 'Cross-Modal Ubiquity', 'Cross-Scale Hierarchical Ubiquity', 'Divisive Inhibition (PV)', 'E/I Balance Shift', 'Feedforward AMPA', 'Feedforward Ascending Gamma', 'Feedforward Deviance Detection', 'Feedforward Error Propagation', 'Feedforward NMDA', 'Feedforward Non-local Activation', 'Feedforward Non-local Directed Connectivity', 'Feedforward Non-local Granular Activity (L4)', 'Feedforward Non-local Supragranular Activity (L2/3)', 'Habituation to Sequence', 'Hierarchical Activity Ubiquity', 'Hierarchical CSD Ubiquity', 'Hierarchical Mechanism Invariance', 'Hierarchical Order Stability', 'Hierarchical Presence (V1-PFC)', 'Inhibition (GABA)', 'Interspecies Hierarchical Ubiquity', 'Omission Response', 'Population-Wide Ubiquity', 'Precision Weighting (Gain)', 'Selective Sharpening', 'State-Independent Ubiquity', 'Subcortical Feedforward Relaying', 'Subtractive Inhibition (SST)', 'Synaptic Depression (Adaptation)', 'Temporal Stability of Ubiquity', 'VIP-Mediated Disinhibition']; 'lo_evaluations' has unknown factor keys: ['1', '10', '11', '12', '2', '3', '4', '5', '6', '7', '8', '9']; 'go_evaluations' has 12 keys, expected 36; 'go_evaluations' missing canonical factors: ['Absence of Feedback Error', 'Activity Suppression', 'Alpha/Beta Mediated Suppression', 'Ascending Latency Shift', 'Canonical Microcircuit Ubiquity', 'Cross-Modal Ubiquity', 'Cross-Scale Hierarchical Ubiquity', 'Divisive Inhibition (PV)', 'E/I Balance Shift', 'Feedforward AMPA', 'Feedforward Ascending Gamma', 'Feedforward Deviance Detection', 'Feedforward Error Propagation', 'Feedforward NMDA', 'Feedforward Non-local Activation', 'Feedforward Non-local Directed Connectivity', 'Feedforward Non-local Granular Activity (L4)', 'Feedforward Non-local Supragranular Activity (L2/3)', 'Habituation to Sequence', 'Hierarchical Activity Ubiquity', 'Hierarchical CSD Ubiquity', 'Hierarchical Mechanism Invariance', 'Hierarchical Order Stability', 'Hierarchical Presence (V1-PFC)', 'Inhibition (GABA)', 'Interspecies Hierarchical Ubiquity', 'Omission Response', 'Population-Wide Ubiquity', 'Precision Weighting (Gain)', 'Selective Sharpening', 'State-Independent Ubiquity', 'Subcortical Feedforward Relaying', 'Subtractive Inhibition (SST)', 'Synaptic Depression (Adaptation)', 'Temporal Stability of Ubiquity', 'VIP-Mediated Disinhibition']; 'go_evaluations' has unknown factor keys: ['13', '14', '15', '16', '17', '18', '19', '20', '21', '22', '23', '24']",
Kiebel2008__olmo-3-32b-think__T035__R01,Kiebel2008,olmo-3-32b-think,olmo-3-32b-think,0.35,0.90,0.10,1,UNRECOVERABLE,3,content/202608_temp/raw/Kiebel2008__olmo-3-32b-think__T035__R01.json,unrecoverable,Failed all rescue parser stages,
Kiebel2008__olmo-3-32b-think__T035__R02,Kiebel2008,olmo-3-32b-think,olmo-3-32b-think,0.35,0.90,0.10,2,UNRECOVERABLE,3,content/202608_temp/raw/Kiebel2008__olmo-3-32b-think__T035__R02.json,unrecoverable,Failed all rescue parser stages,
Kiebel2008__olmo-3-32b-think__T035__R03,Kiebel2008,olmo-3-32b-think,olmo-3-32b-think,0.35,0.90,0.10,3,UNRECOVERABLE,3,content/202608_temp/raw/Kiebel2008__olmo-3-32b-think__T035__R03.json,unrecoverable,Failed all rescue parser stages,
Kiebel2008__olmo-3-32b-think__T070__R01,Kiebel2008,olmo-3-32b-think,olmo-3-32b-think,0.70,0.90,0.10,1,UNRECOVERABLE,3,content/202608_temp/raw/Kiebel2008__olmo-3-32b-think__T070__R01.json,unrecoverable,Failed all rescue parser stages,
Kiebel2008__olmo-3-32b-think__T070__R02,Kiebel2008,olmo-3-32b-think,olmo-3-32b-think,0.70,0.90,0.10,2,UNRECOVERABLE,3,content/202608_temp/raw/Kiebel2008__olmo-3-32b-think__T070__R02.json,unrecoverable,Failed all rescue parser stages,
Kiebel2008__olmo-3-32b-think__T070__R03,Kiebel2008,olmo-3-32b-think,olmo-3-32b-think,0.70,0.90,0.10,3,UNRECOVERABLE,3,content/202608_temp/raw/Kiebel2008__olmo-3-32b-think__T070__R03.json,unrecoverable,Failed all rescue parser stages,
Kiebel2008__gemma-4-31b-it__T000__R01,Kiebel2008,gemma-4-31b-it,gemma-4-31b-it,0.00,0.90,0.10,1,RECOVERED,1,content/202608_temp/raw/Kiebel2008__gemma-4-31b-it__T000__R01.json,recovered,"'lo_evaluations' missing canonical factors: ['Divisive Inhibition (PV)', 'Inhibition (GABA)', 'Subtractive Inhibition (SST)']; 'lo_evaluations' has unknown factor keys: ['GABA', 'PV', 'SST']; 'go_evaluations' missing canonical factors: ['Divisive Inhibition (PV)', 'Inhibition (GABA)', 'Subtractive Inhibition (SST)']; 'go_evaluations' has unknown factor keys: ['GABA', 'PV', 'SST']",
Kiebel2008__gemma-4-31b-it__T000__R02,Kiebel2008,gemma-4-31b-it,gemma-4-31b-it,0.00,0.90,0.10,2,RECOVERED,1,content/202608_temp/raw/Kiebel2008__gemma-4-31b-it__T000__R02.json,recovered,"'lo_evaluations' missing canonical factors: ['Divisive Inhibition (PV)', 'Inhibition (GABA)', 'Subtractive Inhibition (SST)']; 'lo_evaluations' has unknown factor keys: ['GABA', 'PV', 'SST']; 'go_evaluations' missing canonical factors: ['Divisive Inhibition (PV)', 'Inhibition (GABA)', 'Subtractive Inhibition (SST)']; 'go_evaluations' has unknown factor keys: ['GABA', 'PV', 'SST']",
Kiebel2008__gemma-4-31b-it__T000__R03,Kiebel2008,gemma-4-31b-it,gemma-4-31b-it,0.00,0.90,0.10,3,RECOVERED,1,content/202608_temp/raw/Kiebel2008__gemma-4-31b-it__T000__R03.json,recovered,"'lo_evaluations' missing canonical factors: ['Divisive Inhibition (PV)', 'Inhibition (GABA)', 'Subtractive Inhibition (SST)']; 'lo_evaluations' has unknown factor keys: ['GABA', 'PV', 'SST']; 'go_evaluations' missing canonical factors: ['Divisive Inhibition (PV)', 'Inhibition (GABA)', 'Subtractive Inhibition (SST)']; 'go_evaluations' has unknown factor keys: ['GABA', 'PV', 'SST']",
Kiebel2008__gemma-4-31b-it__T035__R01,Kiebel2008,gemma-4-31b-it,gemma-4-31b-it,0.35,0.90,0.10,1,RECOVERED,1,content/202608_temp/raw/Kiebel2008__gemma-4-31b-it__T035__R01.json,recovered,"'lo_evaluations' missing canonical factors: ['Divisive Inhibition (PV)', 'Inhibition (GABA)', 'Subtractive Inhibition (SST)']; 'lo_evaluations' has unknown factor keys: ['GABA', 'PV', 'SST']; 'go_evaluations' missing canonical factors: ['Divisive Inhibition (PV)', 'Inhibition (GABA)', 'Subtractive Inhibition (SST)']; 'go_evaluations' has unknown factor keys: ['GABA', 'PV', 'SST']",
Kiebel2008__gemma-4-31b-it__T035__R02,Kiebel2008,gemma-4-31b-it,gemma-4-31b-it,0.35,0.90,0.10,2,RECOVERED,1,content/202608_temp/raw/Kiebel2008__gemma-4-31b-it__T035__R02.json,recovered,"'lo_evaluations' missing canonical factors: ['Divisive Inhibition (PV)', 'Inhibition (GABA)', 'Subtractive Inhibition (SST)']; 'lo_evaluations' has unknown factor keys: ['GABA', 'PV', 'SST']; 'go_evaluations' missing canonical factors: ['Divisive Inhibition (PV)', 'Inhibition (GABA)', 'Subtractive Inhibition (SST)']; 'go_evaluations' has unknown factor keys: ['GABA', 'PV', 'SST']",
Kiebel2008__gemma-4-31b-it__T035__R03,Kiebel2008,gemma-4-31b-it,gemma-4-31b-it,0.35,0.90,0.10,3,RECOVERED,1,content/202608_temp/raw/Kiebel2008__gemma-4-31b-it__T035__R03.json,recovered,"'lo_evaluations' missing canonical factors: ['Divisive Inhibition (PV)', 'Inhibition (GABA)', 'Subtractive Inhibition (SST)']; 'lo_evaluations' has unknown factor keys: ['GABA', 'PV', 'SST']; 'go_evaluations' missing canonical factors: ['Divisive Inhibition (PV)', 'Inhibition (GABA)', 'Subtractive Inhibition (SST)']; 'go_evaluations' has unknown factor keys: ['GABA', 'PV', 'SST']",
Kiebel2008__gemma-4-31b-it__T070__R01,Kiebel2008,gemma-4-31b-it,gemma-4-31b-it,0.70,0.90,0.10,1,RECOVERED,1,content/202608_temp/raw/Kiebel2008__gemma-4-31b-it__T070__R01.json,recovered,"'lo_evaluations' missing canonical factors: ['Divisive Inhibition (PV)', 'Inhibition (GABA)', 'Subtractive Inhibition (SST)']; 'lo_evaluations' has unknown factor keys: ['GABA', 'PV', 'SST']; 'go_evaluations' missing canonical factors: ['Divisive Inhibition (PV)', 'Inhibition (GABA)', 'Subtractive Inhibition (SST)']; 'go_evaluations' has unknown factor keys: ['GABA', 'PV', 'SST']",
Kiebel2008__gemma-4-31b-it__T070__R02,Kiebel2008,gemma-4-31b-it,gemma-4-31b-it,0.70,0.90,0.10,2,RECOVERED,1,content/202608_temp/raw/Kiebel2008__gemma-4-31b-it__T070__R02.json,recovered,"'lo_evaluations' missing canonical factors: ['Divisive Inhibition (PV)', 'Inhibition (GABA)', 'Subtractive Inhibition (SST)']; 'lo_evaluations' has unknown factor keys: ['GABA', 'PV', 'SST']; 'go_evaluations' missing canonical factors: ['Divisive Inhibition (PV)', 'Inhibition (GABA)', 'Subtractive Inhibition (SST)']; 'go_evaluations' has unknown factor keys: ['GABA', 'PV', 'SST']",
Kiebel2008__gemma-4-31b-it__T070__R03,Kiebel2008,gemma-4-31b-it,gemma-4-31b-it,0.70,0.90,0.10,3,RECOVERED,1,content/202608_temp/raw/Kiebel2008__gemma-4-31b-it__T070__R03.json,recovered,"'lo_evaluations' missing canonical factors: ['Divisive Inhibition (PV)', 'Inhibition (GABA)', 'Subtractive Inhibition (SST)']; 'lo_evaluations' has unknown factor keys: ['GABA', 'PV', 'SST']; 'go_evaluations' missing canonical factors: ['Divisive Inhibition (PV)', 'Inhibition (GABA)', 'Subtractive Inhibition (SST)']; 'go_evaluations' has unknown factor keys: ['GABA', 'PV', 'SST']",
Kiebel2008__phi-4-reasoning-plus__T000__R01,Kiebel2008,phi-4-reasoning-plus,phi-4-reasoning-plus,0.00,0.90,0.10,1,RECOVERED,1,content/202608_temp/raw/Kiebel2008__phi-4-reasoning-plus__T000__R01.json,recovered,,
Kiebel2008__phi-4-reasoning-plus__T000__R02,Kiebel2008,phi-4-reasoning-plus,phi-4-reasoning-plus,0.00,0.90,0.10,2,COMPLETE,1,content/202608_temp/raw/Kiebel2008__phi-4-reasoning-plus__T000__R02.json,valid,,
Kiebel2008__phi-4-reasoning-plus__T000__R03,Kiebel2008,phi-4-reasoning-plus,phi-4-reasoning-plus,0.00,0.90,0.10,3,COMPLETE,1,content/202608_temp/raw/Kiebel2008__phi-4-reasoning-plus__T000__R03.json,valid,,
Kiebel2008__phi-4-reasoning-plus__T035__R01,Kiebel2008,phi-4-reasoning-plus,phi-4-reasoning-plus,0.35,0.90,0.10,1,RECOVERED,1,content/202608_temp/raw/Kiebel2008__phi-4-reasoning-plus__T035__R01.json,recovered,"'lo_evaluations' missing canonical factors: ['Absence of Feedback Error', 'Activity Suppression', 'Alpha/Beta Mediated Suppression', 'Ascending Latency Shift', 'Canonical Microcircuit Ubiquity', 'Cross-Modal Ubiquity', 'Cross-Scale Hierarchical Ubiquity', 'Divisive Inhibition (PV)', 'E/I Balance Shift', 'Feedforward AMPA', 'Feedforward Ascending Gamma', 'Feedforward Deviance Detection', 'Feedforward Error Propagation', 'Feedforward NMDA', 'Feedforward Non-local Activation', 'Feedforward Non-local Directed Connectivity', 'Feedforward Non-local Granular Activity (L4)', 'Feedforward Non-local Supragranular Activity (L2/3)', 'Habituation to Sequence', 'Hierarchical Activity Ubiquity', 'Hierarchical CSD Ubiquity', 'Hierarchical Mechanism Invariance', 'Hierarchical Order Stability', 'Hierarchical Presence (V1-PFC)', 'Inhibition (GABA)', 'Interspecies Hierarchical Ubiquity', 'Omission Response', 'Population-Wide Ubiquity', 'Precision Weighting (Gain)', 'Selective Sharpening', 'State-Independent Ubiquity', 'Subcortical Feedforward Relaying', 'Subtractive Inhibition (SST)', 'Synaptic Depression (Adaptation)', 'Temporal Stability of Ubiquity', 'VIP-Mediated Disinhibition']; 'lo_evaluations' has unknown factor keys: ['1', '10', '11', '12', '13', '14', '15', '16', '17', '18', '19', '2', '20', '21', '22', '23', '24', '25', '26', '27', '28', '29', '3', '30', '31', '32', '33', '34', '35', '36', '4', '5', '6', '7', '8', '9']; 'go_evaluations' missing canonical factors: ['Absence of Feedback Error', 'Activity Suppression', 'Alpha/Beta Mediated Suppression', 'Ascending Latency Shift', 'Canonical Microcircuit Ubiquity', 'Cross-Modal Ubiquity', 'Cross-Scale Hierarchical Ubiquity', 'Divisive Inhibition (PV)', 'E/I Balance Shift', 'Feedforward AMPA', 'Feedforward Ascending Gamma', 'Feedforward Deviance Detection', 'Feedforward Error Propagation', 'Feedforward NMDA', 'Feedforward Non-local Activation', 'Feedforward Non-local Directed Connectivity', 'Feedforward Non-local Granular Activity (L4)', 'Feedforward Non-local Supragranular Activity (L2/3)', 'Habituation to Sequence', 'Hierarchical Activity Ubiquity', 'Hierarchical CSD Ubiquity', 'Hierarchical Mechanism Invariance', 'Hierarchical Order Stability', 'Hierarchical Presence (V1-PFC)', 'Inhibition (GABA)', 'Interspecies Hierarchical Ubiquity', 'Omission Response', 'Population-Wide Ubiquity', 'Precision Weighting (Gain)', 'Selective Sharpening', 'State-Independent Ubiquity', 'Subcortical Feedforward Relaying', 'Subtractive Inhibition (SST)', 'Synaptic Depression (Adaptation)', 'Temporal Stability of Ubiquity', 'VIP-Mediated Disinhibition']; 'go_evaluations' has unknown factor keys: ['1', '10', '11', '12', '13', '14', '15', '16', '17', '18', '19', '2', '20', '21', '22', '23', '24', '25', '26', '27', '28', '29', '3', '30', '31', '32', '33', '34', '35', '36', '4', '5', '6', '7', '8', '9']",
Kiebel2008__phi-4-reasoning-plus__T035__R02,Kiebel2008,phi-4-reasoning-plus,phi-4-reasoning-plus,0.35,0.90,0.10,2,COMPLETE,1,content/202608_temp/raw/Kiebel2008__phi-4-reasoning-plus__T035__R02.json,valid,,
Kiebel2008__phi-4-reasoning-plus__T035__R03,Kiebel2008,phi-4-reasoning-plus,phi-4-reasoning-plus,0.35,0.90,0.10,3,COMPLETE,1,content/202608_temp/raw/Kiebel2008__phi-4-reasoning-plus__T035__R03.json,valid,,
Kiebel2008__phi-4-reasoning-plus__T070__R01,Kiebel2008,phi-4-reasoning-plus,phi-4-reasoning-plus,0.70,0.90,0.10,1,RECOVERED,1,content/202608_temp/raw/Kiebel2008__phi-4-reasoning-plus__T070__R01.json,recovered,"'lo_evaluations' missing canonical factors: ['Absence of Feedback Error', 'Activity Suppression', 'Alpha/Beta Mediated Suppression', 'Ascending Latency Shift', 'Canonical Microcircuit Ubiquity', 'Cross-Modal Ubiquity', 'Cross-Scale Hierarchical Ubiquity', 'Divisive Inhibition (PV)', 'E/I Balance Shift', 'Feedforward AMPA', 'Feedforward Ascending Gamma', 'Feedforward Deviance Detection', 'Feedforward Error Propagation', 'Feedforward NMDA', 'Feedforward Non-local Activation', 'Feedforward Non-local Directed Connectivity', 'Feedforward Non-local Granular Activity (L4)', 'Feedforward Non-local Supragranular Activity (L2/3)', 'Habituation to Sequence', 'Hierarchical Activity Ubiquity', 'Hierarchical CSD Ubiquity', 'Hierarchical Mechanism Invariance', 'Hierarchical Order Stability', 'Hierarchical Presence (V1-PFC)', 'Inhibition (GABA)', 'Interspecies Hierarchical Ubiquity', 'Omission Response', 'Population-Wide Ubiquity', 'Precision Weighting (Gain)', 'Selective Sharpening', 'State-Independent Ubiquity', 'Subcortical Feedforward Relaying', 'Subtractive Inhibition (SST)', 'Synaptic Depression (Adaptation)', 'Temporal Stability of Ubiquity', 'VIP-Mediated Disinhibition']; 'lo_evaluations' has unknown factor keys: ['1', '10', '11', '12', '13', '14', '15', '16', '17', '18', '19', '2', '20', '21', '22', '23', '24', '25', '26', '27', '28', '29', '3', '30', '31', '32', '33', '34', '35', '36', '4', '5', '6', '7', '8', '9']; 'go_evaluations' missing canonical factors: ['Absence of Feedback Error', 'Activity Suppression', 'Alpha/Beta Mediated Suppression', 'Ascending Latency Shift', 'Canonical Microcircuit Ubiquity', 'Cross-Modal Ubiquity', 'Cross-Scale Hierarchical Ubiquity', 'Divisive Inhibition (PV)', 'E/I Balance Shift', 'Feedforward AMPA', 'Feedforward Ascending Gamma', 'Feedforward Deviance Detection', 'Feedforward Error Propagation', 'Feedforward NMDA', 'Feedforward Non-local Activation', 'Feedforward Non-local Directed Connectivity', 'Feedforward Non-local Granular Activity (L4)', 'Feedforward Non-local Supragranular Activity (L2/3)', 'Habituation to Sequence', 'Hierarchical Activity Ubiquity', 'Hierarchical CSD Ubiquity', 'Hierarchical Mechanism Invariance', 'Hierarchical Order Stability', 'Hierarchical Presence (V1-PFC)', 'Inhibition (GABA)', 'Interspecies Hierarchical Ubiquity', 'Omission Response', 'Population-Wide Ubiquity', 'Precision Weighting (Gain)', 'Selective Sharpening', 'State-Independent Ubiquity', 'Subcortical Feedforward Relaying', 'Subtractive Inhibition (SST)', 'Synaptic Depression (Adaptation)', 'Temporal Stability of Ubiquity', 'VIP-Mediated Disinhibition']; 'go_evaluations' has unknown factor keys: ['1', '10', '11', '12', '13', '14', '15', '16', '17', '18', '19', '2', '20', '21', '22', '23', '24', '25', '26', '27', '28', '29', '3', '30', '31', '32', '33', '34', '35', '36', '4', '5', '6', '7', '8', '9']",
Kiebel2008__phi-4-reasoning-plus__T070__R02,Kiebel2008,phi-4-reasoning-plus,phi-4-reasoning-plus,0.70,0.90,0.10,2,UNRECOVERABLE,1,content/202608_temp/raw/Kiebel2008__phi-4-reasoning-plus__T070__R02.json,unrecoverable,Failed all rescue parser stages,
Kiebel2008__phi-4-reasoning-plus__T070__R03,Kiebel2008,phi-4-reasoning-plus,phi-4-reasoning-plus,0.70,0.90,0.10,3,RECOVERED,1,content/202608_temp/raw/Kiebel2008__phi-4-reasoning-plus__T070__R03.json,recovered,"'lo_evaluations' missing canonical factors: ['Absence of Feedback Error', 'Activity Suppression', 'Alpha/Beta Mediated Suppression', 'Ascending Latency Shift', 'Canonical Microcircuit Ubiquity', 'Cross-Modal Ubiquity', 'Cross-Scale Hierarchical Ubiquity', 'Divisive Inhibition (PV)', 'E/I Balance Shift', 'Feedforward AMPA', 'Feedforward Ascending Gamma', 'Feedforward Deviance Detection', 'Feedforward Error Propagation', 'Feedforward NMDA', 'Feedforward Non-local Activation', 'Feedforward Non-local Directed Connectivity', 'Feedforward Non-local Granular Activity (L4)', 'Feedforward Non-local Supragranular Activity (L2/3)', 'Habituation to Sequence', 'Hierarchical Activity Ubiquity', 'Hierarchical CSD Ubiquity', 'Hierarchical Mechanism Invariance', 'Hierarchical Order Stability', 'Hierarchical Presence (V1-PFC)', 'Inhibition (GABA)', 'Interspecies Hierarchical Ubiquity', 'Omission Response', 'Population-Wide Ubiquity', 'Precision Weighting (Gain)', 'Selective Sharpening', 'State-Independent Ubiquity', 'Subcortical Feedforward Relaying', 'Subtractive Inhibition (SST)', 'Synaptic Depression (Adaptation)', 'Temporal Stability of Ubiquity', 'VIP-Mediated Disinhibition']; 'lo_evaluations' has unknown factor keys: ['1', '10', '11', '12', '13', '14', '15', '16', '17', '18', '19', '2', '20', '21', '22', '23', '24', '25', '26', '27', '28', '29', '3', '30', '31', '32', '33', '34', '35', '36', '4', '5', '6', '7', '8', '9']; 'go_evaluations' missing canonical factors: ['Absence of Feedback Error', 'Activity Suppression', 'Alpha/Beta Mediated Suppression', 'Ascending Latency Shift', 'Canonical Microcircuit Ubiquity', 'Cross-Modal Ubiquity', 'Cross-Scale Hierarchical Ubiquity', 'Divisive Inhibition (PV)', 'E/I Balance Shift', 'Feedforward AMPA', 'Feedforward Ascending Gamma', 'Feedforward Deviance Detection', 'Feedforward Error Propagation', 'Feedforward NMDA', 'Feedforward Non-local Activation', 'Feedforward Non-local Directed Connectivity', 'Feedforward Non-local Granular Activity (L4)', 'Feedforward Non-local Supragranular Activity (L2/3)', 'Habituation to Sequence', 'Hierarchical Activity Ubiquity', 'Hierarchical CSD Ubiquity', 'Hierarchical Mechanism Invariance', 'Hierarchical Order Stability', 'Hierarchical Presence (V1-PFC)', 'Inhibition (GABA)', 'Interspecies Hierarchical Ubiquity', 'Omission Response', 'Population-Wide Ubiquity', 'Precision Weighting (Gain)', 'Selective Sharpening', 'State-Independent Ubiquity', 'Subcortical Feedforward Relaying', 'Subtractive Inhibition (SST)', 'Synaptic Depression (Adaptation)', 'Temporal Stability of Ubiquity', 'VIP-Mediated Disinhibition']; 'go_evaluations' has unknown factor keys: ['1', '10', '11', '12', '13', '14', '15', '16', '17', '18', '19', '2', '20', '21', '22', '23', '24', '25', '26', '27', '28', '29', '3', '30', '31', '32', '33', '34', '35', '36', '4', '5', '6', '7', '8', '9']",
LaoRodriguez2023__olmo-3-32b-think__T000__R01,LaoRodriguez2023,olmo-3-32b-think,olmo-3-32b-think,0.00,0.90,0.10,1,UNRECOVERABLE,1,content/202608_temp/raw/LaoRodriguez2023__olmo-3-32b-think__T000__R01.json,unrecoverable,Failed all rescue parser stages,
LaoRodriguez2023__olmo-3-32b-think__T000__R02,LaoRodriguez2023,olmo-3-32b-think,olmo-3-32b-think,0.00,0.90,0.10,2,UNRECOVERABLE,1,content/202608_temp/raw/LaoRodriguez2023__olmo-3-32b-think__T000__R02.json,unrecoverable,Failed all rescue parser stages,
LaoRodriguez2023__olmo-3-32b-think__T000__R03,LaoRodriguez2023,olmo-3-32b-think,olmo-3-32b-think,0.00,0.90,0.10,3,UNRECOVERABLE,1,content/202608_temp/raw/LaoRodriguez2023__olmo-3-32b-think__T000__R03.json,unrecoverable,Failed all rescue parser stages,
LaoRodriguez2023__olmo-3-32b-think__T035__R01,LaoRodriguez2023,olmo-3-32b-think,olmo-3-32b-think,0.35,0.90,0.10,1,UNRECOVERABLE,3,content/202608_temp/raw/LaoRodriguez2023__olmo-3-32b-think__T035__R01.json,unrecoverable,Failed all rescue parser stages,
LaoRodriguez2023__olmo-3-32b-think__T035__R02,LaoRodriguez2023,olmo-3-32b-think,olmo-3-32b-think,0.35,0.90,0.10,2,UNRECOVERABLE,3,content/202608_temp/raw/LaoRodriguez2023__olmo-3-32b-think__T035__R02.json,unrecoverable,Failed all rescue parser stages,
LaoRodriguez2023__olmo-3-32b-think__T035__R03,LaoRodriguez2023,olmo-3-32b-think,olmo-3-32b-think,0.35,0.90,0.10,3,UNRECOVERABLE,3,content/202608_temp/raw/LaoRodriguez2023__olmo-3-32b-think__T035__R03.json,unrecoverable,Failed all rescue parser stages,
LaoRodriguez2023__olmo-3-32b-think__T070__R01,LaoRodriguez2023,olmo-3-32b-think,olmo-3-32b-think,0.70,0.90,0.10,1,UNRECOVERABLE,3,content/202608_temp/raw/LaoRodriguez2023__olmo-3-32b-think__T070__R01.json,unrecoverable,Failed all rescue parser stages,
LaoRodriguez2023__olmo-3-32b-think__T070__R02,LaoRodriguez2023,olmo-3-32b-think,olmo-3-32b-think,0.70,0.90,0.10,2,UNRECOVERABLE,3,content/202608_temp/raw/LaoRodriguez2023__olmo-3-32b-think__T070__R02.json,unrecoverable,Failed all rescue parser stages,
LaoRodriguez2023__olmo-3-32b-think__T070__R03,LaoRodriguez2023,olmo-3-32b-think,olmo-3-32b-think,0.70,0.90,0.10,3,UNRECOVERABLE,3,content/202608_temp/raw/LaoRodriguez2023__olmo-3-32b-think__T070__R03.json,unrecoverable,Failed all rescue parser stages,
LaoRodriguez2023__gemma-4-31b-it__T000__R01,LaoRodriguez2023,gemma-4-31b-it,gemma-4-31b-it,0.00,0.90,0.10,1,RECOVERED,1,content/202608_temp/raw/LaoRodriguez2023__gemma-4-31b-it__T000__R01.json,recovered,"'lo_evaluations' missing canonical factors: ['Divisive Inhibition (PV)', 'Inhibition (GABA)', 'Subtractive Inhibition (SST)']; 'lo_evaluations' has unknown factor keys: ['GABA', 'PV', 'SST']; 'go_evaluations' missing canonical factors: ['Divisive Inhibition (PV)', 'Inhibition (GABA)', 'Subtractive Inhibition (SST)']; 'go_evaluations' has unknown factor keys: ['GABA', 'PV', 'SST']",
LaoRodriguez2023__gemma-4-31b-it__T000__R02,LaoRodriguez2023,gemma-4-31b-it,gemma-4-31b-it,0.00,0.90,0.10,2,RECOVERED,1,content/202608_temp/raw/LaoRodriguez2023__gemma-4-31b-it__T000__R02.json,recovered,"'lo_evaluations' missing canonical factors: ['Divisive Inhibition (PV)', 'Inhibition (GABA)', 'Subtractive Inhibition (SST)']; 'lo_evaluations' has unknown factor keys: ['GABA', 'PV', 'SST']; 'go_evaluations' missing canonical factors: ['Divisive Inhibition (PV)', 'Inhibition (GABA)', 'Subtractive Inhibition (SST)']; 'go_evaluations' has unknown factor keys: ['GABA', 'PV', 'SST']",
LaoRodriguez2023__gemma-4-31b-it__T000__R03,LaoRodriguez2023,gemma-4-31b-it,gemma-4-31b-it,0.00,0.90,0.10,3,RECOVERED,1,content/202608_temp/raw/LaoRodriguez2023__gemma-4-31b-it__T000__R03.json,recovered,"'lo_evaluations' missing canonical factors: ['Divisive Inhibition (PV)', 'Inhibition (GABA)', 'Subtractive Inhibition (SST)']; 'lo_evaluations' has unknown factor keys: ['GABA', 'PV', 'SST']; 'go_evaluations' missing canonical factors: ['Divisive Inhibition (PV)', 'Inhibition (GABA)', 'Subtractive Inhibition (SST)']; 'go_evaluations' has unknown factor keys: ['GABA', 'PV', 'SST']",
LaoRodriguez2023__gemma-4-31b-it__T035__R01,LaoRodriguez2023,gemma-4-31b-it,gemma-4-31b-it,0.35,0.90,0.10,1,RECOVERED,1,content/202608_temp/raw/LaoRodriguez2023__gemma-4-31b-it__T035__R01.json,recovered,"'lo_evaluations' missing canonical factors: ['Divisive Inhibition (PV)', 'Inhibition (GABA)', 'Subtractive Inhibition (SST)']; 'lo_evaluations' has unknown factor keys: ['GABA', 'PV', 'SST']; 'go_evaluations' missing canonical factors: ['Divisive Inhibition (PV)', 'Inhibition (GABA)', 'Subtractive Inhibition (SST)']; 'go_evaluations' has unknown factor keys: ['GABA', 'PV', 'SST']",
LaoRodriguez2023__gemma-4-31b-it__T035__R02,LaoRodriguez2023,gemma-4-31b-it,gemma-4-31b-it,0.35,0.90,0.10,2,RECOVERED,1,content/202608_temp/raw/LaoRodriguez2023__gemma-4-31b-it__T035__R02.json,recovered,"'lo_evaluations' missing canonical factors: ['Divisive Inhibition (PV)', 'Inhibition (GABA)', 'Subtractive Inhibition (SST)']; 'lo_evaluations' has unknown factor keys: ['GABA', 'PV', 'SST']; 'go_evaluations' missing canonical factors: ['Divisive Inhibition (PV)', 'Inhibition (GABA)', 'Subtractive Inhibition (SST)']; 'go_evaluations' has unknown factor keys: ['GABA', 'PV', 'SST']",
LaoRodriguez2023__gemma-4-31b-it__T035__R03,LaoRodriguez2023,gemma-4-31b-it,gemma-4-31b-it,0.35,0.90,0.10,3,RECOVERED,1,content/202608_temp/raw/LaoRodriguez2023__gemma-4-31b-it__T035__R03.json,recovered,"'lo_evaluations' missing canonical factors: ['Divisive Inhibition (PV)', 'Inhibition (GABA)', 'Subtractive Inhibition (SST)']; 'lo_evaluations' has unknown factor keys: ['GABA', 'PV', 'SST']; 'go_evaluations' missing canonical factors: ['Divisive Inhibition (PV)', 'Inhibition (GABA)', 'Subtractive Inhibition (SST)']; 'go_evaluations' has unknown factor keys: ['GABA', 'PV', 'SST']",
LaoRodriguez2023__gemma-4-31b-it__T070__R01,LaoRodriguez2023,gemma-4-31b-it,gemma-4-31b-it,0.70,0.90,0.10,1,RECOVERED,1,content/202608_temp/raw/LaoRodriguez2023__gemma-4-31b-it__T070__R01.json,recovered,"'lo_evaluations' missing canonical factors: ['Divisive Inhibition (PV)', 'Inhibition (GABA)', 'Subtractive Inhibition (SST)']; 'lo_evaluations' has unknown factor keys: ['GABA', 'PV', 'SST']; 'go_evaluations' missing canonical factors: ['Divisive Inhibition (PV)', 'Inhibition (GABA)', 'Subtractive Inhibition (SST)']; 'go_evaluations' has unknown factor keys: ['GABA', 'PV', 'SST']",
LaoRodriguez2023__gemma-4-31b-it__T070__R02,LaoRodriguez2023,gemma-4-31b-it,gemma-4-31b-it,0.70,0.90,0.10,2,RECOVERED,1,content/202608_temp/raw/LaoRodriguez2023__gemma-4-31b-it__T070__R02.json,recovered,"'lo_evaluations' missing canonical factors: ['Divisive Inhibition (PV)', 'Inhibition (GABA)', 'Subtractive Inhibition (SST)']; 'lo_evaluations' has unknown factor keys: ['GABA', 'PV', 'SST']; 'go_evaluations' missing canonical factors: ['Divisive Inhibition (PV)', 'Inhibition (GABA)', 'Subtractive Inhibition (SST)']; 'go_evaluations' has unknown factor keys: ['GABA', 'PV', 'SST']",
LaoRodriguez2023__gemma-4-31b-it__T070__R03,LaoRodriguez2023,gemma-4-31b-it,gemma-4-31b-it,0.70,0.90,0.10,3,RECOVERED,1,content/202608_temp/raw/LaoRodriguez2023__gemma-4-31b-it__T070__R03.json,recovered,"'lo_evaluations' missing canonical factors: ['Divisive Inhibition (PV)', 'Inhibition (GABA)', 'Subtractive Inhibition (SST)']; 'lo_evaluations' has unknown factor keys: ['GABA', 'PV', 'SST']; 'go_evaluations' missing canonical factors: ['Divisive Inhibition (PV)', 'Inhibition (GABA)', 'Subtractive Inhibition (SST)']; 'go_evaluations' has unknown factor keys: ['GABA', 'PV', 'SST']",
LaoRodriguez2023__phi-4-reasoning-plus__T000__R01,LaoRodriguez2023,phi-4-reasoning-plus,phi-4-reasoning-plus,0.00,0.90,0.10,1,UNRECOVERABLE,1,content/202608_temp/raw/LaoRodriguez2023__phi-4-reasoning-plus__T000__R01.json,unrecoverable,Failed all rescue parser stages,
LaoRodriguez2023__phi-4-reasoning-plus__T000__R02,LaoRodriguez2023,phi-4-reasoning-plus,phi-4-reasoning-plus,0.00,0.90,0.10,2,UNRECOVERABLE,1,content/202608_temp/raw/LaoRodriguez2023__phi-4-reasoning-plus__T000__R02.json,unrecoverable,Failed all rescue parser stages,
LaoRodriguez2023__phi-4-reasoning-plus__T000__R03,LaoRodriguez2023,phi-4-reasoning-plus,phi-4-reasoning-plus,0.00,0.90,0.10,3,UNRECOVERABLE,1,content/202608_temp/raw/LaoRodriguez2023__phi-4-reasoning-plus__T000__R03.json,unrecoverable,Failed all rescue parser stages,
LaoRodriguez2023__phi-4-reasoning-plus__T035__R01,LaoRodriguez2023,phi-4-reasoning-plus,phi-4-reasoning-plus,0.35,0.90,0.10,1,UNRECOVERABLE,3,content/202608_temp/raw/LaoRodriguez2023__phi-4-reasoning-plus__T035__R01.json,unrecoverable,Failed all rescue parser stages,
LaoRodriguez2023__phi-4-reasoning-plus__T035__R02,LaoRodriguez2023,phi-4-reasoning-plus,phi-4-reasoning-plus,0.35,0.90,0.10,2,UNRECOVERABLE,3,content/202608_temp/raw/LaoRodriguez2023__phi-4-reasoning-plus__T035__R02.json,unrecoverable,Failed all rescue parser stages,
LaoRodriguez2023__phi-4-reasoning-plus__T035__R03,LaoRodriguez2023,phi-4-reasoning-plus,phi-4-reasoning-plus,0.35,0.90,0.10,3,UNRECOVERABLE,3,content/202608_temp/raw/LaoRodriguez2023__phi-4-reasoning-plus__T035__R03.json,unrecoverable,Failed all rescue parser stages,
LaoRodriguez2023__phi-4-reasoning-plus__T070__R01,LaoRodriguez2023,phi-4-reasoning-plus,phi-4-reasoning-plus,0.70,0.90,0.10,1,UNRECOVERABLE,1,content/202608_temp/raw/LaoRodriguez2023__phi-4-reasoning-plus__T070__R01.json,unrecoverable,Failed all rescue parser stages,
LaoRodriguez2023__phi-4-reasoning-plus__T070__R02,LaoRodriguez2023,phi-4-reasoning-plus,phi-4-reasoning-plus,0.70,0.90,0.10,2,UNRECOVERABLE,1,content/202608_temp/raw/LaoRodriguez2023__phi-4-reasoning-plus__T070__R02.json,unrecoverable,Failed all rescue parser stages,
LaoRodriguez2023__phi-4-reasoning-plus__T070__R03,LaoRodriguez2023,phi-4-reasoning-plus,phi-4-reasoning-plus,0.70,0.90,0.10,3,UNRECOVERABLE,1,content/202608_temp/raw/LaoRodriguez2023__phi-4-reasoning-plus__T070__R03.json,unrecoverable,Failed all rescue parser stages,
LeeMejias2025__olmo-3-32b-think__T000__R01,LeeMejias2025,olmo-3-32b-think,olmo-3-32b-think,0.00,0.90,0.10,1,UNRECOVERABLE,1,content/202608_temp/raw/LeeMejias2025__olmo-3-32b-think__T000__R01.json,unrecoverable,Failed all rescue parser stages,
LeeMejias2025__olmo-3-32b-think__T000__R02,LeeMejias2025,olmo-3-32b-think,olmo-3-32b-think,0.00,0.90,0.10,2,UNRECOVERABLE,1,content/202608_temp/raw/LeeMejias2025__olmo-3-32b-think__T000__R02.json,unrecoverable,Failed all rescue parser stages,
LeeMejias2025__olmo-3-32b-think__T000__R03,LeeMejias2025,olmo-3-32b-think,olmo-3-32b-think,0.00,0.90,0.10,3,UNRECOVERABLE,1,content/202608_temp/raw/LeeMejias2025__olmo-3-32b-think__T000__R03.json,unrecoverable,Failed all rescue parser stages,
LeeMejias2025__olmo-3-32b-think__T035__R01,LeeMejias2025,olmo-3-32b-think,olmo-3-32b-think,0.35,0.90,0.10,1,UNRECOVERABLE,3,content/202608_temp/raw/LeeMejias2025__olmo-3-32b-think__T035__R01.json,unrecoverable,Failed all rescue parser stages,
LeeMejias2025__olmo-3-32b-think__T035__R02,LeeMejias2025,olmo-3-32b-think,olmo-3-32b-think,0.35,0.90,0.10,2,UNRECOVERABLE,3,content/202608_temp/raw/LeeMejias2025__olmo-3-32b-think__T035__R02.json,unrecoverable,Failed all rescue parser stages,
LeeMejias2025__olmo-3-32b-think__T035__R03,LeeMejias2025,olmo-3-32b-think,olmo-3-32b-think,0.35,0.90,0.10,3,UNRECOVERABLE,3,content/202608_temp/raw/LeeMejias2025__olmo-3-32b-think__T035__R03.json,unrecoverable,Failed all rescue parser stages,
LeeMejias2025__olmo-3-32b-think__T070__R01,LeeMejias2025,olmo-3-32b-think,olmo-3-32b-think,0.70,0.90,0.10,1,UNRECOVERABLE,3,content/202608_temp/raw/LeeMejias2025__olmo-3-32b-think__T070__R01.json,unrecoverable,Failed all rescue parser stages,
LeeMejias2025__olmo-3-32b-think__T070__R02,LeeMejias2025,olmo-3-32b-think,olmo-3-32b-think,0.70,0.90,0.10,2,UNRECOVERABLE,3,content/202608_temp/raw/LeeMejias2025__olmo-3-32b-think__T070__R02.json,unrecoverable,Failed all rescue parser stages,
LeeMejias2025__olmo-3-32b-think__T070__R03,LeeMejias2025,olmo-3-32b-think,olmo-3-32b-think,0.70,0.90,0.10,3,UNRECOVERABLE,3,content/202608_temp/raw/LeeMejias2025__olmo-3-32b-think__T070__R03.json,unrecoverable,Failed all rescue parser stages,
LeeMejias2025__gemma-4-31b-it__T000__R01,LeeMejias2025,gemma-4-31b-it,gemma-4-31b-it,0.00,0.90,0.10,1,RECOVERED,1,content/202608_temp/raw/LeeMejias2025__gemma-4-31b-it__T000__R01.json,recovered,"'lo_evaluations' missing canonical factors: ['Divisive Inhibition (PV)', 'Inhibition (GABA)', 'Subtractive Inhibition (SST)']; 'lo_evaluations' has unknown factor keys: ['GABA', 'PV', 'SST']; 'go_evaluations' missing canonical factors: ['Divisive Inhibition (PV)', 'Inhibition (GABA)', 'Subtractive Inhibition (SST)']; 'go_evaluations' has unknown factor keys: ['GABA', 'PV', 'SST']",
LeeMejias2025__gemma-4-31b-it__T000__R02,LeeMejias2025,gemma-4-31b-it,gemma-4-31b-it,0.00,0.90,0.10,2,RECOVERED,1,content/202608_temp/raw/LeeMejias2025__gemma-4-31b-it__T000__R02.json,recovered,"'lo_evaluations' missing canonical factors: ['Divisive Inhibition (PV)', 'Inhibition (GABA)', 'Subtractive Inhibition (SST)']; 'lo_evaluations' has unknown factor keys: ['GABA', 'PV', 'SST']; 'go_evaluations' missing canonical factors: ['Divisive Inhibition (PV)', 'Inhibition (GABA)', 'Subtractive Inhibition (SST)']; 'go_evaluations' has unknown factor keys: ['GABA', 'PV', 'SST']",
LeeMejias2025__gemma-4-31b-it__T000__R03,LeeMejias2025,gemma-4-31b-it,gemma-4-31b-it,0.00,0.90,0.10,3,RECOVERED,1,content/202608_temp/raw/LeeMejias2025__gemma-4-31b-it__T000__R03.json,recovered,"'lo_evaluations' missing canonical factors: ['Divisive Inhibition (PV)', 'Inhibition (GABA)', 'Subtractive Inhibition (SST)']; 'lo_evaluations' has unknown factor keys: ['GABA', 'PV', 'SST']; 'go_evaluations' missing canonical factors: ['Divisive Inhibition (PV)', 'Inhibition (GABA)', 'Subtractive Inhibition (SST)']; 'go_evaluations' has unknown factor keys: ['GABA', 'PV', 'SST']",
LeeMejias2025__gemma-4-31b-it__T035__R01,LeeMejias2025,gemma-4-31b-it,gemma-4-31b-it,0.35,0.90,0.10,1,RECOVERED,1,content/202608_temp/raw/LeeMejias2025__gemma-4-31b-it__T035__R01.json,recovered,"'lo_evaluations' missing canonical factors: ['Divisive Inhibition (PV)', 'Inhibition (GABA)', 'Subtractive Inhibition (SST)']; 'lo_evaluations' has unknown factor keys: ['GABA', 'PV', 'SST']; 'go_evaluations' missing canonical factors: ['Divisive Inhibition (PV)', 'Inhibition (GABA)', 'Subtractive Inhibition (SST)']; 'go_evaluations' has unknown factor keys: ['GABA', 'PV', 'SST']",
LeeMejias2025__gemma-4-31b-it__T035__R02,LeeMejias2025,gemma-4-31b-it,gemma-4-31b-it,0.35,0.90,0.10,2,RECOVERED,1,content/202608_temp/raw/LeeMejias2025__gemma-4-31b-it__T035__R02.json,recovered,"'lo_evaluations' missing canonical factors: ['Divisive Inhibition (PV)', 'Inhibition (GABA)', 'Subtractive Inhibition (SST)']; 'lo_evaluations' has unknown factor keys: ['GABA', 'PV', 'SST']; 'go_evaluations' missing canonical factors: ['Divisive Inhibition (PV)', 'Inhibition (GABA)', 'Subtractive Inhibition (SST)']; 'go_evaluations' has unknown factor keys: ['GABA', 'PV', 'SST']",
LeeMejias2025__gemma-4-31b-it__T035__R03,LeeMejias2025,gemma-4-31b-it,gemma-4-31b-it,0.35,0.90,0.10,3,RECOVERED,1,content/202608_temp/raw/LeeMejias2025__gemma-4-31b-it__T035__R03.json,recovered,"'lo_evaluations' missing canonical factors: ['Divisive Inhibition (PV)', 'Inhibition (GABA)', 'Subtractive Inhibition (SST)']; 'lo_evaluations' has unknown factor keys: ['GABA', 'PV', 'SST']; 'go_evaluations' missing canonical factors: ['Divisive Inhibition (PV)', 'Inhibition (GABA)', 'Subtractive Inhibition (SST)']; 'go_evaluations' has unknown factor keys: ['GABA', 'PV', 'SST']",
LeeMejias2025__gemma-4-31b-it__T070__R01,LeeMejias2025,gemma-4-31b-it,gemma-4-31b-it,0.70,0.90,0.10,1,RECOVERED,1,content/202608_temp/raw/LeeMejias2025__gemma-4-31b-it__T070__R01.json,recovered,"'lo_evaluations' missing canonical factors: ['Divisive Inhibition (PV)', 'Inhibition (GABA)', 'Subtractive Inhibition (SST)']; 'lo_evaluations' has unknown factor keys: ['GABA', 'PV', 'SST']; 'go_evaluations' missing canonical factors: ['Divisive Inhibition (PV)', 'Inhibition (GABA)', 'Subtractive Inhibition (SST)']; 'go_evaluations' has unknown factor keys: ['GABA', 'PV', 'SST']",
LeeMejias2025__gemma-4-31b-it__T070__R02,LeeMejias2025,gemma-4-31b-it,gemma-4-31b-it,0.70,0.90,0.10,2,RECOVERED,1,content/202608_temp/raw/LeeMejias2025__gemma-4-31b-it__T070__R02.json,recovered,"'lo_evaluations' missing canonical factors: ['Divisive Inhibition (PV)', 'Inhibition (GABA)', 'Subtractive Inhibition (SST)']; 'lo_evaluations' has unknown factor keys: ['GABA', 'PV', 'SST']; 'go_evaluations' missing canonical factors: ['Divisive Inhibition (PV)', 'Inhibition (GABA)', 'Subtractive Inhibition (SST)']; 'go_evaluations' has unknown factor keys: ['GABA', 'PV', 'SST']",
LeeMejias2025__gemma-4-31b-it__T070__R03,LeeMejias2025,gemma-4-31b-it,gemma-4-31b-it,0.70,0.90,0.10,3,RECOVERED,1,content/202608_temp/raw/LeeMejias2025__gemma-4-31b-it__T070__R03.json,recovered,"'lo_evaluations' missing canonical factors: ['Divisive Inhibition (PV)', 'Inhibition (GABA)', 'Subtractive Inhibition (SST)']; 'lo_evaluations' has unknown factor keys: ['GABA', 'PV', 'SST']; 'go_evaluations' missing canonical factors: ['Divisive Inhibition (PV)', 'Inhibition (GABA)', 'Subtractive Inhibition (SST)']; 'go_evaluations' has unknown factor keys: ['GABA', 'PV', 'SST']",
LeeMejias2025__phi-4-reasoning-plus__T000__R01,LeeMejias2025,phi-4-reasoning-plus,phi-4-reasoning-plus,0.00,0.90,0.10,1,RECOVERED,1,content/202608_temp/raw/LeeMejias2025__phi-4-reasoning-plus__T000__R01.json,recovered,,
LeeMejias2025__phi-4-reasoning-plus__T000__R02,LeeMejias2025,phi-4-reasoning-plus,phi-4-reasoning-plus,0.00,0.90,0.10,2,RECOVERED,1,content/202608_temp/raw/LeeMejias2025__phi-4-reasoning-plus__T000__R02.json,recovered,,
LeeMejias2025__phi-4-reasoning-plus__T000__R03,LeeMejias2025,phi-4-reasoning-plus,phi-4-reasoning-plus,0.00,0.90,0.10,3,RECOVERED,1,content/202608_temp/raw/LeeMejias2025__phi-4-reasoning-plus__T000__R03.json,recovered,,
LeeMejias2025__phi-4-reasoning-plus__T035__R01,LeeMejias2025,phi-4-reasoning-plus,phi-4-reasoning-plus,0.35,0.90,0.10,1,RECOVERED,1,content/202608_temp/raw/LeeMejias2025__phi-4-reasoning-plus__T035__R01.json,recovered,,
LeeMejias2025__phi-4-reasoning-plus__T035__R02,LeeMejias2025,phi-4-reasoning-plus,phi-4-reasoning-plus,0.35,0.90,0.10,2,UNRECOVERABLE,1,content/202608_temp/raw/LeeMejias2025__phi-4-reasoning-plus__T035__R02.json,unrecoverable,Failed all rescue parser stages,
LeeMejias2025__phi-4-reasoning-plus__T035__R03,LeeMejias2025,phi-4-reasoning-plus,phi-4-reasoning-plus,0.35,0.90,0.10,3,RECOVERED,1,content/202608_temp/raw/LeeMejias2025__phi-4-reasoning-plus__T035__R03.json,recovered,,
LeeMejias2025__phi-4-reasoning-plus__T070__R01,LeeMejias2025,phi-4-reasoning-plus,phi-4-reasoning-plus,0.70,0.90,0.10,1,RECOVERED,1,content/202608_temp/raw/LeeMejias2025__phi-4-reasoning-plus__T070__R01.json,recovered,,
LeeMejias2025__phi-4-reasoning-plus__T070__R02,LeeMejias2025,phi-4-reasoning-plus,phi-4-reasoning-plus,0.70,0.90,0.10,2,RECOVERED,1,content/202608_temp/raw/LeeMejias2025__phi-4-reasoning-plus__T070__R02.json,recovered,,
LeeMejias2025__phi-4-reasoning-plus__T070__R03,LeeMejias2025,phi-4-reasoning-plus,phi-4-reasoning-plus,0.70,0.90,0.10,3,RECOVERED,1,content/202608_temp/raw/LeeMejias2025__phi-4-reasoning-plus__T070__R03.json,recovered,,
Mikulasch2023__olmo-3-32b-think__T000__R01,Mikulasch2023,olmo-3-32b-think,olmo-3-32b-think,0.00,0.90,0.10,1,UNRECOVERABLE,1,content/202608_temp/raw/Mikulasch2023__olmo-3-32b-think__T000__R01.json,unrecoverable,Failed all rescue parser stages,
Mikulasch2023__olmo-3-32b-think__T000__R02,Mikulasch2023,olmo-3-32b-think,olmo-3-32b-think,0.00,0.90,0.10,2,UNRECOVERABLE,1,content/202608_temp/raw/Mikulasch2023__olmo-3-32b-think__T000__R02.json,unrecoverable,Failed all rescue parser stages,
Mikulasch2023__olmo-3-32b-think__T000__R03,Mikulasch2023,olmo-3-32b-think,olmo-3-32b-think,0.00,0.90,0.10,3,UNRECOVERABLE,1,content/202608_temp/raw/Mikulasch2023__olmo-3-32b-think__T000__R03.json,unrecoverable,Failed all rescue parser stages,
Mikulasch2023__olmo-3-32b-think__T035__R01,Mikulasch2023,olmo-3-32b-think,olmo-3-32b-think,0.35,0.90,0.10,1,UNRECOVERABLE,3,content/202608_temp/raw/Mikulasch2023__olmo-3-32b-think__T035__R01.json,unrecoverable,Failed all rescue parser stages,
Mikulasch2023__olmo-3-32b-think__T035__R02,Mikulasch2023,olmo-3-32b-think,olmo-3-32b-think,0.35,0.90,0.10,2,UNRECOVERABLE,3,content/202608_temp/raw/Mikulasch2023__olmo-3-32b-think__T035__R02.json,unrecoverable,Failed all rescue parser stages,
Mikulasch2023__olmo-3-32b-think__T035__R03,Mikulasch2023,olmo-3-32b-think,olmo-3-32b-think,0.35,0.90,0.10,3,UNRECOVERABLE,3,content/202608_temp/raw/Mikulasch2023__olmo-3-32b-think__T035__R03.json,unrecoverable,Failed all rescue parser stages,
Mikulasch2023__olmo-3-32b-think__T070__R01,Mikulasch2023,olmo-3-32b-think,olmo-3-32b-think,0.70,0.90,0.10,1,UNRECOVERABLE,3,content/202608_temp/raw/Mikulasch2023__olmo-3-32b-think__T070__R01.json,unrecoverable,Failed all rescue parser stages,
Mikulasch2023__olmo-3-32b-think__T070__R02,Mikulasch2023,olmo-3-32b-think,olmo-3-32b-think,0.70,0.90,0.10,2,UNRECOVERABLE,3,content/202608_temp/raw/Mikulasch2023__olmo-3-32b-think__T070__R02.json,unrecoverable,Failed all rescue parser stages,
Mikulasch2023__olmo-3-32b-think__T070__R03,Mikulasch2023,olmo-3-32b-think,olmo-3-32b-think,0.70,0.90,0.10,3,UNRECOVERABLE,3,content/202608_temp/raw/Mikulasch2023__olmo-3-32b-think__T070__R03.json,unrecoverable,Failed all rescue parser stages,
Mikulasch2023__gemma-4-31b-it__T000__R01,Mikulasch2023,gemma-4-31b-it,gemma-4-31b-it,0.00,0.90,0.10,1,RECOVERED,1,content/202608_temp/raw/Mikulasch2023__gemma-4-31b-it__T000__R01.json,recovered,"'lo_evaluations' missing canonical factors: ['Divisive Inhibition (PV)', 'Subtractive Inhibition (SST)']; 'lo_evaluations' has unknown factor keys: ['PV', 'SST']; 'go_evaluations' missing canonical factors: ['Divisive Inhibition (PV)', 'Subtractive Inhibition (SST)']; 'go_evaluations' has unknown factor keys: ['PV', 'SST']",
Mikulasch2023__gemma-4-31b-it__T000__R02,Mikulasch2023,gemma-4-31b-it,gemma-4-31b-it,0.00,0.90,0.10,2,RECOVERED,1,content/202608_temp/raw/Mikulasch2023__gemma-4-31b-it__T000__R02.json,recovered,"'lo_evaluations' missing canonical factors: ['Divisive Inhibition (PV)', 'Subtractive Inhibition (SST)']; 'lo_evaluations' has unknown factor keys: ['PV', 'SST']; 'go_evaluations' missing canonical factors: ['Divisive Inhibition (PV)', 'Subtractive Inhibition (SST)']; 'go_evaluations' has unknown factor keys: ['PV', 'SST']",
Mikulasch2023__gemma-4-31b-it__T000__R03,Mikulasch2023,gemma-4-31b-it,gemma-4-31b-it,0.00,0.90,0.10,3,RECOVERED,1,content/202608_temp/raw/Mikulasch2023__gemma-4-31b-it__T000__R03.json,recovered,"'lo_evaluations' missing canonical factors: ['Divisive Inhibition (PV)', 'Subtractive Inhibition (SST)']; 'lo_evaluations' has unknown factor keys: ['PV', 'SST']; 'go_evaluations' missing canonical factors: ['Divisive Inhibition (PV)', 'Subtractive Inhibition (SST)']; 'go_evaluations' has unknown factor keys: ['PV', 'SST']",
Mikulasch2023__gemma-4-31b-it__T035__R01,Mikulasch2023,gemma-4-31b-it,gemma-4-31b-it,0.35,0.90,0.10,1,RECOVERED,1,content/202608_temp/raw/Mikulasch2023__gemma-4-31b-it__T035__R01.json,recovered,"'lo_evaluations' missing canonical factors: ['Divisive Inhibition (PV)', 'Inhibition (GABA)', 'Subtractive Inhibition (SST)']; 'lo_evaluations' has unknown factor keys: ['GABA', 'PV', 'SST']; 'go_evaluations' missing canonical factors: ['Divisive Inhibition (PV)', 'Inhibition (GABA)', 'Subtractive Inhibition (SST)']; 'go_evaluations' has unknown factor keys: ['GABA', 'PV', 'SST']",
Mikulasch2023__gemma-4-31b-it__T035__R02,Mikulasch2023,gemma-4-31b-it,gemma-4-31b-it,0.35,0.90,0.10,2,RECOVERED,1,content/202608_temp/raw/Mikulasch2023__gemma-4-31b-it__T035__R02.json,recovered,"'lo_evaluations' missing canonical factors: ['Divisive Inhibition (PV)', 'Subtractive Inhibition (SST)']; 'lo_evaluations' has unknown factor keys: ['PV', 'SST']; 'go_evaluations' missing canonical factors: ['Divisive Inhibition (PV)', 'Subtractive Inhibition (SST)']; 'go_evaluations' has unknown factor keys: ['PV', 'SST']",
Mikulasch2023__gemma-4-31b-it__T035__R03,Mikulasch2023,gemma-4-31b-it,gemma-4-31b-it,0.35,0.90,0.10,3,RECOVERED,1,content/202608_temp/raw/Mikulasch2023__gemma-4-31b-it__T035__R03.json,recovered,"'lo_evaluations' missing canonical factors: ['Divisive Inhibition (PV)', 'Subtractive Inhibition (SST)']; 'lo_evaluations' has unknown factor keys: ['PV', 'SST']; 'go_evaluations' missing canonical factors: ['Divisive Inhibition (PV)', 'Subtractive Inhibition (SST)']; 'go_evaluations' has unknown factor keys: ['PV', 'SST']",
Mikulasch2023__gemma-4-31b-it__T070__R01,Mikulasch2023,gemma-4-31b-it,gemma-4-31b-it,0.70,0.90,0.10,1,RECOVERED,1,content/202608_temp/raw/Mikulasch2023__gemma-4-31b-it__T070__R01.json,recovered,"'lo_evaluations' missing canonical factors: ['Divisive Inhibition (PV)', 'Inhibition (GABA)', 'Subtractive Inhibition (SST)']; 'lo_evaluations' has unknown factor keys: ['GABA', 'PV', 'SST']; 'go_evaluations' missing canonical factors: ['Divisive Inhibition (PV)', 'Inhibition (GABA)', 'Subtractive Inhibition (SST)']; 'go_evaluations' has unknown factor keys: ['GABA', 'PV', 'SST']",
Mikulasch2023__gemma-4-31b-it__T070__R02,Mikulasch2023,gemma-4-31b-it,gemma-4-31b-it,0.70,0.90,0.10,2,RECOVERED,1,content/202608_temp/raw/Mikulasch2023__gemma-4-31b-it__T070__R02.json,recovered,"'lo_evaluations' missing canonical factors: ['Divisive Inhibition (PV)', 'Subtractive Inhibition (SST)']; 'lo_evaluations' has unknown factor keys: ['PV', 'SST']; 'go_evaluations' missing canonical factors: ['Divisive Inhibition (PV)', 'Subtractive Inhibition (SST)']; 'go_evaluations' has unknown factor keys: ['PV', 'SST']",
Mikulasch2023__gemma-4-31b-it__T070__R03,Mikulasch2023,gemma-4-31b-it,gemma-4-31b-it,0.70,0.90,0.10,3,RECOVERED,1,content/202608_temp/raw/Mikulasch2023__gemma-4-31b-it__T070__R03.json,recovered,"'lo_evaluations' missing canonical factors: ['Divisive Inhibition (PV)', 'Subtractive Inhibition (SST)']; 'lo_evaluations' has unknown factor keys: ['PV', 'SST']; 'go_evaluations' missing canonical factors: ['Divisive Inhibition (PV)', 'Subtractive Inhibition (SST)']; 'go_evaluations' has unknown factor keys: ['PV', 'SST']",
Mikulasch2023__phi-4-reasoning-plus__T000__R01,Mikulasch2023,phi-4-reasoning-plus,phi-4-reasoning-plus,0.00,0.90,0.10,1,RECOVERED,1,content/202608_temp/raw/Mikulasch2023__phi-4-reasoning-plus__T000__R01.json,recovered,"'lo_evaluations' missing canonical factors: ['Absence of Feedback Error', 'Activity Suppression', 'Alpha/Beta Mediated Suppression', 'Ascending Latency Shift', 'Canonical Microcircuit Ubiquity', 'Cross-Modal Ubiquity', 'Cross-Scale Hierarchical Ubiquity', 'Divisive Inhibition (PV)', 'E/I Balance Shift', 'Feedforward AMPA', 'Feedforward Ascending Gamma', 'Feedforward Deviance Detection', 'Feedforward Error Propagation', 'Feedforward NMDA', 'Feedforward Non-local Activation', 'Feedforward Non-local Directed Connectivity', 'Feedforward Non-local Granular Activity (L4)', 'Feedforward Non-local Supragranular Activity (L2/3)', 'Habituation to Sequence', 'Hierarchical Activity Ubiquity', 'Hierarchical CSD Ubiquity', 'Hierarchical Mechanism Invariance', 'Hierarchical Order Stability', 'Hierarchical Presence (V1-PFC)', 'Inhibition (GABA)', 'Interspecies Hierarchical Ubiquity', 'Omission Response', 'Population-Wide Ubiquity', 'Precision Weighting (Gain)', 'Selective Sharpening', 'State-Independent Ubiquity', 'Subcortical Feedforward Relaying', 'Subtractive Inhibition (SST)', 'Synaptic Depression (Adaptation)', 'Temporal Stability of Ubiquity', 'VIP-Mediated Disinhibition']; 'lo_evaluations' has unknown factor keys: ['1 Subtractive Inhibition (SST)', '10 Precision Weighting (Gain)', '11 E/I Balance Shift', '12 Omission Response', '13 Feedforward Deviance Detection', '14 Feedforward AMPA', '15 Feedforward NMDA', '16 Feedforward Ascending Gamma', '17 Absence of Feedback Error', '18 Feedforward Non-local Supragranular Activity (L2/3)', '19 Feedforward Non-local Granular Activity (L4)', '2 Divisive Inhibition (PV)', '20 Feedforward Non-local Directed Connectivity', '21 Feedforward Non-local Activation', '22 Ascending Latency Shift', '23 Feedforward Error Propagation', '24 Subcortical Feedforward Relaying', '25 Canonical Microcircuit Ubiquity', '26 Hierarchical Mechanism Invariance', '27 Hierarchical Activity Ubiquity', '28 Hierarchical CSD Ubiquity', '29 Cross-Scale Hierarchical Ubiquity', '3 Inhibition (GABA)', '30 Hierarchical Presence (V1-PFC)', '31 Cross-Modal Ubiquity', '32 Interspecies Hierarchical Ubiquity', '33 Temporal Stability of Ubiquity', '34 Hierarchical Order Stability', '35 Population-Wide Ubiquity', '36 State-Independent Ubiquity', '4 Habituation to Sequence', '5 Synaptic Depression (Adaptation)', '6 Activity Suppression', '7 Selective Sharpening', '8 Alpha/Beta Mediated Suppression', '9 VIP-Mediated Disinhibition']; 'go_evaluations' missing canonical factors: ['Absence of Feedback Error', 'Activity Suppression', 'Alpha/Beta Mediated Suppression', 'Ascending Latency Shift', 'Canonical Microcircuit Ubiquity', 'Cross-Modal Ubiquity', 'Cross-Scale Hierarchical Ubiquity', 'Divisive Inhibition (PV)', 'E/I Balance Shift', 'Feedforward AMPA', 'Feedforward Ascending Gamma', 'Feedforward Deviance Detection', 'Feedforward Error Propagation', 'Feedforward NMDA', 'Feedforward Non-local Activation', 'Feedforward Non-local Directed Connectivity', 'Feedforward Non-local Granular Activity (L4)', 'Feedforward Non-local Supragranular Activity (L2/3)', 'Habituation to Sequence', 'Hierarchical Activity Ubiquity', 'Hierarchical CSD Ubiquity', 'Hierarchical Mechanism Invariance', 'Hierarchical Order Stability', 'Hierarchical Presence (V1-PFC)', 'Inhibition (GABA)', 'Interspecies Hierarchical Ubiquity', 'Omission Response', 'Population-Wide Ubiquity', 'Precision Weighting (Gain)', 'Selective Sharpening', 'State-Independent Ubiquity', 'Subcortical Feedforward Relaying', 'Subtractive Inhibition (SST)', 'Synaptic Depression (Adaptation)', 'Temporal Stability of Ubiquity', 'VIP-Mediated Disinhibition']; 'go_evaluations' has unknown factor keys: ['1 Subtractive Inhibition (SST)', '10 Precision Weighting (Gain)', '11 E/I Balance Shift', '12 Omission Response', '13 Feedforward Deviance Detection', '14 Feedforward AMPA', '15 Feedforward NMDA', '16 Feedforward Ascending Gamma', '17 Absence of Feedback Error', '18 Feedforward Non-local Supragranular Activity (L2/3)', '19 Feedforward Non-local Granular Activity (L4)', '2 Divisive Inhibition (PV)', '20 Feedforward Non-local Directed Connectivity', '21 Feedforward Non-local Activation', '22 Ascending Latency Shift', '23 Feedforward Error Propagation', '24 Subcortical Feedforward Relaying', '25 Canonical Microcircuit Ubiquity', '26 Hierarchical Mechanism Invariance', '27 Hierarchical Activity Ubiquity', '28 Hierarchical CSD Ubiquity', '29 Cross-Scale Hierarchical Ubiquity', '3 Inhibition (GABA)', '30 Hierarchical Presence (V1-PFC)', '31 Cross-Modal Ubiquity', '32 Interspecies Hierarchical Ubiquity', '33 Temporal Stability of Ubiquity', '34 Hierarchical Order Stability', '35 Population-Wide Ubiquity', '36 State-Independent Ubiquity', '4 Habituation to Sequence', '5 Synaptic Depression (Adaptation)', '6 Activity Suppression', '7 Selective Sharpening', '8 Alpha/Beta Mediated Suppression', '9 VIP-Mediated Disinhibition']",
Mikulasch2023__phi-4-reasoning-plus__T000__R02,Mikulasch2023,phi-4-reasoning-plus,phi-4-reasoning-plus,0.00,0.90,0.10,2,UNRECOVERABLE,1,content/202608_temp/raw/Mikulasch2023__phi-4-reasoning-plus__T000__R02.json,unrecoverable,Failed all rescue parser stages,
Mikulasch2023__phi-4-reasoning-plus__T000__R03,Mikulasch2023,phi-4-reasoning-plus,phi-4-reasoning-plus,0.00,0.90,0.10,3,UNRECOVERABLE,1,content/202608_temp/raw/Mikulasch2023__phi-4-reasoning-plus__T000__R03.json,unrecoverable,Failed all rescue parser stages,
Mikulasch2023__phi-4-reasoning-plus__T035__R01,Mikulasch2023,phi-4-reasoning-plus,phi-4-reasoning-plus,0.35,0.90,0.10,1,RECOVERED,1,content/202608_temp/raw/Mikulasch2023__phi-4-reasoning-plus__T035__R01.json,recovered,,
Mikulasch2023__phi-4-reasoning-plus__T035__R02,Mikulasch2023,phi-4-reasoning-plus,phi-4-reasoning-plus,0.35,0.90,0.10,2,RECOVERED,1,content/202608_temp/raw/Mikulasch2023__phi-4-reasoning-plus__T035__R02.json,recovered,,
Mikulasch2023__phi-4-reasoning-plus__T035__R03,Mikulasch2023,phi-4-reasoning-plus,phi-4-reasoning-plus,0.35,0.90,0.10,3,UNRECOVERABLE,1,content/202608_temp/raw/Mikulasch2023__phi-4-reasoning-plus__T035__R03.json,unrecoverable,Failed all rescue parser stages,
Mikulasch2023__phi-4-reasoning-plus__T070__R01,Mikulasch2023,phi-4-reasoning-plus,phi-4-reasoning-plus,0.70,0.90,0.10,1,UNRECOVERABLE,1,content/202608_temp/raw/Mikulasch2023__phi-4-reasoning-plus__T070__R01.json,unrecoverable,Failed all rescue parser stages,
Mikulasch2023__phi-4-reasoning-plus__T070__R02,Mikulasch2023,phi-4-reasoning-plus,phi-4-reasoning-plus,0.70,0.90,0.10,2,UNRECOVERABLE,1,content/202608_temp/raw/Mikulasch2023__phi-4-reasoning-plus__T070__R02.json,unrecoverable,Failed all rescue parser stages,
Mikulasch2023__phi-4-reasoning-plus__T070__R03,Mikulasch2023,phi-4-reasoning-plus,phi-4-reasoning-plus,0.70,0.90,0.10,3,UNRECOVERABLE,1,content/202608_temp/raw/Mikulasch2023__phi-4-reasoning-plus__T070__R03.json,unrecoverable,Failed all rescue parser stages,
Nejad2025__olmo-3-32b-think__T000__R01,Nejad2025,olmo-3-32b-think,olmo-3-32b-think,0.00,0.90,0.10,1,UNRECOVERABLE,1,content/202608_temp/raw/Nejad2025__olmo-3-32b-think__T000__R01.json,unrecoverable,Failed all rescue parser stages,
Nejad2025__olmo-3-32b-think__T000__R02,Nejad2025,olmo-3-32b-think,olmo-3-32b-think,0.00,0.90,0.10,2,UNRECOVERABLE,1,content/202608_temp/raw/Nejad2025__olmo-3-32b-think__T000__R02.json,unrecoverable,Failed all rescue parser stages,
Nejad2025__olmo-3-32b-think__T000__R03,Nejad2025,olmo-3-32b-think,olmo-3-32b-think,0.00,0.90,0.10,3,UNRECOVERABLE,1,content/202608_temp/raw/Nejad2025__olmo-3-32b-think__T000__R03.json,unrecoverable,Failed all rescue parser stages,
Nejad2025__olmo-3-32b-think__T035__R01,Nejad2025,olmo-3-32b-think,olmo-3-32b-think,0.35,0.90,0.10,1,UNRECOVERABLE,3,content/202608_temp/raw/Nejad2025__olmo-3-32b-think__T035__R01.json,unrecoverable,Failed all rescue parser stages,
Nejad2025__olmo-3-32b-think__T035__R02,Nejad2025,olmo-3-32b-think,olmo-3-32b-think,0.35,0.90,0.10,2,UNRECOVERABLE,3,content/202608_temp/raw/Nejad2025__olmo-3-32b-think__T035__R02.json,unrecoverable,Failed all rescue parser stages,
Nejad2025__olmo-3-32b-think__T035__R03,Nejad2025,olmo-3-32b-think,olmo-3-32b-think,0.35,0.90,0.10,3,UNRECOVERABLE,3,content/202608_temp/raw/Nejad2025__olmo-3-32b-think__T035__R03.json,unrecoverable,Failed all rescue parser stages,
Nejad2025__olmo-3-32b-think__T070__R01,Nejad2025,olmo-3-32b-think,olmo-3-32b-think,0.70,0.90,0.10,1,UNRECOVERABLE,3,content/202608_temp/raw/Nejad2025__olmo-3-32b-think__T070__R01.json,unrecoverable,Failed all rescue parser stages,
Nejad2025__olmo-3-32b-think__T070__R02,Nejad2025,olmo-3-32b-think,olmo-3-32b-think,0.70,0.90,0.10,2,UNRECOVERABLE,3,content/202608_temp/raw/Nejad2025__olmo-3-32b-think__T070__R02.json,unrecoverable,Failed all rescue parser stages,
Nejad2025__olmo-3-32b-think__T070__R03,Nejad2025,olmo-3-32b-think,olmo-3-32b-think,0.70,0.90,0.10,3,UNRECOVERABLE,3,content/202608_temp/raw/Nejad2025__olmo-3-32b-think__T070__R03.json,unrecoverable,Failed all rescue parser stages,
Nejad2025__gemma-4-31b-it__T000__R01,Nejad2025,gemma-4-31b-it,gemma-4-31b-it,0.00,0.90,0.10,1,RECOVERED,1,content/202608_temp/raw/Nejad2025__gemma-4-31b-it__T000__R01.json,recovered,"'lo_evaluations' missing canonical factors: ['Divisive Inhibition (PV)', 'Inhibition (GABA)', 'Subtractive Inhibition (SST)']; 'lo_evaluations' has unknown factor keys: ['GABA', 'PV', 'SST']; 'go_evaluations' missing canonical factors: ['Divisive Inhibition (PV)', 'Inhibition (GABA)', 'Subtractive Inhibition (SST)']; 'go_evaluations' has unknown factor keys: ['GABA', 'PV', 'SST']",
Nejad2025__gemma-4-31b-it__T000__R02,Nejad2025,gemma-4-31b-it,gemma-4-31b-it,0.00,0.90,0.10,2,RECOVERED,1,content/202608_temp/raw/Nejad2025__gemma-4-31b-it__T000__R02.json,recovered,"'lo_evaluations' missing canonical factors: ['Divisive Inhibition (PV)', 'Inhibition (GABA)', 'Subtractive Inhibition (SST)']; 'lo_evaluations' has unknown factor keys: ['GABA', 'PV', 'SST']; 'go_evaluations' missing canonical factors: ['Divisive Inhibition (PV)', 'Inhibition (GABA)', 'Subtractive Inhibition (SST)']; 'go_evaluations' has unknown factor keys: ['GABA', 'PV', 'SST']",
Nejad2025__gemma-4-31b-it__T000__R03,Nejad2025,gemma-4-31b-it,gemma-4-31b-it,0.00,0.90,0.10,3,RECOVERED,1,content/202608_temp/raw/Nejad2025__gemma-4-31b-it__T000__R03.json,recovered,"'lo_evaluations' missing canonical factors: ['Divisive Inhibition (PV)', 'Inhibition (GABA)', 'Subtractive Inhibition (SST)']; 'lo_evaluations' has unknown factor keys: ['GABA', 'PV', 'SST']; 'go_evaluations' missing canonical factors: ['Divisive Inhibition (PV)', 'Inhibition (GABA)', 'Subtractive Inhibition (SST)']; 'go_evaluations' has unknown factor keys: ['GABA', 'PV', 'SST']",
Nejad2025__gemma-4-31b-it__T035__R01,Nejad2025,gemma-4-31b-it,gemma-4-31b-it,0.35,0.90,0.10,1,RECOVERED,1,content/202608_temp/raw/Nejad2025__gemma-4-31b-it__T035__R01.json,recovered,"'lo_evaluations' missing canonical factors: ['Divisive Inhibition (PV)', 'Inhibition (GABA)', 'Subtractive Inhibition (SST)']; 'lo_evaluations' has unknown factor keys: ['GABA', 'PV', 'SST']; 'go_evaluations' missing canonical factors: ['Divisive Inhibition (PV)', 'Inhibition (GABA)', 'Subtractive Inhibition (SST)']; 'go_evaluations' has unknown factor keys: ['GABA', 'PV', 'SST']",
Nejad2025__gemma-4-31b-it__T035__R02,Nejad2025,gemma-4-31b-it,gemma-4-31b-it,0.35,0.90,0.10,2,RECOVERED,1,content/202608_temp/raw/Nejad2025__gemma-4-31b-it__T035__R02.json,recovered,"'lo_evaluations' missing canonical factors: ['Divisive Inhibition (PV)', 'Inhibition (GABA)', 'Subtractive Inhibition (SST)']; 'lo_evaluations' has unknown factor keys: ['GABA', 'PV', 'SST']; 'go_evaluations' missing canonical factors: ['Divisive Inhibition (PV)', 'Inhibition (GABA)', 'Subtractive Inhibition (SST)']; 'go_evaluations' has unknown factor keys: ['GABA', 'PV', 'SST']",
Nejad2025__gemma-4-31b-it__T035__R03,Nejad2025,gemma-4-31b-it,gemma-4-31b-it,0.35,0.90,0.10,3,RECOVERED,1,content/202608_temp/raw/Nejad2025__gemma-4-31b-it__T035__R03.json,recovered,"'lo_evaluations' missing canonical factors: ['Divisive Inhibition (PV)', 'Inhibition (GABA)', 'Subtractive Inhibition (SST)']; 'lo_evaluations' has unknown factor keys: ['GABA', 'PV', 'SST']; 'go_evaluations' missing canonical factors: ['Divisive Inhibition (PV)', 'Inhibition (GABA)', 'Subtractive Inhibition (SST)']; 'go_evaluations' has unknown factor keys: ['GABA', 'PV', 'SST']",
Nejad2025__gemma-4-31b-it__T070__R01,Nejad2025,gemma-4-31b-it,gemma-4-31b-it,0.70,0.90,0.10,1,RECOVERED,1,content/202608_temp/raw/Nejad2025__gemma-4-31b-it__T070__R01.json,recovered,"'lo_evaluations' missing canonical factors: ['Absence of Feedback Error', 'Activity Suppression', 'Alpha/Beta Mediated Suppression', 'Ascending Latency Shift', 'Canonical Microcircuit Ubiquity', 'Cross-Modal Ubiquity', 'Cross-Scale Hierarchical Ubiquity', 'Divisive Inhibition (PV)', 'E/I Balance Shift', 'Feedforward AMPA', 'Feedforward Ascending Gamma', 'Feedforward Deviance Detection', 'Feedforward Error Propagation', 'Feedforward NMDA', 'Feedforward Non-local Activation', 'Feedforward Non-local Directed Connectivity', 'Feedforward Non-local Granular Activity (L4)', 'Feedforward Non-local Supragranular Activity (L2/3)', 'Habituation to Sequence', 'Hierarchical Activity Ubiquity', 'Hierarchical CSD Ubiquity', 'Hierarchical Mechanism Invariance', 'Hierarchical Order Stability', 'Hierarchical Presence (V1-PFC)', 'Inhibition (GABA)', 'Interspecies Hierarchical Ubiquity', 'Omission Response', 'Population-Wide Ubiquity', 'Precision Weighting (Gain)', 'Selective Sharpening', 'State-Independent Ubiquity', 'Subcortical Feedforward Relaying', 'Subtractive Inhibition (SST)', 'Synaptic Depression (Adaptation)', 'Temporal Stability of Ubiquity', 'VIP-Mediated Disinhibition']; 'lo_evaluations' has unknown factor keys: ['1', '10', '11', '12', '13', '14', '15', '16', '17', '18', '19', '2', '20', '21', '22', '23', '24', '25', '26', '27', '28', '29', '3', '30', '31', '32', '33', '34', '35', '36', '4', '5', '6', '7', '8', '9']; 'go_evaluations' missing canonical factors: ['Absence of Feedback Error', 'Activity Suppression', 'Alpha/Beta Mediated Suppression', 'Ascending Latency Shift', 'Canonical Microcircuit Ubiquity', 'Cross-Modal Ubiquity', 'Cross-Scale Hierarchical Ubiquity', 'Divisive Inhibition (PV)', 'E/I Balance Shift', 'Feedforward AMPA', 'Feedforward Ascending Gamma', 'Feedforward Deviance Detection', 'Feedforward Error Propagation', 'Feedforward NMDA', 'Feedforward Non-local Activation', 'Feedforward Non-local Directed Connectivity', 'Feedforward Non-local Granular Activity (L4)', 'Feedforward Non-local Supragranular Activity (L2/3)', 'Habituation to Sequence', 'Hierarchical Activity Ubiquity', 'Hierarchical CSD Ubiquity', 'Hierarchical Mechanism Invariance', 'Hierarchical Order Stability', 'Hierarchical Presence (V1-PFC)', 'Inhibition (GABA)', 'Interspecies Hierarchical Ubiquity', 'Omission Response', 'Population-Wide Ubiquity', 'Precision Weighting (Gain)', 'Selective Sharpening', 'State-Independent Ubiquity', 'Subcortical Feedforward Relaying', 'Subtractive Inhibition (SST)', 'Synaptic Depression (Adaptation)', 'Temporal Stability of Ubiquity', 'VIP-Mediated Disinhibition']; 'go_evaluations' has unknown factor keys: ['1', '10', '11', '12', '13', '14', '15', '16', '17', '18', '19', '2', '20', '21', '22', '23', '24', '25', '26', '27', '28', '29', '3', '30', '31', '32', '33', '34', '35', '36', '4', '5', '6', '7', '8', '9']",
Nejad2025__gemma-4-31b-it__T070__R02,Nejad2025,gemma-4-31b-it,gemma-4-31b-it,0.70,0.90,0.10,2,RECOVERED,1,content/202608_temp/raw/Nejad2025__gemma-4-31b-it__T070__R02.json,recovered,"'lo_evaluations' missing canonical factors: ['Divisive Inhibition (PV)', 'Inhibition (GABA)', 'Subtractive Inhibition (SST)']; 'lo_evaluations' has unknown factor keys: ['GABA', 'PV', 'SST']; 'go_evaluations' missing canonical factors: ['Divisive Inhibition (PV)', 'Inhibition (GABA)', 'Subtractive Inhibition (SST)']; 'go_evaluations' has unknown factor keys: ['GABA', 'PV', 'SST']",
Nejad2025__gemma-4-31b-it__T070__R03,Nejad2025,gemma-4-31b-it,gemma-4-31b-it,0.70,0.90,0.10,3,RECOVERED,1,content/202608_temp/raw/Nejad2025__gemma-4-31b-it__T070__R03.json,recovered,"'lo_evaluations' missing canonical factors: ['Divisive Inhibition (PV)', 'Inhibition (GABA)', 'Subtractive Inhibition (SST)']; 'lo_evaluations' has unknown factor keys: ['GABA', 'PV', 'SST']; 'go_evaluations' missing canonical factors: ['Divisive Inhibition (PV)', 'Inhibition (GABA)', 'Subtractive Inhibition (SST)']; 'go_evaluations' has unknown factor keys: ['GABA', 'PV', 'SST']",
Nejad2025__phi-4-reasoning-plus__T000__R01,Nejad2025,phi-4-reasoning-plus,phi-4-reasoning-plus,0.00,0.90,0.10,1,COMPLETE,1,content/202608_temp/raw/Nejad2025__phi-4-reasoning-plus__T000__R01.json,valid,,
Nejad2025__phi-4-reasoning-plus__T000__R02,Nejad2025,phi-4-reasoning-plus,phi-4-reasoning-plus,0.00,0.90,0.10,2,COMPLETE,1,content/202608_temp/raw/Nejad2025__phi-4-reasoning-plus__T000__R02.json,valid,,
Nejad2025__phi-4-reasoning-plus__T000__R03,Nejad2025,phi-4-reasoning-plus,phi-4-reasoning-plus,0.00,0.90,0.10,3,COMPLETE,1,content/202608_temp/raw/Nejad2025__phi-4-reasoning-plus__T000__R03.json,valid,,
Nejad2025__phi-4-reasoning-plus__T035__R01,Nejad2025,phi-4-reasoning-plus,phi-4-reasoning-plus,0.35,0.90,0.10,1,COMPLETE,1,content/202608_temp/raw/Nejad2025__phi-4-reasoning-plus__T035__R01.json,valid,,
Nejad2025__phi-4-reasoning-plus__T035__R02,Nejad2025,phi-4-reasoning-plus,phi-4-reasoning-plus,0.35,0.90,0.10,2,COMPLETE,1,content/202608_temp/raw/Nejad2025__phi-4-reasoning-plus__T035__R02.json,valid,,
Nejad2025__phi-4-reasoning-plus__T035__R03,Nejad2025,phi-4-reasoning-plus,phi-4-reasoning-plus,0.35,0.90,0.10,3,RECOVERED,1,content/202608_temp/raw/Nejad2025__phi-4-reasoning-plus__T035__R03.json,recovered,"'lo_evaluations' has 12 keys, expected 36; 'lo_evaluations' missing canonical factors: ['Absence of Feedback Error', 'Ascending Latency Shift', 'Canonical Microcircuit Ubiquity', 'Cross-Modal Ubiquity', 'Cross-Scale Hierarchical Ubiquity', 'Feedforward AMPA', 'Feedforward Ascending Gamma', 'Feedforward Deviance Detection', 'Feedforward Error Propagation', 'Feedforward NMDA', 'Feedforward Non-local Activation', 'Feedforward Non-local Directed Connectivity', 'Feedforward Non-local Granular Activity (L4)', 'Feedforward Non-local Supragranular Activity (L2/3)', 'Hierarchical Activity Ubiquity', 'Hierarchical CSD Ubiquity', 'Hierarchical Mechanism Invariance', 'Hierarchical Order Stability', 'Hierarchical Presence (V1-PFC)', 'Interspecies Hierarchical Ubiquity', 'Population-Wide Ubiquity', 'State-Independent Ubiquity', 'Subcortical Feedforward Relaying', 'Temporal Stability of Ubiquity']; 'lo_evaluations' factor 'Subtractive Inhibition (SST)' value '+0.2' is not numeric or null; 'lo_evaluations' factor 'Divisive Inhibition (PV)' value '+0.2' is not numeric or null; 'lo_evaluations' factor 'Inhibition (GABA)' value '+0.2' is not numeric or null; 'lo_evaluations' factor 'Habituation to Sequence' value '-0.2' is not numeric or null; 'lo_evaluations' factor 'Synaptic Depression (Adaptation)' value '-0.2' is not numeric or null; 'lo_evaluations' factor 'Activity Suppression' value '+0.3' is not numeric or null; 'lo_evaluations' factor 'Selective Sharpening' value '+0.4' is not numeric or null; 'lo_evaluations' factor 'Alpha/Beta Mediated Suppression' value '+0.5' is not numeric or null; 'lo_evaluations' factor 'E/I Balance Shift' value '-0.2' is not numeric or null; 'lo_evaluations' factor 'Omission Response' value '-0.3' is not numeric or null; 'go_evaluations' has 12 keys, expected 36; 'go_evaluations' missing canonical factors: ['Absence of Feedback Error', 'Ascending Latency Shift', 'Canonical Microcircuit Ubiquity', 'Cross-Modal Ubiquity', 'Cross-Scale Hierarchical Ubiquity', 'Feedforward AMPA', 'Feedforward Ascending Gamma', 'Feedforward Deviance Detection', 'Feedforward Error Propagation', 'Feedforward NMDA', 'Feedforward Non-local Activation', 'Feedforward Non-local Directed Connectivity', 'Feedforward Non-local Granular Activity (L4)', 'Feedforward Non-local Supragranular Activity (L2/3)', 'Hierarchical Activity Ubiquity', 'Hierarchical CSD Ubiquity', 'Hierarchical Mechanism Invariance', 'Hierarchical Order Stability', 'Hierarchical Presence (V1-PFC)', 'Interspecies Hierarchical Ubiquity', 'Population-Wide Ubiquity', 'State-Independent Ubiquity', 'Subcortical Feedforward Relaying', 'Temporal Stability of Ubiquity']; 'go_evaluations' factor 'Subtractive Inhibition (SST)' value '+0.2' is not numeric or null; 'go_evaluations' factor 'Divisive Inhibition (PV)' value '+0.2' is not numeric or null; 'go_evaluations' factor 'Inhibition (GABA)' value '+0.2' is not numeric or null; 'go_evaluations' factor 'Habituation to Sequence' value '-0.2' is not numeric or null; 'go_evaluations' factor 'Synaptic Depression (Adaptation)' value '-0.2' is not numeric or null; 'go_evaluations' factor 'Activity Suppression' value '+0.3' is not numeric or null; 'go_evaluations' factor 'Selective Sharpening' value '+0.4' is not numeric or null; 'go_evaluations' factor 'Alpha/Beta Mediated Suppression' value '+0.5' is not numeric or null; 'go_evaluations' factor 'E/I Balance Shift' value '-0.2' is not numeric or null; 'go_evaluations' factor 'Omission Response' value '-0.3' is not numeric or null",
Nejad2025__phi-4-reasoning-plus__T070__R01,Nejad2025,phi-4-reasoning-plus,phi-4-reasoning-plus,0.70,0.90,0.10,1,RECOVERED,1,content/202608_temp/raw/Nejad2025__phi-4-reasoning-plus__T070__R01.json,recovered,"'lo_evaluations' has 12 keys, expected 36; 'lo_evaluations' missing canonical factors: ['Absence of Feedback Error', 'Ascending Latency Shift', 'Canonical Microcircuit Ubiquity', 'Cross-Modal Ubiquity', 'Cross-Scale Hierarchical Ubiquity', 'Feedforward AMPA', 'Feedforward Ascending Gamma', 'Feedforward Deviance Detection', 'Feedforward Error Propagation', 'Feedforward NMDA', 'Feedforward Non-local Activation', 'Feedforward Non-local Directed Connectivity', 'Feedforward Non-local Granular Activity (L4)', 'Feedforward Non-local Supragranular Activity (L2/3)', 'Hierarchical Activity Ubiquity', 'Hierarchical CSD Ubiquity', 'Hierarchical Mechanism Invariance', 'Hierarchical Order Stability', 'Hierarchical Presence (V1-PFC)', 'Interspecies Hierarchical Ubiquity', 'Population-Wide Ubiquity', 'State-Independent Ubiquity', 'Subcortical Feedforward Relaying', 'Temporal Stability of Ubiquity']; 'lo_evaluations' factor 'Subtractive Inhibition (SST)' value '+0.2' is not numeric or null; 'lo_evaluations' factor 'Divisive Inhibition (PV)' value '+0.6' is not numeric or null; 'lo_evaluations' factor 'Inhibition (GABA)' value '+0.8' is not numeric or null; 'lo_evaluations' factor 'Activity Suppression' value '+0.7' is not numeric or null; 'lo_evaluations' factor 'Selective Sharpening' value '-0.2' is not numeric or null; 'lo_evaluations' factor 'Alpha/Beta Mediated Suppression' value '-0.4' is not numeric or null; 'lo_evaluations' factor 'VIP-Mediated Disinhibition' value '-0.1' is not numeric or null; 'lo_evaluations' factor 'Precision Weighting (Gain)' value '+0.5' is not numeric or null; 'lo_evaluations' factor 'E/I Balance Shift' value '-0.3' is not numeric or null; 'lo_evaluations' factor 'Omission Response' value '-0.7' is not numeric or null; 'go_evaluations' has 12 keys, expected 36; 'go_evaluations' missing canonical factors: ['Absence of Feedback Error', 'Ascending Latency Shift', 'Canonical Microcircuit Ubiquity', 'Cross-Modal Ubiquity', 'Cross-Scale Hierarchical Ubiquity', 'Feedforward AMPA', 'Feedforward Ascending Gamma', 'Feedforward Deviance Detection', 'Feedforward Error Propagation', 'Feedforward NMDA', 'Feedforward Non-local Activation', 'Feedforward Non-local Directed Connectivity', 'Feedforward Non-local Granular Activity (L4)', 'Feedforward Non-local Supragranular Activity (L2/3)', 'Hierarchical Activity Ubiquity', 'Hierarchical CSD Ubiquity', 'Hierarchical Mechanism Invariance', 'Hierarchical Order Stability', 'Hierarchical Presence (V1-PFC)', 'Interspecies Hierarchical Ubiquity', 'Population-Wide Ubiquity', 'State-Independent Ubiquity', 'Subcortical Feedforward Relaying', 'Temporal Stability of Ubiquity']; 'go_evaluations' factor 'Subtractive Inhibition (SST)' value '+0.2' is not numeric or null; 'go_evaluations' factor 'Divisive Inhibition (PV)' value '+0.6' is not numeric or null; 'go_evaluations' factor 'Inhibition (GABA)' value '+0.8' is not numeric or null; 'go_evaluations' factor 'Activity Suppression' value '+0.7' is not numeric or null; 'go_evaluations' factor 'Selective Sharpening' value '-0.2' is not numeric or null; 'go_evaluations' factor 'Alpha/Beta Mediated Suppression' value '-0.4' is not numeric or null; 'go_evaluations' factor 'VIP-Mediated Disinhibition' value '-0.1' is not numeric or null; 'go_evaluations' factor 'Precision Weighting (Gain)' value '+0.5' is not numeric or null; 'go_evaluations' factor 'E/I Balance Shift' value '-0.3' is not numeric or null; 'go_evaluations' factor 'Omission Response' value '-0.7' is not numeric or null",
Nejad2025__phi-4-reasoning-plus__T070__R02,Nejad2025,phi-4-reasoning-plus,phi-4-reasoning-plus,0.70,0.90,0.10,2,UNRECOVERABLE,1,content/202608_temp/raw/Nejad2025__phi-4-reasoning-plus__T070__R02.json,unrecoverable,Failed all rescue parser stages,
Nejad2025__phi-4-reasoning-plus__T070__R03,Nejad2025,phi-4-reasoning-plus,phi-4-reasoning-plus,0.70,0.90,0.10,3,RECOVERED,1,content/202608_temp/raw/Nejad2025__phi-4-reasoning-plus__T070__R03.json,recovered,"'lo_evaluations' has 24 keys, expected 36; 'lo_evaluations' missing canonical factors: ['Absence of Feedback Error', 'Activity Suppression', 'Alpha/Beta Mediated Suppression', 'Ascending Latency Shift', 'Canonical Microcircuit Ubiquity', 'Cross-Modal Ubiquity', 'Cross-Scale Hierarchical Ubiquity', 'Divisive Inhibition (PV)', 'E/I Balance Shift', 'Feedforward AMPA', 'Feedforward Ascending Gamma', 'Feedforward Deviance Detection', 'Feedforward Error Propagation', 'Feedforward NMDA', 'Feedforward Non-local Activation', 'Feedforward Non-local Directed Connectivity', 'Feedforward Non-local Granular Activity (L4)', 'Feedforward Non-local Supragranular Activity (L2/3)', 'Habituation to Sequence', 'Hierarchical Activity Ubiquity', 'Hierarchical CSD Ubiquity', 'Hierarchical Mechanism Invariance', 'Hierarchical Order Stability', 'Hierarchical Presence (V1-PFC)', 'Inhibition (GABA)', 'Interspecies Hierarchical Ubiquity', 'Omission Response', 'Population-Wide Ubiquity', 'Precision Weighting (Gain)', 'Selective Sharpening', 'State-Independent Ubiquity', 'Subcortical Feedforward Relaying', 'Subtractive Inhibition (SST)', 'Synaptic Depression (Adaptation)', 'Temporal Stability of Ubiquity', 'VIP-Mediated Disinhibition']; 'lo_evaluations' has unknown factor keys: ['1', '10', '11', '12', '13', '14', '15', '16', '17', '18', '19', '2', '20', '21', '22', '23', '24', '3', '4', '5', '6', '7', '8', '9']; 'lo_evaluations' factor '1' value '+0.8' is not numeric or null; 'lo_evaluations' factor '2' value '+0.6' is not numeric or null; 'lo_evaluations' factor '3' value '+0.7' is not numeric or null; 'lo_evaluations' factor '4' value '-0.3' is not numeric or null; 'lo_evaluations' factor '5' value '+0.5' is not numeric or null; 'lo_evaluations' factor '6' value '+0.9' is not numeric or null; 'lo_evaluations' factor '7' value '+0.8' is not numeric or null; 'lo_evaluations' factor '8' value '-0.2' is not numeric or null; 'lo_evaluations' factor '11' value '+0.7' is not numeric or null; 'lo_evaluations' factor '12' value '-0.4' is not numeric or null; 'lo_evaluations' factor '13' value '+1.0' is not numeric or null; 'lo_evaluations' factor '14' value '+0.9' is not numeric or null; 'lo_evaluations' factor '15' value '+0.8' is not numeric or null; 'lo_evaluations' factor '16' value '+0.6' is not numeric or null; 'lo_evaluations' factor '17' value '-0.5' is not numeric or null; 'lo_evaluations' factor '18' value '+0.8' is not numeric or null; 'lo_evaluations' factor '19' value '+0.7' is not numeric or null; 'lo_evaluations' factor '20' value '+0.9' is not numeric or null; 'lo_evaluations' factor '21' value '+0.8' is not numeric or null; 'lo_evaluations' factor '22' value '+0.7' is not numeric or null; 'lo_evaluations' factor '24' value '-0.3' is not numeric or null; 'go_evaluations' has 24 keys, expected 36; 'go_evaluations' missing canonical factors: ['Absence of Feedback Error', 'Activity Suppression', 'Alpha/Beta Mediated Suppression', 'Ascending Latency Shift', 'Canonical Microcircuit Ubiquity', 'Cross-Modal Ubiquity', 'Cross-Scale Hierarchical Ubiquity', 'Divisive Inhibition (PV)', 'E/I Balance Shift', 'Feedforward AMPA', 'Feedforward Ascending Gamma', 'Feedforward Deviance Detection', 'Feedforward Error Propagation', 'Feedforward NMDA', 'Feedforward Non-local Activation', 'Feedforward Non-local Directed Connectivity', 'Feedforward Non-local Granular Activity (L4)', 'Feedforward Non-local Supragranular Activity (L2/3)', 'Habituation to Sequence', 'Hierarchical Activity Ubiquity', 'Hierarchical CSD Ubiquity', 'Hierarchical Mechanism Invariance', 'Hierarchical Order Stability', 'Hierarchical Presence (V1-PFC)', 'Inhibition (GABA)', 'Interspecies Hierarchical Ubiquity', 'Omission Response', 'Population-Wide Ubiquity', 'Precision Weighting (Gain)', 'Selective Sharpening', 'State-Independent Ubiquity', 'Subcortical Feedforward Relaying', 'Subtractive Inhibition (SST)', 'Synaptic Depression (Adaptation)', 'Temporal Stability of Ubiquity', 'VIP-Mediated Disinhibition']; 'go_evaluations' has unknown factor keys: ['1', '10', '11', '12', '13', '14', '15', '16', '17', '18', '19', '2', '20', '21', '22', '23', '24', '3', '4', '5', '6', '7', '8', '9']; 'go_evaluations' factor '1' value '+0.8' is not numeric or null; 'go_evaluations' factor '2' value '+0.6' is not numeric or null; 'go_evaluations' factor '3' value '+0.7' is not numeric or null; 'go_evaluations' factor '4' value '-0.3' is not numeric or null; 'go_evaluations' factor '5' value '+0.5' is not numeric or null; 'go_evaluations' factor '6' value '+0.9' is not numeric or null; 'go_evaluations' factor '7' value '+0.8' is not numeric or null; 'go_evaluations' factor '8' value '-0.2' is not numeric or null; 'go_evaluations' factor '11' value '+0.7' is not numeric or null; 'go_evaluations' factor '12' value '-0.4' is not numeric or null; 'go_evaluations' factor '13' value '+1.0' is not numeric or null; 'go_evaluations' factor '14' value '+0.9' is not numeric or null; 'go_evaluations' factor '15' value '+0.8' is not numeric or null; 'go_evaluations' factor '16' value '+0.6' is not numeric or null; 'go_evaluations' factor '17' value '-0.5' is not numeric or null; 'go_evaluations' factor '18' value '+0.8' is not numeric or null; 'go_evaluations' factor '19' value '+0.7' is not numeric or null; 'go_evaluations' factor '20' value '+0.9' is not numeric or null; 'go_evaluations' factor '21' value '+0.8' is not numeric or null; 'go_evaluations' factor '22' value '+0.7' is not numeric or null; 'go_evaluations' factor '24' value '-0.3' is not numeric or null",
Payeur2021__olmo-3-32b-think__T000__R01,Payeur2021,olmo-3-32b-think,olmo-3-32b-think,0.00,0.90,0.10,1,UNRECOVERABLE,1,content/202608_temp/raw/Payeur2021__olmo-3-32b-think__T000__R01.json,unrecoverable,Failed all rescue parser stages,
Payeur2021__olmo-3-32b-think__T000__R02,Payeur2021,olmo-3-32b-think,olmo-3-32b-think,0.00,0.90,0.10,2,RECOVERED,1,content/202608_temp/raw/Payeur2021__olmo-3-32b-think__T000__R02.json,recovered,"'lo_evaluations' has 14 keys, expected 36; 'lo_evaluations' missing canonical factors: ['Alpha/Beta Mediated Suppression', 'Ascending Latency Shift', 'Cross-Modal Ubiquity', 'Cross-Scale Hierarchical Ubiquity', 'E/I Balance Shift', 'Feedforward AMPA', 'Feedforward Ascending Gamma', 'Feedforward Error Propagation', 'Feedforward NMDA', 'Feedforward Non-local Activation', 'Feedforward Non-local Granular Activity (L4)', 'Habituation to Sequence', 'Hierarchical Activity Ubiquity', 'Hierarchical Mechanism Invariance', 'Hierarchical Order Stability', 'Hierarchical Presence (V1-PFC)', 'Interspecies Hierarchical Ubiquity', 'Omission Response', 'Population-Wide Ubiquity', 'Precision Weighting (Gain)', 'Selective Sharpening', 'Subcortical Feedforward Relaying', 'Temporal Stability of Ubiquity', 'VIP-Mediated Disinhibition']; 'lo_evaluations' has unknown factor keys: ['Cross-Scale HUbiquity', 'SelectivE Error Propagation']; 'go_evaluations' has 14 keys, expected 36; 'go_evaluations' missing canonical factors: ['Alpha/Beta Mediated Suppression', 'Ascending Latency Shift', 'Cross-Modal Ubiquity', 'Cross-Scale Hierarchical Ubiquity', 'E/I Balance Shift', 'Feedforward AMPA', 'Feedforward Ascending Gamma', 'Feedforward Error Propagation', 'Feedforward NMDA', 'Feedforward Non-local Activation', 'Feedforward Non-local Granular Activity (L4)', 'Habituation to Sequence', 'Hierarchical Activity Ubiquity', 'Hierarchical Mechanism Invariance', 'Hierarchical Order Stability', 'Hierarchical Presence (V1-PFC)', 'Interspecies Hierarchical Ubiquity', 'Omission Response', 'Population-Wide Ubiquity', 'Precision Weighting (Gain)', 'Selective Sharpening', 'Subcortical Feedforward Relaying', 'Temporal Stability of Ubiquity', 'VIP-Mediated Disinhibition']; 'go_evaluations' has unknown factor keys: ['Cross-Scale HUbiquity', 'SelectivE Error Propagation']",
Payeur2021__olmo-3-32b-think__T000__R03,Payeur2021,olmo-3-32b-think,olmo-3-32b-think,0.00,0.90,0.10,3,RECOVERED,1,content/202608_temp/raw/Payeur2021__olmo-3-32b-think__T000__R03.json,recovered,"'lo_evaluations' has 14 keys, expected 36; 'lo_evaluations' missing canonical factors: ['Alpha/Beta Mediated Suppression', 'Ascending Latency Shift', 'Cross-Modal Ubiquity', 'Cross-Scale Hierarchical Ubiquity', 'E/I Balance Shift', 'Feedforward AMPA', 'Feedforward Ascending Gamma', 'Feedforward Error Propagation', 'Feedforward NMDA', 'Feedforward Non-local Activation', 'Feedforward Non-local Granular Activity (L4)', 'Habituation to Sequence', 'Hierarchical Activity Ubiquity', 'Hierarchical Mechanism Invariance', 'Hierarchical Order Stability', 'Hierarchical Presence (V1-PFC)', 'Interspecies Hierarchical Ubiquity', 'Omission Response', 'Population-Wide Ubiquity', 'Precision Weighting (Gain)', 'Selective Sharpening', 'Subcortical Feedforward Relaying', 'Temporal Stability of Ubiquity', 'VIP-Mediated Disinhibition']; 'lo_evaluations' has unknown factor keys: ['Cross-Scale HUbiquity', 'SelectivE Error Propagation']; 'go_evaluations' has 14 keys, expected 36; 'go_evaluations' missing canonical factors: ['Alpha/Beta Mediated Suppression', 'Ascending Latency Shift', 'Cross-Modal Ubiquity', 'Cross-Scale Hierarchical Ubiquity', 'E/I Balance Shift', 'Feedforward AMPA', 'Feedforward Ascending Gamma', 'Feedforward Error Propagation', 'Feedforward NMDA', 'Feedforward Non-local Activation', 'Feedforward Non-local Granular Activity (L4)', 'Habituation to Sequence', 'Hierarchical Activity Ubiquity', 'Hierarchical Mechanism Invariance', 'Hierarchical Order Stability', 'Hierarchical Presence (V1-PFC)', 'Interspecies Hierarchical Ubiquity', 'Omission Response', 'Population-Wide Ubiquity', 'Precision Weighting (Gain)', 'Selective Sharpening', 'Subcortical Feedforward Relaying', 'Temporal Stability of Ubiquity', 'VIP-Mediated Disinhibition']; 'go_evaluations' has unknown factor keys: ['Cross-Scale HUbiquity', 'SelectivE Error Propagation']",
Payeur2021__olmo-3-32b-think__T035__R01,Payeur2021,olmo-3-32b-think,olmo-3-32b-think,0.35,0.90,0.10,1,UNRECOVERABLE,3,content/202608_temp/raw/Payeur2021__olmo-3-32b-think__T035__R01.json,unrecoverable,Failed all rescue parser stages,
Payeur2021__olmo-3-32b-think__T035__R02,Payeur2021,olmo-3-32b-think,olmo-3-32b-think,0.35,0.90,0.10,2,UNRECOVERABLE,3,content/202608_temp/raw/Payeur2021__olmo-3-32b-think__T035__R02.json,unrecoverable,Failed all rescue parser stages,
Payeur2021__olmo-3-32b-think__T035__R03,Payeur2021,olmo-3-32b-think,olmo-3-32b-think,0.35,0.90,0.10,3,UNRECOVERABLE,3,content/202608_temp/raw/Payeur2021__olmo-3-32b-think__T035__R03.json,unrecoverable,Failed all rescue parser stages,
Payeur2021__olmo-3-32b-think__T070__R01,Payeur2021,olmo-3-32b-think,olmo-3-32b-think,0.70,0.90,0.10,1,UNRECOVERABLE,3,content/202608_temp/raw/Payeur2021__olmo-3-32b-think__T070__R01.json,unrecoverable,Failed all rescue parser stages,
Payeur2021__olmo-3-32b-think__T070__R02,Payeur2021,olmo-3-32b-think,olmo-3-32b-think,0.70,0.90,0.10,2,UNRECOVERABLE,3,content/202608_temp/raw/Payeur2021__olmo-3-32b-think__T070__R02.json,unrecoverable,Failed all rescue parser stages,
Payeur2021__olmo-3-32b-think__T070__R03,Payeur2021,olmo-3-32b-think,olmo-3-32b-think,0.70,0.90,0.10,3,UNRECOVERABLE,3,content/202608_temp/raw/Payeur2021__olmo-3-32b-think__T070__R03.json,unrecoverable,Failed all rescue parser stages,
Payeur2021__gemma-4-31b-it__T000__R01,Payeur2021,gemma-4-31b-it,gemma-4-31b-it,0.00,0.90,0.10,1,RECOVERED,1,content/202608_temp/raw/Payeur2021__gemma-4-31b-it__T000__R01.json,recovered,"'lo_evaluations' missing canonical factors: ['Divisive Inhibition (PV)', 'Subtractive Inhibition (SST)']; 'lo_evaluations' has unknown factor keys: ['PV', 'SST']; 'go_evaluations' missing canonical factors: ['Divisive Inhibition (PV)', 'Subtractive Inhibition (SST)']; 'go_evaluations' has unknown factor keys: ['PV', 'SST']",
Payeur2021__gemma-4-31b-it__T000__R02,Payeur2021,gemma-4-31b-it,gemma-4-31b-it,0.00,0.90,0.10,2,RECOVERED,1,content/202608_temp/raw/Payeur2021__gemma-4-31b-it__T000__R02.json,recovered,"'lo_evaluations' missing canonical factors: ['Divisive Inhibition (PV)', 'Subtractive Inhibition (SST)']; 'lo_evaluations' has unknown factor keys: ['PV', 'SST']; 'go_evaluations' missing canonical factors: ['Divisive Inhibition (PV)', 'Subtractive Inhibition (SST)']; 'go_evaluations' has unknown factor keys: ['PV', 'SST']",
Payeur2021__gemma-4-31b-it__T000__R03,Payeur2021,gemma-4-31b-it,gemma-4-31b-it,0.00,0.90,0.10,3,RECOVERED,1,content/202608_temp/raw/Payeur2021__gemma-4-31b-it__T000__R03.json,recovered,"'lo_evaluations' missing canonical factors: ['Divisive Inhibition (PV)', 'Subtractive Inhibition (SST)']; 'lo_evaluations' has unknown factor keys: ['PV', 'SST']; 'go_evaluations' missing canonical factors: ['Divisive Inhibition (PV)', 'Subtractive Inhibition (SST)']; 'go_evaluations' has unknown factor keys: ['PV', 'SST']",
Payeur2021__gemma-4-31b-it__T035__R01,Payeur2021,gemma-4-31b-it,gemma-4-31b-it,0.35,0.90,0.10,1,RECOVERED,1,content/202608_temp/raw/Payeur2021__gemma-4-31b-it__T035__R01.json,recovered,"'lo_evaluations' missing canonical factors: ['Divisive Inhibition (PV)', 'Subtractive Inhibition (SST)']; 'lo_evaluations' has unknown factor keys: ['PV', 'SST']; 'go_evaluations' missing canonical factors: ['Divisive Inhibition (PV)', 'Subtractive Inhibition (SST)']; 'go_evaluations' has unknown factor keys: ['PV', 'SST']",
Payeur2021__gemma-4-31b-it__T035__R02,Payeur2021,gemma-4-31b-it,gemma-4-31b-it,0.35,0.90,0.10,2,RECOVERED,1,content/202608_temp/raw/Payeur2021__gemma-4-31b-it__T035__R02.json,recovered,"'lo_evaluations' missing canonical factors: ['Divisive Inhibition (PV)', 'Subtractive Inhibition (SST)']; 'lo_evaluations' has unknown factor keys: ['PV', 'SST']; 'go_evaluations' missing canonical factors: ['Divisive Inhibition (PV)', 'Subtractive Inhibition (SST)']; 'go_evaluations' has unknown factor keys: ['PV', 'SST']",
Payeur2021__gemma-4-31b-it__T035__R03,Payeur2021,gemma-4-31b-it,gemma-4-31b-it,0.35,0.90,0.10,3,RECOVERED,1,content/202608_temp/raw/Payeur2021__gemma-4-31b-it__T035__R03.json,recovered,"'lo_evaluations' missing canonical factors: ['Divisive Inhibition (PV)', 'Subtractive Inhibition (SST)']; 'lo_evaluations' has unknown factor keys: ['PV', 'SST']; 'go_evaluations' missing canonical factors: ['Divisive Inhibition (PV)', 'Subtractive Inhibition (SST)']; 'go_evaluations' has unknown factor keys: ['PV', 'SST']",
Payeur2021__gemma-4-31b-it__T070__R01,Payeur2021,gemma-4-31b-it,gemma-4-31b-it,0.70,0.90,0.10,1,RECOVERED,1,content/202608_temp/raw/Payeur2021__gemma-4-31b-it__T070__R01.json,recovered,"'lo_evaluations' missing canonical factors: ['Divisive Inhibition (PV)', 'Subtractive Inhibition (SST)']; 'lo_evaluations' has unknown factor keys: ['PV', 'SST']; 'go_evaluations' missing canonical factors: ['Divisive Inhibition (PV)', 'Subtractive Inhibition (SST)']; 'go_evaluations' has unknown factor keys: ['PV', 'SST']",
Payeur2021__gemma-4-31b-it__T070__R02,Payeur2021,gemma-4-31b-it,gemma-4-31b-it,0.70,0.90,0.10,2,RECOVERED,1,content/202608_temp/raw/Payeur2021__gemma-4-31b-it__T070__R02.json,recovered,"'lo_evaluations' missing canonical factors: ['Divisive Inhibition (PV)', 'Subtractive Inhibition (SST)']; 'lo_evaluations' has unknown factor keys: ['PV', 'SST']; 'go_evaluations' missing canonical factors: ['Divisive Inhibition (PV)', 'Subtractive Inhibition (SST)']; 'go_evaluations' has unknown factor keys: ['PV', 'SST']",
Payeur2021__gemma-4-31b-it__T070__R03,Payeur2021,gemma-4-31b-it,gemma-4-31b-it,0.70,0.90,0.10,3,RECOVERED,1,content/202608_temp/raw/Payeur2021__gemma-4-31b-it__T070__R03.json,recovered,"'lo_evaluations' missing canonical factors: ['Divisive Inhibition (PV)', 'Subtractive Inhibition (SST)']; 'lo_evaluations' has unknown factor keys: ['PV', 'SST']; 'go_evaluations' missing canonical factors: ['Divisive Inhibition (PV)', 'Subtractive Inhibition (SST)']; 'go_evaluations' has unknown factor keys: ['PV', 'SST']",
Payeur2021__phi-4-reasoning-plus__T000__R01,Payeur2021,phi-4-reasoning-plus,phi-4-reasoning-plus,0.00,0.90,0.10,1,COMPLETE,1,content/202608_temp/raw/Payeur2021__phi-4-reasoning-plus__T000__R01.json,valid,,
Payeur2021__phi-4-reasoning-plus__T000__R02,Payeur2021,phi-4-reasoning-plus,phi-4-reasoning-plus,0.00,0.90,0.10,2,UNRECOVERABLE,1,content/202608_temp/raw/Payeur2021__phi-4-reasoning-plus__T000__R02.json,unrecoverable,Failed all rescue parser stages,
Payeur2021__phi-4-reasoning-plus__T000__R03,Payeur2021,phi-4-reasoning-plus,phi-4-reasoning-plus,0.00,0.90,0.10,3,UNRECOVERABLE,1,content/202608_temp/raw/Payeur2021__phi-4-reasoning-plus__T000__R03.json,unrecoverable,Failed all rescue parser stages,
Payeur2021__phi-4-reasoning-plus__T035__R01,Payeur2021,phi-4-reasoning-plus,phi-4-reasoning-plus,0.35,0.90,0.10,1,RECOVERED,1,content/202608_temp/raw/Payeur2021__phi-4-reasoning-plus__T035__R01.json,recovered,"'lo_evaluations' missing canonical factors: ['Absence of Feedback Error', 'Activity Suppression', 'Alpha/Beta Mediated Suppression', 'Ascending Latency Shift', 'Canonical Microcircuit Ubiquity', 'Cross-Modal Ubiquity', 'Cross-Scale Hierarchical Ubiquity', 'Divisive Inhibition (PV)', 'E/I Balance Shift', 'Feedforward AMPA', 'Feedforward Ascending Gamma', 'Feedforward Deviance Detection', 'Feedforward Error Propagation', 'Feedforward NMDA', 'Feedforward Non-local Activation', 'Feedforward Non-local Directed Connectivity', 'Feedforward Non-local Granular Activity (L4)', 'Feedforward Non-local Supragranular Activity (L2/3)', 'Habituation to Sequence', 'Hierarchical Activity Ubiquity', 'Hierarchical CSD Ubiquity', 'Hierarchical Mechanism Invariance', 'Hierarchical Order Stability', 'Hierarchical Presence (V1-PFC)', 'Inhibition (GABA)', 'Interspecies Hierarchical Ubiquity', 'Omission Response', 'Population-Wide Ubiquity', 'Precision Weighting (Gain)', 'Selective Sharpening', 'State-Independent Ubiquity', 'Subcortical Feedforward Relaying', 'Subtractive Inhibition (SST)', 'Synaptic Depression (Adaptation)', 'Temporal Stability of Ubiquity', 'VIP-Mediated Disinhibition']; 'lo_evaluations' has unknown factor keys: ['1', '10', '11', '12', '13', '14', '15', '16', '17', '18', '19', '2', '20', '21', '22', '23', '24', '25', '26', '27', '28', '29', '3', '30', '31', '32', '33', '34', '35', '36', '4', '5', '6', '7', '8', '9']; 'go_evaluations' missing canonical factors: ['Absence of Feedback Error', 'Activity Suppression', 'Alpha/Beta Mediated Suppression', 'Ascending Latency Shift', 'Canonical Microcircuit Ubiquity', 'Cross-Modal Ubiquity', 'Cross-Scale Hierarchical Ubiquity', 'Divisive Inhibition (PV)', 'E/I Balance Shift', 'Feedforward AMPA', 'Feedforward Ascending Gamma', 'Feedforward Deviance Detection', 'Feedforward Error Propagation', 'Feedforward NMDA', 'Feedforward Non-local Activation', 'Feedforward Non-local Directed Connectivity', 'Feedforward Non-local Granular Activity (L4)', 'Feedforward Non-local Supragranular Activity (L2/3)', 'Habituation to Sequence', 'Hierarchical Activity Ubiquity', 'Hierarchical CSD Ubiquity', 'Hierarchical Mechanism Invariance', 'Hierarchical Order Stability', 'Hierarchical Presence (V1-PFC)', 'Inhibition (GABA)', 'Interspecies Hierarchical Ubiquity', 'Omission Response', 'Population-Wide Ubiquity', 'Precision Weighting (Gain)', 'Selective Sharpening', 'State-Independent Ubiquity', 'Subcortical Feedforward Relaying', 'Subtractive Inhibition (SST)', 'Synaptic Depression (Adaptation)', 'Temporal Stability of Ubiquity', 'VIP-Mediated Disinhibition']; 'go_evaluations' has unknown factor keys: ['1', '10', '11', '12', '13', '14', '15', '16', '17', '18', '19', '2', '20', '21', '22', '23', '24', '25', '26', '27', '28', '29', '3', '30', '31', '32', '33', '34', '35', '36', '4', '5', '6', '7', '8', '9']",
Payeur2021__phi-4-reasoning-plus__T035__R02,Payeur2021,phi-4-reasoning-plus,phi-4-reasoning-plus,0.35,0.90,0.10,2,RECOVERED,1,content/202608_temp/raw/Payeur2021__phi-4-reasoning-plus__T035__R02.json,recovered,,
Payeur2021__phi-4-reasoning-plus__T035__R03,Payeur2021,phi-4-reasoning-plus,phi-4-reasoning-plus,0.35,0.90,0.10,3,COMPLETE,1,content/202608_temp/raw/Payeur2021__phi-4-reasoning-plus__T035__R03.json,valid,,
Payeur2021__phi-4-reasoning-plus__T070__R01,Payeur2021,phi-4-reasoning-plus,phi-4-reasoning-plus,0.70,0.90,0.10,1,RECOVERED,1,content/202608_temp/raw/Payeur2021__phi-4-reasoning-plus__T070__R01.json,recovered,,
Payeur2021__phi-4-reasoning-plus__T070__R02,Payeur2021,phi-4-reasoning-plus,phi-4-reasoning-plus,0.70,0.90,0.10,2,RECOVERED,1,content/202608_temp/raw/Payeur2021__phi-4-reasoning-plus__T070__R02.json,recovered,,
Payeur2021__phi-4-reasoning-plus__T070__R03,Payeur2021,phi-4-reasoning-plus,phi-4-reasoning-plus,0.70,0.90,0.10,3,RECOVERED,1,content/202608_temp/raw/Payeur2021__phi-4-reasoning-plus__T070__R03.json,recovered,,
Rao&Ballard1999__olmo-3-32b-think__T000__R01,Rao&Ballard1999,olmo-3-32b-think,olmo-3-32b-think,0.00,0.90,0.10,1,UNRECOVERABLE,1,content/202608_temp/raw/Rao&Ballard1999__olmo-3-32b-think__T000__R01.json,unrecoverable,Failed all rescue parser stages,
Rao&Ballard1999__olmo-3-32b-think__T000__R02,Rao&Ballard1999,olmo-3-32b-think,olmo-3-32b-think,0.00,0.90,0.10,2,UNRECOVERABLE,1,content/202608_temp/raw/Rao&Ballard1999__olmo-3-32b-think__T000__R02.json,unrecoverable,Failed all rescue parser stages,
Rao&Ballard1999__olmo-3-32b-think__T000__R03,Rao&Ballard1999,olmo-3-32b-think,olmo-3-32b-think,0.00,0.90,0.10,3,UNRECOVERABLE,1,content/202608_temp/raw/Rao&Ballard1999__olmo-3-32b-think__T000__R03.json,unrecoverable,Failed all rescue parser stages,
Rao&Ballard1999__olmo-3-32b-think__T035__R01,Rao&Ballard1999,olmo-3-32b-think,olmo-3-32b-think,0.35,0.90,0.10,1,UNRECOVERABLE,3,content/202608_temp/raw/Rao&Ballard1999__olmo-3-32b-think__T035__R01.json,unrecoverable,Failed all rescue parser stages,
Rao&Ballard1999__olmo-3-32b-think__T035__R02,Rao&Ballard1999,olmo-3-32b-think,olmo-3-32b-think,0.35,0.90,0.10,2,UNRECOVERABLE,2,content/202608_temp/raw/Rao&Ballard1999__olmo-3-32b-think__T035__R02.json,unrecoverable,Failed all rescue parser stages,
Rao&Ballard1999__olmo-3-32b-think__T035__R03,Rao&Ballard1999,olmo-3-32b-think,olmo-3-32b-think,0.35,0.90,0.10,3,UNRECOVERABLE,1,content/202608_temp/raw/Rao&Ballard1999__olmo-3-32b-think__T035__R03.json,unrecoverable,Failed all rescue parser stages,
Rao&Ballard1999__olmo-3-32b-think__T070__R01,Rao&Ballard1999,olmo-3-32b-think,olmo-3-32b-think,0.70,0.90,0.10,1,UNRECOVERABLE,3,content/202608_temp/raw/Rao&Ballard1999__olmo-3-32b-think__T070__R01.json,unrecoverable,Failed all rescue parser stages,
Rao&Ballard1999__olmo-3-32b-think__T070__R02,Rao&Ballard1999,olmo-3-32b-think,olmo-3-32b-think,0.70,0.90,0.10,2,UNRECOVERABLE,3,content/202608_temp/raw/Rao&Ballard1999__olmo-3-32b-think__T070__R02.json,unrecoverable,Failed all rescue parser stages,
Rao&Ballard1999__olmo-3-32b-think__T070__R03,Rao&Ballard1999,olmo-3-32b-think,olmo-3-32b-think,0.70,0.90,0.10,3,UNRECOVERABLE,3,content/202608_temp/raw/Rao&Ballard1999__olmo-3-32b-think__T070__R03.json,unrecoverable,Failed all rescue parser stages,
Rao&Ballard1999__gemma-4-31b-it__T000__R01,Rao&Ballard1999,gemma-4-31b-it,gemma-4-31b-it,0.00,0.90,0.10,1,RECOVERED,1,content/202608_temp/raw/Rao&Ballard1999__gemma-4-31b-it__T000__R01.json,recovered,"'lo_evaluations' missing canonical factors: ['Divisive Inhibition (PV)', 'Subtractive Inhibition (SST)']; 'lo_evaluations' has unknown factor keys: ['PV', 'SST']; 'go_evaluations' missing canonical factors: ['Divisive Inhibition (PV)', 'Subtractive Inhibition (SST)']; 'go_evaluations' has unknown factor keys: ['PV', 'SST']",
Rao&Ballard1999__gemma-4-31b-it__T000__R02,Rao&Ballard1999,gemma-4-31b-it,gemma-4-31b-it,0.00,0.90,0.10,2,RECOVERED,1,content/202608_temp/raw/Rao&Ballard1999__gemma-4-31b-it__T000__R02.json,recovered,"'lo_evaluations' missing canonical factors: ['Divisive Inhibition (PV)', 'Subtractive Inhibition (SST)']; 'lo_evaluations' has unknown factor keys: ['PV', 'SST']; 'go_evaluations' missing canonical factors: ['Divisive Inhibition (PV)', 'Subtractive Inhibition (SST)']; 'go_evaluations' has unknown factor keys: ['PV', 'SST']",
Rao&Ballard1999__gemma-4-31b-it__T000__R03,Rao&Ballard1999,gemma-4-31b-it,gemma-4-31b-it,0.00,0.90,0.10,3,RECOVERED,1,content/202608_temp/raw/Rao&Ballard1999__gemma-4-31b-it__T000__R03.json,recovered,"'lo_evaluations' missing canonical factors: ['Divisive Inhibition (PV)', 'Subtractive Inhibition (SST)']; 'lo_evaluations' has unknown factor keys: ['PV', 'SST']; 'go_evaluations' missing canonical factors: ['Divisive Inhibition (PV)', 'Subtractive Inhibition (SST)']; 'go_evaluations' has unknown factor keys: ['PV', 'SST']",
Rao&Ballard1999__gemma-4-31b-it__T035__R01,Rao&Ballard1999,gemma-4-31b-it,gemma-4-31b-it,0.35,0.90,0.10,1,RECOVERED,1,content/202608_temp/raw/Rao&Ballard1999__gemma-4-31b-it__T035__R01.json,recovered,"'lo_evaluations' missing canonical factors: ['Divisive Inhibition (PV)', 'Subtractive Inhibition (SST)']; 'lo_evaluations' has unknown factor keys: ['PV', 'SST']; 'go_evaluations' missing canonical factors: ['Divisive Inhibition (PV)', 'Subtractive Inhibition (SST)']; 'go_evaluations' has unknown factor keys: ['PV', 'SST']",
Rao&Ballard1999__gemma-4-31b-it__T035__R02,Rao&Ballard1999,gemma-4-31b-it,gemma-4-31b-it,0.35,0.90,0.10,2,RECOVERED,1,content/202608_temp/raw/Rao&Ballard1999__gemma-4-31b-it__T035__R02.json,recovered,"'lo_evaluations' missing canonical factors: ['Divisive Inhibition (PV)', 'Subtractive Inhibition (SST)']; 'lo_evaluations' has unknown factor keys: ['PV', 'SST']; 'go_evaluations' missing canonical factors: ['Divisive Inhibition (PV)', 'Subtractive Inhibition (SST)']; 'go_evaluations' has unknown factor keys: ['PV', 'SST']",
Rao&Ballard1999__gemma-4-31b-it__T035__R03,Rao&Ballard1999,gemma-4-31b-it,gemma-4-31b-it,0.35,0.90,0.10,3,RECOVERED,1,content/202608_temp/raw/Rao&Ballard1999__gemma-4-31b-it__T035__R03.json,recovered,"'lo_evaluations' missing canonical factors: ['Divisive Inhibition (PV)', 'Subtractive Inhibition (SST)']; 'lo_evaluations' has unknown factor keys: ['PV', 'SST']; 'go_evaluations' missing canonical factors: ['Divisive Inhibition (PV)', 'Subtractive Inhibition (SST)']; 'go_evaluations' has unknown factor keys: ['PV', 'SST']",
Rao&Ballard1999__gemma-4-31b-it__T070__R01,Rao&Ballard1999,gemma-4-31b-it,gemma-4-31b-it,0.70,0.90,0.10,1,RECOVERED,1,content/202608_temp/raw/Rao&Ballard1999__gemma-4-31b-it__T070__R01.json,recovered,"'lo_evaluations' missing canonical factors: ['Divisive Inhibition (PV)', 'Subtractive Inhibition (SST)']; 'lo_evaluations' has unknown factor keys: ['PV', 'SST']; 'go_evaluations' missing canonical factors: ['Divisive Inhibition (PV)', 'Subtractive Inhibition (SST)']; 'go_evaluations' has unknown factor keys: ['PV', 'SST']",
Rao&Ballard1999__gemma-4-31b-it__T070__R02,Rao&Ballard1999,gemma-4-31b-it,gemma-4-31b-it,0.70,0.90,0.10,2,RECOVERED,1,content/202608_temp/raw/Rao&Ballard1999__gemma-4-31b-it__T070__R02.json,recovered,"'lo_evaluations' missing canonical factors: ['Divisive Inhibition (PV)', 'Subtractive Inhibition (SST)']; 'lo_evaluations' has unknown factor keys: ['PV', 'SST']; 'go_evaluations' missing canonical factors: ['Divisive Inhibition (PV)', 'Subtractive Inhibition (SST)']; 'go_evaluations' has unknown factor keys: ['PV', 'SST']",
Rao&Ballard1999__gemma-4-31b-it__T070__R03,Rao&Ballard1999,gemma-4-31b-it,gemma-4-31b-it,0.70,0.90,0.10,3,RECOVERED,1,content/202608_temp/raw/Rao&Ballard1999__gemma-4-31b-it__T070__R03.json,recovered,"'lo_evaluations' missing canonical factors: ['Divisive Inhibition (PV)', 'Subtractive Inhibition (SST)']; 'lo_evaluations' has unknown factor keys: ['PV', 'SST']; 'go_evaluations' missing canonical factors: ['Divisive Inhibition (PV)', 'Subtractive Inhibition (SST)']; 'go_evaluations' has unknown factor keys: ['PV', 'SST']",
Rao&Ballard1999__phi-4-reasoning-plus__T000__R01,Rao&Ballard1999,phi-4-reasoning-plus,phi-4-reasoning-plus,0.00,0.90,0.10,1,COMPLETE,1,content/202608_temp/raw/Rao&Ballard1999__phi-4-reasoning-plus__T000__R01.json,valid,,
Rao&Ballard1999__phi-4-reasoning-plus__T000__R02,Rao&Ballard1999,phi-4-reasoning-plus,phi-4-reasoning-plus,0.00,0.90,0.10,2,UNRECOVERABLE,1,content/202608_temp/raw/Rao&Ballard1999__phi-4-reasoning-plus__T000__R02.json,unrecoverable,Failed all rescue parser stages,
Rao&Ballard1999__phi-4-reasoning-plus__T000__R03,Rao&Ballard1999,phi-4-reasoning-plus,phi-4-reasoning-plus,0.00,0.90,0.10,3,UNRECOVERABLE,1,content/202608_temp/raw/Rao&Ballard1999__phi-4-reasoning-plus__T000__R03.json,unrecoverable,Failed all rescue parser stages,
Rao&Ballard1999__phi-4-reasoning-plus__T035__R01,Rao&Ballard1999,phi-4-reasoning-plus,phi-4-reasoning-plus,0.35,0.90,0.10,1,UNRECOVERABLE,1,content/202608_temp/raw/Rao&Ballard1999__phi-4-reasoning-plus__T035__R01.json,unrecoverable,Failed all rescue parser stages,
Rao&Ballard1999__phi-4-reasoning-plus__T035__R02,Rao&Ballard1999,phi-4-reasoning-plus,phi-4-reasoning-plus,0.35,0.90,0.10,2,UNRECOVERABLE,1,content/202608_temp/raw/Rao&Ballard1999__phi-4-reasoning-plus__T035__R02.json,unrecoverable,Failed all rescue parser stages,
Rao&Ballard1999__phi-4-reasoning-plus__T035__R03,Rao&Ballard1999,phi-4-reasoning-plus,phi-4-reasoning-plus,0.35,0.90,0.10,3,RECOVERED,1,content/202608_temp/raw/Rao&Ballard1999__phi-4-reasoning-plus__T035__R03.json,recovered,,
Rao&Ballard1999__phi-4-reasoning-plus__T070__R01,Rao&Ballard1999,phi-4-reasoning-plus,phi-4-reasoning-plus,0.70,0.90,0.10,1,UNRECOVERABLE,1,content/202608_temp/raw/Rao&Ballard1999__phi-4-reasoning-plus__T070__R01.json,unrecoverable,Failed all rescue parser stages,
Rao&Ballard1999__phi-4-reasoning-plus__T070__R02,Rao&Ballard1999,phi-4-reasoning-plus,phi-4-reasoning-plus,0.70,0.90,0.10,2,RECOVERED,1,content/202608_temp/raw/Rao&Ballard1999__phi-4-reasoning-plus__T070__R02.json,recovered,,
Rao&Ballard1999__phi-4-reasoning-plus__T070__R03,Rao&Ballard1999,phi-4-reasoning-plus,phi-4-reasoning-plus,0.70,0.90,0.10,3,RECOVERED,1,content/202608_temp/raw/Rao&Ballard1999__phi-4-reasoning-plus__T070__R03.json,recovered,,
Rao2024__olmo-3-32b-think__T000__R01,Rao2024,olmo-3-32b-think,olmo-3-32b-think,0.00,0.90,0.10,1,UNRECOVERABLE,1,content/202608_temp/raw/Rao2024__olmo-3-32b-think__T000__R01.json,unrecoverable,Failed all rescue parser stages,
Rao2024__olmo-3-32b-think__T000__R02,Rao2024,olmo-3-32b-think,olmo-3-32b-think,0.00,0.90,0.10,2,UNRECOVERABLE,1,content/202608_temp/raw/Rao2024__olmo-3-32b-think__T000__R02.json,unrecoverable,Failed all rescue parser stages,
Rao2024__olmo-3-32b-think__T000__R03,Rao2024,olmo-3-32b-think,olmo-3-32b-think,0.00,0.90,0.10,3,UNRECOVERABLE,1,content/202608_temp/raw/Rao2024__olmo-3-32b-think__T000__R03.json,unrecoverable,Failed all rescue parser stages,
Rao2024__olmo-3-32b-think__T035__R01,Rao2024,olmo-3-32b-think,olmo-3-32b-think,0.35,0.90,0.10,1,RECOVERED,1,content/202608_temp/raw/Rao2024__olmo-3-32b-think__T035__R01.json,recovered,"'lo_evaluations' has 23 keys, expected 36; 'lo_evaluations' missing canonical factors: ['Absence of Feedback Error', 'Activity Suppression', 'Alpha/Beta Mediated Suppression', 'Ascending Latency Shift', 'Canonical Microcircuit Ubiquity', 'Cross-Modal Ubiquity', 'Cross-Scale Hierarchical Ubiquity', 'Divisive Inhibition (PV)', 'E/I Balance Shift', 'Feedforward AMPA', 'Feedforward Ascending Gamma', 'Feedforward Deviance Detection', 'Feedforward Error Propagation', 'Feedforward NMDA', 'Feedforward Non-local Activation', 'Feedforward Non-local Directed Connectivity', 'Feedforward Non-local Granular Activity (L4)', 'Feedforward Non-local Supragranular Activity (L2/3)', 'Habituation to Sequence', 'Hierarchical Activity Ubiquity', 'Hierarchical CSD Ubiquity', 'Hierarchical Mechanism Invariance', 'Hierarchical Order Stability', 'Hierarchical Presence (V1-PFC)', 'Inhibition (GABA)', 'Interspecies Hierarchical Ubiquity', 'Omission Response', 'Population-Wide Ubiquity', 'Precision Weighting (Gain)', 'Selective Sharpening', 'State-Independent Ubiquity', 'Subcortical Feedforward Relaying', 'Subtractive Inhibition (SST)', 'Synaptic Depression (Adaptation)', 'Temporal Stability of Ubiquity', 'VIP-Mediated Disinhibition']; 'lo_evaluations' has unknown factor keys: ['ID1', 'ID10', 'ID11', 'ID12', 'ID13', 'ID14', 'ID15', 'ID16', 'ID17', 'ID18', 'ID19', 'ID2', 'ID20', 'ID21', 'ID22', 'ID23', 'ID3', 'ID4', 'ID5', 'ID6', 'ID7', 'ID8', 'ID9']; 'go_evaluations' has 13 keys, expected 36; 'go_evaluations' missing canonical factors: ['Absence of Feedback Error', 'Activity Suppression', 'Alpha/Beta Mediated Suppression', 'Ascending Latency Shift', 'Canonical Microcircuit Ubiquity', 'Cross-Modal Ubiquity', 'Cross-Scale Hierarchical Ubiquity', 'Divisive Inhibition (PV)', 'E/I Balance Shift', 'Feedforward AMPA', 'Feedforward Ascending Gamma', 'Feedforward Deviance Detection', 'Feedforward Error Propagation', 'Feedforward NMDA', 'Feedforward Non-local Activation', 'Feedforward Non-local Directed Connectivity', 'Feedforward Non-local Granular Activity (L4)', 'Feedforward Non-local Supragranular Activity (L2/3)', 'Habituation to Sequence', 'Hierarchical Activity Ubiquity', 'Hierarchical CSD Ubiquity', 'Hierarchical Mechanism Invariance', 'Hierarchical Order Stability', 'Hierarchical Presence (V1-PFC)', 'Inhibition (GABA)', 'Interspecies Hierarchical Ubiquity', 'Omission Response', 'Population-Wide Ubiquity', 'Precision Weighting (Gain)', 'Selective Sharpening', 'State-Independent Ubiquity', 'Subcortical Feedforward Relaying', 'Subtractive Inhibition (SST)', 'Synaptic Depression (Adaptation)', 'Temporal Stability of Ubiquity', 'VIP-Mediated Disinhibition']; 'go_evaluations' has unknown factor keys: ['ID24', 'ID25', 'ID26', 'ID27', 'ID28', 'ID29', 'ID30', 'ID31', 'ID32', 'ID33', 'ID34', 'ID35', 'ID36']",
Rao2024__olmo-3-32b-think__T035__R02,Rao2024,olmo-3-32b-think,olmo-3-32b-think,0.35,0.90,0.10,2,UNRECOVERABLE,1,content/202608_temp/raw/Rao2024__olmo-3-32b-think__T035__R02.json,unrecoverable,Failed all rescue parser stages,
Rao2024__olmo-3-32b-think__T035__R03,Rao2024,olmo-3-32b-think,olmo-3-32b-think,0.35,0.90,0.10,3,RECOVERED,1,content/202608_temp/raw/Rao2024__olmo-3-32b-think__T035__R03.json,recovered,"'lo_evaluations' missing canonical factors: ['Absence of Feedback Error', 'Activity Suppression', 'Alpha/Beta Mediated Suppression', 'Ascending Latency Shift', 'Canonical Microcircuit Ubiquity', 'Cross-Modal Ubiquity', 'Cross-Scale Hierarchical Ubiquity', 'Divisive Inhibition (PV)', 'E/I Balance Shift', 'Feedforward AMPA', 'Feedforward Ascending Gamma', 'Feedforward Deviance Detection', 'Feedforward Error Propagation', 'Feedforward NMDA', 'Feedforward Non-local Activation', 'Feedforward Non-local Directed Connectivity', 'Feedforward Non-local Granular Activity (L4)', 'Feedforward Non-local Supragranular Activity (L2/3)', 'Habituation to Sequence', 'Hierarchical Activity Ubiquity', 'Hierarchical CSD Ubiquity', 'Hierarchical Mechanism Invariance', 'Hierarchical Order Stability', 'Hierarchical Presence (V1-PFC)', 'Inhibition (GABA)', 'Interspecies Hierarchical Ubiquity', 'Omission Response', 'Population-Wide Ubiquity', 'Precision Weighting (Gain)', 'Selective Sharpening', 'State-Independent Ubiquity', 'Subcortical Feedforward Relaying', 'Subtractive Inhibition (SST)', 'Synaptic Depression (Adaptation)', 'Temporal Stability of Ubiquity', 'VIP-Mediated Disinhibition']; 'lo_evaluations' has unknown factor keys: ['1', '10', '11', '12', '13', '14', '15', '16', '17', '18', '19', '2', '20', '21', '22', '23', '24', '25', '26', '27', '28', '29', '3', '30', '31', '32', '33', '34', '35', '36', '4', '5', '6', '7', '8', '9']; 'go_evaluations' missing canonical factors: ['Absence of Feedback Error', 'Activity Suppression', 'Alpha/Beta Mediated Suppression', 'Ascending Latency Shift', 'Canonical Microcircuit Ubiquity', 'Cross-Modal Ubiquity', 'Cross-Scale Hierarchical Ubiquity', 'Divisive Inhibition (PV)', 'E/I Balance Shift', 'Feedforward AMPA', 'Feedforward Ascending Gamma', 'Feedforward Deviance Detection', 'Feedforward Error Propagation', 'Feedforward NMDA', 'Feedforward Non-local Activation', 'Feedforward Non-local Directed Connectivity', 'Feedforward Non-local Granular Activity (L4)', 'Feedforward Non-local Supragranular Activity (L2/3)', 'Habituation to Sequence', 'Hierarchical Activity Ubiquity', 'Hierarchical CSD Ubiquity', 'Hierarchical Mechanism Invariance', 'Hierarchical Order Stability', 'Hierarchical Presence (V1-PFC)', 'Inhibition (GABA)', 'Interspecies Hierarchical Ubiquity', 'Omission Response', 'Population-Wide Ubiquity', 'Precision Weighting (Gain)', 'Selective Sharpening', 'State-Independent Ubiquity', 'Subcortical Feedforward Relaying', 'Subtractive Inhibition (SST)', 'Synaptic Depression (Adaptation)', 'Temporal Stability of Ubiquity', 'VIP-Mediated Disinhibition']; 'go_evaluations' has unknown factor keys: ['1', '10', '11', '12', '13', '14', '15', '16', '17', '18', '19', '2', '20', '21', '22', '23', '24', '25', '26', '27', '28', '29', '3', '30', '31', '32', '33', '34', '35', '36', '4', '5', '6', '7', '8', '9']",
Rao2024__olmo-3-32b-think__T070__R01,Rao2024,olmo-3-32b-think,olmo-3-32b-think,0.70,0.90,0.10,1,UNRECOVERABLE,3,content/202608_temp/raw/Rao2024__olmo-3-32b-think__T070__R01.json,unrecoverable,Failed all rescue parser stages,
Rao2024__olmo-3-32b-think__T070__R02,Rao2024,olmo-3-32b-think,olmo-3-32b-think,0.70,0.90,0.10,2,UNRECOVERABLE,3,content/202608_temp/raw/Rao2024__olmo-3-32b-think__T070__R02.json,unrecoverable,Failed all rescue parser stages,
Rao2024__olmo-3-32b-think__T070__R03,Rao2024,olmo-3-32b-think,olmo-3-32b-think,0.70,0.90,0.10,3,UNRECOVERABLE,3,content/202608_temp/raw/Rao2024__olmo-3-32b-think__T070__R03.json,unrecoverable,Failed all rescue parser stages,
Rao2024__gemma-4-31b-it__T000__R01,Rao2024,gemma-4-31b-it,gemma-4-31b-it,0.00,0.90,0.10,1,RECOVERED,1,content/202608_temp/raw/Rao2024__gemma-4-31b-it__T000__R01.json,recovered,"'lo_evaluations' missing canonical factors: ['Divisive Inhibition (PV)', 'Inhibition (GABA)', 'Subtractive Inhibition (SST)']; 'lo_evaluations' has unknown factor keys: ['GABA', 'PV', 'SST']; 'go_evaluations' missing canonical factors: ['Divisive Inhibition (PV)', 'Inhibition (GABA)', 'Subtractive Inhibition (SST)']; 'go_evaluations' has unknown factor keys: ['GABA', 'PV', 'SST']",
Rao2024__gemma-4-31b-it__T000__R02,Rao2024,gemma-4-31b-it,gemma-4-31b-it,0.00,0.90,0.10,2,RECOVERED,1,content/202608_temp/raw/Rao2024__gemma-4-31b-it__T000__R02.json,recovered,"'lo_evaluations' missing canonical factors: ['Divisive Inhibition (PV)', 'Inhibition (GABA)', 'Subtractive Inhibition (SST)']; 'lo_evaluations' has unknown factor keys: ['GABA', 'PV', 'SST']; 'go_evaluations' missing canonical factors: ['Divisive Inhibition (PV)', 'Inhibition (GABA)', 'Subtractive Inhibition (SST)']; 'go_evaluations' has unknown factor keys: ['GABA', 'PV', 'SST']",
Rao2024__gemma-4-31b-it__T000__R03,Rao2024,gemma-4-31b-it,gemma-4-31b-it,0.00,0.90,0.10,3,RECOVERED,1,content/202608_temp/raw/Rao2024__gemma-4-31b-it__T000__R03.json,recovered,"'lo_evaluations' missing canonical factors: ['Divisive Inhibition (PV)', 'Inhibition (GABA)', 'Subtractive Inhibition (SST)']; 'lo_evaluations' has unknown factor keys: ['GABA', 'PV', 'SST']; 'go_evaluations' missing canonical factors: ['Divisive Inhibition (PV)', 'Inhibition (GABA)', 'Subtractive Inhibition (SST)']; 'go_evaluations' has unknown factor keys: ['GABA', 'PV', 'SST']",
Rao2024__gemma-4-31b-it__T035__R01,Rao2024,gemma-4-31b-it,gemma-4-31b-it,0.35,0.90,0.10,1,RECOVERED,1,content/202608_temp/raw/Rao2024__gemma-4-31b-it__T035__R01.json,recovered,"'lo_evaluations' missing canonical factors: ['Divisive Inhibition (PV)', 'Inhibition (GABA)', 'Subtractive Inhibition (SST)']; 'lo_evaluations' has unknown factor keys: ['GABA', 'PV', 'SST']; 'go_evaluations' missing canonical factors: ['Divisive Inhibition (PV)', 'Inhibition (GABA)', 'Subtractive Inhibition (SST)']; 'go_evaluations' has unknown factor keys: ['GABA', 'PV', 'SST']",
Rao2024__gemma-4-31b-it__T035__R02,Rao2024,gemma-4-31b-it,gemma-4-31b-it,0.35,0.90,0.10,2,RECOVERED,1,content/202608_temp/raw/Rao2024__gemma-4-31b-it__T035__R02.json,recovered,"'lo_evaluations' missing canonical factors: ['Divisive Inhibition (PV)', 'Inhibition (GABA)', 'Subtractive Inhibition (SST)']; 'lo_evaluations' has unknown factor keys: ['GABA', 'PV', 'SST']; 'go_evaluations' missing canonical factors: ['Divisive Inhibition (PV)', 'Inhibition (GABA)', 'Subtractive Inhibition (SST)']; 'go_evaluations' has unknown factor keys: ['GABA', 'PV', 'SST']",
Rao2024__gemma-4-31b-it__T035__R03,Rao2024,gemma-4-31b-it,gemma-4-31b-it,0.35,0.90,0.10,3,RECOVERED,1,content/202608_temp/raw/Rao2024__gemma-4-31b-it__T035__R03.json,recovered,"'lo_evaluations' missing canonical factors: ['Divisive Inhibition (PV)', 'Inhibition (GABA)', 'Subtractive Inhibition (SST)']; 'lo_evaluations' has unknown factor keys: ['GABA', 'PV', 'SST']; 'go_evaluations' missing canonical factors: ['Divisive Inhibition (PV)', 'Inhibition (GABA)', 'Subtractive Inhibition (SST)']; 'go_evaluations' has unknown factor keys: ['GABA', 'PV', 'SST']",
Rao2024__gemma-4-31b-it__T070__R01,Rao2024,gemma-4-31b-it,gemma-4-31b-it,0.70,0.90,0.10,1,RECOVERED,1,content/202608_temp/raw/Rao2024__gemma-4-31b-it__T070__R01.json,recovered,"'lo_evaluations' missing canonical factors: ['Divisive Inhibition (PV)', 'Inhibition (GABA)', 'Subtractive Inhibition (SST)']; 'lo_evaluations' has unknown factor keys: ['GABA', 'PV', 'SST']; 'go_evaluations' missing canonical factors: ['Divisive Inhibition (PV)', 'Inhibition (GABA)', 'Subtractive Inhibition (SST)']; 'go_evaluations' has unknown factor keys: ['GABA', 'PV', 'SST']",
Rao2024__gemma-4-31b-it__T070__R02,Rao2024,gemma-4-31b-it,gemma-4-31b-it,0.70,0.90,0.10,2,RECOVERED,1,content/202608_temp/raw/Rao2024__gemma-4-31b-it__T070__R02.json,recovered,"'lo_evaluations' missing canonical factors: ['Divisive Inhibition (PV)', 'Inhibition (GABA)', 'Subtractive Inhibition (SST)']; 'lo_evaluations' has unknown factor keys: ['GABA', 'PV', 'SST']; 'go_evaluations' missing canonical factors: ['Divisive Inhibition (PV)', 'Inhibition (GABA)', 'Subtractive Inhibition (SST)']; 'go_evaluations' has unknown factor keys: ['GABA', 'PV', 'SST']",
Rao2024__gemma-4-31b-it__T070__R03,Rao2024,gemma-4-31b-it,gemma-4-31b-it,0.70,0.90,0.10,3,RECOVERED,1,content/202608_temp/raw/Rao2024__gemma-4-31b-it__T070__R03.json,recovered,"'lo_evaluations' missing canonical factors: ['Divisive Inhibition (PV)', 'Inhibition (GABA)', 'Subtractive Inhibition (SST)']; 'lo_evaluations' has unknown factor keys: ['GABA', 'PV', 'SST']; 'go_evaluations' missing canonical factors: ['Divisive Inhibition (PV)', 'Inhibition (GABA)', 'Subtractive Inhibition (SST)']; 'go_evaluations' has unknown factor keys: ['GABA', 'PV', 'SST']",
Rao2024__phi-4-reasoning-plus__T000__R01,Rao2024,phi-4-reasoning-plus,phi-4-reasoning-plus,0.00,0.90,0.10,1,UNRECOVERABLE,1,content/202608_temp/raw/Rao2024__phi-4-reasoning-plus__T000__R01.json,unrecoverable,Failed all rescue parser stages,
Rao2024__phi-4-reasoning-plus__T000__R02,Rao2024,phi-4-reasoning-plus,phi-4-reasoning-plus,0.00,0.90,0.10,2,UNRECOVERABLE,1,content/202608_temp/raw/Rao2024__phi-4-reasoning-plus__T000__R02.json,unrecoverable,Failed all rescue parser stages,
Rao2024__phi-4-reasoning-plus__T000__R03,Rao2024,phi-4-reasoning-plus,phi-4-reasoning-plus,0.00,0.90,0.10,3,UNRECOVERABLE,1,content/202608_temp/raw/Rao2024__phi-4-reasoning-plus__T000__R03.json,unrecoverable,Failed all rescue parser stages,
Rao2024__phi-4-reasoning-plus__T035__R01,Rao2024,phi-4-reasoning-plus,phi-4-reasoning-plus,0.35,0.90,0.10,1,UNRECOVERABLE,1,content/202608_temp/raw/Rao2024__phi-4-reasoning-plus__T035__R01.json,unrecoverable,Failed all rescue parser stages,
Rao2024__phi-4-reasoning-plus__T035__R02,Rao2024,phi-4-reasoning-plus,phi-4-reasoning-plus,0.35,0.90,0.10,2,UNRECOVERABLE,1,content/202608_temp/raw/Rao2024__phi-4-reasoning-plus__T035__R02.json,unrecoverable,Failed all rescue parser stages,
Rao2024__phi-4-reasoning-plus__T035__R03,Rao2024,phi-4-reasoning-plus,phi-4-reasoning-plus,0.35,0.90,0.10,3,UNRECOVERABLE,1,content/202608_temp/raw/Rao2024__phi-4-reasoning-plus__T035__R03.json,unrecoverable,Failed all rescue parser stages,
Rao2024__phi-4-reasoning-plus__T070__R01,Rao2024,phi-4-reasoning-plus,phi-4-reasoning-plus,0.70,0.90,0.10,1,UNRECOVERABLE,1,content/202608_temp/raw/Rao2024__phi-4-reasoning-plus__T070__R01.json,unrecoverable,Failed all rescue parser stages,
Rao2024__phi-4-reasoning-plus__T070__R02,Rao2024,phi-4-reasoning-plus,phi-4-reasoning-plus,0.70,0.90,0.10,2,UNRECOVERABLE,1,content/202608_temp/raw/Rao2024__phi-4-reasoning-plus__T070__R02.json,unrecoverable,Failed all rescue parser stages,
Rao2024__phi-4-reasoning-plus__T070__R03,Rao2024,phi-4-reasoning-plus,phi-4-reasoning-plus,0.70,0.90,0.10,3,UNRECOVERABLE,1,content/202608_temp/raw/Rao2024__phi-4-reasoning-plus__T070__R03.json,unrecoverable,Failed all rescue parser stages,
Sacramento2018__olmo-3-32b-think__T000__R01,Sacramento2018,olmo-3-32b-think,olmo-3-32b-think,0.00,0.90,0.10,1,RECOVERED,1,content/202608_temp/raw/Sacramento2018__olmo-3-32b-think__T000__R01.json,recovered,"'lo_evaluations' has 12 keys, expected 36; 'lo_evaluations' missing canonical factors: ['Absence of Feedback Error', 'Activity Suppression', 'Alpha/Beta Mediated Suppression', 'Ascending Latency Shift', 'Canonical Microcircuit Ubiquity', 'Cross-Modal Ubiquity', 'Cross-Scale Hierarchical Ubiquity', 'Divisive Inhibition (PV)', 'E/I Balance Shift', 'Feedforward AMPA', 'Feedforward Ascending Gamma', 'Feedforward Deviance Detection', 'Feedforward Error Propagation', 'Feedforward NMDA', 'Feedforward Non-local Activation', 'Feedforward Non-local Directed Connectivity', 'Feedforward Non-local Granular Activity (L4)', 'Feedforward Non-local Supragranular Activity (L2/3)', 'Habituation to Sequence', 'Hierarchical Activity Ubiquity', 'Hierarchical CSD Ubiquity', 'Hierarchical Mechanism Invariance', 'Hierarchical Order Stability', 'Hierarchical Presence (V1-PFC)', 'Inhibition (GABA)', 'Interspecies Hierarchical Ubiquity', 'Omission Response', 'Population-Wide Ubiquity', 'Precision Weighting (Gain)', 'Selective Sharpening', 'State-Independent Ubiquity', 'Subcortical Feedforward Relaying', 'Subtractive Inhibition (SST)', 'Synaptic Depression (Adaptation)', 'Temporal Stability of Ubiquity', 'VIP-Mediated Disinhibition']; 'lo_evaluations' has unknown factor keys: ['Factor Key 1', 'Factor Key 10', 'Factor Key 11', 'Factor Key 12', 'Factor Key 2', 'Factor Key 3', 'Factor Key 4', 'Factor Key 5', 'Factor Key 6', 'Factor Key 7', 'Factor Key 8', 'Factor Key 9']; 'go_evaluations' has 12 keys, expected 36; 'go_evaluations' missing canonical factors: ['Absence of Feedback Error', 'Activity Suppression', 'Alpha/Beta Mediated Suppression', 'Ascending Latency Shift', 'Canonical Microcircuit Ubiquity', 'Cross-Modal Ubiquity', 'Cross-Scale Hierarchical Ubiquity', 'Divisive Inhibition (PV)', 'E/I Balance Shift', 'Feedforward AMPA', 'Feedforward Ascending Gamma', 'Feedforward Deviance Detection', 'Feedforward Error Propagation', 'Feedforward NMDA', 'Feedforward Non-local Activation', 'Feedforward Non-local Directed Connectivity', 'Feedforward Non-local Granular Activity (L4)', 'Feedforward Non-local Supragranular Activity (L2/3)', 'Habituation to Sequence', 'Hierarchical Activity Ubiquity', 'Hierarchical CSD Ubiquity', 'Hierarchical Mechanism Invariance', 'Hierarchical Order Stability', 'Hierarchical Presence (V1-PFC)', 'Inhibition (GABA)', 'Interspecies Hierarchical Ubiquity', 'Omission Response', 'Population-Wide Ubiquity', 'Precision Weighting (Gain)', 'Selective Sharpening', 'State-Independent Ubiquity', 'Subcortical Feedforward Relaying', 'Subtractive Inhibition (SST)', 'Synaptic Depression (Adaptation)', 'Temporal Stability of Ubiquity', 'VIP-Mediated Disinhibition']; 'go_evaluations' has unknown factor keys: ['Factor Key 13', 'Factor Key 14', 'Factor Key 15', 'Factor Key 16', 'Factor Key 17', 'Factor Key 18', 'Factor Key 19', 'Factor Key 20', 'Factor Key 21', 'Factor Key 22', 'Factor Key 23', 'Factor Key 24']",
Sacramento2018__olmo-3-32b-think__T000__R02,Sacramento2018,olmo-3-32b-think,olmo-3-32b-think,0.00,0.90,0.10,2,UNRECOVERABLE,1,content/202608_temp/raw/Sacramento2018__olmo-3-32b-think__T000__R02.json,unrecoverable,Failed all rescue parser stages,
Sacramento2018__olmo-3-32b-think__T000__R03,Sacramento2018,olmo-3-32b-think,olmo-3-32b-think,0.00,0.90,0.10,3,UNRECOVERABLE,1,content/202608_temp/raw/Sacramento2018__olmo-3-32b-think__T000__R03.json,unrecoverable,Failed all rescue parser stages,
Sacramento2018__olmo-3-32b-think__T035__R01,Sacramento2018,olmo-3-32b-think,olmo-3-32b-think,0.35,0.90,0.10,1,UNRECOVERABLE,1,content/202608_temp/raw/Sacramento2018__olmo-3-32b-think__T035__R01.json,unrecoverable,Failed all rescue parser stages,
Sacramento2018__olmo-3-32b-think__T035__R02,Sacramento2018,olmo-3-32b-think,olmo-3-32b-think,0.35,0.90,0.10,2,UNRECOVERABLE,1,content/202608_temp/raw/Sacramento2018__olmo-3-32b-think__T035__R02.json,unrecoverable,Failed all rescue parser stages,
Sacramento2018__olmo-3-32b-think__T035__R03,Sacramento2018,olmo-3-32b-think,olmo-3-32b-think,0.35,0.90,0.10,3,UNRECOVERABLE,1,content/202608_temp/raw/Sacramento2018__olmo-3-32b-think__T035__R03.json,unrecoverable,Failed all rescue parser stages,
Sacramento2018__olmo-3-32b-think__T070__R01,Sacramento2018,olmo-3-32b-think,olmo-3-32b-think,0.70,0.90,0.10,1,UNRECOVERABLE,3,content/202608_temp/raw/Sacramento2018__olmo-3-32b-think__T070__R01.json,unrecoverable,Failed all rescue parser stages,
Sacramento2018__olmo-3-32b-think__T070__R02,Sacramento2018,olmo-3-32b-think,olmo-3-32b-think,0.70,0.90,0.10,2,UNRECOVERABLE,3,content/202608_temp/raw/Sacramento2018__olmo-3-32b-think__T070__R02.json,unrecoverable,Failed all rescue parser stages,
Sacramento2018__olmo-3-32b-think__T070__R03,Sacramento2018,olmo-3-32b-think,olmo-3-32b-think,0.70,0.90,0.10,3,UNRECOVERABLE,3,content/202608_temp/raw/Sacramento2018__olmo-3-32b-think__T070__R03.json,unrecoverable,Failed all rescue parser stages,
Sacramento2018__gemma-4-31b-it__T000__R01,Sacramento2018,gemma-4-31b-it,gemma-4-31b-it,0.00,0.90,0.10,1,RECOVERED,1,content/202608_temp/raw/Sacramento2018__gemma-4-31b-it__T000__R01.json,recovered,"'lo_evaluations' missing canonical factors: ['Divisive Inhibition (PV)', 'Subtractive Inhibition (SST)']; 'lo_evaluations' has unknown factor keys: ['PV', 'SST']; 'go_evaluations' missing canonical factors: ['Divisive Inhibition (PV)', 'Subtractive Inhibition (SST)']; 'go_evaluations' has unknown factor keys: ['PV', 'SST']",
Sacramento2018__gemma-4-31b-it__T000__R02,Sacramento2018,gemma-4-31b-it,gemma-4-31b-it,0.00,0.90,0.10,2,RECOVERED,1,content/202608_temp/raw/Sacramento2018__gemma-4-31b-it__T000__R02.json,recovered,"'lo_evaluations' missing canonical factors: ['Divisive Inhibition (PV)', 'Subtractive Inhibition (SST)']; 'lo_evaluations' has unknown factor keys: ['PV', 'SST']; 'go_evaluations' missing canonical factors: ['Divisive Inhibition (PV)', 'Subtractive Inhibition (SST)']; 'go_evaluations' has unknown factor keys: ['PV', 'SST']",
Sacramento2018__gemma-4-31b-it__T000__R03,Sacramento2018,gemma-4-31b-it,gemma-4-31b-it,0.00,0.90,0.10,3,RECOVERED,1,content/202608_temp/raw/Sacramento2018__gemma-4-31b-it__T000__R03.json,recovered,"'lo_evaluations' missing canonical factors: ['Divisive Inhibition (PV)', 'Subtractive Inhibition (SST)']; 'lo_evaluations' has unknown factor keys: ['PV', 'SST']; 'go_evaluations' missing canonical factors: ['Divisive Inhibition (PV)', 'Subtractive Inhibition (SST)']; 'go_evaluations' has unknown factor keys: ['PV', 'SST']",
Sacramento2018__gemma-4-31b-it__T035__R01,Sacramento2018,gemma-4-31b-it,gemma-4-31b-it,0.35,0.90,0.10,1,RECOVERED,1,content/202608_temp/raw/Sacramento2018__gemma-4-31b-it__T035__R01.json,recovered,"'lo_evaluations' missing canonical factors: ['Divisive Inhibition (PV)', 'Subtractive Inhibition (SST)']; 'lo_evaluations' has unknown factor keys: ['PV', 'SST']; 'go_evaluations' missing canonical factors: ['Divisive Inhibition (PV)', 'Subtractive Inhibition (SST)']; 'go_evaluations' has unknown factor keys: ['PV', 'SST']",
Sacramento2018__gemma-4-31b-it__T035__R02,Sacramento2018,gemma-4-31b-it,gemma-4-31b-it,0.35,0.90,0.10,2,RECOVERED,1,content/202608_temp/raw/Sacramento2018__gemma-4-31b-it__T035__R02.json,recovered,"'lo_evaluations' missing canonical factors: ['Divisive Inhibition (PV)', 'Subtractive Inhibition (SST)']; 'lo_evaluations' has unknown factor keys: ['PV', 'SST']; 'go_evaluations' missing canonical factors: ['Divisive Inhibition (PV)', 'Subtractive Inhibition (SST)']; 'go_evaluations' has unknown factor keys: ['PV', 'SST']",
Sacramento2018__gemma-4-31b-it__T035__R03,Sacramento2018,gemma-4-31b-it,gemma-4-31b-it,0.35,0.90,0.10,3,RECOVERED,1,content/202608_temp/raw/Sacramento2018__gemma-4-31b-it__T035__R03.json,recovered,"'lo_evaluations' missing canonical factors: ['Divisive Inhibition (PV)', 'Subtractive Inhibition (SST)']; 'lo_evaluations' has unknown factor keys: ['PV', 'SST']; 'go_evaluations' missing canonical factors: ['Divisive Inhibition (PV)', 'Subtractive Inhibition (SST)']; 'go_evaluations' has unknown factor keys: ['PV', 'SST']",
Sacramento2018__gemma-4-31b-it__T070__R01,Sacramento2018,gemma-4-31b-it,gemma-4-31b-it,0.70,0.90,0.10,1,RECOVERED,1,content/202608_temp/raw/Sacramento2018__gemma-4-31b-it__T070__R01.json,recovered,"'lo_evaluations' missing canonical factors: ['Divisive Inhibition (PV)', 'Subtractive Inhibition (SST)']; 'lo_evaluations' has unknown factor keys: ['PV', 'SST']; 'go_evaluations' missing canonical factors: ['Divisive Inhibition (PV)', 'Subtractive Inhibition (SST)']; 'go_evaluations' has unknown factor keys: ['PV', 'SST']",
Sacramento2018__gemma-4-31b-it__T070__R02,Sacramento2018,gemma-4-31b-it,gemma-4-31b-it,0.70,0.90,0.10,2,RECOVERED,1,content/202608_temp/raw/Sacramento2018__gemma-4-31b-it__T070__R02.json,recovered,"'lo_evaluations' missing canonical factors: ['Divisive Inhibition (PV)', 'Subtractive Inhibition (SST)']; 'lo_evaluations' has unknown factor keys: ['PV', 'SST']; 'go_evaluations' missing canonical factors: ['Divisive Inhibition (PV)', 'Subtractive Inhibition (SST)']; 'go_evaluations' has unknown factor keys: ['PV', 'SST']",
Sacramento2018__gemma-4-31b-it__T070__R03,Sacramento2018,gemma-4-31b-it,gemma-4-31b-it,0.70,0.90,0.10,3,RECOVERED,1,content/202608_temp/raw/Sacramento2018__gemma-4-31b-it__T070__R03.json,recovered,"'lo_evaluations' missing canonical factors: ['Divisive Inhibition (PV)', 'Subtractive Inhibition (SST)']; 'lo_evaluations' has unknown factor keys: ['PV', 'SST']; 'go_evaluations' missing canonical factors: ['Divisive Inhibition (PV)', 'Subtractive Inhibition (SST)']; 'go_evaluations' has unknown factor keys: ['PV', 'SST']",
Sacramento2018__phi-4-reasoning-plus__T000__R01,Sacramento2018,phi-4-reasoning-plus,phi-4-reasoning-plus,0.00,0.90,0.10,1,RECOVERED,1,content/202608_temp/raw/Sacramento2018__phi-4-reasoning-plus__T000__R01.json,recovered,,
Sacramento2018__phi-4-reasoning-plus__T000__R02,Sacramento2018,phi-4-reasoning-plus,phi-4-reasoning-plus,0.00,0.90,0.10,2,COMPLETE,1,content/202608_temp/raw/Sacramento2018__phi-4-reasoning-plus__T000__R02.json,valid,,
Sacramento2018__phi-4-reasoning-plus__T000__R03,Sacramento2018,phi-4-reasoning-plus,phi-4-reasoning-plus,0.00,0.90,0.10,3,COMPLETE,1,content/202608_temp/raw/Sacramento2018__phi-4-reasoning-plus__T000__R03.json,valid,,
Sacramento2018__phi-4-reasoning-plus__T035__R01,Sacramento2018,phi-4-reasoning-plus,phi-4-reasoning-plus,0.35,0.90,0.10,1,UNRECOVERABLE,1,content/202608_temp/raw/Sacramento2018__phi-4-reasoning-plus__T035__R01.json,unrecoverable,Failed all rescue parser stages,
Sacramento2018__phi-4-reasoning-plus__T035__R02,Sacramento2018,phi-4-reasoning-plus,phi-4-reasoning-plus,0.35,0.90,0.10,2,UNRECOVERABLE,1,content/202608_temp/raw/Sacramento2018__phi-4-reasoning-plus__T035__R02.json,unrecoverable,Failed all rescue parser stages,
Sacramento2018__phi-4-reasoning-plus__T035__R03,Sacramento2018,phi-4-reasoning-plus,phi-4-reasoning-plus,0.35,0.90,0.10,3,COMPLETE,1,content/202608_temp/raw/Sacramento2018__phi-4-reasoning-plus__T035__R03.json,valid,,
Sacramento2018__phi-4-reasoning-plus__T070__R01,Sacramento2018,phi-4-reasoning-plus,phi-4-reasoning-plus,0.70,0.90,0.10,1,UNRECOVERABLE,1,content/202608_temp/raw/Sacramento2018__phi-4-reasoning-plus__T070__R01.json,unrecoverable,Failed all rescue parser stages,
Sacramento2018__phi-4-reasoning-plus__T070__R02,Sacramento2018,phi-4-reasoning-plus,phi-4-reasoning-plus,0.70,0.90,0.10,2,UNRECOVERABLE,1,content/202608_temp/raw/Sacramento2018__phi-4-reasoning-plus__T070__R02.json,unrecoverable,Failed all rescue parser stages,
Sacramento2018__phi-4-reasoning-plus__T070__R03,Sacramento2018,phi-4-reasoning-plus,phi-4-reasoning-plus,0.70,0.90,0.10,3,COMPLETE,1,content/202608_temp/raw/Sacramento2018__phi-4-reasoning-plus__T070__R03.json,valid,,
Spratling2008__olmo-3-32b-think__T000__R01,Spratling2008,olmo-3-32b-think,olmo-3-32b-think,0.00,0.90,0.10,1,UNRECOVERABLE,1,content/202608_temp/raw/Spratling2008__olmo-3-32b-think__T000__R01.json,unrecoverable,Failed all rescue parser stages,
Spratling2008__olmo-3-32b-think__T000__R02,Spratling2008,olmo-3-32b-think,olmo-3-32b-think,0.00,0.90,0.10,2,RECOVERED,1,content/202608_temp/raw/Spratling2008__olmo-3-32b-think__T000__R02.json,recovered,"'lo_evaluations' has 24 keys, expected 36; 'lo_evaluations' missing canonical factors: ['Absence of Feedback Error', 'Activity Suppression', 'Alpha/Beta Mediated Suppression', 'Ascending Latency Shift', 'Canonical Microcircuit Ubiquity', 'Cross-Modal Ubiquity', 'Cross-Scale Hierarchical Ubiquity', 'Divisive Inhibition (PV)', 'E/I Balance Shift', 'Feedforward AMPA', 'Feedforward Ascending Gamma', 'Feedforward Deviance Detection', 'Feedforward Error Propagation', 'Feedforward NMDA', 'Feedforward Non-local Activation', 'Feedforward Non-local Directed Connectivity', 'Feedforward Non-local Granular Activity (L4)', 'Feedforward Non-local Supragranular Activity (L2/3)', 'Habituation to Sequence', 'Hierarchical Activity Ubiquity', 'Hierarchical CSD Ubiquity', 'Hierarchical Mechanism Invariance', 'Hierarchical Order Stability', 'Hierarchical Presence (V1-PFC)', 'Inhibition (GABA)', 'Interspecies Hierarchical Ubiquity', 'Omission Response', 'Population-Wide Ubiquity', 'Precision Weighting (Gain)', 'Selective Sharpening', 'State-Independent Ubiquity', 'Subcortical Feedforward Relaying', 'Subtractive Inhibition (SST)', 'Synaptic Depression (Adaptation)', 'Temporal Stability of Ubiquity', 'VIP-Mediated Disinhibition']; 'lo_evaluations' has unknown factor keys: ['1', '10', '11', '12', '13', '14', '15', '16', '17', '18', '19', '2', '20', '21', '22', '23', '24', '3', '4', '5', '6', '7', '8', '9']; 'go_evaluations' has 12 keys, expected 36; 'go_evaluations' missing canonical factors: ['Absence of Feedback Error', 'Activity Suppression', 'Alpha/Beta Mediated Suppression', 'Ascending Latency Shift', 'Canonical Microcircuit Ubiquity', 'Cross-Modal Ubiquity', 'Cross-Scale Hierarchical Ubiquity', 'Divisive Inhibition (PV)', 'E/I Balance Shift', 'Feedforward AMPA', 'Feedforward Ascending Gamma', 'Feedforward Deviance Detection', 'Feedforward Error Propagation', 'Feedforward NMDA', 'Feedforward Non-local Activation', 'Feedforward Non-local Directed Connectivity', 'Feedforward Non-local Granular Activity (L4)', 'Feedforward Non-local Supragranular Activity (L2/3)', 'Habituation to Sequence', 'Hierarchical Activity Ubiquity', 'Hierarchical CSD Ubiquity', 'Hierarchical Mechanism Invariance', 'Hierarchical Order Stability', 'Hierarchical Presence (V1-PFC)', 'Inhibition (GABA)', 'Interspecies Hierarchical Ubiquity', 'Omission Response', 'Population-Wide Ubiquity', 'Precision Weighting (Gain)', 'Selective Sharpening', 'State-Independent Ubiquity', 'Subcortical Feedforward Relaying', 'Subtractive Inhibition (SST)', 'Synaptic Depression (Adaptation)', 'Temporal Stability of Ubiquity', 'VIP-Mediated Disinhibition']; 'go_evaluations' has unknown factor keys: ['25', '26', '27', '28', '29', '30', '31', '32', '33', '34', '35', '36']",
Spratling2008__olmo-3-32b-think__T000__R03,Spratling2008,olmo-3-32b-think,olmo-3-32b-think,0.00,0.90,0.10,3,RECOVERED,1,content/202608_temp/raw/Spratling2008__olmo-3-32b-think__T000__R03.json,recovered,"'lo_evaluations' has 24 keys, expected 36; 'lo_evaluations' missing canonical factors: ['Absence of Feedback Error', 'Activity Suppression', 'Alpha/Beta Mediated Suppression', 'Ascending Latency Shift', 'Canonical Microcircuit Ubiquity', 'Cross-Modal Ubiquity', 'Cross-Scale Hierarchical Ubiquity', 'Divisive Inhibition (PV)', 'E/I Balance Shift', 'Feedforward AMPA', 'Feedforward Ascending Gamma', 'Feedforward Deviance Detection', 'Feedforward Error Propagation', 'Feedforward NMDA', 'Feedforward Non-local Activation', 'Feedforward Non-local Directed Connectivity', 'Feedforward Non-local Granular Activity (L4)', 'Feedforward Non-local Supragranular Activity (L2/3)', 'Habituation to Sequence', 'Hierarchical Activity Ubiquity', 'Hierarchical CSD Ubiquity', 'Hierarchical Mechanism Invariance', 'Hierarchical Order Stability', 'Hierarchical Presence (V1-PFC)', 'Inhibition (GABA)', 'Interspecies Hierarchical Ubiquity', 'Omission Response', 'Population-Wide Ubiquity', 'Precision Weighting (Gain)', 'Selective Sharpening', 'State-Independent Ubiquity', 'Subcortical Feedforward Relaying', 'Subtractive Inhibition (SST)', 'Synaptic Depression (Adaptation)', 'Temporal Stability of Ubiquity', 'VIP-Mediated Disinhibition']; 'lo_evaluations' has unknown factor keys: ['1', '10', '11', '12', '13', '14', '15', '16', '17', '18', '19', '2', '20', '21', '22', '23', '24', '3', '4', '5', '6', '7', '8', '9']; 'go_evaluations' has 12 keys, expected 36; 'go_evaluations' missing canonical factors: ['Absence of Feedback Error', 'Activity Suppression', 'Alpha/Beta Mediated Suppression', 'Ascending Latency Shift', 'Canonical Microcircuit Ubiquity', 'Cross-Modal Ubiquity', 'Cross-Scale Hierarchical Ubiquity', 'Divisive Inhibition (PV)', 'E/I Balance Shift', 'Feedforward AMPA', 'Feedforward Ascending Gamma', 'Feedforward Deviance Detection', 'Feedforward Error Propagation', 'Feedforward NMDA', 'Feedforward Non-local Activation', 'Feedforward Non-local Directed Connectivity', 'Feedforward Non-local Granular Activity (L4)', 'Feedforward Non-local Supragranular Activity (L2/3)', 'Habituation to Sequence', 'Hierarchical Activity Ubiquity', 'Hierarchical CSD Ubiquity', 'Hierarchical Mechanism Invariance', 'Hierarchical Order Stability', 'Hierarchical Presence (V1-PFC)', 'Inhibition (GABA)', 'Interspecies Hierarchical Ubiquity', 'Omission Response', 'Population-Wide Ubiquity', 'Precision Weighting (Gain)', 'Selective Sharpening', 'State-Independent Ubiquity', 'Subcortical Feedforward Relaying', 'Subtractive Inhibition (SST)', 'Synaptic Depression (Adaptation)', 'Temporal Stability of Ubiquity', 'VIP-Mediated Disinhibition']; 'go_evaluations' has unknown factor keys: ['25', '26', '27', '28', '29', '30', '31', '32', '33', '34', '35', '36']",
Spratling2008__olmo-3-32b-think__T035__R01,Spratling2008,olmo-3-32b-think,olmo-3-32b-think,0.35,0.90,0.10,1,UNRECOVERABLE,1,content/202608_temp/raw/Spratling2008__olmo-3-32b-think__T035__R01.json,unrecoverable,Failed all rescue parser stages,
Spratling2008__olmo-3-32b-think__T035__R02,Spratling2008,olmo-3-32b-think,olmo-3-32b-think,0.35,0.90,0.10,2,UNRECOVERABLE,1,content/202608_temp/raw/Spratling2008__olmo-3-32b-think__T035__R02.json,unrecoverable,Failed all rescue parser stages,
Spratling2008__olmo-3-32b-think__T035__R03,Spratling2008,olmo-3-32b-think,olmo-3-32b-think,0.35,0.90,0.10,3,UNRECOVERABLE,1,content/202608_temp/raw/Spratling2008__olmo-3-32b-think__T035__R03.json,unrecoverable,Failed all rescue parser stages,
Spratling2008__olmo-3-32b-think__T070__R01,Spratling2008,olmo-3-32b-think,olmo-3-32b-think,0.70,0.90,0.10,1,UNRECOVERABLE,3,content/202608_temp/raw/Spratling2008__olmo-3-32b-think__T070__R01.json,unrecoverable,Failed all rescue parser stages,
Spratling2008__olmo-3-32b-think__T070__R02,Spratling2008,olmo-3-32b-think,olmo-3-32b-think,0.70,0.90,0.10,2,UNRECOVERABLE,3,content/202608_temp/raw/Spratling2008__olmo-3-32b-think__T070__R02.json,unrecoverable,Failed all rescue parser stages,
Spratling2008__olmo-3-32b-think__T070__R03,Spratling2008,olmo-3-32b-think,olmo-3-32b-think,0.70,0.90,0.10,3,UNRECOVERABLE,2,content/202608_temp/raw/Spratling2008__olmo-3-32b-think__T070__R03.json,unrecoverable,Failed all rescue parser stages,
Spratling2008__gemma-4-31b-it__T000__R01,Spratling2008,gemma-4-31b-it,gemma-4-31b-it,0.00,0.90,0.10,1,RECOVERED,1,content/202608_temp/raw/Spratling2008__gemma-4-31b-it__T000__R01.json,recovered,"'lo_evaluations' missing canonical factors: ['Absence of Feedback Error', 'Activity Suppression', 'Alpha/Beta Mediated Suppression', 'Ascending Latency Shift', 'Canonical Microcircuit Ubiquity', 'Cross-Modal Ubiquity', 'Cross-Scale Hierarchical Ubiquity', 'Divisive Inhibition (PV)', 'E/I Balance Shift', 'Feedforward AMPA', 'Feedforward Ascending Gamma', 'Feedforward Deviance Detection', 'Feedforward Error Propagation', 'Feedforward NMDA', 'Feedforward Non-local Activation', 'Feedforward Non-local Directed Connectivity', 'Feedforward Non-local Granular Activity (L4)', 'Feedforward Non-local Supragranular Activity (L2/3)', 'Habituation to Sequence', 'Hierarchical Activity Ubiquity', 'Hierarchical CSD Ubiquity', 'Hierarchical Mechanism Invariance', 'Hierarchical Order Stability', 'Hierarchical Presence (V1-PFC)', 'Inhibition (GABA)', 'Interspecies Hierarchical Ubiquity', 'Omission Response', 'Population-Wide Ubiquity', 'Precision Weighting (Gain)', 'Selective Sharpening', 'State-Independent Ubiquity', 'Subcortical Feedforward Relaying', 'Subtractive Inhibition (SST)', 'Synaptic Depression (Adaptation)', 'Temporal Stability of Ubiquity', 'VIP-Mediated Disinhibition']; 'lo_evaluations' has unknown factor keys: ['1', '10', '11', '12', '13', '14', '15', '16', '17', '18', '19', '2', '20', '21', '22', '23', '24', '25', '26', '27', '28', '29', '3', '30', '31', '32', '33', '34', '35', '36', '4', '5', '6', '7', '8', '9']; 'go_evaluations' missing canonical factors: ['Absence of Feedback Error', 'Activity Suppression', 'Alpha/Beta Mediated Suppression', 'Ascending Latency Shift', 'Canonical Microcircuit Ubiquity', 'Cross-Modal Ubiquity', 'Cross-Scale Hierarchical Ubiquity', 'Divisive Inhibition (PV)', 'E/I Balance Shift', 'Feedforward AMPA', 'Feedforward Ascending Gamma', 'Feedforward Deviance Detection', 'Feedforward Error Propagation', 'Feedforward NMDA', 'Feedforward Non-local Activation', 'Feedforward Non-local Directed Connectivity', 'Feedforward Non-local Granular Activity (L4)', 'Feedforward Non-local Supragranular Activity (L2/3)', 'Habituation to Sequence', 'Hierarchical Activity Ubiquity', 'Hierarchical CSD Ubiquity', 'Hierarchical Mechanism Invariance', 'Hierarchical Order Stability', 'Hierarchical Presence (V1-PFC)', 'Inhibition (GABA)', 'Interspecies Hierarchical Ubiquity', 'Omission Response', 'Population-Wide Ubiquity', 'Precision Weighting (Gain)', 'Selective Sharpening', 'State-Independent Ubiquity', 'Subcortical Feedforward Relaying', 'Subtractive Inhibition (SST)', 'Synaptic Depression (Adaptation)', 'Temporal Stability of Ubiquity', 'VIP-Mediated Disinhibition']; 'go_evaluations' has unknown factor keys: ['1', '10', '11', '12', '13', '14', '15', '16', '17', '18', '19', '2', '20', '21', '22', '23', '24', '25', '26', '27', '28', '29', '3', '30', '31', '32', '33', '34', '35', '36', '4', '5', '6', '7', '8', '9']",
Spratling2008__gemma-4-31b-it__T000__R02,Spratling2008,gemma-4-31b-it,gemma-4-31b-it,0.00,0.90,0.10,2,RECOVERED,1,content/202608_temp/raw/Spratling2008__gemma-4-31b-it__T000__R02.json,recovered,"'lo_evaluations' missing canonical factors: ['Absence of Feedback Error', 'Activity Suppression', 'Alpha/Beta Mediated Suppression', 'Ascending Latency Shift', 'Canonical Microcircuit Ubiquity', 'Cross-Modal Ubiquity', 'Cross-Scale Hierarchical Ubiquity', 'Divisive Inhibition (PV)', 'E/I Balance Shift', 'Feedforward AMPA', 'Feedforward Ascending Gamma', 'Feedforward Deviance Detection', 'Feedforward Error Propagation', 'Feedforward NMDA', 'Feedforward Non-local Activation', 'Feedforward Non-local Directed Connectivity', 'Feedforward Non-local Granular Activity (L4)', 'Feedforward Non-local Supragranular Activity (L2/3)', 'Habituation to Sequence', 'Hierarchical Activity Ubiquity', 'Hierarchical CSD Ubiquity', 'Hierarchical Mechanism Invariance', 'Hierarchical Order Stability', 'Hierarchical Presence (V1-PFC)', 'Inhibition (GABA)', 'Interspecies Hierarchical Ubiquity', 'Omission Response', 'Population-Wide Ubiquity', 'Precision Weighting (Gain)', 'Selective Sharpening', 'State-Independent Ubiquity', 'Subcortical Feedforward Relaying', 'Subtractive Inhibition (SST)', 'Synaptic Depression (Adaptation)', 'Temporal Stability of Ubiquity', 'VIP-Mediated Disinhibition']; 'lo_evaluations' has unknown factor keys: ['1', '10', '11', '12', '13', '14', '15', '16', '17', '18', '19', '2', '20', '21', '22', '23', '24', '25', '26', '27', '28', '29', '3', '30', '31', '32', '33', '34', '35', '36', '4', '5', '6', '7', '8', '9']; 'go_evaluations' missing canonical factors: ['Absence of Feedback Error', 'Activity Suppression', 'Alpha/Beta Mediated Suppression', 'Ascending Latency Shift', 'Canonical Microcircuit Ubiquity', 'Cross-Modal Ubiquity', 'Cross-Scale Hierarchical Ubiquity', 'Divisive Inhibition (PV)', 'E/I Balance Shift', 'Feedforward AMPA', 'Feedforward Ascending Gamma', 'Feedforward Deviance Detection', 'Feedforward Error Propagation', 'Feedforward NMDA', 'Feedforward Non-local Activation', 'Feedforward Non-local Directed Connectivity', 'Feedforward Non-local Granular Activity (L4)', 'Feedforward Non-local Supragranular Activity (L2/3)', 'Habituation to Sequence', 'Hierarchical Activity Ubiquity', 'Hierarchical CSD Ubiquity', 'Hierarchical Mechanism Invariance', 'Hierarchical Order Stability', 'Hierarchical Presence (V1-PFC)', 'Inhibition (GABA)', 'Interspecies Hierarchical Ubiquity', 'Omission Response', 'Population-Wide Ubiquity', 'Precision Weighting (Gain)', 'Selective Sharpening', 'State-Independent Ubiquity', 'Subcortical Feedforward Relaying', 'Subtractive Inhibition (SST)', 'Synaptic Depression (Adaptation)', 'Temporal Stability of Ubiquity', 'VIP-Mediated Disinhibition']; 'go_evaluations' has unknown factor keys: ['1', '10', '11', '12', '13', '14', '15', '16', '17', '18', '19', '2', '20', '21', '22', '23', '24', '25', '26', '27', '28', '29', '3', '30', '31', '32', '33', '34', '35', '36', '4', '5', '6', '7', '8', '9']",
Spratling2008__gemma-4-31b-it__T000__R03,Spratling2008,gemma-4-31b-it,gemma-4-31b-it,0.00,0.90,0.10,3,RECOVERED,1,content/202608_temp/raw/Spratling2008__gemma-4-31b-it__T000__R03.json,recovered,"'lo_evaluations' missing canonical factors: ['Absence of Feedback Error', 'Activity Suppression', 'Alpha/Beta Mediated Suppression', 'Ascending Latency Shift', 'Canonical Microcircuit Ubiquity', 'Cross-Modal Ubiquity', 'Cross-Scale Hierarchical Ubiquity', 'Divisive Inhibition (PV)', 'E/I Balance Shift', 'Feedforward AMPA', 'Feedforward Ascending Gamma', 'Feedforward Deviance Detection', 'Feedforward Error Propagation', 'Feedforward NMDA', 'Feedforward Non-local Activation', 'Feedforward Non-local Directed Connectivity', 'Feedforward Non-local Granular Activity (L4)', 'Feedforward Non-local Supragranular Activity (L2/3)', 'Habituation to Sequence', 'Hierarchical Activity Ubiquity', 'Hierarchical CSD Ubiquity', 'Hierarchical Mechanism Invariance', 'Hierarchical Order Stability', 'Hierarchical Presence (V1-PFC)', 'Inhibition (GABA)', 'Interspecies Hierarchical Ubiquity', 'Omission Response', 'Population-Wide Ubiquity', 'Precision Weighting (Gain)', 'Selective Sharpening', 'State-Independent Ubiquity', 'Subcortical Feedforward Relaying', 'Subtractive Inhibition (SST)', 'Synaptic Depression (Adaptation)', 'Temporal Stability of Ubiquity', 'VIP-Mediated Disinhibition']; 'lo_evaluations' has unknown factor keys: ['1', '10', '11', '12', '13', '14', '15', '16', '17', '18', '19', '2', '20', '21', '22', '23', '24', '25', '26', '27', '28', '29', '3', '30', '31', '32', '33', '34', '35', '36', '4', '5', '6', '7', '8', '9']; 'go_evaluations' missing canonical factors: ['Absence of Feedback Error', 'Activity Suppression', 'Alpha/Beta Mediated Suppression', 'Ascending Latency Shift', 'Canonical Microcircuit Ubiquity', 'Cross-Modal Ubiquity', 'Cross-Scale Hierarchical Ubiquity', 'Divisive Inhibition (PV)', 'E/I Balance Shift', 'Feedforward AMPA', 'Feedforward Ascending Gamma', 'Feedforward Deviance Detection', 'Feedforward Error Propagation', 'Feedforward NMDA', 'Feedforward Non-local Activation', 'Feedforward Non-local Directed Connectivity', 'Feedforward Non-local Granular Activity (L4)', 'Feedforward Non-local Supragranular Activity (L2/3)', 'Habituation to Sequence', 'Hierarchical Activity Ubiquity', 'Hierarchical CSD Ubiquity', 'Hierarchical Mechanism Invariance', 'Hierarchical Order Stability', 'Hierarchical Presence (V1-PFC)', 'Inhibition (GABA)', 'Interspecies Hierarchical Ubiquity', 'Omission Response', 'Population-Wide Ubiquity', 'Precision Weighting (Gain)', 'Selective Sharpening', 'State-Independent Ubiquity', 'Subcortical Feedforward Relaying', 'Subtractive Inhibition (SST)', 'Synaptic Depression (Adaptation)', 'Temporal Stability of Ubiquity', 'VIP-Mediated Disinhibition']; 'go_evaluations' has unknown factor keys: ['1', '10', '11', '12', '13', '14', '15', '16', '17', '18', '19', '2', '20', '21', '22', '23', '24', '25', '26', '27', '28', '29', '3', '30', '31', '32', '33', '34', '35', '36', '4', '5', '6', '7', '8', '9']",
Spratling2008__gemma-4-31b-it__T035__R01,Spratling2008,gemma-4-31b-it,gemma-4-31b-it,0.35,0.90,0.10,1,RECOVERED,1,content/202608_temp/raw/Spratling2008__gemma-4-31b-it__T035__R01.json,recovered,"'lo_evaluations' missing canonical factors: ['Absence of Feedback Error', 'Activity Suppression', 'Alpha/Beta Mediated Suppression', 'Ascending Latency Shift', 'Canonical Microcircuit Ubiquity', 'Cross-Modal Ubiquity', 'Cross-Scale Hierarchical Ubiquity', 'Divisive Inhibition (PV)', 'E/I Balance Shift', 'Feedforward AMPA', 'Feedforward Ascending Gamma', 'Feedforward Deviance Detection', 'Feedforward Error Propagation', 'Feedforward NMDA', 'Feedforward Non-local Activation', 'Feedforward Non-local Directed Connectivity', 'Feedforward Non-local Granular Activity (L4)', 'Feedforward Non-local Supragranular Activity (L2/3)', 'Habituation to Sequence', 'Hierarchical Activity Ubiquity', 'Hierarchical CSD Ubiquity', 'Hierarchical Mechanism Invariance', 'Hierarchical Order Stability', 'Hierarchical Presence (V1-PFC)', 'Inhibition (GABA)', 'Interspecies Hierarchical Ubiquity', 'Omission Response', 'Population-Wide Ubiquity', 'Precision Weighting (Gain)', 'Selective Sharpening', 'State-Independent Ubiquity', 'Subcortical Feedforward Relaying', 'Subtractive Inhibition (SST)', 'Synaptic Depression (Adaptation)', 'Temporal Stability of Ubiquity', 'VIP-Mediated Disinhibition']; 'lo_evaluations' has unknown factor keys: ['1', '10', '11', '12', '13', '14', '15', '16', '17', '18', '19', '2', '20', '21', '22', '23', '24', '25', '26', '27', '28', '29', '3', '30', '31', '32', '33', '34', '35', '36', '4', '5', '6', '7', '8', '9']; 'go_evaluations' missing canonical factors: ['Absence of Feedback Error', 'Activity Suppression', 'Alpha/Beta Mediated Suppression', 'Ascending Latency Shift', 'Canonical Microcircuit Ubiquity', 'Cross-Modal Ubiquity', 'Cross-Scale Hierarchical Ubiquity', 'Divisive Inhibition (PV)', 'E/I Balance Shift', 'Feedforward AMPA', 'Feedforward Ascending Gamma', 'Feedforward Deviance Detection', 'Feedforward Error Propagation', 'Feedforward NMDA', 'Feedforward Non-local Activation', 'Feedforward Non-local Directed Connectivity', 'Feedforward Non-local Granular Activity (L4)', 'Feedforward Non-local Supragranular Activity (L2/3)', 'Habituation to Sequence', 'Hierarchical Activity Ubiquity', 'Hierarchical CSD Ubiquity', 'Hierarchical Mechanism Invariance', 'Hierarchical Order Stability', 'Hierarchical Presence (V1-PFC)', 'Inhibition (GABA)', 'Interspecies Hierarchical Ubiquity', 'Omission Response', 'Population-Wide Ubiquity', 'Precision Weighting (Gain)', 'Selective Sharpening', 'State-Independent Ubiquity', 'Subcortical Feedforward Relaying', 'Subtractive Inhibition (SST)', 'Synaptic Depression (Adaptation)', 'Temporal Stability of Ubiquity', 'VIP-Mediated Disinhibition']; 'go_evaluations' has unknown factor keys: ['1', '10', '11', '12', '13', '14', '15', '16', '17', '18', '19', '2', '20', '21', '22', '23', '24', '25', '26', '27', '28', '29', '3', '30', '31', '32', '33', '34', '35', '36', '4', '5', '6', '7', '8', '9']",
Spratling2008__gemma-4-31b-it__T035__R02,Spratling2008,gemma-4-31b-it,gemma-4-31b-it,0.35,0.90,0.10,2,RECOVERED,1,content/202608_temp/raw/Spratling2008__gemma-4-31b-it__T035__R02.json,recovered,"'lo_evaluations' missing canonical factors: ['Absence of Feedback Error', 'Activity Suppression', 'Alpha/Beta Mediated Suppression', 'Ascending Latency Shift', 'Canonical Microcircuit Ubiquity', 'Cross-Modal Ubiquity', 'Cross-Scale Hierarchical Ubiquity', 'Divisive Inhibition (PV)', 'E/I Balance Shift', 'Feedforward AMPA', 'Feedforward Ascending Gamma', 'Feedforward Deviance Detection', 'Feedforward Error Propagation', 'Feedforward NMDA', 'Feedforward Non-local Activation', 'Feedforward Non-local Directed Connectivity', 'Feedforward Non-local Granular Activity (L4)', 'Feedforward Non-local Supragranular Activity (L2/3)', 'Habituation to Sequence', 'Hierarchical Activity Ubiquity', 'Hierarchical CSD Ubiquity', 'Hierarchical Mechanism Invariance', 'Hierarchical Order Stability', 'Hierarchical Presence (V1-PFC)', 'Inhibition (GABA)', 'Interspecies Hierarchical Ubiquity', 'Omission Response', 'Population-Wide Ubiquity', 'Precision Weighting (Gain)', 'Selective Sharpening', 'State-Independent Ubiquity', 'Subcortical Feedforward Relaying', 'Subtractive Inhibition (SST)', 'Synaptic Depression (Adaptation)', 'Temporal Stability of Ubiquity', 'VIP-Mediated Disinhibition']; 'lo_evaluations' has unknown factor keys: ['1', '10', '11', '12', '13', '14', '15', '16', '17', '18', '19', '2', '20', '21', '22', '23', '24', '25', '26', '27', '28', '29', '3', '30', '31', '32', '33', '34', '35', '36', '4', '5', '6', '7', '8', '9']; 'go_evaluations' missing canonical factors: ['Absence of Feedback Error', 'Activity Suppression', 'Alpha/Beta Mediated Suppression', 'Ascending Latency Shift', 'Canonical Microcircuit Ubiquity', 'Cross-Modal Ubiquity', 'Cross-Scale Hierarchical Ubiquity', 'Divisive Inhibition (PV)', 'E/I Balance Shift', 'Feedforward AMPA', 'Feedforward Ascending Gamma', 'Feedforward Deviance Detection', 'Feedforward Error Propagation', 'Feedforward NMDA', 'Feedforward Non-local Activation', 'Feedforward Non-local Directed Connectivity', 'Feedforward Non-local Granular Activity (L4)', 'Feedforward Non-local Supragranular Activity (L2/3)', 'Habituation to Sequence', 'Hierarchical Activity Ubiquity', 'Hierarchical CSD Ubiquity', 'Hierarchical Mechanism Invariance', 'Hierarchical Order Stability', 'Hierarchical Presence (V1-PFC)', 'Inhibition (GABA)', 'Interspecies Hierarchical Ubiquity', 'Omission Response', 'Population-Wide Ubiquity', 'Precision Weighting (Gain)', 'Selective Sharpening', 'State-Independent Ubiquity', 'Subcortical Feedforward Relaying', 'Subtractive Inhibition (SST)', 'Synaptic Depression (Adaptation)', 'Temporal Stability of Ubiquity', 'VIP-Mediated Disinhibition']; 'go_evaluations' has unknown factor keys: ['1', '10', '11', '12', '13', '14', '15', '16', '17', '18', '19', '2', '20', '21', '22', '23', '24', '25', '26', '27', '28', '29', '3', '30', '31', '32', '33', '34', '35', '36', '4', '5', '6', '7', '8', '9']",
Spratling2008__gemma-4-31b-it__T035__R03,Spratling2008,gemma-4-31b-it,gemma-4-31b-it,0.35,0.90,0.10,3,RECOVERED,1,content/202608_temp/raw/Spratling2008__gemma-4-31b-it__T035__R03.json,recovered,"'lo_evaluations' missing canonical factors: ['Absence of Feedback Error', 'Activity Suppression', 'Alpha/Beta Mediated Suppression', 'Ascending Latency Shift', 'Canonical Microcircuit Ubiquity', 'Cross-Modal Ubiquity', 'Cross-Scale Hierarchical Ubiquity', 'Divisive Inhibition (PV)', 'E/I Balance Shift', 'Feedforward AMPA', 'Feedforward Ascending Gamma', 'Feedforward Deviance Detection', 'Feedforward Error Propagation', 'Feedforward NMDA', 'Feedforward Non-local Activation', 'Feedforward Non-local Directed Connectivity', 'Feedforward Non-local Granular Activity (L4)', 'Feedforward Non-local Supragranular Activity (L2/3)', 'Habituation to Sequence', 'Hierarchical Activity Ubiquity', 'Hierarchical CSD Ubiquity', 'Hierarchical Mechanism Invariance', 'Hierarchical Order Stability', 'Hierarchical Presence (V1-PFC)', 'Inhibition (GABA)', 'Interspecies Hierarchical Ubiquity', 'Omission Response', 'Population-Wide Ubiquity', 'Precision Weighting (Gain)', 'Selective Sharpening', 'State-Independent Ubiquity', 'Subcortical Feedforward Relaying', 'Subtractive Inhibition (SST)', 'Synaptic Depression (Adaptation)', 'Temporal Stability of Ubiquity', 'VIP-Mediated Disinhibition']; 'lo_evaluations' has unknown factor keys: ['1', '10', '11', '12', '13', '14', '15', '16', '17', '18', '19', '2', '20', '21', '22', '23', '24', '25', '26', '27', '28', '29', '3', '30', '31', '32', '33', '34', '35', '36', '4', '5', '6', '7', '8', '9']; 'go_evaluations' missing canonical factors: ['Absence of Feedback Error', 'Activity Suppression', 'Alpha/Beta Mediated Suppression', 'Ascending Latency Shift', 'Canonical Microcircuit Ubiquity', 'Cross-Modal Ubiquity', 'Cross-Scale Hierarchical Ubiquity', 'Divisive Inhibition (PV)', 'E/I Balance Shift', 'Feedforward AMPA', 'Feedforward Ascending Gamma', 'Feedforward Deviance Detection', 'Feedforward Error Propagation', 'Feedforward NMDA', 'Feedforward Non-local Activation', 'Feedforward Non-local Directed Connectivity', 'Feedforward Non-local Granular Activity (L4)', 'Feedforward Non-local Supragranular Activity (L2/3)', 'Habituation to Sequence', 'Hierarchical Activity Ubiquity', 'Hierarchical CSD Ubiquity', 'Hierarchical Mechanism Invariance', 'Hierarchical Order Stability', 'Hierarchical Presence (V1-PFC)', 'Inhibition (GABA)', 'Interspecies Hierarchical Ubiquity', 'Omission Response', 'Population-Wide Ubiquity', 'Precision Weighting (Gain)', 'Selective Sharpening', 'State-Independent Ubiquity', 'Subcortical Feedforward Relaying', 'Subtractive Inhibition (SST)', 'Synaptic Depression (Adaptation)', 'Temporal Stability of Ubiquity', 'VIP-Mediated Disinhibition']; 'go_evaluations' has unknown factor keys: ['1', '10', '11', '12', '13', '14', '15', '16', '17', '18', '19', '2', '20', '21', '22', '23', '24', '25', '26', '27', '28', '29', '3', '30', '31', '32', '33', '34', '35', '36', '4', '5', '6', '7', '8', '9']",
Spratling2008__gemma-4-31b-it__T070__R01,Spratling2008,gemma-4-31b-it,gemma-4-31b-it,0.70,0.90,0.10,1,RECOVERED,1,content/202608_temp/raw/Spratling2008__gemma-4-31b-it__T070__R01.json,recovered,"'lo_evaluations' missing canonical factors: ['Absence of Feedback Error', 'Activity Suppression', 'Alpha/Beta Mediated Suppression', 'Ascending Latency Shift', 'Canonical Microcircuit Ubiquity', 'Cross-Modal Ubiquity', 'Cross-Scale Hierarchical Ubiquity', 'Divisive Inhibition (PV)', 'E/I Balance Shift', 'Feedforward AMPA', 'Feedforward Ascending Gamma', 'Feedforward Deviance Detection', 'Feedforward Error Propagation', 'Feedforward NMDA', 'Feedforward Non-local Activation', 'Feedforward Non-local Directed Connectivity', 'Feedforward Non-local Granular Activity (L4)', 'Feedforward Non-local Supragranular Activity (L2/3)', 'Habituation to Sequence', 'Hierarchical Activity Ubiquity', 'Hierarchical CSD Ubiquity', 'Hierarchical Mechanism Invariance', 'Hierarchical Order Stability', 'Hierarchical Presence (V1-PFC)', 'Inhibition (GABA)', 'Interspecies Hierarchical Ubiquity', 'Omission Response', 'Population-Wide Ubiquity', 'Precision Weighting (Gain)', 'Selective Sharpening', 'State-Independent Ubiquity', 'Subcortical Feedforward Relaying', 'Subtractive Inhibition (SST)', 'Synaptic Depression (Adaptation)', 'Temporal Stability of Ubiquity', 'VIP-Mediated Disinhibition']; 'lo_evaluations' has unknown factor keys: ['1', '10', '11', '12', '13', '14', '15', '16', '17', '18', '19', '2', '20', '21', '22', '23', '24', '25', '26', '27', '28', '29', '3', '30', '31', '32', '33', '34', '35', '36', '4', '5', '6', '7', '8', '9']; 'go_evaluations' missing canonical factors: ['Absence of Feedback Error', 'Activity Suppression', 'Alpha/Beta Mediated Suppression', 'Ascending Latency Shift', 'Canonical Microcircuit Ubiquity', 'Cross-Modal Ubiquity', 'Cross-Scale Hierarchical Ubiquity', 'Divisive Inhibition (PV)', 'E/I Balance Shift', 'Feedforward AMPA', 'Feedforward Ascending Gamma', 'Feedforward Deviance Detection', 'Feedforward Error Propagation', 'Feedforward NMDA', 'Feedforward Non-local Activation', 'Feedforward Non-local Directed Connectivity', 'Feedforward Non-local Granular Activity (L4)', 'Feedforward Non-local Supragranular Activity (L2/3)', 'Habituation to Sequence', 'Hierarchical Activity Ubiquity', 'Hierarchical CSD Ubiquity', 'Hierarchical Mechanism Invariance', 'Hierarchical Order Stability', 'Hierarchical Presence (V1-PFC)', 'Inhibition (GABA)', 'Interspecies Hierarchical Ubiquity', 'Omission Response', 'Population-Wide Ubiquity', 'Precision Weighting (Gain)', 'Selective Sharpening', 'State-Independent Ubiquity', 'Subcortical Feedforward Relaying', 'Subtractive Inhibition (SST)', 'Synaptic Depression (Adaptation)', 'Temporal Stability of Ubiquity', 'VIP-Mediated Disinhibition']; 'go_evaluations' has unknown factor keys: ['1', '10', '11', '12', '13', '14', '15', '16', '17', '18', '19', '2', '20', '21', '22', '23', '24', '25', '26', '27', '28', '29', '3', '30', '31', '32', '33', '34', '35', '36', '4', '5', '6', '7', '8', '9']",
Spratling2008__gemma-4-31b-it__T070__R02,Spratling2008,gemma-4-31b-it,gemma-4-31b-it,0.70,0.90,0.10,2,RECOVERED,1,content/202608_temp/raw/Spratling2008__gemma-4-31b-it__T070__R02.json,recovered,"'lo_evaluations' missing canonical factors: ['Divisive Inhibition (PV)', 'Inhibition (GABA)', 'Subtractive Inhibition (SST)']; 'lo_evaluations' has unknown factor keys: ['GABA', 'PV', 'SST']; 'go_evaluations' missing canonical factors: ['Divisive Inhibition (PV)', 'Inhibition (GABA)', 'Subtractive Inhibition (SST)']; 'go_evaluations' has unknown factor keys: ['GABA', 'PV', 'SST']",
Spratling2008__gemma-4-31b-it__T070__R03,Spratling2008,gemma-4-31b-it,gemma-4-31b-it,0.70,0.90,0.10,3,RECOVERED,1,content/202608_temp/raw/Spratling2008__gemma-4-31b-it__T070__R03.json,recovered,"'lo_evaluations' missing canonical factors: ['Absence of Feedback Error', 'Activity Suppression', 'Alpha/Beta Mediated Suppression', 'Ascending Latency Shift', 'Canonical Microcircuit Ubiquity', 'Cross-Modal Ubiquity', 'Cross-Scale Hierarchical Ubiquity', 'Divisive Inhibition (PV)', 'E/I Balance Shift', 'Feedforward AMPA', 'Feedforward Ascending Gamma', 'Feedforward Deviance Detection', 'Feedforward Error Propagation', 'Feedforward NMDA', 'Feedforward Non-local Activation', 'Feedforward Non-local Directed Connectivity', 'Feedforward Non-local Granular Activity (L4)', 'Feedforward Non-local Supragranular Activity (L2/3)', 'Habituation to Sequence', 'Hierarchical Activity Ubiquity', 'Hierarchical CSD Ubiquity', 'Hierarchical Mechanism Invariance', 'Hierarchical Order Stability', 'Hierarchical Presence (V1-PFC)', 'Inhibition (GABA)', 'Interspecies Hierarchical Ubiquity', 'Omission Response', 'Population-Wide Ubiquity', 'Precision Weighting (Gain)', 'Selective Sharpening', 'State-Independent Ubiquity', 'Subcortical Feedforward Relaying', 'Subtractive Inhibition (SST)', 'Synaptic Depression (Adaptation)', 'Temporal Stability of Ubiquity', 'VIP-Mediated Disinhibition']; 'lo_evaluations' has unknown factor keys: ['1', '10', '11', '12', '13', '14', '15', '16', '17', '18', '19', '2', '20', '21', '22', '23', '24', '25', '26', '27', '28', '29', '3', '30', '31', '32', '33', '34', '35', '36', '4', '5', '6', '7', '8', '9']; 'go_evaluations' missing canonical factors: ['Absence of Feedback Error', 'Activity Suppression', 'Alpha/Beta Mediated Suppression', 'Ascending Latency Shift', 'Canonical Microcircuit Ubiquity', 'Cross-Modal Ubiquity', 'Cross-Scale Hierarchical Ubiquity', 'Divisive Inhibition (PV)', 'E/I Balance Shift', 'Feedforward AMPA', 'Feedforward Ascending Gamma', 'Feedforward Deviance Detection', 'Feedforward Error Propagation', 'Feedforward NMDA', 'Feedforward Non-local Activation', 'Feedforward Non-local Directed Connectivity', 'Feedforward Non-local Granular Activity (L4)', 'Feedforward Non-local Supragranular Activity (L2/3)', 'Habituation to Sequence', 'Hierarchical Activity Ubiquity', 'Hierarchical CSD Ubiquity', 'Hierarchical Mechanism Invariance', 'Hierarchical Order Stability', 'Hierarchical Presence (V1-PFC)', 'Inhibition (GABA)', 'Interspecies Hierarchical Ubiquity', 'Omission Response', 'Population-Wide Ubiquity', 'Precision Weighting (Gain)', 'Selective Sharpening', 'State-Independent Ubiquity', 'Subcortical Feedforward Relaying', 'Subtractive Inhibition (SST)', 'Synaptic Depression (Adaptation)', 'Temporal Stability of Ubiquity', 'VIP-Mediated Disinhibition']; 'go_evaluations' has unknown factor keys: ['1', '10', '11', '12', '13', '14', '15', '16', '17', '18', '19', '2', '20', '21', '22', '23', '24', '25', '26', '27', '28', '29', '3', '30', '31', '32', '33', '34', '35', '36', '4', '5', '6', '7', '8', '9']",
Spratling2008__phi-4-reasoning-plus__T000__R01,Spratling2008,phi-4-reasoning-plus,phi-4-reasoning-plus,0.00,0.90,0.10,1,RECOVERED,1,content/202608_temp/raw/Spratling2008__phi-4-reasoning-plus__T000__R01.json,recovered,,
Spratling2008__phi-4-reasoning-plus__T000__R02,Spratling2008,phi-4-reasoning-plus,phi-4-reasoning-plus,0.00,0.90,0.10,2,RECOVERED,1,content/202608_temp/raw/Spratling2008__phi-4-reasoning-plus__T000__R02.json,recovered,,
Spratling2008__phi-4-reasoning-plus__T000__R03,Spratling2008,phi-4-reasoning-plus,phi-4-reasoning-plus,0.00,0.90,0.10,3,RECOVERED,1,content/202608_temp/raw/Spratling2008__phi-4-reasoning-plus__T000__R03.json,recovered,,
Spratling2008__phi-4-reasoning-plus__T035__R01,Spratling2008,phi-4-reasoning-plus,phi-4-reasoning-plus,0.35,0.90,0.10,1,UNRECOVERABLE,1,content/202608_temp/raw/Spratling2008__phi-4-reasoning-plus__T035__R01.json,unrecoverable,Failed all rescue parser stages,
Spratling2008__phi-4-reasoning-plus__T035__R02,Spratling2008,phi-4-reasoning-plus,phi-4-reasoning-plus,0.35,0.90,0.10,2,RECOVERED,1,content/202608_temp/raw/Spratling2008__phi-4-reasoning-plus__T035__R02.json,recovered,,
Spratling2008__phi-4-reasoning-plus__T035__R03,Spratling2008,phi-4-reasoning-plus,phi-4-reasoning-plus,0.35,0.90,0.10,3,UNRECOVERABLE,1,content/202608_temp/raw/Spratling2008__phi-4-reasoning-plus__T035__R03.json,unrecoverable,Failed all rescue parser stages,
Spratling2008__phi-4-reasoning-plus__T070__R01,Spratling2008,phi-4-reasoning-plus,phi-4-reasoning-plus,0.70,0.90,0.10,1,UNRECOVERABLE,1,content/202608_temp/raw/Spratling2008__phi-4-reasoning-plus__T070__R01.json,unrecoverable,Failed all rescue parser stages,
Spratling2008__phi-4-reasoning-plus__T070__R02,Spratling2008,phi-4-reasoning-plus,phi-4-reasoning-plus,0.70,0.90,0.10,2,RECOVERED,1,content/202608_temp/raw/Spratling2008__phi-4-reasoning-plus__T070__R02.json,recovered,,
Spratling2008__phi-4-reasoning-plus__T070__R03,Spratling2008,phi-4-reasoning-plus,phi-4-reasoning-plus,0.70,0.90,0.10,3,UNRECOVERABLE,1,content/202608_temp/raw/Spratling2008__phi-4-reasoning-plus__T070__R03.json,unrecoverable,Failed all rescue parser stages,
Spratling2010__olmo-3-32b-think__T000__R01,Spratling2010,olmo-3-32b-think,olmo-3-32b-think,0.00,0.90,0.10,1,RECOVERED,1,content/202608_temp/raw/Spratling2010__olmo-3-32b-think__T000__R01.json,recovered,"'lo_evaluations' has 12 keys, expected 36; 'lo_evaluations' missing canonical factors: ['Absence of Feedback Error', 'Activity Suppression', 'Alpha/Beta Mediated Suppression', 'Ascending Latency Shift', 'Canonical Microcircuit Ubiquity', 'Cross-Modal Ubiquity', 'Cross-Scale Hierarchical Ubiquity', 'Divisive Inhibition (PV)', 'E/I Balance Shift', 'Feedforward AMPA', 'Feedforward Ascending Gamma', 'Feedforward Deviance Detection', 'Feedforward Error Propagation', 'Feedforward NMDA', 'Feedforward Non-local Activation', 'Feedforward Non-local Directed Connectivity', 'Feedforward Non-local Granular Activity (L4)', 'Feedforward Non-local Supragranular Activity (L2/3)', 'Habituation to Sequence', 'Hierarchical Activity Ubiquity', 'Hierarchical CSD Ubiquity', 'Hierarchical Mechanism Invariance', 'Hierarchical Order Stability', 'Hierarchical Presence (V1-PFC)', 'Inhibition (GABA)', 'Interspecies Hierarchical Ubiquity', 'Omission Response', 'Population-Wide Ubiquity', 'Precision Weighting (Gain)', 'Selective Sharpening', 'State-Independent Ubiquity', 'Subcortical Feedforward Relaying', 'Subtractive Inhibition (SST)', 'Synaptic Depression (Adaptation)', 'Temporal Stability of Ubiquity', 'VIP-Mediated Disinhibition']; 'lo_evaluations' has unknown factor keys: ['1', '10', '11', '12', '2', '3', '4', '5', '6', '7', '8', '9']; 'go_evaluations' has 12 keys, expected 36; 'go_evaluations' missing canonical factors: ['Absence of Feedback Error', 'Activity Suppression', 'Alpha/Beta Mediated Suppression', 'Ascending Latency Shift', 'Canonical Microcircuit Ubiquity', 'Cross-Modal Ubiquity', 'Cross-Scale Hierarchical Ubiquity', 'Divisive Inhibition (PV)', 'E/I Balance Shift', 'Feedforward AMPA', 'Feedforward Ascending Gamma', 'Feedforward Deviance Detection', 'Feedforward Error Propagation', 'Feedforward NMDA', 'Feedforward Non-local Activation', 'Feedforward Non-local Directed Connectivity', 'Feedforward Non-local Granular Activity (L4)', 'Feedforward Non-local Supragranular Activity (L2/3)', 'Habituation to Sequence', 'Hierarchical Activity Ubiquity', 'Hierarchical CSD Ubiquity', 'Hierarchical Mechanism Invariance', 'Hierarchical Order Stability', 'Hierarchical Presence (V1-PFC)', 'Inhibition (GABA)', 'Interspecies Hierarchical Ubiquity', 'Omission Response', 'Population-Wide Ubiquity', 'Precision Weighting (Gain)', 'Selective Sharpening', 'State-Independent Ubiquity', 'Subcortical Feedforward Relaying', 'Subtractive Inhibition (SST)', 'Synaptic Depression (Adaptation)', 'Temporal Stability of Ubiquity', 'VIP-Mediated Disinhibition']; 'go_evaluations' has unknown factor keys: ['13', '14', '15', '16', '17', '18', '19', '20', '21', '22', '23', '24']",
Spratling2010__olmo-3-32b-think__T000__R02,Spratling2010,olmo-3-32b-think,olmo-3-32b-think,0.00,0.90,0.10,2,UNRECOVERABLE,1,content/202608_temp/raw/Spratling2010__olmo-3-32b-think__T000__R02.json,unrecoverable,Failed all rescue parser stages,
Spratling2010__olmo-3-32b-think__T000__R03,Spratling2010,olmo-3-32b-think,olmo-3-32b-think,0.00,0.90,0.10,3,UNRECOVERABLE,1,content/202608_temp/raw/Spratling2010__olmo-3-32b-think__T000__R03.json,unrecoverable,Failed all rescue parser stages,
Spratling2010__olmo-3-32b-think__T035__R01,Spratling2010,olmo-3-32b-think,olmo-3-32b-think,0.35,0.90,0.10,1,UNRECOVERABLE,1,content/202608_temp/raw/Spratling2010__olmo-3-32b-think__T035__R01.json,unrecoverable,Failed all rescue parser stages,
Spratling2010__olmo-3-32b-think__T035__R02,Spratling2010,olmo-3-32b-think,olmo-3-32b-think,0.35,0.90,0.10,2,UNRECOVERABLE,1,content/202608_temp/raw/Spratling2010__olmo-3-32b-think__T035__R02.json,unrecoverable,Failed all rescue parser stages,
Spratling2010__olmo-3-32b-think__T035__R03,Spratling2010,olmo-3-32b-think,olmo-3-32b-think,0.35,0.90,0.10,3,UNRECOVERABLE,1,content/202608_temp/raw/Spratling2010__olmo-3-32b-think__T035__R03.json,unrecoverable,Failed all rescue parser stages,
Spratling2010__olmo-3-32b-think__T070__R01,Spratling2010,olmo-3-32b-think,olmo-3-32b-think,0.70,0.90,0.10,1,UNRECOVERABLE,1,content/202608_temp/raw/Spratling2010__olmo-3-32b-think__T070__R01.json,unrecoverable,Failed all rescue parser stages,
Spratling2010__olmo-3-32b-think__T070__R02,Spratling2010,olmo-3-32b-think,olmo-3-32b-think,0.70,0.90,0.10,2,RECOVERED,1,content/202608_temp/raw/Spratling2010__olmo-3-32b-think__T070__R02.json,recovered,"'lo_evaluations' missing canonical factors: ['Absence of Feedback Error', 'Activity Suppression', 'Alpha/Beta Mediated Suppression', 'Ascending Latency Shift', 'Canonical Microcircuit Ubiquity', 'Cross-Modal Ubiquity', 'Cross-Scale Hierarchical Ubiquity', 'Divisive Inhibition (PV)', 'E/I Balance Shift', 'Feedforward AMPA', 'Feedforward Ascending Gamma', 'Feedforward Deviance Detection', 'Feedforward Error Propagation', 'Feedforward NMDA', 'Feedforward Non-local Activation', 'Feedforward Non-local Directed Connectivity', 'Feedforward Non-local Granular Activity (L4)', 'Feedforward Non-local Supragranular Activity (L2/3)', 'Habituation to Sequence', 'Hierarchical Activity Ubiquity', 'Hierarchical CSD Ubiquity', 'Hierarchical Mechanism Invariance', 'Hierarchical Order Stability', 'Hierarchical Presence (V1-PFC)', 'Inhibition (GABA)', 'Interspecies Hierarchical Ubiquity', 'Omission Response', 'Population-Wide Ubiquity', 'Precision Weighting (Gain)', 'Selective Sharpening', 'State-Independent Ubiquity', 'Subcortical Feedforward Relaying', 'Subtractive Inhibition (SST)', 'Synaptic Depression (Adaptation)', 'Temporal Stability of Ubiquity', 'VIP-Mediated Disinhibition']; 'lo_evaluations' has unknown factor keys: ['1', '10', '11', '12', '13', '14', '15', '16', '17', '18', '19', '2', '20', '21', '22', '23', '24', '25', '26', '27', '28', '29', '3', '30', '31', '32', '33', '34', '35', '36', '4', '5', '6', '7', '8', '9']; 'go_evaluations' missing canonical factors: ['Absence of Feedback Error', 'Activity Suppression', 'Alpha/Beta Mediated Suppression', 'Ascending Latency Shift', 'Canonical Microcircuit Ubiquity', 'Cross-Modal Ubiquity', 'Cross-Scale Hierarchical Ubiquity', 'Divisive Inhibition (PV)', 'E/I Balance Shift', 'Feedforward AMPA', 'Feedforward Ascending Gamma', 'Feedforward Deviance Detection', 'Feedforward Error Propagation', 'Feedforward NMDA', 'Feedforward Non-local Activation', 'Feedforward Non-local Directed Connectivity', 'Feedforward Non-local Granular Activity (L4)', 'Feedforward Non-local Supragranular Activity (L2/3)', 'Habituation to Sequence', 'Hierarchical Activity Ubiquity', 'Hierarchical CSD Ubiquity', 'Hierarchical Mechanism Invariance', 'Hierarchical Order Stability', 'Hierarchical Presence (V1-PFC)', 'Inhibition (GABA)', 'Interspecies Hierarchical Ubiquity', 'Omission Response', 'Population-Wide Ubiquity', 'Precision Weighting (Gain)', 'Selective Sharpening', 'State-Independent Ubiquity', 'Subcortical Feedforward Relaying', 'Subtractive Inhibition (SST)', 'Synaptic Depression (Adaptation)', 'Temporal Stability of Ubiquity', 'VIP-Mediated Disinhibition']; 'go_evaluations' has unknown factor keys: ['1', '10', '11', '12', '13', '14', '15', '16', '17', '18', '19', '2', '20', '21', '22', '23', '24', '25', '26', '27', '28', '29', '3', '30', '31', '32', '33', '34', '35', '36', '4', '5', '6', '7', '8', '9']",
Spratling2010__olmo-3-32b-think__T070__R03,Spratling2010,olmo-3-32b-think,olmo-3-32b-think,0.70,0.90,0.10,3,UNRECOVERABLE,1,content/202608_temp/raw/Spratling2010__olmo-3-32b-think__T070__R03.json,unrecoverable,Failed all rescue parser stages,
Spratling2010__gemma-4-31b-it__T000__R01,Spratling2010,gemma-4-31b-it,gemma-4-31b-it,0.00,0.90,0.10,1,RECOVERED,1,content/202608_temp/raw/Spratling2010__gemma-4-31b-it__T000__R01.json,recovered,"'lo_evaluations' missing canonical factors: ['Divisive Inhibition (PV)', 'Inhibition (GABA)', 'Subtractive Inhibition (SST)']; 'lo_evaluations' has unknown factor keys: ['GABA', 'PV', 'SST']; 'go_evaluations' missing canonical factors: ['Divisive Inhibition (PV)', 'Inhibition (GABA)', 'Subtractive Inhibition (SST)']; 'go_evaluations' has unknown factor keys: ['GABA', 'PV', 'SST']",
Spratling2010__gemma-4-31b-it__T000__R02,Spratling2010,gemma-4-31b-it,gemma-4-31b-it,0.00,0.90,0.10,2,RECOVERED,1,content/202608_temp/raw/Spratling2010__gemma-4-31b-it__T000__R02.json,recovered,"'lo_evaluations' missing canonical factors: ['Divisive Inhibition (PV)', 'Inhibition (GABA)', 'Subtractive Inhibition (SST)']; 'lo_evaluations' has unknown factor keys: ['GABA', 'PV', 'SST']; 'go_evaluations' missing canonical factors: ['Divisive Inhibition (PV)', 'Inhibition (GABA)', 'Subtractive Inhibition (SST)']; 'go_evaluations' has unknown factor keys: ['GABA', 'PV', 'SST']",
Spratling2010__gemma-4-31b-it__T000__R03,Spratling2010,gemma-4-31b-it,gemma-4-31b-it,0.00,0.90,0.10,3,RECOVERED,1,content/202608_temp/raw/Spratling2010__gemma-4-31b-it__T000__R03.json,recovered,"'lo_evaluations' missing canonical factors: ['Divisive Inhibition (PV)', 'Inhibition (GABA)', 'Subtractive Inhibition (SST)']; 'lo_evaluations' has unknown factor keys: ['GABA', 'PV', 'SST']; 'go_evaluations' missing canonical factors: ['Divisive Inhibition (PV)', 'Inhibition (GABA)', 'Subtractive Inhibition (SST)']; 'go_evaluations' has unknown factor keys: ['GABA', 'PV', 'SST']",
Spratling2010__gemma-4-31b-it__T035__R01,Spratling2010,gemma-4-31b-it,gemma-4-31b-it,0.35,0.90,0.10,1,RECOVERED,1,content/202608_temp/raw/Spratling2010__gemma-4-31b-it__T035__R01.json,recovered,"'lo_evaluations' missing canonical factors: ['Absence of Feedback Error', 'Activity Suppression', 'Alpha/Beta Mediated Suppression', 'Ascending Latency Shift', 'Canonical Microcircuit Ubiquity', 'Cross-Modal Ubiquity', 'Cross-Scale Hierarchical Ubiquity', 'Divisive Inhibition (PV)', 'E/I Balance Shift', 'Feedforward AMPA', 'Feedforward Ascending Gamma', 'Feedforward Deviance Detection', 'Feedforward Error Propagation', 'Feedforward NMDA', 'Feedforward Non-local Activation', 'Feedforward Non-local Directed Connectivity', 'Feedforward Non-local Granular Activity (L4)', 'Feedforward Non-local Supragranular Activity (L2/3)', 'Habituation to Sequence', 'Hierarchical Activity Ubiquity', 'Hierarchical CSD Ubiquity', 'Hierarchical Mechanism Invariance', 'Hierarchical Order Stability', 'Hierarchical Presence (V1-PFC)', 'Inhibition (GABA)', 'Interspecies Hierarchical Ubiquity', 'Omission Response', 'Population-Wide Ubiquity', 'Precision Weighting (Gain)', 'Selective Sharpening', 'State-Independent Ubiquity', 'Subcortical Feedforward Relaying', 'Subtractive Inhibition (SST)', 'Synaptic Depression (Adaptation)', 'Temporal Stability of Ubiquity', 'VIP-Mediated Disinhibition']; 'lo_evaluations' has unknown factor keys: ['1', '10', '11', '12', '13', '14', '15', '16', '17', '18', '19', '2', '20', '21', '22', '23', '24', '25', '26', '27', '28', '29', '3', '30', '31', '32', '33', '34', '35', '36', '4', '5', '6', '7', '8', '9']; 'go_evaluations' missing canonical factors: ['Absence of Feedback Error', 'Activity Suppression', 'Alpha/Beta Mediated Suppression', 'Ascending Latency Shift', 'Canonical Microcircuit Ubiquity', 'Cross-Modal Ubiquity', 'Cross-Scale Hierarchical Ubiquity', 'Divisive Inhibition (PV)', 'E/I Balance Shift', 'Feedforward AMPA', 'Feedforward Ascending Gamma', 'Feedforward Deviance Detection', 'Feedforward Error Propagation', 'Feedforward NMDA', 'Feedforward Non-local Activation', 'Feedforward Non-local Directed Connectivity', 'Feedforward Non-local Granular Activity (L4)', 'Feedforward Non-local Supragranular Activity (L2/3)', 'Habituation to Sequence', 'Hierarchical Activity Ubiquity', 'Hierarchical CSD Ubiquity', 'Hierarchical Mechanism Invariance', 'Hierarchical Order Stability', 'Hierarchical Presence (V1-PFC)', 'Inhibition (GABA)', 'Interspecies Hierarchical Ubiquity', 'Omission Response', 'Population-Wide Ubiquity', 'Precision Weighting (Gain)', 'Selective Sharpening', 'State-Independent Ubiquity', 'Subcortical Feedforward Relaying', 'Subtractive Inhibition (SST)', 'Synaptic Depression (Adaptation)', 'Temporal Stability of Ubiquity', 'VIP-Mediated Disinhibition']; 'go_evaluations' has unknown factor keys: ['1', '10', '11', '12', '13', '14', '15', '16', '17', '18', '19', '2', '20', '21', '22', '23', '24', '25', '26', '27', '28', '29', '3', '30', '31', '32', '33', '34', '35', '36', '4', '5', '6', '7', '8', '9']",
Spratling2010__gemma-4-31b-it__T035__R02,Spratling2010,gemma-4-31b-it,gemma-4-31b-it,0.35,0.90,0.10,2,RECOVERED,1,content/202608_temp/raw/Spratling2010__gemma-4-31b-it__T035__R02.json,recovered,"'lo_evaluations' missing canonical factors: ['Divisive Inhibition (PV)', 'Inhibition (GABA)', 'Subtractive Inhibition (SST)']; 'lo_evaluations' has unknown factor keys: ['GABA', 'PV', 'SST']; 'go_evaluations' missing canonical factors: ['Divisive Inhibition (PV)', 'Inhibition (GABA)', 'Subtractive Inhibition (SST)']; 'go_evaluations' has unknown factor keys: ['GABA', 'PV', 'SST']",
Spratling2010__gemma-4-31b-it__T035__R03,Spratling2010,gemma-4-31b-it,gemma-4-31b-it,0.35,0.90,0.10,3,RECOVERED,1,content/202608_temp/raw/Spratling2010__gemma-4-31b-it__T035__R03.json,recovered,"'lo_evaluations' missing canonical factors: ['Divisive Inhibition (PV)', 'Inhibition (GABA)', 'Subtractive Inhibition (SST)']; 'lo_evaluations' has unknown factor keys: ['GABA', 'PV', 'SST']; 'go_evaluations' missing canonical factors: ['Divisive Inhibition (PV)', 'Inhibition (GABA)', 'Subtractive Inhibition (SST)']; 'go_evaluations' has unknown factor keys: ['GABA', 'PV', 'SST']",
Spratling2010__gemma-4-31b-it__T070__R01,Spratling2010,gemma-4-31b-it,gemma-4-31b-it,0.70,0.90,0.10,1,RECOVERED,1,content/202608_temp/raw/Spratling2010__gemma-4-31b-it__T070__R01.json,recovered,"'lo_evaluations' missing canonical factors: ['Divisive Inhibition (PV)', 'Inhibition (GABA)', 'Subtractive Inhibition (SST)']; 'lo_evaluations' has unknown factor keys: ['GABA', 'PV', 'SST']; 'go_evaluations' missing canonical factors: ['Divisive Inhibition (PV)', 'Inhibition (GABA)', 'Subtractive Inhibition (SST)']; 'go_evaluations' has unknown factor keys: ['GABA', 'PV', 'SST']",
Spratling2010__gemma-4-31b-it__T070__R02,Spratling2010,gemma-4-31b-it,gemma-4-31b-it,0.70,0.90,0.10,2,RECOVERED,1,content/202608_temp/raw/Spratling2010__gemma-4-31b-it__T070__R02.json,recovered,"'lo_evaluations' missing canonical factors: ['Divisive Inhibition (PV)', 'Inhibition (GABA)', 'Subtractive Inhibition (SST)']; 'lo_evaluations' has unknown factor keys: ['GABA', 'PV', 'SST']; 'go_evaluations' missing canonical factors: ['Divisive Inhibition (PV)', 'Inhibition (GABA)', 'Subtractive Inhibition (SST)']; 'go_evaluations' has unknown factor keys: ['GABA', 'PV', 'SST']",
Spratling2010__gemma-4-31b-it__T070__R03,Spratling2010,gemma-4-31b-it,gemma-4-31b-it,0.70,0.90,0.10,3,RECOVERED,1,content/202608_temp/raw/Spratling2010__gemma-4-31b-it__T070__R03.json,recovered,"'lo_evaluations' missing canonical factors: ['Divisive Inhibition (PV)', 'Inhibition (GABA)', 'Subtractive Inhibition (SST)']; 'lo_evaluations' has unknown factor keys: ['GABA', 'PV', 'SST']; 'go_evaluations' missing canonical factors: ['Divisive Inhibition (PV)', 'Inhibition (GABA)', 'Subtractive Inhibition (SST)']; 'go_evaluations' has unknown factor keys: ['GABA', 'PV', 'SST']",
Spratling2010__phi-4-reasoning-plus__T000__R01,Spratling2010,phi-4-reasoning-plus,phi-4-reasoning-plus,0.00,0.90,0.10,1,UNRECOVERABLE,1,content/202608_temp/raw/Spratling2010__phi-4-reasoning-plus__T000__R01.json,unrecoverable,Failed all rescue parser stages,
Spratling2010__phi-4-reasoning-plus__T000__R02,Spratling2010,phi-4-reasoning-plus,phi-4-reasoning-plus,0.00,0.90,0.10,2,UNRECOVERABLE,1,content/202608_temp/raw/Spratling2010__phi-4-reasoning-plus__T000__R02.json,unrecoverable,Failed all rescue parser stages,
Spratling2010__phi-4-reasoning-plus__T000__R03,Spratling2010,phi-4-reasoning-plus,phi-4-reasoning-plus,0.00,0.90,0.10,3,UNRECOVERABLE,1,content/202608_temp/raw/Spratling2010__phi-4-reasoning-plus__T000__R03.json,unrecoverable,Failed all rescue parser stages,
Spratling2010__phi-4-reasoning-plus__T035__R01,Spratling2010,phi-4-reasoning-plus,phi-4-reasoning-plus,0.35,0.90,0.10,1,RECOVERED,1,content/202608_temp/raw/Spratling2010__phi-4-reasoning-plus__T035__R01.json,recovered,,
Spratling2010__phi-4-reasoning-plus__T035__R02,Spratling2010,phi-4-reasoning-plus,phi-4-reasoning-plus,0.35,0.90,0.10,2,RECOVERED,1,content/202608_temp/raw/Spratling2010__phi-4-reasoning-plus__T035__R02.json,recovered,,
Spratling2010__phi-4-reasoning-plus__T035__R03,Spratling2010,phi-4-reasoning-plus,phi-4-reasoning-plus,0.35,0.90,0.10,3,COMPLETE,1,content/202608_temp/raw/Spratling2010__phi-4-reasoning-plus__T035__R03.json,valid,,
Spratling2010__phi-4-reasoning-plus__T070__R01,Spratling2010,phi-4-reasoning-plus,phi-4-reasoning-plus,0.70,0.90,0.10,1,UNRECOVERABLE,1,content/202608_temp/raw/Spratling2010__phi-4-reasoning-plus__T070__R01.json,unrecoverable,Failed all rescue parser stages,
Spratling2010__phi-4-reasoning-plus__T070__R02,Spratling2010,phi-4-reasoning-plus,phi-4-reasoning-plus,0.70,0.90,0.10,2,RECOVERED,1,content/202608_temp/raw/Spratling2010__phi-4-reasoning-plus__T070__R02.json,recovered,,
Spratling2010__phi-4-reasoning-plus__T070__R03,Spratling2010,phi-4-reasoning-plus,phi-4-reasoning-plus,0.70,0.90,0.10,3,UNRECOVERABLE,1,content/202608_temp/raw/Spratling2010__phi-4-reasoning-plus__T070__R03.json,unrecoverable,Failed all rescue parser stages,
Srinivasan1982__olmo-3-32b-think__T000__R01,Srinivasan1982,olmo-3-32b-think,olmo-3-32b-think,0.00,0.90,0.10,1,UNRECOVERABLE,1,content/202608_temp/raw/Srinivasan1982__olmo-3-32b-think__T000__R01.json,unrecoverable,Failed all rescue parser stages,
Srinivasan1982__olmo-3-32b-think__T000__R02,Srinivasan1982,olmo-3-32b-think,olmo-3-32b-think,0.00,0.90,0.10,2,UNRECOVERABLE,1,content/202608_temp/raw/Srinivasan1982__olmo-3-32b-think__T000__R02.json,unrecoverable,Failed all rescue parser stages,
Srinivasan1982__olmo-3-32b-think__T000__R03,Srinivasan1982,olmo-3-32b-think,olmo-3-32b-think,0.00,0.90,0.10,3,UNRECOVERABLE,1,content/202608_temp/raw/Srinivasan1982__olmo-3-32b-think__T000__R03.json,unrecoverable,Failed all rescue parser stages,
Srinivasan1982__olmo-3-32b-think__T035__R01,Srinivasan1982,olmo-3-32b-think,olmo-3-32b-think,0.35,0.90,0.10,1,UNRECOVERABLE,1,content/202608_temp/raw/Srinivasan1982__olmo-3-32b-think__T035__R01.json,unrecoverable,Failed all rescue parser stages,
Srinivasan1982__olmo-3-32b-think__T035__R02,Srinivasan1982,olmo-3-32b-think,olmo-3-32b-think,0.35,0.90,0.10,2,UNRECOVERABLE,1,content/202608_temp/raw/Srinivasan1982__olmo-3-32b-think__T035__R02.json,unrecoverable,Failed all rescue parser stages,
Srinivasan1982__olmo-3-32b-think__T035__R03,Srinivasan1982,olmo-3-32b-think,olmo-3-32b-think,0.35,0.90,0.10,3,UNRECOVERABLE,1,content/202608_temp/raw/Srinivasan1982__olmo-3-32b-think__T035__R03.json,unrecoverable,Failed all rescue parser stages,
Srinivasan1982__olmo-3-32b-think__T070__R01,Srinivasan1982,olmo-3-32b-think,olmo-3-32b-think,0.70,0.90,0.10,1,UNRECOVERABLE,1,content/202608_temp/raw/Srinivasan1982__olmo-3-32b-think__T070__R01.json,unrecoverable,Failed all rescue parser stages,
Srinivasan1982__olmo-3-32b-think__T070__R02,Srinivasan1982,olmo-3-32b-think,olmo-3-32b-think,0.70,0.90,0.10,2,UNRECOVERABLE,1,content/202608_temp/raw/Srinivasan1982__olmo-3-32b-think__T070__R02.json,unrecoverable,Failed all rescue parser stages,
Srinivasan1982__olmo-3-32b-think__T070__R03,Srinivasan1982,olmo-3-32b-think,olmo-3-32b-think,0.70,0.90,0.10,3,UNRECOVERABLE,1,content/202608_temp/raw/Srinivasan1982__olmo-3-32b-think__T070__R03.json,unrecoverable,Failed all rescue parser stages,
Srinivasan1982__gemma-4-31b-it__T000__R01,Srinivasan1982,gemma-4-31b-it,gemma-4-31b-it,0.00,0.90,0.10,1,RECOVERED,1,content/202608_temp/raw/Srinivasan1982__gemma-4-31b-it__T000__R01.json,recovered,"'lo_evaluations' missing canonical factors: ['Divisive Inhibition (PV)', 'Inhibition (GABA)', 'Subtractive Inhibition (SST)']; 'lo_evaluations' has unknown factor keys: ['GABA', 'PV', 'SST']; 'go_evaluations' missing canonical factors: ['Divisive Inhibition (PV)', 'Inhibition (GABA)', 'Subtractive Inhibition (SST)']; 'go_evaluations' has unknown factor keys: ['GABA', 'PV', 'SST']",
Srinivasan1982__gemma-4-31b-it__T000__R02,Srinivasan1982,gemma-4-31b-it,gemma-4-31b-it,0.00,0.90,0.10,2,RECOVERED,1,content/202608_temp/raw/Srinivasan1982__gemma-4-31b-it__T000__R02.json,recovered,"'lo_evaluations' missing canonical factors: ['Divisive Inhibition (PV)', 'Inhibition (GABA)', 'Subtractive Inhibition (SST)']; 'lo_evaluations' has unknown factor keys: ['GABA', 'PV', 'SST']; 'go_evaluations' missing canonical factors: ['Divisive Inhibition (PV)', 'Inhibition (GABA)', 'Subtractive Inhibition (SST)']; 'go_evaluations' has unknown factor keys: ['GABA', 'PV', 'SST']",
Srinivasan1982__gemma-4-31b-it__T000__R03,Srinivasan1982,gemma-4-31b-it,gemma-4-31b-it,0.00,0.90,0.10,3,RECOVERED,1,content/202608_temp/raw/Srinivasan1982__gemma-4-31b-it__T000__R03.json,recovered,"'lo_evaluations' missing canonical factors: ['Divisive Inhibition (PV)', 'Inhibition (GABA)', 'Subtractive Inhibition (SST)']; 'lo_evaluations' has unknown factor keys: ['GABA', 'PV', 'SST']; 'go_evaluations' missing canonical factors: ['Divisive Inhibition (PV)', 'Inhibition (GABA)', 'Subtractive Inhibition (SST)']; 'go_evaluations' has unknown factor keys: ['GABA', 'PV', 'SST']",
Srinivasan1982__gemma-4-31b-it__T035__R01,Srinivasan1982,gemma-4-31b-it,gemma-4-31b-it,0.35,0.90,0.10,1,RECOVERED,1,content/202608_temp/raw/Srinivasan1982__gemma-4-31b-it__T035__R01.json,recovered,"'lo_evaluations' missing canonical factors: ['Divisive Inhibition (PV)', 'Inhibition (GABA)', 'Subtractive Inhibition (SST)']; 'lo_evaluations' has unknown factor keys: ['GABA', 'PV', 'SST']; 'go_evaluations' missing canonical factors: ['Divisive Inhibition (PV)', 'Inhibition (GABA)', 'Subtractive Inhibition (SST)']; 'go_evaluations' has unknown factor keys: ['GABA', 'PV', 'SST']",
Srinivasan1982__gemma-4-31b-it__T035__R02,Srinivasan1982,gemma-4-31b-it,gemma-4-31b-it,0.35,0.90,0.10,2,RECOVERED,1,content/202608_temp/raw/Srinivasan1982__gemma-4-31b-it__T035__R02.json,recovered,"'lo_evaluations' missing canonical factors: ['Divisive Inhibition (PV)', 'Inhibition (GABA)', 'Subtractive Inhibition (SST)']; 'lo_evaluations' has unknown factor keys: ['GABA', 'PV', 'SST']; 'go_evaluations' missing canonical factors: ['Divisive Inhibition (PV)', 'Inhibition (GABA)', 'Subtractive Inhibition (SST)']; 'go_evaluations' has unknown factor keys: ['GABA', 'PV', 'SST']",
Srinivasan1982__gemma-4-31b-it__T035__R03,Srinivasan1982,gemma-4-31b-it,gemma-4-31b-it,0.35,0.90,0.10,3,RECOVERED,1,content/202608_temp/raw/Srinivasan1982__gemma-4-31b-it__T035__R03.json,recovered,"'lo_evaluations' missing canonical factors: ['Divisive Inhibition (PV)', 'Inhibition (GABA)', 'Subtractive Inhibition (SST)']; 'lo_evaluations' has unknown factor keys: ['GABA', 'PV', 'SST']; 'go_evaluations' missing canonical factors: ['Divisive Inhibition (PV)', 'Inhibition (GABA)', 'Subtractive Inhibition (SST)']; 'go_evaluations' has unknown factor keys: ['GABA', 'PV', 'SST']",
Srinivasan1982__gemma-4-31b-it__T070__R01,Srinivasan1982,gemma-4-31b-it,gemma-4-31b-it,0.70,0.90,0.10,1,RECOVERED,1,content/202608_temp/raw/Srinivasan1982__gemma-4-31b-it__T070__R01.json,recovered,"'lo_evaluations' missing canonical factors: ['Divisive Inhibition (PV)', 'Inhibition (GABA)', 'Subtractive Inhibition (SST)']; 'lo_evaluations' has unknown factor keys: ['GABA', 'PV', 'SST']; 'go_evaluations' missing canonical factors: ['Divisive Inhibition (PV)', 'Inhibition (GABA)', 'Subtractive Inhibition (SST)']; 'go_evaluations' has unknown factor keys: ['GABA', 'PV', 'SST']",
Srinivasan1982__gemma-4-31b-it__T070__R02,Srinivasan1982,gemma-4-31b-it,gemma-4-31b-it,0.70,0.90,0.10,2,RECOVERED,1,content/202608_temp/raw/Srinivasan1982__gemma-4-31b-it__T070__R02.json,recovered,"'lo_evaluations' missing canonical factors: ['Divisive Inhibition (PV)', 'Inhibition (GABA)', 'Subtractive Inhibition (SST)']; 'lo_evaluations' has unknown factor keys: ['GABA', 'PV', 'SST']; 'go_evaluations' missing canonical factors: ['Divisive Inhibition (PV)', 'Inhibition (GABA)', 'Subtractive Inhibition (SST)']; 'go_evaluations' has unknown factor keys: ['GABA', 'PV', 'SST']",
Srinivasan1982__gemma-4-31b-it__T070__R03,Srinivasan1982,gemma-4-31b-it,gemma-4-31b-it,0.70,0.90,0.10,3,RECOVERED,1,content/202608_temp/raw/Srinivasan1982__gemma-4-31b-it__T070__R03.json,recovered,"'lo_evaluations' missing canonical factors: ['Divisive Inhibition (PV)', 'Inhibition (GABA)', 'Subtractive Inhibition (SST)']; 'lo_evaluations' has unknown factor keys: ['GABA', 'PV', 'SST']; 'go_evaluations' missing canonical factors: ['Divisive Inhibition (PV)', 'Inhibition (GABA)', 'Subtractive Inhibition (SST)']; 'go_evaluations' has unknown factor keys: ['GABA', 'PV', 'SST']",
Srinivasan1982__phi-4-reasoning-plus__T000__R01,Srinivasan1982,phi-4-reasoning-plus,phi-4-reasoning-plus,0.00,0.90,0.10,1,UNRECOVERABLE,1,content/202608_temp/raw/Srinivasan1982__phi-4-reasoning-plus__T000__R01.json,unrecoverable,Failed all rescue parser stages,
Srinivasan1982__phi-4-reasoning-plus__T000__R02,Srinivasan1982,phi-4-reasoning-plus,phi-4-reasoning-plus,0.00,0.90,0.10,2,UNRECOVERABLE,1,content/202608_temp/raw/Srinivasan1982__phi-4-reasoning-plus__T000__R02.json,unrecoverable,Failed all rescue parser stages,
Srinivasan1982__phi-4-reasoning-plus__T000__R03,Srinivasan1982,phi-4-reasoning-plus,phi-4-reasoning-plus,0.00,0.90,0.10,3,UNRECOVERABLE,1,content/202608_temp/raw/Srinivasan1982__phi-4-reasoning-plus__T000__R03.json,unrecoverable,Failed all rescue parser stages,
Srinivasan1982__phi-4-reasoning-plus__T035__R01,Srinivasan1982,phi-4-reasoning-plus,phi-4-reasoning-plus,0.35,0.90,0.10,1,UNRECOVERABLE,1,content/202608_temp/raw/Srinivasan1982__phi-4-reasoning-plus__T035__R01.json,unrecoverable,Failed all rescue parser stages,
Srinivasan1982__phi-4-reasoning-plus__T035__R02,Srinivasan1982,phi-4-reasoning-plus,phi-4-reasoning-plus,0.35,0.90,0.10,2,UNRECOVERABLE,1,content/202608_temp/raw/Srinivasan1982__phi-4-reasoning-plus__T035__R02.json,unrecoverable,Failed all rescue parser stages,
Srinivasan1982__phi-4-reasoning-plus__T035__R03,Srinivasan1982,phi-4-reasoning-plus,phi-4-reasoning-plus,0.35,0.90,0.10,3,UNRECOVERABLE,1,content/202608_temp/raw/Srinivasan1982__phi-4-reasoning-plus__T035__R03.json,unrecoverable,Failed all rescue parser stages,
Srinivasan1982__phi-4-reasoning-plus__T070__R01,Srinivasan1982,phi-4-reasoning-plus,phi-4-reasoning-plus,0.70,0.90,0.10,1,RECOVERED,1,content/202608_temp/raw/Srinivasan1982__phi-4-reasoning-plus__T070__R01.json,recovered,,
Srinivasan1982__phi-4-reasoning-plus__T070__R02,Srinivasan1982,phi-4-reasoning-plus,phi-4-reasoning-plus,0.70,0.90,0.10,2,UNRECOVERABLE,1,content/202608_temp/raw/Srinivasan1982__phi-4-reasoning-plus__T070__R02.json,unrecoverable,Failed all rescue parser stages,
Srinivasan1982__phi-4-reasoning-plus__T070__R03,Srinivasan1982,phi-4-reasoning-plus,phi-4-reasoning-plus,0.70,0.90,0.10,3,UNRECOVERABLE,1,content/202608_temp/raw/Srinivasan1982__phi-4-reasoning-plus__T070__R03.json,unrecoverable,Failed all rescue parser stages,
VanDerveer2021__olmo-3-32b-think__T000__R01,VanDerveer2021,olmo-3-32b-think,olmo-3-32b-think,0.00,0.90,0.10,1,UNRECOVERABLE,3,content/202608_temp/raw/VanDerveer2021__olmo-3-32b-think__T000__R01.json,unrecoverable,Failed all rescue parser stages,
VanDerveer2021__olmo-3-32b-think__T000__R02,VanDerveer2021,olmo-3-32b-think,olmo-3-32b-think,0.00,0.90,0.10,2,UNRECOVERABLE,3,content/202608_temp/raw/VanDerveer2021__olmo-3-32b-think__T000__R02.json,unrecoverable,Failed all rescue parser stages,
VanDerveer2021__olmo-3-32b-think__T000__R03,VanDerveer2021,olmo-3-32b-think,olmo-3-32b-think,0.00,0.90,0.10,3,UNRECOVERABLE,3,content/202608_temp/raw/VanDerveer2021__olmo-3-32b-think__T000__R03.json,unrecoverable,Failed all rescue parser stages,
VanDerveer2021__olmo-3-32b-think__T035__R01,VanDerveer2021,olmo-3-32b-think,olmo-3-32b-think,0.35,0.90,0.10,1,UNRECOVERABLE,1,content/202608_temp/raw/VanDerveer2021__olmo-3-32b-think__T035__R01.json,unrecoverable,Failed all rescue parser stages,
VanDerveer2021__olmo-3-32b-think__T035__R02,VanDerveer2021,olmo-3-32b-think,olmo-3-32b-think,0.35,0.90,0.10,2,UNRECOVERABLE,1,content/202608_temp/raw/VanDerveer2021__olmo-3-32b-think__T035__R02.json,unrecoverable,Failed all rescue parser stages,
VanDerveer2021__olmo-3-32b-think__T035__R03,VanDerveer2021,olmo-3-32b-think,olmo-3-32b-think,0.35,0.90,0.10,3,UNRECOVERABLE,1,content/202608_temp/raw/VanDerveer2021__olmo-3-32b-think__T035__R03.json,unrecoverable,Failed all rescue parser stages,
VanDerveer2021__olmo-3-32b-think__T070__R01,VanDerveer2021,olmo-3-32b-think,olmo-3-32b-think,0.70,0.90,0.10,1,UNRECOVERABLE,1,content/202608_temp/raw/VanDerveer2021__olmo-3-32b-think__T070__R01.json,unrecoverable,Failed all rescue parser stages,
VanDerveer2021__olmo-3-32b-think__T070__R02,VanDerveer2021,olmo-3-32b-think,olmo-3-32b-think,0.70,0.90,0.10,2,UNRECOVERABLE,1,content/202608_temp/raw/VanDerveer2021__olmo-3-32b-think__T070__R02.json,unrecoverable,Failed all rescue parser stages,
VanDerveer2021__olmo-3-32b-think__T070__R03,VanDerveer2021,olmo-3-32b-think,olmo-3-32b-think,0.70,0.90,0.10,3,UNRECOVERABLE,1,content/202608_temp/raw/VanDerveer2021__olmo-3-32b-think__T070__R03.json,unrecoverable,Failed all rescue parser stages,
VanDerveer2021__gemma-4-31b-it__T000__R01,VanDerveer2021,gemma-4-31b-it,gemma-4-31b-it,0.00,0.90,0.10,1,RECOVERED,1,content/202608_temp/raw/VanDerveer2021__gemma-4-31b-it__T000__R01.json,recovered,"'lo_evaluations' missing canonical factors: ['Divisive Inhibition (PV)', 'Inhibition (GABA)', 'Subtractive Inhibition (SST)']; 'lo_evaluations' has unknown factor keys: ['GABA', 'PV', 'SST']; 'go_evaluations' missing canonical factors: ['Divisive Inhibition (PV)', 'Inhibition (GABA)', 'Subtractive Inhibition (SST)']; 'go_evaluations' has unknown factor keys: ['GABA', 'PV', 'SST']",
VanDerveer2021__gemma-4-31b-it__T000__R02,VanDerveer2021,gemma-4-31b-it,gemma-4-31b-it,0.00,0.90,0.10,2,RECOVERED,1,content/202608_temp/raw/VanDerveer2021__gemma-4-31b-it__T000__R02.json,recovered,"'lo_evaluations' missing canonical factors: ['Divisive Inhibition (PV)', 'Inhibition (GABA)', 'Subtractive Inhibition (SST)']; 'lo_evaluations' has unknown factor keys: ['GABA', 'PV', 'SST']; 'go_evaluations' missing canonical factors: ['Divisive Inhibition (PV)', 'Inhibition (GABA)', 'Subtractive Inhibition (SST)']; 'go_evaluations' has unknown factor keys: ['GABA', 'PV', 'SST']",
VanDerveer2021__gemma-4-31b-it__T000__R03,VanDerveer2021,gemma-4-31b-it,gemma-4-31b-it,0.00,0.90,0.10,3,RECOVERED,1,content/202608_temp/raw/VanDerveer2021__gemma-4-31b-it__T000__R03.json,recovered,"'lo_evaluations' missing canonical factors: ['Divisive Inhibition (PV)', 'Inhibition (GABA)', 'Subtractive Inhibition (SST)']; 'lo_evaluations' has unknown factor keys: ['GABA', 'PV', 'SST']; 'go_evaluations' missing canonical factors: ['Divisive Inhibition (PV)', 'Inhibition (GABA)', 'Subtractive Inhibition (SST)']; 'go_evaluations' has unknown factor keys: ['GABA', 'PV', 'SST']",
VanDerveer2021__gemma-4-31b-it__T035__R01,VanDerveer2021,gemma-4-31b-it,gemma-4-31b-it,0.35,0.90,0.10,1,RECOVERED,1,content/202608_temp/raw/VanDerveer2021__gemma-4-31b-it__T035__R01.json,recovered,"'lo_evaluations' missing canonical factors: ['Divisive Inhibition (PV)', 'Inhibition (GABA)', 'Subtractive Inhibition (SST)']; 'lo_evaluations' has unknown factor keys: ['GABA', 'PV', 'SST']; 'go_evaluations' missing canonical factors: ['Divisive Inhibition (PV)', 'Inhibition (GABA)', 'Subtractive Inhibition (SST)']; 'go_evaluations' has unknown factor keys: ['GABA', 'PV', 'SST']",
VanDerveer2021__gemma-4-31b-it__T035__R02,VanDerveer2021,gemma-4-31b-it,gemma-4-31b-it,0.35,0.90,0.10,2,RECOVERED,1,content/202608_temp/raw/VanDerveer2021__gemma-4-31b-it__T035__R02.json,recovered,"'lo_evaluations' missing canonical factors: ['Divisive Inhibition (PV)', 'Inhibition (GABA)', 'Subtractive Inhibition (SST)']; 'lo_evaluations' has unknown factor keys: ['GABA', 'PV', 'SST']; 'go_evaluations' missing canonical factors: ['Divisive Inhibition (PV)', 'Inhibition (GABA)', 'Subtractive Inhibition (SST)']; 'go_evaluations' has unknown factor keys: ['GABA', 'PV', 'SST']",
VanDerveer2021__gemma-4-31b-it__T035__R03,VanDerveer2021,gemma-4-31b-it,gemma-4-31b-it,0.35,0.90,0.10,3,RECOVERED,1,content/202608_temp/raw/VanDerveer2021__gemma-4-31b-it__T035__R03.json,recovered,"'lo_evaluations' missing canonical factors: ['Divisive Inhibition (PV)', 'Inhibition (GABA)', 'Subtractive Inhibition (SST)']; 'lo_evaluations' has unknown factor keys: ['GABA', 'PV', 'SST']; 'go_evaluations' missing canonical factors: ['Divisive Inhibition (PV)', 'Inhibition (GABA)', 'Subtractive Inhibition (SST)']; 'go_evaluations' has unknown factor keys: ['GABA', 'PV', 'SST']",
VanDerveer2021__gemma-4-31b-it__T070__R01,VanDerveer2021,gemma-4-31b-it,gemma-4-31b-it,0.70,0.90,0.10,1,RECOVERED,1,content/202608_temp/raw/VanDerveer2021__gemma-4-31b-it__T070__R01.json,recovered,"'lo_evaluations' missing canonical factors: ['Divisive Inhibition (PV)', 'Inhibition (GABA)', 'Subtractive Inhibition (SST)']; 'lo_evaluations' has unknown factor keys: ['GABA', 'PV', 'SST']; 'go_evaluations' missing canonical factors: ['Divisive Inhibition (PV)', 'Inhibition (GABA)', 'Subtractive Inhibition (SST)']; 'go_evaluations' has unknown factor keys: ['GABA', 'PV', 'SST']",
VanDerveer2021__gemma-4-31b-it__T070__R02,VanDerveer2021,gemma-4-31b-it,gemma-4-31b-it,0.70,0.90,0.10,2,RECOVERED,1,content/202608_temp/raw/VanDerveer2021__gemma-4-31b-it__T070__R02.json,recovered,"'lo_evaluations' missing canonical factors: ['Divisive Inhibition (PV)', 'Inhibition (GABA)', 'Subtractive Inhibition (SST)']; 'lo_evaluations' has unknown factor keys: ['GABA', 'PV', 'SST']; 'go_evaluations' missing canonical factors: ['Divisive Inhibition (PV)', 'Inhibition (GABA)', 'Subtractive Inhibition (SST)']; 'go_evaluations' has unknown factor keys: ['GABA', 'PV', 'SST']",
VanDerveer2021__gemma-4-31b-it__T070__R03,VanDerveer2021,gemma-4-31b-it,gemma-4-31b-it,0.70,0.90,0.10,3,RECOVERED,1,content/202608_temp/raw/VanDerveer2021__gemma-4-31b-it__T070__R03.json,recovered,"'lo_evaluations' missing canonical factors: ['Divisive Inhibition (PV)', 'Inhibition (GABA)', 'Subtractive Inhibition (SST)']; 'lo_evaluations' has unknown factor keys: ['GABA', 'PV', 'SST']; 'go_evaluations' missing canonical factors: ['Divisive Inhibition (PV)', 'Inhibition (GABA)', 'Subtractive Inhibition (SST)']; 'go_evaluations' has unknown factor keys: ['GABA', 'PV', 'SST']",
VanDerveer2021__phi-4-reasoning-plus__T000__R01,VanDerveer2021,phi-4-reasoning-plus,phi-4-reasoning-plus,0.00,0.90,0.10,1,UNRECOVERABLE,1,content/202608_temp/raw/VanDerveer2021__phi-4-reasoning-plus__T000__R01.json,unrecoverable,Failed all rescue parser stages,
VanDerveer2021__phi-4-reasoning-plus__T000__R02,VanDerveer2021,phi-4-reasoning-plus,phi-4-reasoning-plus,0.00,0.90,0.10,2,UNRECOVERABLE,1,content/202608_temp/raw/VanDerveer2021__phi-4-reasoning-plus__T000__R02.json,unrecoverable,Failed all rescue parser stages,
VanDerveer2021__phi-4-reasoning-plus__T000__R03,VanDerveer2021,phi-4-reasoning-plus,phi-4-reasoning-plus,0.00,0.90,0.10,3,UNRECOVERABLE,1,content/202608_temp/raw/VanDerveer2021__phi-4-reasoning-plus__T000__R03.json,unrecoverable,Failed all rescue parser stages,
VanDerveer2021__phi-4-reasoning-plus__T035__R01,VanDerveer2021,phi-4-reasoning-plus,phi-4-reasoning-plus,0.35,0.90,0.10,1,UNRECOVERABLE,1,content/202608_temp/raw/VanDerveer2021__phi-4-reasoning-plus__T035__R01.json,unrecoverable,Failed all rescue parser stages,
VanDerveer2021__phi-4-reasoning-plus__T035__R02,VanDerveer2021,phi-4-reasoning-plus,phi-4-reasoning-plus,0.35,0.90,0.10,2,UNRECOVERABLE,1,content/202608_temp/raw/VanDerveer2021__phi-4-reasoning-plus__T035__R02.json,unrecoverable,Failed all rescue parser stages,
VanDerveer2021__phi-4-reasoning-plus__T035__R03,VanDerveer2021,phi-4-reasoning-plus,phi-4-reasoning-plus,0.35,0.90,0.10,3,RECOVERED,1,content/202608_temp/raw/VanDerveer2021__phi-4-reasoning-plus__T035__R03.json,recovered,,
VanDerveer2021__phi-4-reasoning-plus__T070__R01,VanDerveer2021,phi-4-reasoning-plus,phi-4-reasoning-plus,0.70,0.90,0.10,1,UNRECOVERABLE,1,content/202608_temp/raw/VanDerveer2021__phi-4-reasoning-plus__T070__R01.json,unrecoverable,Failed all rescue parser stages,
VanDerveer2021__phi-4-reasoning-plus__T070__R02,VanDerveer2021,phi-4-reasoning-plus,phi-4-reasoning-plus,0.70,0.90,0.10,2,UNRECOVERABLE,1,content/202608_temp/raw/VanDerveer2021__phi-4-reasoning-plus__T070__R02.json,unrecoverable,Failed all rescue parser stages,
VanDerveer2021__phi-4-reasoning-plus__T070__R03,VanDerveer2021,phi-4-reasoning-plus,phi-4-reasoning-plus,0.70,0.90,0.10,3,UNRECOVERABLE,1,content/202608_temp/raw/VanDerveer2021__phi-4-reasoning-plus__T070__R03.json,unrecoverable,Failed all rescue parser stages,
Wacongne2011__olmo-3-32b-think__T000__R01,Wacongne2011,olmo-3-32b-think,olmo-3-32b-think,0.00,0.90,0.10,1,UNRECOVERABLE,1,content/202608_temp/raw/Wacongne2011__olmo-3-32b-think__T000__R01.json,unrecoverable,Failed all rescue parser stages,
Wacongne2011__olmo-3-32b-think__T000__R02,Wacongne2011,olmo-3-32b-think,olmo-3-32b-think,0.00,0.90,0.10,2,UNRECOVERABLE,1,content/202608_temp/raw/Wacongne2011__olmo-3-32b-think__T000__R02.json,unrecoverable,Failed all rescue parser stages,
Wacongne2011__olmo-3-32b-think__T000__R03,Wacongne2011,olmo-3-32b-think,olmo-3-32b-think,0.00,0.90,0.10,3,UNRECOVERABLE,1,content/202608_temp/raw/Wacongne2011__olmo-3-32b-think__T000__R03.json,unrecoverable,Failed all rescue parser stages,
Wacongne2011__olmo-3-32b-think__T035__R01,Wacongne2011,olmo-3-32b-think,olmo-3-32b-think,0.35,0.90,0.10,1,RECOVERED,1,content/202608_temp/raw/Wacongne2011__olmo-3-32b-think__T035__R01.json,recovered,"'lo_evaluations' missing canonical factors: ['Absence of Feedback Error', 'Activity Suppression', 'Alpha/Beta Mediated Suppression', 'Ascending Latency Shift', 'Canonical Microcircuit Ubiquity', 'Cross-Modal Ubiquity', 'Cross-Scale Hierarchical Ubiquity', 'Divisive Inhibition (PV)', 'E/I Balance Shift', 'Feedforward AMPA', 'Feedforward Ascending Gamma', 'Feedforward Deviance Detection', 'Feedforward Error Propagation', 'Feedforward NMDA', 'Feedforward Non-local Activation', 'Feedforward Non-local Directed Connectivity', 'Feedforward Non-local Granular Activity (L4)', 'Feedforward Non-local Supragranular Activity (L2/3)', 'Habituation to Sequence', 'Hierarchical Activity Ubiquity', 'Hierarchical CSD Ubiquity', 'Hierarchical Mechanism Invariance', 'Hierarchical Order Stability', 'Hierarchical Presence (V1-PFC)', 'Inhibition (GABA)', 'Interspecies Hierarchical Ubiquity', 'Omission Response', 'Population-Wide Ubiquity', 'Precision Weighting (Gain)', 'Selective Sharpening', 'State-Independent Ubiquity', 'Subcortical Feedforward Relaying', 'Subtractive Inhibition (SST)', 'Synaptic Depression (Adaptation)', 'Temporal Stability of Ubiquity', 'VIP-Mediated Disinhibition']; 'lo_evaluations' has unknown factor keys: ['1', '10', '11', '12', '13', '14', '15', '16', '17', '18', '19', '2', '20', '21', '22', '23', '24', '25', '26', '27', '28', '29', '3', '30', '31', '32', '33', '34', '35', '36', '4', '5', '6', '7', '8', '9']; 'go_evaluations' missing canonical factors: ['Absence of Feedback Error', 'Activity Suppression', 'Alpha/Beta Mediated Suppression', 'Ascending Latency Shift', 'Canonical Microcircuit Ubiquity', 'Cross-Modal Ubiquity', 'Cross-Scale Hierarchical Ubiquity', 'Divisive Inhibition (PV)', 'E/I Balance Shift', 'Feedforward AMPA', 'Feedforward Ascending Gamma', 'Feedforward Deviance Detection', 'Feedforward Error Propagation', 'Feedforward NMDA', 'Feedforward Non-local Activation', 'Feedforward Non-local Directed Connectivity', 'Feedforward Non-local Granular Activity (L4)', 'Feedforward Non-local Supragranular Activity (L2/3)', 'Habituation to Sequence', 'Hierarchical Activity Ubiquity', 'Hierarchical CSD Ubiquity', 'Hierarchical Mechanism Invariance', 'Hierarchical Order Stability', 'Hierarchical Presence (V1-PFC)', 'Inhibition (GABA)', 'Interspecies Hierarchical Ubiquity', 'Omission Response', 'Population-Wide Ubiquity', 'Precision Weighting (Gain)', 'Selective Sharpening', 'State-Independent Ubiquity', 'Subcortical Feedforward Relaying', 'Subtractive Inhibition (SST)', 'Synaptic Depression (Adaptation)', 'Temporal Stability of Ubiquity', 'VIP-Mediated Disinhibition']; 'go_evaluations' has unknown factor keys: ['1', '10', '11', '12', '13', '14', '15', '16', '17', '18', '19', '2', '20', '21', '22', '23', '24', '25', '26', '27', '28', '29', '3', '30', '31', '32', '33', '34', '35', '36', '4', '5', '6', '7', '8', '9']",
Wacongne2011__olmo-3-32b-think__T035__R02,Wacongne2011,olmo-3-32b-think,olmo-3-32b-think,0.35,0.90,0.10,2,UNRECOVERABLE,1,content/202608_temp/raw/Wacongne2011__olmo-3-32b-think__T035__R02.json,unrecoverable,Failed all rescue parser stages,
Wacongne2011__olmo-3-32b-think__T035__R03,Wacongne2011,olmo-3-32b-think,olmo-3-32b-think,0.35,0.90,0.10,3,UNRECOVERABLE,1,content/202608_temp/raw/Wacongne2011__olmo-3-32b-think__T035__R03.json,unrecoverable,Failed all rescue parser stages,
Wacongne2011__olmo-3-32b-think__T070__R01,Wacongne2011,olmo-3-32b-think,olmo-3-32b-think,0.70,0.90,0.10,1,UNRECOVERABLE,1,content/202608_temp/raw/Wacongne2011__olmo-3-32b-think__T070__R01.json,unrecoverable,Failed all rescue parser stages,
Wacongne2011__olmo-3-32b-think__T070__R02,Wacongne2011,olmo-3-32b-think,olmo-3-32b-think,0.70,0.90,0.10,2,UNRECOVERABLE,1,content/202608_temp/raw/Wacongne2011__olmo-3-32b-think__T070__R02.json,unrecoverable,Failed all rescue parser stages,
Wacongne2011__olmo-3-32b-think__T070__R03,Wacongne2011,olmo-3-32b-think,olmo-3-32b-think,0.70,0.90,0.10,3,UNRECOVERABLE,1,content/202608_temp/raw/Wacongne2011__olmo-3-32b-think__T070__R03.json,unrecoverable,Failed all rescue parser stages,
Wacongne2011__gemma-4-31b-it__T000__R01,Wacongne2011,gemma-4-31b-it,gemma-4-31b-it,0.00,0.90,0.10,1,RECOVERED,1,content/202608_temp/raw/Wacongne2011__gemma-4-31b-it__T000__R01.json,recovered,"'lo_evaluations' missing canonical factors: ['Divisive Inhibition (PV)', 'Inhibition (GABA)', 'Subtractive Inhibition (SST)']; 'lo_evaluations' has unknown factor keys: ['GABA', 'PV', 'SST']; 'go_evaluations' missing canonical factors: ['Divisive Inhibition (PV)', 'Inhibition (GABA)', 'Subtractive Inhibition (SST)']; 'go_evaluations' has unknown factor keys: ['GABA', 'PV', 'SST']",
Wacongne2011__gemma-4-31b-it__T000__R02,Wacongne2011,gemma-4-31b-it,gemma-4-31b-it,0.00,0.90,0.10,2,RECOVERED,1,content/202608_temp/raw/Wacongne2011__gemma-4-31b-it__T000__R02.json,recovered,"'lo_evaluations' missing canonical factors: ['Divisive Inhibition (PV)', 'Inhibition (GABA)', 'Subtractive Inhibition (SST)']; 'lo_evaluations' has unknown factor keys: ['GABA', 'PV', 'SST']; 'go_evaluations' missing canonical factors: ['Divisive Inhibition (PV)', 'Inhibition (GABA)', 'Subtractive Inhibition (SST)']; 'go_evaluations' has unknown factor keys: ['GABA', 'PV', 'SST']",
Wacongne2011__gemma-4-31b-it__T000__R03,Wacongne2011,gemma-4-31b-it,gemma-4-31b-it,0.00,0.90,0.10,3,RECOVERED,1,content/202608_temp/raw/Wacongne2011__gemma-4-31b-it__T000__R03.json,recovered,"'lo_evaluations' missing canonical factors: ['Divisive Inhibition (PV)', 'Inhibition (GABA)', 'Subtractive Inhibition (SST)']; 'lo_evaluations' has unknown factor keys: ['GABA', 'PV', 'SST']; 'go_evaluations' missing canonical factors: ['Divisive Inhibition (PV)', 'Inhibition (GABA)', 'Subtractive Inhibition (SST)']; 'go_evaluations' has unknown factor keys: ['GABA', 'PV', 'SST']",
Wacongne2011__gemma-4-31b-it__T035__R01,Wacongne2011,gemma-4-31b-it,gemma-4-31b-it,0.35,0.90,0.10,1,RECOVERED,1,content/202608_temp/raw/Wacongne2011__gemma-4-31b-it__T035__R01.json,recovered,"'lo_evaluations' missing canonical factors: ['Divisive Inhibition (PV)', 'Inhibition (GABA)', 'Subtractive Inhibition (SST)']; 'lo_evaluations' has unknown factor keys: ['GABA', 'PV', 'SST']; 'go_evaluations' missing canonical factors: ['Divisive Inhibition (PV)', 'Inhibition (GABA)', 'Subtractive Inhibition (SST)']; 'go_evaluations' has unknown factor keys: ['GABA', 'PV', 'SST']",
Wacongne2011__gemma-4-31b-it__T035__R02,Wacongne2011,gemma-4-31b-it,gemma-4-31b-it,0.35,0.90,0.10,2,RECOVERED,1,content/202608_temp/raw/Wacongne2011__gemma-4-31b-it__T035__R02.json,recovered,"'lo_evaluations' missing canonical factors: ['Divisive Inhibition (PV)', 'Inhibition (GABA)', 'Subtractive Inhibition (SST)']; 'lo_evaluations' has unknown factor keys: ['GABA', 'PV', 'SST']; 'go_evaluations' missing canonical factors: ['Divisive Inhibition (PV)', 'Inhibition (GABA)', 'Subtractive Inhibition (SST)']; 'go_evaluations' has unknown factor keys: ['GABA', 'PV', 'SST']",
Wacongne2011__gemma-4-31b-it__T035__R03,Wacongne2011,gemma-4-31b-it,gemma-4-31b-it,0.35,0.90,0.10,3,RECOVERED,1,content/202608_temp/raw/Wacongne2011__gemma-4-31b-it__T035__R03.json,recovered,"'lo_evaluations' missing canonical factors: ['Divisive Inhibition (PV)', 'Inhibition (GABA)', 'Subtractive Inhibition (SST)']; 'lo_evaluations' has unknown factor keys: ['GABA', 'PV', 'SST']; 'go_evaluations' missing canonical factors: ['Divisive Inhibition (PV)', 'Inhibition (GABA)', 'Subtractive Inhibition (SST)']; 'go_evaluations' has unknown factor keys: ['GABA', 'PV', 'SST']",
Wacongne2011__gemma-4-31b-it__T070__R01,Wacongne2011,gemma-4-31b-it,gemma-4-31b-it,0.70,0.90,0.10,1,RECOVERED,1,content/202608_temp/raw/Wacongne2011__gemma-4-31b-it__T070__R01.json,recovered,"'lo_evaluations' missing canonical factors: ['Divisive Inhibition (PV)', 'Inhibition (GABA)', 'Subtractive Inhibition (SST)']; 'lo_evaluations' has unknown factor keys: ['GABA', 'PV', 'SST']; 'go_evaluations' missing canonical factors: ['Divisive Inhibition (PV)', 'Inhibition (GABA)', 'Subtractive Inhibition (SST)']; 'go_evaluations' has unknown factor keys: ['GABA', 'PV', 'SST']",
Wacongne2011__gemma-4-31b-it__T070__R02,Wacongne2011,gemma-4-31b-it,gemma-4-31b-it,0.70,0.90,0.10,2,RECOVERED,1,content/202608_temp/raw/Wacongne2011__gemma-4-31b-it__T070__R02.json,recovered,"'lo_evaluations' missing canonical factors: ['Divisive Inhibition (PV)', 'Inhibition (GABA)', 'Subtractive Inhibition (SST)']; 'lo_evaluations' has unknown factor keys: ['GABA', 'PV', 'SST']; 'go_evaluations' missing canonical factors: ['Divisive Inhibition (PV)', 'Inhibition (GABA)', 'Subtractive Inhibition (SST)']; 'go_evaluations' has unknown factor keys: ['GABA', 'PV', 'SST']",
Wacongne2011__gemma-4-31b-it__T070__R03,Wacongne2011,gemma-4-31b-it,gemma-4-31b-it,0.70,0.90,0.10,3,RECOVERED,1,content/202608_temp/raw/Wacongne2011__gemma-4-31b-it__T070__R03.json,recovered,"'lo_evaluations' missing canonical factors: ['Divisive Inhibition (PV)', 'Inhibition (GABA)', 'Subtractive Inhibition (SST)']; 'lo_evaluations' has unknown factor keys: ['GABA', 'PV', 'SST']; 'go_evaluations' missing canonical factors: ['Divisive Inhibition (PV)', 'Inhibition (GABA)', 'Subtractive Inhibition (SST)']; 'go_evaluations' has unknown factor keys: ['GABA', 'PV', 'SST']",
Wacongne2011__phi-4-reasoning-plus__T000__R01,Wacongne2011,phi-4-reasoning-plus,phi-4-reasoning-plus,0.00,0.90,0.10,1,RECOVERED,1,content/202608_temp/raw/Wacongne2011__phi-4-reasoning-plus__T000__R01.json,recovered,,
Wacongne2011__phi-4-reasoning-plus__T000__R02,Wacongne2011,phi-4-reasoning-plus,phi-4-reasoning-plus,0.00,0.90,0.10,2,UNRECOVERABLE,1,content/202608_temp/raw/Wacongne2011__phi-4-reasoning-plus__T000__R02.json,unrecoverable,Failed all rescue parser stages,
Wacongne2011__phi-4-reasoning-plus__T000__R03,Wacongne2011,phi-4-reasoning-plus,phi-4-reasoning-plus,0.00,0.90,0.10,3,UNRECOVERABLE,1,content/202608_temp/raw/Wacongne2011__phi-4-reasoning-plus__T000__R03.json,unrecoverable,Failed all rescue parser stages,
Wacongne2011__phi-4-reasoning-plus__T035__R01,Wacongne2011,phi-4-reasoning-plus,phi-4-reasoning-plus,0.35,0.90,0.10,1,RECOVERED,1,content/202608_temp/raw/Wacongne2011__phi-4-reasoning-plus__T035__R01.json,recovered,,
Wacongne2011__phi-4-reasoning-plus__T035__R02,Wacongne2011,phi-4-reasoning-plus,phi-4-reasoning-plus,0.35,0.90,0.10,2,RECOVERED,1,content/202608_temp/raw/Wacongne2011__phi-4-reasoning-plus__T035__R02.json,recovered,,
Wacongne2011__phi-4-reasoning-plus__T035__R03,Wacongne2011,phi-4-reasoning-plus,phi-4-reasoning-plus,0.35,0.90,0.10,3,UNRECOVERABLE,1,content/202608_temp/raw/Wacongne2011__phi-4-reasoning-plus__T035__R03.json,unrecoverable,Failed all rescue parser stages,
Wacongne2011__phi-4-reasoning-plus__T070__R01,Wacongne2011,phi-4-reasoning-plus,phi-4-reasoning-plus,0.70,0.90,0.10,1,UNRECOVERABLE,1,content/202608_temp/raw/Wacongne2011__phi-4-reasoning-plus__T070__R01.json,unrecoverable,Failed all rescue parser stages,
Wacongne2011__phi-4-reasoning-plus__T070__R02,Wacongne2011,phi-4-reasoning-plus,phi-4-reasoning-plus,0.70,0.90,0.10,2,UNRECOVERABLE,1,content/202608_temp/raw/Wacongne2011__phi-4-reasoning-plus__T070__R02.json,unrecoverable,Failed all rescue parser stages,
Wacongne2011__phi-4-reasoning-plus__T070__R03,Wacongne2011,phi-4-reasoning-plus,phi-4-reasoning-plus,0.70,0.90,0.10,3,UNRECOVERABLE,1,content/202608_temp/raw/Wacongne2011__phi-4-reasoning-plus__T070__R03.json,unrecoverable,Failed all rescue parser stages,
Wacongne2012__olmo-3-32b-think__T000__R01,Wacongne2012,olmo-3-32b-think,olmo-3-32b-think,0.00,0.90,0.10,1,UNRECOVERABLE,1,content/202608_temp/raw/Wacongne2012__olmo-3-32b-think__T000__R01.json,unrecoverable,Failed all rescue parser stages,
Wacongne2012__olmo-3-32b-think__T000__R02,Wacongne2012,olmo-3-32b-think,olmo-3-32b-think,0.00,0.90,0.10,2,UNRECOVERABLE,1,content/202608_temp/raw/Wacongne2012__olmo-3-32b-think__T000__R02.json,unrecoverable,Failed all rescue parser stages,
Wacongne2012__olmo-3-32b-think__T000__R03,Wacongne2012,olmo-3-32b-think,olmo-3-32b-think,0.00,0.90,0.10,3,UNRECOVERABLE,1,content/202608_temp/raw/Wacongne2012__olmo-3-32b-think__T000__R03.json,unrecoverable,Failed all rescue parser stages,
Wacongne2012__olmo-3-32b-think__T035__R01,Wacongne2012,olmo-3-32b-think,olmo-3-32b-think,0.35,0.90,0.10,1,UNRECOVERABLE,1,content/202608_temp/raw/Wacongne2012__olmo-3-32b-think__T035__R01.json,unrecoverable,Failed all rescue parser stages,
Wacongne2012__olmo-3-32b-think__T035__R02,Wacongne2012,olmo-3-32b-think,olmo-3-32b-think,0.35,0.90,0.10,2,UNRECOVERABLE,1,content/202608_temp/raw/Wacongne2012__olmo-3-32b-think__T035__R02.json,unrecoverable,Failed all rescue parser stages,
Wacongne2012__olmo-3-32b-think__T035__R03,Wacongne2012,olmo-3-32b-think,olmo-3-32b-think,0.35,0.90,0.10,3,UNRECOVERABLE,1,content/202608_temp/raw/Wacongne2012__olmo-3-32b-think__T035__R03.json,unrecoverable,Failed all rescue parser stages,
Wacongne2012__olmo-3-32b-think__T070__R01,Wacongne2012,olmo-3-32b-think,olmo-3-32b-think,0.70,0.90,0.10,1,UNRECOVERABLE,1,content/202608_temp/raw/Wacongne2012__olmo-3-32b-think__T070__R01.json,unrecoverable,Failed all rescue parser stages,
Wacongne2012__olmo-3-32b-think__T070__R02,Wacongne2012,olmo-3-32b-think,olmo-3-32b-think,0.70,0.90,0.10,2,UNRECOVERABLE,1,content/202608_temp/raw/Wacongne2012__olmo-3-32b-think__T070__R02.json,unrecoverable,Failed all rescue parser stages,
Wacongne2012__olmo-3-32b-think__T070__R03,Wacongne2012,olmo-3-32b-think,olmo-3-32b-think,0.70,0.90,0.10,3,UNRECOVERABLE,1,content/202608_temp/raw/Wacongne2012__olmo-3-32b-think__T070__R03.json,unrecoverable,Failed all rescue parser stages,
Wacongne2012__gemma-4-31b-it__T000__R01,Wacongne2012,gemma-4-31b-it,gemma-4-31b-it,0.00,0.90,0.10,1,RECOVERED,1,content/202608_temp/raw/Wacongne2012__gemma-4-31b-it__T000__R01.json,recovered,"'lo_evaluations' missing canonical factors: ['Divisive Inhibition (PV)', 'Subtractive Inhibition (SST)']; 'lo_evaluations' has unknown factor keys: ['PV', 'SST']; 'go_evaluations' missing canonical factors: ['Divisive Inhibition (PV)', 'Subtractive Inhibition (SST)']; 'go_evaluations' has unknown factor keys: ['PV', 'SST']",
Wacongne2012__gemma-4-31b-it__T000__R02,Wacongne2012,gemma-4-31b-it,gemma-4-31b-it,0.00,0.90,0.10,2,RECOVERED,1,content/202608_temp/raw/Wacongne2012__gemma-4-31b-it__T000__R02.json,recovered,"'lo_evaluations' missing canonical factors: ['Divisive Inhibition (PV)', 'Subtractive Inhibition (SST)']; 'lo_evaluations' has unknown factor keys: ['PV', 'SST']; 'go_evaluations' missing canonical factors: ['Divisive Inhibition (PV)', 'Subtractive Inhibition (SST)']; 'go_evaluations' has unknown factor keys: ['PV', 'SST']",
Wacongne2012__gemma-4-31b-it__T000__R03,Wacongne2012,gemma-4-31b-it,gemma-4-31b-it,0.00,0.90,0.10,3,RECOVERED,1,content/202608_temp/raw/Wacongne2012__gemma-4-31b-it__T000__R03.json,recovered,"'lo_evaluations' missing canonical factors: ['Divisive Inhibition (PV)', 'Subtractive Inhibition (SST)']; 'lo_evaluations' has unknown factor keys: ['PV', 'SST']; 'go_evaluations' missing canonical factors: ['Divisive Inhibition (PV)', 'Subtractive Inhibition (SST)']; 'go_evaluations' has unknown factor keys: ['PV', 'SST']",
Wacongne2012__gemma-4-31b-it__T035__R01,Wacongne2012,gemma-4-31b-it,gemma-4-31b-it,0.35,0.90,0.10,1,RECOVERED,1,content/202608_temp/raw/Wacongne2012__gemma-4-31b-it__T035__R01.json,recovered,"'lo_evaluations' missing canonical factors: ['Divisive Inhibition (PV)', 'Subtractive Inhibition (SST)']; 'lo_evaluations' has unknown factor keys: ['PV', 'SST']; 'go_evaluations' missing canonical factors: ['Divisive Inhibition (PV)', 'Subtractive Inhibition (SST)']; 'go_evaluations' has unknown factor keys: ['PV', 'SST']",
Wacongne2012__gemma-4-31b-it__T035__R02,Wacongne2012,gemma-4-31b-it,gemma-4-31b-it,0.35,0.90,0.10,2,RECOVERED,1,content/202608_temp/raw/Wacongne2012__gemma-4-31b-it__T035__R02.json,recovered,"'lo_evaluations' missing canonical factors: ['Divisive Inhibition (PV)', 'Subtractive Inhibition (SST)']; 'lo_evaluations' has unknown factor keys: ['PV', 'SST']; 'go_evaluations' missing canonical factors: ['Divisive Inhibition (PV)', 'Subtractive Inhibition (SST)']; 'go_evaluations' has unknown factor keys: ['PV', 'SST']",
Wacongne2012__gemma-4-31b-it__T035__R03,Wacongne2012,gemma-4-31b-it,gemma-4-31b-it,0.35,0.90,0.10,3,RECOVERED,1,content/202608_temp/raw/Wacongne2012__gemma-4-31b-it__T035__R03.json,recovered,"'lo_evaluations' missing canonical factors: ['Divisive Inhibition (PV)', 'Subtractive Inhibition (SST)']; 'lo_evaluations' has unknown factor keys: ['PV', 'SST']; 'go_evaluations' missing canonical factors: ['Divisive Inhibition (PV)', 'Subtractive Inhibition (SST)']; 'go_evaluations' has unknown factor keys: ['PV', 'SST']",
Wacongne2012__gemma-4-31b-it__T070__R01,Wacongne2012,gemma-4-31b-it,gemma-4-31b-it,0.70,0.90,0.10,1,RECOVERED,1,content/202608_temp/raw/Wacongne2012__gemma-4-31b-it__T070__R01.json,recovered,"'lo_evaluations' missing canonical factors: ['Divisive Inhibition (PV)', 'Subtractive Inhibition (SST)']; 'lo_evaluations' has unknown factor keys: ['PV', 'SST']; 'go_evaluations' missing canonical factors: ['Divisive Inhibition (PV)', 'Subtractive Inhibition (SST)']; 'go_evaluations' has unknown factor keys: ['PV', 'SST']",
Wacongne2012__gemma-4-31b-it__T070__R02,Wacongne2012,gemma-4-31b-it,gemma-4-31b-it,0.70,0.90,0.10,2,RECOVERED,1,content/202608_temp/raw/Wacongne2012__gemma-4-31b-it__T070__R02.json,recovered,"'lo_evaluations' missing canonical factors: ['Divisive Inhibition (PV)', 'Subtractive Inhibition (SST)']; 'lo_evaluations' has unknown factor keys: ['PV', 'SST']; 'go_evaluations' missing canonical factors: ['Divisive Inhibition (PV)', 'Subtractive Inhibition (SST)']; 'go_evaluations' has unknown factor keys: ['PV', 'SST']",
Wacongne2012__gemma-4-31b-it__T070__R03,Wacongne2012,gemma-4-31b-it,gemma-4-31b-it,0.70,0.90,0.10,3,RECOVERED,1,content/202608_temp/raw/Wacongne2012__gemma-4-31b-it__T070__R03.json,recovered,"'lo_evaluations' missing canonical factors: ['Divisive Inhibition (PV)', 'Subtractive Inhibition (SST)']; 'lo_evaluations' has unknown factor keys: ['PV', 'SST']; 'go_evaluations' missing canonical factors: ['Divisive Inhibition (PV)', 'Subtractive Inhibition (SST)']; 'go_evaluations' has unknown factor keys: ['PV', 'SST']",
Wacongne2012__phi-4-reasoning-plus__T000__R01,Wacongne2012,phi-4-reasoning-plus,phi-4-reasoning-plus,0.00,0.90,0.10,1,UNRECOVERABLE,1,content/202608_temp/raw/Wacongne2012__phi-4-reasoning-plus__T000__R01.json,unrecoverable,Failed all rescue parser stages,
Wacongne2012__phi-4-reasoning-plus__T000__R02,Wacongne2012,phi-4-reasoning-plus,phi-4-reasoning-plus,0.00,0.90,0.10,2,RECOVERED,1,content/202608_temp/raw/Wacongne2012__phi-4-reasoning-plus__T000__R02.json,recovered,,
Wacongne2012__phi-4-reasoning-plus__T000__R03,Wacongne2012,phi-4-reasoning-plus,phi-4-reasoning-plus,0.00,0.90,0.10,3,RECOVERED,1,content/202608_temp/raw/Wacongne2012__phi-4-reasoning-plus__T000__R03.json,recovered,,
Wacongne2012__phi-4-reasoning-plus__T035__R01,Wacongne2012,phi-4-reasoning-plus,phi-4-reasoning-plus,0.35,0.90,0.10,1,UNRECOVERABLE,1,content/202608_temp/raw/Wacongne2012__phi-4-reasoning-plus__T035__R01.json,unrecoverable,Failed all rescue parser stages,
Wacongne2012__phi-4-reasoning-plus__T035__R02,Wacongne2012,phi-4-reasoning-plus,phi-4-reasoning-plus,0.35,0.90,0.10,2,UNRECOVERABLE,1,content/202608_temp/raw/Wacongne2012__phi-4-reasoning-plus__T035__R02.json,unrecoverable,Failed all rescue parser stages,
Wacongne2012__phi-4-reasoning-plus__T035__R03,Wacongne2012,phi-4-reasoning-plus,phi-4-reasoning-plus,0.35,0.90,0.10,3,UNRECOVERABLE,1,content/202608_temp/raw/Wacongne2012__phi-4-reasoning-plus__T035__R03.json,unrecoverable,Failed all rescue parser stages,
Wacongne2012__phi-4-reasoning-plus__T070__R01,Wacongne2012,phi-4-reasoning-plus,phi-4-reasoning-plus,0.70,0.90,0.10,1,RECOVERED,1,content/202608_temp/raw/Wacongne2012__phi-4-reasoning-plus__T070__R01.json,recovered,,
Wacongne2012__phi-4-reasoning-plus__T070__R02,Wacongne2012,phi-4-reasoning-plus,phi-4-reasoning-plus,0.70,0.90,0.10,2,RECOVERED,1,content/202608_temp/raw/Wacongne2012__phi-4-reasoning-plus__T070__R02.json,recovered,,
Wacongne2012__phi-4-reasoning-plus__T070__R03,Wacongne2012,phi-4-reasoning-plus,phi-4-reasoning-plus,0.70,0.90,0.10,3,UNRECOVERABLE,1,content/202608_temp/raw/Wacongne2012__phi-4-reasoning-plus__T070__R03.json,unrecoverable,Failed all rescue parser stages,
Westerberg&Xiong2025__olmo-3-32b-think__T000__R01,Westerberg&Xiong2025,olmo-3-32b-think,olmo-3-32b-think,0.00,0.90,0.10,1,RECOVERED,1,content/202608_temp/raw/Westerberg&Xiong2025__olmo-3-32b-think__T000__R01.json,recovered,"'lo_evaluations' has 12 keys, expected 36; 'lo_evaluations' missing canonical factors: ['Absence of Feedback Error', 'Activity Suppression', 'Alpha/Beta Mediated Suppression', 'Ascending Latency Shift', 'Canonical Microcircuit Ubiquity', 'Cross-Modal Ubiquity', 'Cross-Scale Hierarchical Ubiquity', 'Divisive Inhibition (PV)', 'E/I Balance Shift', 'Feedforward AMPA', 'Feedforward Ascending Gamma', 'Feedforward Deviance Detection', 'Feedforward Error Propagation', 'Feedforward NMDA', 'Feedforward Non-local Activation', 'Feedforward Non-local Directed Connectivity', 'Feedforward Non-local Granular Activity (L4)', 'Feedforward Non-local Supragranular Activity (L2/3)', 'Habituation to Sequence', 'Hierarchical Activity Ubiquity', 'Hierarchical CSD Ubiquity', 'Hierarchical Mechanism Invariance', 'Hierarchical Order Stability', 'Hierarchical Presence (V1-PFC)', 'Inhibition (GABA)', 'Interspecies Hierarchical Ubiquity', 'Omission Response', 'Population-Wide Ubiquity', 'Precision Weighting (Gain)', 'Selective Sharpening', 'State-Independent Ubiquity', 'Subcortical Feedforward Relaying', 'Subtractive Inhibition (SST)', 'Synaptic Depression (Adaptation)', 'Temporal Stability of Ubiquity', 'VIP-Mediated Disinhibition']; 'lo_evaluations' has unknown factor keys: ['1', '10', '11', '12', '2', '3', '4', '5', '6', '7', '8', '9']; 'go_evaluations' has 12 keys, expected 36; 'go_evaluations' missing canonical factors: ['Absence of Feedback Error', 'Activity Suppression', 'Alpha/Beta Mediated Suppression', 'Ascending Latency Shift', 'Canonical Microcircuit Ubiquity', 'Cross-Modal Ubiquity', 'Cross-Scale Hierarchical Ubiquity', 'Divisive Inhibition (PV)', 'E/I Balance Shift', 'Feedforward AMPA', 'Feedforward Ascending Gamma', 'Feedforward Deviance Detection', 'Feedforward Error Propagation', 'Feedforward NMDA', 'Feedforward Non-local Activation', 'Feedforward Non-local Directed Connectivity', 'Feedforward Non-local Granular Activity (L4)', 'Feedforward Non-local Supragranular Activity (L2/3)', 'Habituation to Sequence', 'Hierarchical Activity Ubiquity', 'Hierarchical CSD Ubiquity', 'Hierarchical Mechanism Invariance', 'Hierarchical Order Stability', 'Hierarchical Presence (V1-PFC)', 'Inhibition (GABA)', 'Interspecies Hierarchical Ubiquity', 'Omission Response', 'Population-Wide Ubiquity', 'Precision Weighting (Gain)', 'Selective Sharpening', 'State-Independent Ubiquity', 'Subcortical Feedforward Relaying', 'Subtractive Inhibition (SST)', 'Synaptic Depression (Adaptation)', 'Temporal Stability of Ubiquity', 'VIP-Mediated Disinhibition']; 'go_evaluations' has unknown factor keys: ['13', '14', '15', '16', '17', '18', '19', '20', '21', '22', '23', '24']",
Westerberg&Xiong2025__olmo-3-32b-think__T000__R02,Westerberg&Xiong2025,olmo-3-32b-think,olmo-3-32b-think,0.00,0.90,0.10,2,UNRECOVERABLE,1,content/202608_temp/raw/Westerberg&Xiong2025__olmo-3-32b-think__T000__R02.json,unrecoverable,Failed all rescue parser stages,
Westerberg&Xiong2025__olmo-3-32b-think__T000__R03,Westerberg&Xiong2025,olmo-3-32b-think,olmo-3-32b-think,0.00,0.90,0.10,3,UNRECOVERABLE,1,content/202608_temp/raw/Westerberg&Xiong2025__olmo-3-32b-think__T000__R03.json,unrecoverable,Failed all rescue parser stages,
Westerberg&Xiong2025__olmo-3-32b-think__T035__R01,Westerberg&Xiong2025,olmo-3-32b-think,olmo-3-32b-think,0.35,0.90,0.10,1,RECOVERED,1,content/202608_temp/raw/Westerberg&Xiong2025__olmo-3-32b-think__T035__R01.json,recovered,"'lo_evaluations' has 24 keys, expected 36; 'lo_evaluations' missing canonical factors: ['Absence of Feedback Error', 'Activity Suppression', 'Alpha/Beta Mediated Suppression', 'Ascending Latency Shift', 'Canonical Microcircuit Ubiquity', 'Cross-Modal Ubiquity', 'Cross-Scale Hierarchical Ubiquity', 'Divisive Inhibition (PV)', 'E/I Balance Shift', 'Feedforward AMPA', 'Feedforward Ascending Gamma', 'Feedforward Deviance Detection', 'Feedforward Error Propagation', 'Feedforward NMDA', 'Feedforward Non-local Activation', 'Feedforward Non-local Directed Connectivity', 'Feedforward Non-local Granular Activity (L4)', 'Feedforward Non-local Supragranular Activity (L2/3)', 'Habituation to Sequence', 'Hierarchical Activity Ubiquity', 'Hierarchical CSD Ubiquity', 'Hierarchical Mechanism Invariance', 'Hierarchical Order Stability', 'Hierarchical Presence (V1-PFC)', 'Inhibition (GABA)', 'Interspecies Hierarchical Ubiquity', 'Omission Response', 'Population-Wide Ubiquity', 'Precision Weighting (Gain)', 'Selective Sharpening', 'State-Independent Ubiquity', 'Subcortical Feedforward Relaying', 'Subtractive Inhibition (SST)', 'Synaptic Depression (Adaptation)', 'Temporal Stability of Ubiquity', 'VIP-Mediated Disinhibition']; 'lo_evaluations' has unknown factor keys: ['1', '10', '11', '12', '13', '14', '15', '16', '17', '18', '19', '2', '20', '21', '22', '23', '24', '3', '4', '5', '6', '7', '8', '9']; 'go_evaluations' has 24 keys, expected 36; 'go_evaluations' missing canonical factors: ['Absence of Feedback Error', 'Activity Suppression', 'Alpha/Beta Mediated Suppression', 'Ascending Latency Shift', 'Canonical Microcircuit Ubiquity', 'Cross-Modal Ubiquity', 'Cross-Scale Hierarchical Ubiquity', 'Divisive Inhibition (PV)', 'E/I Balance Shift', 'Feedforward AMPA', 'Feedforward Ascending Gamma', 'Feedforward Deviance Detection', 'Feedforward Error Propagation', 'Feedforward NMDA', 'Feedforward Non-local Activation', 'Feedforward Non-local Directed Connectivity', 'Feedforward Non-local Granular Activity (L4)', 'Feedforward Non-local Supragranular Activity (L2/3)', 'Habituation to Sequence', 'Hierarchical Activity Ubiquity', 'Hierarchical CSD Ubiquity', 'Hierarchical Mechanism Invariance', 'Hierarchical Order Stability', 'Hierarchical Presence (V1-PFC)', 'Inhibition (GABA)', 'Interspecies Hierarchical Ubiquity', 'Omission Response', 'Population-Wide Ubiquity', 'Precision Weighting (Gain)', 'Selective Sharpening', 'State-Independent Ubiquity', 'Subcortical Feedforward Relaying', 'Subtractive Inhibition (SST)', 'Synaptic Depression (Adaptation)', 'Temporal Stability of Ubiquity', 'VIP-Mediated Disinhibition']; 'go_evaluations' has unknown factor keys: ['1', '10', '11', '12', '13', '14', '15', '16', '17', '18', '19', '2', '20', '21', '22', '23', '24', '3', '4', '5', '6', '7', '8', '9']",
Westerberg&Xiong2025__olmo-3-32b-think__T035__R02,Westerberg&Xiong2025,olmo-3-32b-think,olmo-3-32b-think,0.35,0.90,0.10,2,UNRECOVERABLE,1,content/202608_temp/raw/Westerberg&Xiong2025__olmo-3-32b-think__T035__R02.json,unrecoverable,Failed all rescue parser stages,
Westerberg&Xiong2025__olmo-3-32b-think__T035__R03,Westerberg&Xiong2025,olmo-3-32b-think,olmo-3-32b-think,0.35,0.90,0.10,3,UNRECOVERABLE,3,content/202608_temp/raw/Westerberg&Xiong2025__olmo-3-32b-think__T035__R03.json,unrecoverable,Failed all rescue parser stages,
Westerberg&Xiong2025__olmo-3-32b-think__T070__R01,Westerberg&Xiong2025,olmo-3-32b-think,olmo-3-32b-think,0.70,0.90,0.10,1,UNRECOVERABLE,1,content/202608_temp/raw/Westerberg&Xiong2025__olmo-3-32b-think__T070__R01.json,unrecoverable,Failed all rescue parser stages,
Westerberg&Xiong2025__olmo-3-32b-think__T070__R02,Westerberg&Xiong2025,olmo-3-32b-think,olmo-3-32b-think,0.70,0.90,0.10,2,UNRECOVERABLE,1,content/202608_temp/raw/Westerberg&Xiong2025__olmo-3-32b-think__T070__R02.json,unrecoverable,Failed all rescue parser stages,
Westerberg&Xiong2025__olmo-3-32b-think__T070__R03,Westerberg&Xiong2025,olmo-3-32b-think,olmo-3-32b-think,0.70,0.90,0.10,3,UNRECOVERABLE,1,content/202608_temp/raw/Westerberg&Xiong2025__olmo-3-32b-think__T070__R03.json,unrecoverable,Failed all rescue parser stages,
Westerberg&Xiong2025__gemma-4-31b-it__T000__R01,Westerberg&Xiong2025,gemma-4-31b-it,gemma-4-31b-it,0.00,0.90,0.10,1,RECOVERED,1,content/202608_temp/raw/Westerberg&Xiong2025__gemma-4-31b-it__T000__R01.json,recovered,"'lo_evaluations' missing canonical factors: ['Divisive Inhibition (PV)', 'Subtractive Inhibition (SST)']; 'lo_evaluations' has unknown factor keys: ['PV', 'SST']; 'go_evaluations' missing canonical factors: ['Divisive Inhibition (PV)', 'Subtractive Inhibition (SST)']; 'go_evaluations' has unknown factor keys: ['PV', 'SST']",
Westerberg&Xiong2025__gemma-4-31b-it__T000__R02,Westerberg&Xiong2025,gemma-4-31b-it,gemma-4-31b-it,0.00,0.90,0.10,2,RECOVERED,1,content/202608_temp/raw/Westerberg&Xiong2025__gemma-4-31b-it__T000__R02.json,recovered,"'lo_evaluations' missing canonical factors: ['Divisive Inhibition (PV)', 'Subtractive Inhibition (SST)']; 'lo_evaluations' has unknown factor keys: ['PV', 'SST']; 'go_evaluations' missing canonical factors: ['Divisive Inhibition (PV)', 'Subtractive Inhibition (SST)']; 'go_evaluations' has unknown factor keys: ['PV', 'SST']",
Westerberg&Xiong2025__gemma-4-31b-it__T000__R03,Westerberg&Xiong2025,gemma-4-31b-it,gemma-4-31b-it,0.00,0.90,0.10,3,RECOVERED,1,content/202608_temp/raw/Westerberg&Xiong2025__gemma-4-31b-it__T000__R03.json,recovered,"'lo_evaluations' missing canonical factors: ['Divisive Inhibition (PV)', 'Subtractive Inhibition (SST)']; 'lo_evaluations' has unknown factor keys: ['PV', 'SST']; 'go_evaluations' missing canonical factors: ['Divisive Inhibition (PV)', 'Subtractive Inhibition (SST)']; 'go_evaluations' has unknown factor keys: ['PV', 'SST']",
Westerberg&Xiong2025__gemma-4-31b-it__T035__R01,Westerberg&Xiong2025,gemma-4-31b-it,gemma-4-31b-it,0.35,0.90,0.10,1,RECOVERED,1,content/202608_temp/raw/Westerberg&Xiong2025__gemma-4-31b-it__T035__R01.json,recovered,"'lo_evaluations' missing canonical factors: ['Divisive Inhibition (PV)', 'Subtractive Inhibition (SST)']; 'lo_evaluations' has unknown factor keys: ['PV', 'SST']; 'go_evaluations' missing canonical factors: ['Divisive Inhibition (PV)', 'Subtractive Inhibition (SST)']; 'go_evaluations' has unknown factor keys: ['PV', 'SST']",
Westerberg&Xiong2025__gemma-4-31b-it__T035__R02,Westerberg&Xiong2025,gemma-4-31b-it,gemma-4-31b-it,0.35,0.90,0.10,2,RECOVERED,1,content/202608_temp/raw/Westerberg&Xiong2025__gemma-4-31b-it__T035__R02.json,recovered,"'lo_evaluations' missing canonical factors: ['Divisive Inhibition (PV)', 'Subtractive Inhibition (SST)']; 'lo_evaluations' has unknown factor keys: ['PV', 'SST']; 'go_evaluations' missing canonical factors: ['Divisive Inhibition (PV)', 'Subtractive Inhibition (SST)']; 'go_evaluations' has unknown factor keys: ['PV', 'SST']",
Westerberg&Xiong2025__gemma-4-31b-it__T035__R03,Westerberg&Xiong2025,gemma-4-31b-it,gemma-4-31b-it,0.35,0.90,0.10,3,RECOVERED,1,content/202608_temp/raw/Westerberg&Xiong2025__gemma-4-31b-it__T035__R03.json,recovered,"'lo_evaluations' missing canonical factors: ['Divisive Inhibition (PV)', 'Subtractive Inhibition (SST)']; 'lo_evaluations' has unknown factor keys: ['PV', 'SST']; 'go_evaluations' missing canonical factors: ['Divisive Inhibition (PV)', 'Subtractive Inhibition (SST)']; 'go_evaluations' has unknown factor keys: ['PV', 'SST']",
Westerberg&Xiong2025__gemma-4-31b-it__T070__R01,Westerberg&Xiong2025,gemma-4-31b-it,gemma-4-31b-it,0.70,0.90,0.10,1,RECOVERED,1,content/202608_temp/raw/Westerberg&Xiong2025__gemma-4-31b-it__T070__R01.json,recovered,"'lo_evaluations' missing canonical factors: ['Divisive Inhibition (PV)', 'Subtractive Inhibition (SST)']; 'lo_evaluations' has unknown factor keys: ['PV', 'SST']; 'go_evaluations' missing canonical factors: ['Divisive Inhibition (PV)', 'Subtractive Inhibition (SST)']; 'go_evaluations' has unknown factor keys: ['PV', 'SST']",
Westerberg&Xiong2025__gemma-4-31b-it__T070__R02,Westerberg&Xiong2025,gemma-4-31b-it,gemma-4-31b-it,0.70,0.90,0.10,2,RECOVERED,1,content/202608_temp/raw/Westerberg&Xiong2025__gemma-4-31b-it__T070__R02.json,recovered,"'lo_evaluations' missing canonical factors: ['Divisive Inhibition (PV)', 'Subtractive Inhibition (SST)']; 'lo_evaluations' has unknown factor keys: ['PV', 'SST']; 'go_evaluations' missing canonical factors: ['Divisive Inhibition (PV)', 'Subtractive Inhibition (SST)']; 'go_evaluations' has unknown factor keys: ['PV', 'SST']",
Westerberg&Xiong2025__gemma-4-31b-it__T070__R03,Westerberg&Xiong2025,gemma-4-31b-it,gemma-4-31b-it,0.70,0.90,0.10,3,RECOVERED,1,content/202608_temp/raw/Westerberg&Xiong2025__gemma-4-31b-it__T070__R03.json,recovered,"'lo_evaluations' missing canonical factors: ['Divisive Inhibition (PV)', 'Subtractive Inhibition (SST)']; 'lo_evaluations' has unknown factor keys: ['PV', 'SST']; 'go_evaluations' missing canonical factors: ['Divisive Inhibition (PV)', 'Subtractive Inhibition (SST)']; 'go_evaluations' has unknown factor keys: ['PV', 'SST']",
Westerberg&Xiong2025__phi-4-reasoning-plus__T000__R01,Westerberg&Xiong2025,phi-4-reasoning-plus,phi-4-reasoning-plus,0.00,0.90,0.10,1,UNRECOVERABLE,1,content/202608_temp/raw/Westerberg&Xiong2025__phi-4-reasoning-plus__T000__R01.json,unrecoverable,Failed all rescue parser stages,
Westerberg&Xiong2025__phi-4-reasoning-plus__T000__R02,Westerberg&Xiong2025,phi-4-reasoning-plus,phi-4-reasoning-plus,0.00,0.90,0.10,2,UNRECOVERABLE,1,content/202608_temp/raw/Westerberg&Xiong2025__phi-4-reasoning-plus__T000__R02.json,unrecoverable,Failed all rescue parser stages,
Westerberg&Xiong2025__phi-4-reasoning-plus__T000__R03,Westerberg&Xiong2025,phi-4-reasoning-plus,phi-4-reasoning-plus,0.00,0.90,0.10,3,UNRECOVERABLE,1,content/202608_temp/raw/Westerberg&Xiong2025__phi-4-reasoning-plus__T000__R03.json,unrecoverable,Failed all rescue parser stages,
Westerberg&Xiong2025__phi-4-reasoning-plus__T035__R01,Westerberg&Xiong2025,phi-4-reasoning-plus,phi-4-reasoning-plus,0.35,0.90,0.10,1,UNRECOVERABLE,1,content/202608_temp/raw/Westerberg&Xiong2025__phi-4-reasoning-plus__T035__R01.json,unrecoverable,Failed all rescue parser stages,
Westerberg&Xiong2025__phi-4-reasoning-plus__T035__R02,Westerberg&Xiong2025,phi-4-reasoning-plus,phi-4-reasoning-plus,0.35,0.90,0.10,2,UNRECOVERABLE,1,content/202608_temp/raw/Westerberg&Xiong2025__phi-4-reasoning-plus__T035__R02.json,unrecoverable,Failed all rescue parser stages,
Westerberg&Xiong2025__phi-4-reasoning-plus__T035__R03,Westerberg&Xiong2025,phi-4-reasoning-plus,phi-4-reasoning-plus,0.35,0.90,0.10,3,UNRECOVERABLE,1,content/202608_temp/raw/Westerberg&Xiong2025__phi-4-reasoning-plus__T035__R03.json,unrecoverable,Failed all rescue parser stages,
Westerberg&Xiong2025__phi-4-reasoning-plus__T070__R01,Westerberg&Xiong2025,phi-4-reasoning-plus,phi-4-reasoning-plus,0.70,0.90,0.10,1,UNRECOVERABLE,1,content/202608_temp/raw/Westerberg&Xiong2025__phi-4-reasoning-plus__T070__R01.json,unrecoverable,Failed all rescue parser stages,
Westerberg&Xiong2025__phi-4-reasoning-plus__T070__R02,Westerberg&Xiong2025,phi-4-reasoning-plus,phi-4-reasoning-plus,0.70,0.90,0.10,2,UNRECOVERABLE,1,content/202608_temp/raw/Westerberg&Xiong2025__phi-4-reasoning-plus__T070__R02.json,unrecoverable,Failed all rescue parser stages,
Westerberg&Xiong2025__phi-4-reasoning-plus__T070__R03,Westerberg&Xiong2025,phi-4-reasoning-plus,phi-4-reasoning-plus,0.70,0.90,0.10,3,UNRECOVERABLE,1,content/202608_temp/raw/Westerberg&Xiong2025__phi-4-reasoning-plus__T070__R03.json,unrecoverable,Failed all rescue parser stages,
Yamins2014__olmo-3-32b-think__T000__R01,Yamins2014,olmo-3-32b-think,olmo-3-32b-think,0.00,0.90,0.10,1,UNRECOVERABLE,1,content/202608_temp/raw/Yamins2014__olmo-3-32b-think__T000__R01.json,unrecoverable,Failed all rescue parser stages,
Yamins2014__olmo-3-32b-think__T000__R02,Yamins2014,olmo-3-32b-think,olmo-3-32b-think,0.00,0.90,0.10,2,RECOVERED,1,content/202608_temp/raw/Yamins2014__olmo-3-32b-think__T000__R02.json,recovered,"'lo_evaluations' missing canonical factors: ['Absence of Feedback Error', 'Activity Suppression', 'Alpha/Beta Mediated Suppression', 'Ascending Latency Shift', 'Canonical Microcircuit Ubiquity', 'Cross-Modal Ubiquity', 'Cross-Scale Hierarchical Ubiquity', 'Divisive Inhibition (PV)', 'E/I Balance Shift', 'Feedforward AMPA', 'Feedforward Ascending Gamma', 'Feedforward Deviance Detection', 'Feedforward Error Propagation', 'Feedforward NMDA', 'Feedforward Non-local Activation', 'Feedforward Non-local Directed Connectivity', 'Feedforward Non-local Granular Activity (L4)', 'Feedforward Non-local Supragranular Activity (L2/3)', 'Habituation to Sequence', 'Hierarchical Activity Ubiquity', 'Hierarchical CSD Ubiquity', 'Hierarchical Mechanism Invariance', 'Hierarchical Order Stability', 'Hierarchical Presence (V1-PFC)', 'Inhibition (GABA)', 'Interspecies Hierarchical Ubiquity', 'Omission Response', 'Population-Wide Ubiquity', 'Precision Weighting (Gain)', 'Selective Sharpening', 'State-Independent Ubiquity', 'Subcortical Feedforward Relaying', 'Subtractive Inhibition (SST)', 'Synaptic Depression (Adaptation)', 'Temporal Stability of Ubiquity', 'VIP-Mediated Disinhibition']; 'lo_evaluations' has unknown factor keys: ['1', '10', '11', '12', '13', '14', '15', '16', '17', '18', '19', '2', '20', '21', '22', '23', '24', '25', '26', '27', '28', '29', '3', '30', '31', '32', '33', '34', '35', '36', '4', '5', '6', '7', '8', '9']; 'go_evaluations' missing canonical factors: ['Absence of Feedback Error', 'Activity Suppression', 'Alpha/Beta Mediated Suppression', 'Ascending Latency Shift', 'Canonical Microcircuit Ubiquity', 'Cross-Modal Ubiquity', 'Cross-Scale Hierarchical Ubiquity', 'Divisive Inhibition (PV)', 'E/I Balance Shift', 'Feedforward AMPA', 'Feedforward Ascending Gamma', 'Feedforward Deviance Detection', 'Feedforward Error Propagation', 'Feedforward NMDA', 'Feedforward Non-local Activation', 'Feedforward Non-local Directed Connectivity', 'Feedforward Non-local Granular Activity (L4)', 'Feedforward Non-local Supragranular Activity (L2/3)', 'Habituation to Sequence', 'Hierarchical Activity Ubiquity', 'Hierarchical CSD Ubiquity', 'Hierarchical Mechanism Invariance', 'Hierarchical Order Stability', 'Hierarchical Presence (V1-PFC)', 'Inhibition (GABA)', 'Interspecies Hierarchical Ubiquity', 'Omission Response', 'Population-Wide Ubiquity', 'Precision Weighting (Gain)', 'Selective Sharpening', 'State-Independent Ubiquity', 'Subcortical Feedforward Relaying', 'Subtractive Inhibition (SST)', 'Synaptic Depression (Adaptation)', 'Temporal Stability of Ubiquity', 'VIP-Mediated Disinhibition']; 'go_evaluations' has unknown factor keys: ['1', '10', '11', '12', '13', '14', '15', '16', '17', '18', '19', '2', '20', '21', '22', '23', '24', '25', '26', '27', '28', '29', '3', '30', '31', '32', '33', '34', '35', '36', '4', '5', '6', '7', '8', '9']",
Yamins2014__olmo-3-32b-think__T000__R03,Yamins2014,olmo-3-32b-think,olmo-3-32b-think,0.00,0.90,0.10,3,RECOVERED,1,content/202608_temp/raw/Yamins2014__olmo-3-32b-think__T000__R03.json,recovered,"'lo_evaluations' missing canonical factors: ['Absence of Feedback Error', 'Activity Suppression', 'Alpha/Beta Mediated Suppression', 'Ascending Latency Shift', 'Canonical Microcircuit Ubiquity', 'Cross-Modal Ubiquity', 'Cross-Scale Hierarchical Ubiquity', 'Divisive Inhibition (PV)', 'E/I Balance Shift', 'Feedforward AMPA', 'Feedforward Ascending Gamma', 'Feedforward Deviance Detection', 'Feedforward Error Propagation', 'Feedforward NMDA', 'Feedforward Non-local Activation', 'Feedforward Non-local Directed Connectivity', 'Feedforward Non-local Granular Activity (L4)', 'Feedforward Non-local Supragranular Activity (L2/3)', 'Habituation to Sequence', 'Hierarchical Activity Ubiquity', 'Hierarchical CSD Ubiquity', 'Hierarchical Mechanism Invariance', 'Hierarchical Order Stability', 'Hierarchical Presence (V1-PFC)', 'Inhibition (GABA)', 'Interspecies Hierarchical Ubiquity', 'Omission Response', 'Population-Wide Ubiquity', 'Precision Weighting (Gain)', 'Selective Sharpening', 'State-Independent Ubiquity', 'Subcortical Feedforward Relaying', 'Subtractive Inhibition (SST)', 'Synaptic Depression (Adaptation)', 'Temporal Stability of Ubiquity', 'VIP-Mediated Disinhibition']; 'lo_evaluations' has unknown factor keys: ['1', '10', '11', '12', '13', '14', '15', '16', '17', '18', '19', '2', '20', '21', '22', '23', '24', '25', '26', '27', '28', '29', '3', '30', '31', '32', '33', '34', '35', '36', '4', '5', '6', '7', '8', '9']; 'go_evaluations' missing canonical factors: ['Absence of Feedback Error', 'Activity Suppression', 'Alpha/Beta Mediated Suppression', 'Ascending Latency Shift', 'Canonical Microcircuit Ubiquity', 'Cross-Modal Ubiquity', 'Cross-Scale Hierarchical Ubiquity', 'Divisive Inhibition (PV)', 'E/I Balance Shift', 'Feedforward AMPA', 'Feedforward Ascending Gamma', 'Feedforward Deviance Detection', 'Feedforward Error Propagation', 'Feedforward NMDA', 'Feedforward Non-local Activation', 'Feedforward Non-local Directed Connectivity', 'Feedforward Non-local Granular Activity (L4)', 'Feedforward Non-local Supragranular Activity (L2/3)', 'Habituation to Sequence', 'Hierarchical Activity Ubiquity', 'Hierarchical CSD Ubiquity', 'Hierarchical Mechanism Invariance', 'Hierarchical Order Stability', 'Hierarchical Presence (V1-PFC)', 'Inhibition (GABA)', 'Interspecies Hierarchical Ubiquity', 'Omission Response', 'Population-Wide Ubiquity', 'Precision Weighting (Gain)', 'Selective Sharpening', 'State-Independent Ubiquity', 'Subcortical Feedforward Relaying', 'Subtractive Inhibition (SST)', 'Synaptic Depression (Adaptation)', 'Temporal Stability of Ubiquity', 'VIP-Mediated Disinhibition']; 'go_evaluations' has unknown factor keys: ['1', '10', '11', '12', '13', '14', '15', '16', '17', '18', '19', '2', '20', '21', '22', '23', '24', '25', '26', '27', '28', '29', '3', '30', '31', '32', '33', '34', '35', '36', '4', '5', '6', '7', '8', '9']",
Yamins2014__olmo-3-32b-think__T035__R01,Yamins2014,olmo-3-32b-think,olmo-3-32b-think,0.35,0.90,0.10,1,UNRECOVERABLE,3,content/202608_temp/raw/Yamins2014__olmo-3-32b-think__T035__R01.json,unrecoverable,Failed all rescue parser stages,
Yamins2014__olmo-3-32b-think__T035__R02,Yamins2014,olmo-3-32b-think,olmo-3-32b-think,0.35,0.90,0.10,2,UNRECOVERABLE,3,content/202608_temp/raw/Yamins2014__olmo-3-32b-think__T035__R02.json,unrecoverable,Failed all rescue parser stages,
Yamins2014__olmo-3-32b-think__T035__R03,Yamins2014,olmo-3-32b-think,olmo-3-32b-think,0.35,0.90,0.10,3,UNRECOVERABLE,3,content/202608_temp/raw/Yamins2014__olmo-3-32b-think__T035__R03.json,unrecoverable,Failed all rescue parser stages,
Yamins2014__olmo-3-32b-think__T070__R01,Yamins2014,olmo-3-32b-think,olmo-3-32b-think,0.70,0.90,0.10,1,UNRECOVERABLE,1,content/202608_temp/raw/Yamins2014__olmo-3-32b-think__T070__R01.json,unrecoverable,Failed all rescue parser stages,
Yamins2014__olmo-3-32b-think__T070__R02,Yamins2014,olmo-3-32b-think,olmo-3-32b-think,0.70,0.90,0.10,2,UNRECOVERABLE,1,content/202608_temp/raw/Yamins2014__olmo-3-32b-think__T070__R02.json,unrecoverable,Failed all rescue parser stages,
Yamins2014__olmo-3-32b-think__T070__R03,Yamins2014,olmo-3-32b-think,olmo-3-32b-think,0.70,0.90,0.10,3,UNRECOVERABLE,1,content/202608_temp/raw/Yamins2014__olmo-3-32b-think__T070__R03.json,unrecoverable,Failed all rescue parser stages,
Yamins2014__gemma-4-31b-it__T000__R01,Yamins2014,gemma-4-31b-it,gemma-4-31b-it,0.00,0.90,0.10,1,RECOVERED,1,content/202608_temp/raw/Yamins2014__gemma-4-31b-it__T000__R01.json,recovered,"'lo_evaluations' missing canonical factors: ['Divisive Inhibition (PV)', 'Inhibition (GABA)', 'Subtractive Inhibition (SST)']; 'lo_evaluations' has unknown factor keys: ['GABA', 'PV', 'SST']; 'go_evaluations' missing canonical factors: ['Divisive Inhibition (PV)', 'Inhibition (GABA)', 'Subtractive Inhibition (SST)']; 'go_evaluations' has unknown factor keys: ['GABA', 'PV', 'SST']",
Yamins2014__gemma-4-31b-it__T000__R02,Yamins2014,gemma-4-31b-it,gemma-4-31b-it,0.00,0.90,0.10,2,COMPLETE,1,content/202608_temp/raw/Yamins2014__gemma-4-31b-it__T000__R02.json,valid,,
Yamins2014__gemma-4-31b-it__T000__R03,Yamins2014,gemma-4-31b-it,gemma-4-31b-it,0.00,0.90,0.10,3,RECOVERED,1,content/202608_temp/raw/Yamins2014__gemma-4-31b-it__T000__R03.json,recovered,"'lo_evaluations' missing canonical factors: ['Divisive Inhibition (PV)', 'Inhibition (GABA)', 'Subtractive Inhibition (SST)']; 'lo_evaluations' has unknown factor keys: ['GABA', 'PV', 'SST']; 'go_evaluations' missing canonical factors: ['Divisive Inhibition (PV)', 'Inhibition (GABA)', 'Subtractive Inhibition (SST)']; 'go_evaluations' has unknown factor keys: ['GABA', 'PV', 'SST']",
Yamins2014__gemma-4-31b-it__T035__R01,Yamins2014,gemma-4-31b-it,gemma-4-31b-it,0.35,0.90,0.10,1,RECOVERED,1,content/202608_temp/raw/Yamins2014__gemma-4-31b-it__T035__R01.json,recovered,"'lo_evaluations' missing canonical factors: ['Divisive Inhibition (PV)', 'Inhibition (GABA)', 'Subtractive Inhibition (SST)']; 'lo_evaluations' has unknown factor keys: ['GABA', 'PV', 'SST']; 'go_evaluations' missing canonical factors: ['Divisive Inhibition (PV)', 'Inhibition (GABA)', 'Subtractive Inhibition (SST)']; 'go_evaluations' has unknown factor keys: ['GABA', 'PV', 'SST']",
Yamins2014__gemma-4-31b-it__T035__R02,Yamins2014,gemma-4-31b-it,gemma-4-31b-it,0.35,0.90,0.10,2,RECOVERED,1,content/202608_temp/raw/Yamins2014__gemma-4-31b-it__T035__R02.json,recovered,"'lo_evaluations' missing canonical factors: ['Divisive Inhibition (PV)', 'Inhibition (GABA)', 'Subtractive Inhibition (SST)']; 'lo_evaluations' has unknown factor keys: ['GABA', 'PV', 'SST']; 'go_evaluations' missing canonical factors: ['Divisive Inhibition (PV)', 'Inhibition (GABA)', 'Subtractive Inhibition (SST)']; 'go_evaluations' has unknown factor keys: ['GABA', 'PV', 'SST']",
Yamins2014__gemma-4-31b-it__T035__R03,Yamins2014,gemma-4-31b-it,gemma-4-31b-it,0.35,0.90,0.10,3,COMPLETE,1,content/202608_temp/raw/Yamins2014__gemma-4-31b-it__T035__R03.json,valid,,
Yamins2014__gemma-4-31b-it__T070__R01,Yamins2014,gemma-4-31b-it,gemma-4-31b-it,0.70,0.90,0.10,1,COMPLETE,1,content/202608_temp/raw/Yamins2014__gemma-4-31b-it__T070__R01.json,valid,,
Yamins2014__gemma-4-31b-it__T070__R02,Yamins2014,gemma-4-31b-it,gemma-4-31b-it,0.70,0.90,0.10,2,RECOVERED,1,content/202608_temp/raw/Yamins2014__gemma-4-31b-it__T070__R02.json,recovered,"'lo_evaluations' missing canonical factors: ['Divisive Inhibition (PV)', 'Inhibition (GABA)', 'Subtractive Inhibition (SST)']; 'lo_evaluations' has unknown factor keys: ['GABA', 'PV', 'SST']; 'go_evaluations' missing canonical factors: ['Divisive Inhibition (PV)', 'Inhibition (GABA)', 'Subtractive Inhibition (SST)']; 'go_evaluations' has unknown factor keys: ['GABA', 'PV', 'SST']",
Yamins2014__gemma-4-31b-it__T070__R03,Yamins2014,gemma-4-31b-it,gemma-4-31b-it,0.70,0.90,0.10,3,COMPLETE,1,content/202608_temp/raw/Yamins2014__gemma-4-31b-it__T070__R03.json,valid,,
Yamins2014__phi-4-reasoning-plus__T000__R01,Yamins2014,phi-4-reasoning-plus,phi-4-reasoning-plus,0.00,0.90,0.10,1,COMPLETE,1,content/202608_temp/raw/Yamins2014__phi-4-reasoning-plus__T000__R01.json,valid,,
Yamins2014__phi-4-reasoning-plus__T000__R02,Yamins2014,phi-4-reasoning-plus,phi-4-reasoning-plus,0.00,0.90,0.10,2,COMPLETE,1,content/202608_temp/raw/Yamins2014__phi-4-reasoning-plus__T000__R02.json,valid,,
Yamins2014__phi-4-reasoning-plus__T000__R03,Yamins2014,phi-4-reasoning-plus,phi-4-reasoning-plus,0.00,0.90,0.10,3,COMPLETE,1,content/202608_temp/raw/Yamins2014__phi-4-reasoning-plus__T000__R03.json,valid,,
Yamins2014__phi-4-reasoning-plus__T035__R01,Yamins2014,phi-4-reasoning-plus,phi-4-reasoning-plus,0.35,0.90,0.10,1,COMPLETE,1,content/202608_temp/raw/Yamins2014__phi-4-reasoning-plus__T035__R01.json,valid,,
Yamins2014__phi-4-reasoning-plus__T035__R02,Yamins2014,phi-4-reasoning-plus,phi-4-reasoning-plus,0.35,0.90,0.10,2,RECOVERED,1,content/202608_temp/raw/Yamins2014__phi-4-reasoning-plus__T035__R02.json,recovered,,
Yamins2014__phi-4-reasoning-plus__T035__R03,Yamins2014,phi-4-reasoning-plus,phi-4-reasoning-plus,0.35,0.90,0.10,3,COMPLETE,1,content/202608_temp/raw/Yamins2014__phi-4-reasoning-plus__T035__R03.json,valid,,
Yamins2014__phi-4-reasoning-plus__T070__R01,Yamins2014,phi-4-reasoning-plus,phi-4-reasoning-plus,0.70,0.90,0.10,1,UNRECOVERABLE,1,content/202608_temp/raw/Yamins2014__phi-4-reasoning-plus__T070__R01.json,unrecoverable,Failed all rescue parser stages,
Yamins2014__phi-4-reasoning-plus__T070__R02,Yamins2014,phi-4-reasoning-plus,phi-4-reasoning-plus,0.70,0.90,0.10,2,COMPLETE,1,content/202608_temp/raw/Yamins2014__phi-4-reasoning-plus__T070__R02.json,valid,,
Yamins2014__phi-4-reasoning-plus__T070__R03,Yamins2014,phi-4-reasoning-plus,phi-4-reasoning-plus,0.70,0.90,0.10,3,RECOVERED,1,content/202608_temp/raw/Yamins2014__phi-4-reasoning-plus__T070__R03.json,recovered,,
